company_id,company_name,corp_code,stock_code,reporting_currency,period_label,business_year,report_code,report_name,rcept_no,sj_div,sj_nm,account_id,account_nm,account_detail,bfefrmtrm_amount,bfefrmtrm_nm,bsns_year,currency,frmtrm_add_amount,frmtrm_amount,frmtrm_nm,frmtrm_q_amount,frmtrm_q_nm,ord,reprt_code,source_endpoint,thstrm_add_amount,thstrm_amount,thstrm_nm
hybe,HYBE,01204056,352820,KRW,FY2025,2025,11011,Annual report,20260320000802,BS,재무상태표,ifrs-full_Assets,자산총계,-,5345681487000,제 19 기,2025,KRW,,5479186860000,제 20 기,,,7,11011,fnlttSinglAcntAll,,5485474443000,제 21 기
hybe,HYBE,01204056,352820,KRW,FY2025,2025,11011,Annual report,20260320000802,BS,재무상태표,ifrs-full_CurrentAssets,유동자산,-,1888752497000,제 19 기,2025,KRW,,1787698519000,제 20 기,,,8,11011,fnlttSinglAcntAll,,2363993529000,제 21 기
hybe,HYBE,01204056,352820,KRW,FY2025,2025,11011,Annual report,20260320000802,BS,재무상태표,ifrs-full_CashAndCashEquivalents,현금및현금성자산,-,357864096000,제 19 기,2025,KRW,,412039917000,제 20 기,,,9,11011,fnlttSinglAcntAll,,534914956000,제 21 기
hybe,HYBE,01204056,352820,KRW,FY2025,2025,11011,Annual report,20260320000802,BS,재무상태표,ifrs-full_CurrentFinanceLeaseReceivables,금융리스채권,-,246564000,제 19 기,2025,KRW,,172632000,제 20 기,,,10,11011,fnlttSinglAcntAll,,142848000,제 21 기
hybe,HYBE,01204056,352820,KRW,FY2025,2025,11011,Annual report,20260320000802,BS,재무상태표,ifrs-full_CurrentTaxAssets,당기법인세자산,-,0,제 19 기,2025,KRW,,11993807000,제 20 기,,,11,11011,fnlttSinglAcntAll,,9620539000,제 21 기
hybe,HYBE,01204056,352820,KRW,FY2025,2025,11011,Annual report,20260320000802,BS,재무상태표,ifrs-full_CurrentTradeReceivables,매출채권,-,214976558000,제 19 기,2025,KRW,,262261126000,제 20 기,,,12,11011,fnlttSinglAcntAll,,283557531000,제 21 기
hybe,HYBE,01204056,352820,KRW,FY2025,2025,11011,Annual report,20260320000802,BS,재무상태표,ifrs-full_Inventories,재고자산 합계,-,125860185000,제 19 기,2025,KRW,,163151790000,제 20 기,,,13,11011,fnlttSinglAcntAll,,184400391000,제 21 기
hybe,HYBE,01204056,352820,KRW,FY2025,2025,11011,Annual report,20260320000802,BS,재무상태표,ifrs-full_NoncurrentAssetsOrDisposalGroupsClassifiedAsHeldForSale,매각예정비유동자산,-,0,제 19 기,2025,KRW,,102546000,제 20 기,,,14,11011,fnlttSinglAcntAll,,0,제 21 기
hybe,HYBE,01204056,352820,KRW,FY2025,2025,11011,Annual report,20260320000802,BS,재무상태표,ifrs-full_OtherCurrentAssets,기타유동자산,-,84958867000,제 19 기,2025,KRW,,85128099000,제 20 기,,,15,11011,fnlttSinglAcntAll,,95753755000,제 21 기
hybe,HYBE,01204056,352820,KRW,FY2025,2025,11011,Annual report,20260320000802,BS,재무상태표,ifrs-full_OtherCurrentFinancialAssets,기타유동금융자산,-,1104846227000,제 19 기,2025,KRW,,852848602000,제 20 기,,,16,11011,fnlttSinglAcntAll,,1255603509000,제 21 기
hybe,HYBE,01204056,352820,KRW,FY2025,2025,11011,Annual report,20260320000802,BS,재무상태표,ifrs-full_NoncurrentAssets,비유동자산,-,3456928990000,제 19 기,2025,KRW,,3691488341000,제 20 기,,,17,11011,fnlttSinglAcntAll,,3121480914000,제 21 기
hybe,HYBE,01204056,352820,KRW,FY2025,2025,11011,Annual report,20260320000802,BS,재무상태표,ifrs-full_DeferredTaxAssets,이연법인세자산,-,236834726000,제 19 기,2025,KRW,,281715675000,제 20 기,,,18,11011,fnlttSinglAcntAll,,258222710000,제 21 기
hybe,HYBE,01204056,352820,KRW,FY2025,2025,11011,Annual report,20260320000802,BS,재무상태표,ifrs-full_FinancialAssetsAtFairValueThroughOtherComprehensiveIncome,기타포괄손익-공정가치 측정 금융자산,-,136716242000,제 19 기,2025,KRW,,225000000000,제 20 기,,,19,11011,fnlttSinglAcntAll,,303072859000,제 21 기
hybe,HYBE,01204056,352820,KRW,FY2025,2025,11011,Annual report,20260320000802,BS,재무상태표,ifrs-full_IntangibleAssetsAndGoodwill,무형자산,-,2165250407000,제 19 기,2025,KRW,,2244256804000,제 20 기,,,20,11011,fnlttSinglAcntAll,,1986685747000,제 21 기
hybe,HYBE,01204056,352820,KRW,FY2025,2025,11011,Annual report,20260320000802,BS,재무상태표,ifrs-full_InvestmentAccountedForUsingEquityMethod,공동기업 및 관계기업투자,-,241079851000,제 19 기,2025,KRW,,216075217000,제 20 기,,,21,11011,fnlttSinglAcntAll,,101756197000,제 21 기
hybe,HYBE,01204056,352820,KRW,FY2025,2025,11011,Annual report,20260320000802,BS,재무상태표,ifrs-full_NoncurrentFinanceLeaseReceivables,비유동금융리스채권,-,141289000,제 19 기,2025,KRW,,0,제 20 기,,,22,11011,fnlttSinglAcntAll,,549835000,제 21 기
hybe,HYBE,01204056,352820,KRW,FY2025,2025,11011,Annual report,20260320000802,BS,재무상태표,ifrs-full_NoncurrentFinancialAssetsAtFairValueThroughProfitOrLossMandatorilyMeasuredAtFairValue,당기손익-공정가치 측정 금융자산,-,251635460000,제 19 기,2025,KRW,,232499935000,제 20 기,,,23,11011,fnlttSinglAcntAll,,57033836000,제 21 기
hybe,HYBE,01204056,352820,KRW,FY2025,2025,11011,Annual report,20260320000802,BS,재무상태표,ifrs-full_NoncurrentRecognisedAssetsDefinedBenefitPlan,순확정급여자산,-,7995810000,제 19 기,2025,KRW,,10582239000,제 20 기,,,24,11011,fnlttSinglAcntAll,,11566820000,제 21 기
hybe,HYBE,01204056,352820,KRW,FY2025,2025,11011,Annual report,20260320000802,BS,재무상태표,ifrs-full_OtherNoncurrentAssets,기타비유동자산,-,28926276000,제 19 기,2025,KRW,,36367634000,제 20 기,,,25,11011,fnlttSinglAcntAll,,35736986000,제 21 기
hybe,HYBE,01204056,352820,KRW,FY2025,2025,11011,Annual report,20260320000802,BS,재무상태표,ifrs-full_OtherNoncurrentFinancialAssets,기타비유동금융자산,-,93459181000,제 19 기,2025,KRW,,89600641000,제 20 기,,,26,11011,fnlttSinglAcntAll,,58868011000,제 21 기
hybe,HYBE,01204056,352820,KRW,FY2025,2025,11011,Annual report,20260320000802,BS,재무상태표,ifrs-full_PropertyPlantAndEquipment,유형자산,-,101211837000,제 19 기,2025,KRW,,96950361000,제 20 기,,,27,11011,fnlttSinglAcntAll,,87020734000,제 21 기
hybe,HYBE,01204056,352820,KRW,FY2025,2025,11011,Annual report,20260320000802,BS,재무상태표,ifrs-full_RightofuseAssets,사용권자산,-,193677911000,제 19 기,2025,KRW,,258439835000,제 20 기,,,28,11011,fnlttSinglAcntAll,,220967179000,제 21 기
hybe,HYBE,01204056,352820,KRW,FY2025,2025,11011,Annual report,20260320000802,BS,재무상태표,ifrs-full_Equity,자본 총계,-,3109914968000,제 19 기,2025,KRW,,3513778658000,제 20 기,,,30,11011,fnlttSinglAcntAll,,3551456465000,제 21 기
hybe,HYBE,01204056,352820,KRW,FY2025,2025,11011,Annual report,20260320000802,BS,재무상태표,ifrs-full_EquityAttributableToOwnersOfParent,지배기업의 소유지분,-,2919398369000,제 19 기,2025,KRW,,3214652758000,제 20 기,,,31,11011,fnlttSinglAcntAll,,3257026727000,제 21 기
hybe,HYBE,01204056,352820,KRW,FY2025,2025,11011,Annual report,20260320000802,BS,재무상태표,dart_ElementsOfOtherStockholdersEquity,기타자본,-,92267659000,제 19 기,2025,KRW,,128782288000,제 20 기,,,32,11011,fnlttSinglAcntAll,,182258060000,제 21 기
hybe,HYBE,01204056,352820,KRW,FY2025,2025,11011,Annual report,20260320000802,BS,재무상태표,dart_OtherComprehensiveIncomeLossAccumulatedAmount,기타포괄손익누계액,-,-136407971000,제 19 기,2025,KRW,,142108454000,제 20 기,,,33,11011,fnlttSinglAcntAll,,162028003000,제 21 기
hybe,HYBE,01204056,352820,KRW,FY2025,2025,11011,Annual report,20260320000802,BS,재무상태표,ifrs-full_IssuedCapital,자본금,-,20826049000,제 19 기,2025,KRW,,20826049000,제 20 기,,,34,11011,fnlttSinglAcntAll,,21304598000,제 21 기
hybe,HYBE,01204056,352820,KRW,FY2025,2025,11011,Annual report,20260320000802,BS,재무상태표,ifrs-full_RetainedEarnings,이익잉여금,-,1420376781000,제 19 기,2025,KRW,,1400600116000,제 20 기,,,35,11011,fnlttSinglAcntAll,,1154720769000,제 21 기
hybe,HYBE,01204056,352820,KRW,FY2025,2025,11011,Annual report,20260320000802,BS,재무상태표,ifrs-full_SharePremium,주식발행초과금,-,1522335851000,제 19 기,2025,KRW,,1522335851000,제 20 기,,,36,11011,fnlttSinglAcntAll,,1736715297000,제 21 기
hybe,HYBE,01204056,352820,KRW,FY2025,2025,11011,Annual report,20260320000802,BS,재무상태표,ifrs-full_NoncontrollingInterests,비지배지분,-,190516599000,제 19 기,2025,KRW,,299125900000,제 20 기,,,37,11011,fnlttSinglAcntAll,,294429738000,제 21 기
hybe,HYBE,01204056,352820,KRW,FY2025,2025,11011,Annual report,20260320000802,BS,재무상태표,ifrs-full_EquityAndLiabilities,부채와 자본 총계,-,5345681487000,제 19 기,2025,KRW,,5479186860000,제 20 기,,,38,11011,fnlttSinglAcntAll,,5485474443000,제 21 기
hybe,HYBE,01204056,352820,KRW,FY2025,2025,11011,Annual report,20260320000802,BS,재무상태표,ifrs-full_CurrentLiabilities,유동부채,-,1772168712000,제 19 기,2025,KRW,,830931772000,제 20 기,,,40,11011,fnlttSinglAcntAll,,734356143000,제 21 기
hybe,HYBE,01204056,352820,KRW,FY2025,2025,11011,Annual report,20260320000802,BS,재무상태표,dart_CurrentPortionOfConvertibleBonds,유동성전환사채,-,358690105000,제 19 기,2025,KRW,,186359000,제 20 기,,,41,11011,fnlttSinglAcntAll,,0,제 21 기
hybe,HYBE,01204056,352820,KRW,FY2025,2025,11011,Annual report,20260320000802,BS,재무상태표,dart_ShortTermTradePayables,매입채무,-,22935186000,제 19 기,2025,KRW,,33046028000,제 20 기,,,42,11011,fnlttSinglAcntAll,,56053974000,제 21 기
hybe,HYBE,01204056,352820,KRW,FY2025,2025,11011,Annual report,20260320000802,BS,재무상태표,ifrs-full_CurrentLeaseLiabilities,리스부채,-,31526889000,제 19 기,2025,KRW,,35733078000,제 20 기,,,43,11011,fnlttSinglAcntAll,,37304348000,제 21 기
hybe,HYBE,01204056,352820,KRW,FY2025,2025,11011,Annual report,20260320000802,BS,재무상태표,ifrs-full_CurrentPortionOfLongtermBorrowings,유동성장기부채,-,366587500000,제 19 기,2025,KRW,,100000000000,제 20 기,,,44,11011,fnlttSinglAcntAll,,0,제 21 기
hybe,HYBE,01204056,352820,KRW,FY2025,2025,11011,Annual report,20260320000802,BS,재무상태표,ifrs-full_CurrentProvisions,충당부채,-,0,제 19 기,2025,KRW,,0,제 20 기,,,45,11011,fnlttSinglAcntAll,,164870000,제 21 기
hybe,HYBE,01204056,352820,KRW,FY2025,2025,11011,Annual report,20260320000802,BS,재무상태표,ifrs-full_CurrentTaxLiabilities,당기법인세부채,-,61883741000,제 19 기,2025,KRW,,46243595000,제 20 기,,,46,11011,fnlttSinglAcntAll,,31747177000,제 21 기
hybe,HYBE,01204056,352820,KRW,FY2025,2025,11011,Annual report,20260320000802,BS,재무상태표,ifrs-full_OtherCurrentFinancialLiabilities,기타유동금융부채,-,501969274000,제 19 기,2025,KRW,,324998809000,제 20 기,,,47,11011,fnlttSinglAcntAll,,336648320000,제 21 기
hybe,HYBE,01204056,352820,KRW,FY2025,2025,11011,Annual report,20260320000802,BS,재무상태표,ifrs-full_OtherCurrentLiabilities,기타유동부채,-,328576017000,제 19 기,2025,KRW,,290723903000,제 20 기,,,48,11011,fnlttSinglAcntAll,,272437454000,제 21 기
hybe,HYBE,01204056,352820,KRW,FY2025,2025,11011,Annual report,20260320000802,BS,재무상태표,ifrs-full_ShorttermBorrowings,단기차입금,-,100000000000,제 19 기,2025,KRW,,0,제 20 기,,,49,11011,fnlttSinglAcntAll,,0,제 21 기
hybe,HYBE,01204056,352820,KRW,FY2025,2025,11011,Annual report,20260320000802,BS,재무상태표,ifrs-full_Liabilities,부채총계,-,2235766519000,제 19 기,2025,KRW,,1965408202000,제 20 기,,,50,11011,fnlttSinglAcntAll,,1934017978000,제 21 기
hybe,HYBE,01204056,352820,KRW,FY2025,2025,11011,Annual report,20260320000802,BS,재무상태표,ifrs-full_NoncurrentLiabilities,비유동부채,-,463597807000,제 19 기,2025,KRW,,1134476430000,제 20 기,,,51,11011,fnlttSinglAcntAll,,1199661835000,제 21 기
hybe,HYBE,01204056,352820,KRW,FY2025,2025,11011,Annual report,20260320000802,BS,재무상태표,dart_ConvertibleBondsNet,전환사채,-,0,제 19 기,2025,KRW,,356060287000,제 20 기,,,52,11011,fnlttSinglAcntAll,,177573636000,제 21 기
hybe,HYBE,01204056,352820,KRW,FY2025,2025,11011,Annual report,20260320000802,BS,재무상태표,dart_PostemploymentBenefitObligations,순확정급여부채,-,3950613000,제 19 기,2025,KRW,,4485661000,제 20 기,,,53,11011,fnlttSinglAcntAll,,4931061000,제 21 기
hybe,HYBE,01204056,352820,KRW,FY2025,2025,11011,Annual report,20260320000802,BS,재무상태표,ifrs-full_DeferredTaxLiabilities,이연법인세부채,-,30580159000,제 19 기,2025,KRW,,38192934000,제 20 기,,,54,11011,fnlttSinglAcntAll,,1252070000,제 21 기
hybe,HYBE,01204056,352820,KRW,FY2025,2025,11011,Annual report,20260320000802,BS,재무상태표,ifrs-full_NoncurrentLeaseLiabilities,비유동리스부채,-,148987598000,제 19 기,2025,KRW,,213260216000,제 20 기,,,55,11011,fnlttSinglAcntAll,,189314457000,제 21 기
hybe,HYBE,01204056,352820,KRW,FY2025,2025,11011,Annual report,20260320000802,BS,재무상태표,ifrs-full_NoncurrentPortionOfNoncurrentLoansReceived,장기차입금,-,100000000000,제 19 기,2025,KRW,,386000000000,제 20 기,,,56,11011,fnlttSinglAcntAll,,681881500000,제 21 기
hybe,HYBE,01204056,352820,KRW,FY2025,2025,11011,Annual report,20260320000802,BS,재무상태표,ifrs-full_NoncurrentProvisions,충당부채,-,31334784000,제 19 기,2025,KRW,,36597964000,제 20 기,,,57,11011,fnlttSinglAcntAll,,29144392000,제 21 기
hybe,HYBE,01204056,352820,KRW,FY2025,2025,11011,Annual report,20260320000802,BS,재무상태표,ifrs-full_OtherNoncurrentFinancialLiabilities,기타비유동금융부채,-,143677729000,제 19 기,2025,KRW,,98029180000,제 20 기,,,58,11011,fnlttSinglAcntAll,,112803589000,제 21 기
hybe,HYBE,01204056,352820,KRW,FY2025,2025,11011,Annual report,20260320000802,BS,재무상태표,ifrs-full_OtherNoncurrentLiabilities,기타비유동부채,-,5066924000,제 19 기,2025,KRW,,1850188000,제 20 기,,,59,11011,fnlttSinglAcntAll,,2761130000,제 21 기
hybe,HYBE,01204056,352820,KRW,FY2025,2025,11011,Annual report,20260320000802,CIS,포괄손익계산서,dart_LossesOfAssociatesAndJointVenturesAccountedForUsingEquityMethod,지분법손실,-,15335422000,제 19 기,2025,KRW,,18877895000,제 20 기,,,6,11011,fnlttSinglAcntAll,,15879156000,제 21 기
hybe,HYBE,01204056,352820,KRW,FY2025,2025,11011,Annual report,20260320000802,CIS,포괄손익계산서,dart_OperatingIncomeLoss,영업이익,-,295643307000,제 19 기,2025,KRW,,184045287000,제 20 기,,,7,11011,fnlttSinglAcntAll,,49318276000,제 21 기
hybe,HYBE,01204056,352820,KRW,FY2025,2025,11011,Annual report,20260320000802,CIS,포괄손익계산서,dart_OtherGains,기타수익,-,153127240000,제 19 기,2025,KRW,,6856900000,제 20 기,,,8,11011,fnlttSinglAcntAll,,9692194000,제 21 기
hybe,HYBE,01204056,352820,KRW,FY2025,2025,11011,Annual report,20260320000802,CIS,포괄손익계산서,dart_OtherLosses,기타비용,-,166687028000,제 19 기,2025,KRW,,131109577000,제 20 기,,,9,11011,fnlttSinglAcntAll,,295030383000,제 21 기
hybe,HYBE,01204056,352820,KRW,FY2025,2025,11011,Annual report,20260320000802,CIS,포괄손익계산서,dart_ProfitsOfAssociatesAndJointVenturesAccountedForUsingEquityMethod,지분법이익,-,26014947000,제 19 기,2025,KRW,,507388000,제 20 기,,,10,11011,fnlttSinglAcntAll,,4136961000,제 21 기
hybe,HYBE,01204056,352820,KRW,FY2025,2025,11011,Annual report,20260320000802,CIS,포괄손익계산서,dart_TotalSellingGeneralAdministrativeExpenses,판매비와관리비,-,713365703000,제 19 기,2025,KRW,,775762850000,제 20 기,,,11,11011,fnlttSinglAcntAll,,886547225000,제 21 기
hybe,HYBE,01204056,352820,KRW,FY2025,2025,11011,Annual report,20260320000802,CIS,포괄손익계산서,ifrs-full_ComprehensiveIncome,총포괄손익,-,205406440000,제 19 기,2025,KRW,,276354643000,제 20 기,,,12,11011,fnlttSinglAcntAll,,-235153736000,제 21 기
hybe,HYBE,01204056,352820,KRW,FY2025,2025,11011,Annual report,20260320000802,CIS,포괄손익계산서,ifrs-full_ComprehensiveIncomeAttributableToNoncontrollingInterests,비지배지분 귀속 총포괄손익,-,-4970322000,제 19 기,2025,KRW,,-11541585000,제 20 기,,,14,11011,fnlttSinglAcntAll,,-17498530000,제 21 기
hybe,HYBE,01204056,352820,KRW,FY2025,2025,11011,Annual report,20260320000802,CIS,포괄손익계산서,ifrs-full_ComprehensiveIncomeAttributableToOwnersOfParent,지배기업의 소유주 귀속 총포괄손익,-,210376762000,제 19 기,2025,KRW,,287896228000,제 20 기,,,15,11011,fnlttSinglAcntAll,,-217655207000,제 21 기
hybe,HYBE,01204056,352820,KRW,FY2025,2025,11011,Annual report,20260320000802,CIS,포괄손익계산서,ifrs-full_CostOfSales,매출원가,-,1169079197000,제 19 기,2025,KRW,,1295840399000,제 20 기,,,16,11011,fnlttSinglAcntAll,,1714004745000,제 21 기
hybe,HYBE,01204056,352820,KRW,FY2025,2025,11011,Annual report,20260320000802,CIS,포괄손익계산서,ifrs-full_BasicEarningsLossPerShare,기본주당순이익,-,4504,제 19 기,2025,KRW,,225,제 20 기,,,18,11011,fnlttSinglAcntAll,,-5690,제 21 기
hybe,HYBE,01204056,352820,KRW,FY2025,2025,11011,Annual report,20260320000802,CIS,포괄손익계산서,ifrs-full_DilutedEarningsLossPerShare,희석주당순이익,-,4503,제 19 기,2025,KRW,,225,제 20 기,,,19,11011,fnlttSinglAcntAll,,-5690,제 21 기
hybe,HYBE,01204056,352820,KRW,FY2025,2025,11011,Annual report,20260320000802,CIS,포괄손익계산서,ifrs-full_FinanceCosts,금융비용,-,249563765000,제 19 기,2025,KRW,,141271874000,제 20 기,,,20,11011,fnlttSinglAcntAll,,160643209000,제 21 기
hybe,HYBE,01204056,352820,KRW,FY2025,2025,11011,Annual report,20260320000802,CIS,포괄손익계산서,ifrs-full_FinanceIncome,금융수익,-,206933963000,제 19 기,2025,KRW,,119274592000,제 20 기,,,21,11011,fnlttSinglAcntAll,,231048078000,제 21 기
hybe,HYBE,01204056,352820,KRW,FY2025,2025,11011,Annual report,20260320000802,CIS,포괄손익계산서,ifrs-full_GrossProfit,매출총이익,-,1009009010000,제 19 기,2025,KRW,,959808137000,제 20 기,,,22,11011,fnlttSinglAcntAll,,935865501000,제 21 기
hybe,HYBE,01204056,352820,KRW,FY2025,2025,11011,Annual report,20260320000802,CIS,포괄손익계산서,ifrs-full_IncomeTaxExpenseContinuingOperations,법인세비용,-,66683683000,제 19 기,2025,KRW,,22856668000,제 20 기,,,23,11011,fnlttSinglAcntAll,,77028079000,제 21 기
hybe,HYBE,01204056,352820,KRW,FY2025,2025,11011,Annual report,20260320000802,CIS,포괄손익계산서,ifrs-full_OtherComprehensiveIncome,법인세비용차감후기타포괄손익,-,21956881000,제 19 기,2025,KRW,,279786490000,제 20 기,,,24,11011,fnlttSinglAcntAll,,19231582000,제 21 기
hybe,HYBE,01204056,352820,KRW,FY2025,2025,11011,Annual report,20260320000802,CIS,포괄손익계산서,ifrs-full_OtherComprehensiveIncomeThatWillBeReclassifiedToProfitOrLossNetOfTax,당기손익으로 재분류되는 항목,-,27462154000,제 19 기,2025,KRW,,212820765000,제 20 기,,,25,11011,fnlttSinglAcntAll,,-43295947000,제 21 기
hybe,HYBE,01204056,352820,KRW,FY2025,2025,11011,Annual report,20260320000802,CIS,포괄손익계산서,ifrs-full_GainsLossesOnExchangeDifferencesOnTranslationNetOfTax,세후 해외사업장환산,-,27462154000,제 19 기,2025,KRW,,212820765000,제 20 기,,,26,11011,fnlttSinglAcntAll,,-43295947000,제 21 기
hybe,HYBE,01204056,352820,KRW,FY2025,2025,11011,Annual report,20260320000802,CIS,포괄손익계산서,ifrs-full_OtherComprehensiveIncomeThatWillNotBeReclassifiedToProfitOrLossNetOfTax,후속적으로 당기손익으로 재분류되지 않는 항목,-,-5505273000,제 19 기,2025,KRW,,66965725000,제 20 기,,,27,11011,fnlttSinglAcntAll,,62527529000,제 21 기
hybe,HYBE,01204056,352820,KRW,FY2025,2025,11011,Annual report,20260320000802,CIS,포괄손익계산서,ifrs-full_OtherComprehensiveIncomeNetOfTaxGainsLossesFromInvestmentsInEquityInstruments,세후 기타포괄손익-공정가치 측정 금융자산 평가손익,-,954791000,제 19 기,2025,KRW,,67890209000,제 20 기,,,28,11011,fnlttSinglAcntAll,,62204224000,제 21 기
hybe,HYBE,01204056,352820,KRW,FY2025,2025,11011,Annual report,20260320000802,CIS,포괄손익계산서,ifrs-full_OtherComprehensiveIncomeNetOfTaxGainsLossesOnRemeasurementsOfDefinedBenefitPlans,순확정급여부채의 재측정요소,-,-6315863000,제 19 기,2025,KRW,,-813546000,제 20 기,,,29,11011,fnlttSinglAcntAll,,249553000,제 21 기
hybe,HYBE,01204056,352820,KRW,FY2025,2025,11011,Annual report,20260320000802,CIS,포괄손익계산서,ifrs-full_ShareOfOtherComprehensiveIncomeOfAssociatesAndJointVenturesAccountedForUsingEquityMethodThatWillNotBeReclassifiedToProfitOrLossNetOfTax,세후 지분법자본변동,-,-144201000,제 19 기,2025,KRW,,-110938000,제 20 기,,,30,11011,fnlttSinglAcntAll,,73752000,제 21 기
hybe,HYBE,01204056,352820,KRW,FY2025,2025,11011,Annual report,20260320000802,CIS,포괄손익계산서,ifrs-full_ProfitLoss,당기순이익(손실),-,183449559000,제 19 기,2025,KRW,,-3431847000,제 20 기,,,31,11011,fnlttSinglAcntAll,,-254385318000,제 21 기
hybe,HYBE,01204056,352820,KRW,FY2025,2025,11011,Annual report,20260320000802,CIS,포괄손익계산서,ifrs-full_ProfitLossAttributableToNoncontrollingInterests,비지배지분 귀속 당기순이익,-,-3803658000,제 19 기,2025,KRW,,-12811650000,제 20 기,,,33,11011,fnlttSinglAcntAll,,-17104903000,제 21 기
hybe,HYBE,01204056,352820,KRW,FY2025,2025,11011,Annual report,20260320000802,CIS,포괄손익계산서,ifrs-full_ProfitLossAttributableToOwnersOfParent,지배기업의 소유주 귀속 당기순이익,-,187253217000,제 19 기,2025,KRW,,9379803000,제 20 기,,,34,11011,fnlttSinglAcntAll,,-237280415000,제 21 기
hybe,HYBE,01204056,352820,KRW,FY2025,2025,11011,Annual report,20260320000802,CIS,포괄손익계산서,ifrs-full_ProfitLossBeforeTax,법인세비용차감전순손익,-,250133242000,제 19 기,2025,KRW,,19424821000,제 20 기,,,35,11011,fnlttSinglAcntAll,,-177357239000,제 21 기
hybe,HYBE,01204056,352820,KRW,FY2025,2025,11011,Annual report,20260320000802,CIS,포괄손익계산서,ifrs-full_Revenue,매출액,-,2178088207000,제 19 기,2025,KRW,,2255648536000,제 20 기,,,36,11011,fnlttSinglAcntAll,,2649870246000,제 21 기
hybe,HYBE,01204056,352820,KRW,FY2025,2025,11011,Annual report,20260320000802,CF,현금흐름표,dart_CashAndCashEquivalentsAtBeginningOfPeriodCf,기초 현금및현금성자산,-,531623878000,제 19 기,2025,KRW,,357864096000,제 20 기,,,2,11011,fnlttSinglAcntAll,,412039917000,제 21 기
hybe,HYBE,01204056,352820,KRW,FY2025,2025,11011,Annual report,20260320000802,CF,현금흐름표,dart_CashAndCashEquivalentsAtEndOfPeriodCf,기말 현금및현금성자산,-,357864096000,제 19 기,2025,KRW,,412039917000,제 20 기,,,3,11011,fnlttSinglAcntAll,,534914956000,제 21 기
hybe,HYBE,01204056,352820,KRW,FY2025,2025,11011,Annual report,20260320000802,CF,현금흐름표,ifrs-full_CashFlowsFromUsedInFinancingActivities,재무활동으로 인한 현금흐름,-,-11087846000,제 19 기,2025,KRW,,-117952369000,제 20 기,,,8,11011,fnlttSinglAcntAll,,187372648000,제 21 기
hybe,HYBE,01204056,352820,KRW,FY2025,2025,11011,Annual report,20260320000802,CF,현금흐름표,dart_AcquisitionOfTreasuryShares,자기주식의 취득,-,0,제 19 기,2025,KRW,,26131519000,제 20 기,,,9,11011,fnlttSinglAcntAll,,0,제 21 기
hybe,HYBE,01204056,352820,KRW,FY2025,2025,11011,Annual report,20260320000802,CF,현금흐름표,dart_PaymentForConsolidatedCapitalTransactions,연결자본거래로 인한 현금유출,-,0,제 19 기,2025,KRW,,50016095000,제 20 기,,,10,11011,fnlttSinglAcntAll,,0,제 21 기
hybe,HYBE,01204056,352820,KRW,FY2025,2025,11011,Annual report,20260320000802,CF,현금흐름표,dart_PaymentsOfFinanceLeaseLiabilitiesClassifiedAsFinancingActivities,리스부채의 감소,-,23239154000,제 19 기,2025,KRW,,27783124000,제 20 기,,,11,11011,fnlttSinglAcntAll,,33789128000,제 21 기
hybe,HYBE,01204056,352820,KRW,FY2025,2025,11011,Annual report,20260320000802,CF,현금흐름표,dart_ProceedsFromConsolidatedCapitalTransactions,연결자본거래로 인한 현금유입,-,4200178000,제 19 기,2025,KRW,,109683587000,제 20 기,,,12,11011,fnlttSinglAcntAll,,32346783000,제 21 기
hybe,HYBE,01204056,352820,KRW,FY2025,2025,11011,Annual report,20260320000802,CF,현금흐름표,dart_ProceedsFromConvertibleBonds,전환사채의 발행,-,0,제 19 기,2025,KRW,,400000000000,제 20 기,,,13,11011,fnlttSinglAcntAll,,0,제 21 기
hybe,HYBE,01204056,352820,KRW,FY2025,2025,11011,Annual report,20260320000802,CF,현금흐름표,dart_ProceedsFromExerciseOfShareOptions,주식선택권의 행사,-,2119734000,제 19 기,2025,KRW,,0,제 20 기,,,14,11011,fnlttSinglAcntAll,,0,제 21 기
hybe,HYBE,01204056,352820,KRW,FY2025,2025,11011,Annual report,20260320000802,CF,현금흐름표,dart_ProceedsFromShortTermBorrowings,차입금의 증가,-,785000000000,제 19 기,2025,KRW,,320000000000,제 20 기,,,15,11011,fnlttSinglAcntAll,,197539500000,제 21 기
hybe,HYBE,01204056,352820,KRW,FY2025,2025,11011,Annual report,20260320000802,CF,현금흐름표,dart_RepaymentsOfConvertibleBonds,전환사채의 상환,-,0,제 19 기,2025,KRW,,399800000000,제 20 기,,,16,11011,fnlttSinglAcntAll,,200000000,제 21 기
hybe,HYBE,01204056,352820,KRW,FY2025,2025,11011,Annual report,20260320000802,CF,현금흐름표,-표준계정코드 미사용-,기타금융부채의 증가,-,135009000,제 19 기,2025,KRW,,0,제 20 기,,,17,11011,fnlttSinglAcntAll,,0,제 21 기
hybe,HYBE,01204056,352820,KRW,FY2025,2025,11011,Annual report,20260320000802,CF,현금흐름표,-표준계정코드 미사용-,기타금융부채의 감소,-,64089000,제 19 기,2025,KRW,,9500000000,제 20 기,,,18,11011,fnlttSinglAcntAll,,219916000,제 21 기
hybe,HYBE,01204056,352820,KRW,FY2025,2025,11011,Annual report,20260320000802,CF,현금흐름표,ifrs-full_DividendsPaidClassifiedAsFinancingActivities,배당금의 지급,-,0,제 19 기,2025,KRW,,29156468000,제 20 기,,,19,11011,fnlttSinglAcntAll,,8304591000,제 21 기
hybe,HYBE,01204056,352820,KRW,FY2025,2025,11011,Annual report,20260320000802,CF,현금흐름표,ifrs-full_ProceedsFromIssuingShares,유상증자,-,61606011000,제 19 기,2025,KRW,,0,제 20 기,,,20,11011,fnlttSinglAcntAll,,0,제 21 기
hybe,HYBE,01204056,352820,KRW,FY2025,2025,11011,Annual report,20260320000802,CF,현금흐름표,ifrs-full_RepaymentsOfBorrowingsClassifiedAsFinancingActivities,차입금의 상환,-,840845535000,제 19 기,2025,KRW,,405248750000,제 20 기,,,21,11011,fnlttSinglAcntAll,,0,제 21 기
hybe,HYBE,01204056,352820,KRW,FY2025,2025,11011,Annual report,20260320000802,CF,현금흐름표,ifrs-full_CashFlowsFromUsedInInvestingActivities,투자활동으로 인한 현금흐름,-,-470768062000,제 19 기,2025,KRW,,-10354050000,제 20 기,,,22,11011,fnlttSinglAcntAll,,-168987949000,제 21 기
hybe,HYBE,01204056,352820,KRW,FY2025,2025,11011,Annual report,20260320000802,CF,현금흐름표,dart_AdjustmentsForIncreaseDecreaseInDerivativeLiabilities,파생상품부채의 감소,-,0,제 19 기,2025,KRW,,-42665347000,제 20 기,,,23,11011,fnlttSinglAcntAll,,0,제 21 기
hybe,HYBE,01204056,352820,KRW,FY2025,2025,11011,Annual report,20260320000802,CF,현금흐름표,dart_ProceedsFromSalesOfFairValueFinancialAsset,공정가치측정금융자산의 감소,-,318763900000,제 19 기,2025,KRW,,68172448000,제 20 기,,,24,11011,fnlttSinglAcntAll,,246824529000,제 21 기
hybe,HYBE,01204056,352820,KRW,FY2025,2025,11011,Annual report,20260320000802,CF,현금흐름표,dart_ProceedsFromSalesOfFinanceLeaseAssets,금융리스채권의 감소,-,967488000,제 19 기,2025,KRW,,249035000,제 20 기,,,25,11011,fnlttSinglAcntAll,,312171000,제 21 기
hybe,HYBE,01204056,352820,KRW,FY2025,2025,11011,Annual report,20260320000802,CF,현금흐름표,dart_ProceedsFromSalesOfInvestmentsInAssociates,관계기업 및 공동기업투자의 처분,-,0,제 19 기,2025,KRW,,0,제 20 기,,,26,11011,fnlttSinglAcntAll,,38087114000,제 21 기
hybe,HYBE,01204056,352820,KRW,FY2025,2025,11011,Annual report,20260320000802,CF,현금흐름표,dart_ProceedsFromSalesOfNonCurrentAssetsOrDisposalGroupsClassifiedAsHeldForSale,매각예정자산 처분으로 인한 현금흐름,-,0,제 19 기,2025,KRW,,0,제 20 기,,,27,11011,fnlttSinglAcntAll,,100278000,제 21 기
hybe,HYBE,01204056,352820,KRW,FY2025,2025,11011,Annual report,20260320000802,CF,현금흐름표,dart_ProceedsFromSalesOfOtherFinancialAssets,기타유동금융자산의 감소,-,5226030432000,제 19 기,2025,KRW,,3493224112000,제 20 기,,,28,11011,fnlttSinglAcntAll,,5491143612000,제 21 기
hybe,HYBE,01204056,352820,KRW,FY2025,2025,11011,Annual report,20260320000802,CF,현금흐름표,dart_ProceedsFromSalesOfOtherNonCurrentFinancialAssets,기타비유동금융자산의 감소,-,3066150000,제 19 기,2025,KRW,,1377341000,제 20 기,,,29,11011,fnlttSinglAcntAll,,36943351000,제 21 기
hybe,HYBE,01204056,352820,KRW,FY2025,2025,11011,Annual report,20260320000802,CF,현금흐름표,dart_PurchaseOfFairValueFinancialAsset,공정가치측정금융자산의 증가,-,524190491000,제 19 기,2025,KRW,,66608415000,제 20 기,,,30,11011,fnlttSinglAcntAll,,5499999000,제 21 기
hybe,HYBE,01204056,352820,KRW,FY2025,2025,11011,Annual report,20260320000802,CF,현금흐름표,dart_PurchaseOfInvestmentsInAssociates,관계기업 및 공동기업투자의 취득,-,31805410000,제 19 기,2025,KRW,,2561554000,제 20 기,,,31,11011,fnlttSinglAcntAll,,7253148000,제 21 기
hybe,HYBE,01204056,352820,KRW,FY2025,2025,11011,Annual report,20260320000802,CF,현금흐름표,dart_PurchaseOfOtherFinancialAssets,기타유동금융자산의 증가,-,4881386626000,제 19 기,2025,KRW,,3252508435000,제 20 기,,,32,11011,fnlttSinglAcntAll,,5893593055000,제 21 기
hybe,HYBE,01204056,352820,KRW,FY2025,2025,11011,Annual report,20260320000802,CF,현금흐름표,dart_PurchaseOfOtherNonCurrentFinancialAssets,기타비유동금융자산의 증가,-,65307694000,제 19 기,2025,KRW,,19802703000,제 20 기,,,33,11011,fnlttSinglAcntAll,,17771834000,제 21 기
hybe,HYBE,01204056,352820,KRW,FY2025,2025,11011,Annual report,20260320000802,CF,현금흐름표,ifrs-full_AdditionsToRightofuseAssets,사용권자산의 취득,-,0,제 19 기,2025,KRW,,-163761000,제 20 기,,,34,11011,fnlttSinglAcntAll,,0,제 21 기
hybe,HYBE,01204056,352820,KRW,FY2025,2025,11011,Annual report,20260320000802,CF,현금흐름표,ifrs-full_CashFlowsUsedInObtainingControlOfSubsidiariesOrOtherBusinessesClassifiedAsInvestingActivities,종속기업 취득 및 연결범위변동으로 인한 순현금흐름,-,426600574000,제 19 기,2025,KRW,,127100314000,제 20 기,,,35,11011,fnlttSinglAcntAll,,197311000,제 21 기
hybe,HYBE,01204056,352820,KRW,FY2025,2025,11011,Annual report,20260320000802,CF,현금흐름표,ifrs-full_ProceedsFromSalesOfIntangibleAssetsClassifiedAsInvestingActivities,무형자산의 처분,-,1532332000,제 19 기,2025,KRW,,4389882000,제 20 기,,,36,11011,fnlttSinglAcntAll,,2451284000,제 21 기
hybe,HYBE,01204056,352820,KRW,FY2025,2025,11011,Annual report,20260320000802,CF,현금흐름표,ifrs-full_ProceedsFromSalesOfPropertyPlantAndEquipmentClassifiedAsInvestingActivities,유형자산의 처분,-,470448000,제 19 기,2025,KRW,,1288779000,제 20 기,,,37,11011,fnlttSinglAcntAll,,570038000,제 21 기
hybe,HYBE,01204056,352820,KRW,FY2025,2025,11011,Annual report,20260320000802,CF,현금흐름표,ifrs-full_PurchaseOfIntangibleAssetsClassifiedAsInvestingActivities,무형자산의 취득,-,69568106000,제 19 기,2025,KRW,,34767381000,제 20 기,,,38,11011,fnlttSinglAcntAll,,29742914000,제 21 기
hybe,HYBE,01204056,352820,KRW,FY2025,2025,11011,Annual report,20260320000802,CF,현금흐름표,ifrs-full_PurchaseOfPropertyPlantAndEquipmentClassifiedAsInvestingActivities,유형자산의 취득,-,22739911000,제 19 기,2025,KRW,,32877737000,제 20 기,,,39,11011,fnlttSinglAcntAll,,31362065000,제 21 기
hybe,HYBE,01204056,352820,KRW,FY2025,2025,11011,Annual report,20260320000802,CF,현금흐름표,ifrs-full_CashFlowsFromUsedInOperatingActivities,영업활동으로 인한 현금흐름,-,310627196000,제 19 기,2025,KRW,,151599247000,제 20 기,,,40,11011,fnlttSinglAcntAll,,107483561000,제 21 기
hybe,HYBE,01204056,352820,KRW,FY2025,2025,11011,Annual report,20260320000802,CF,현금흐름표,ifrs-full_CashFlowsFromUsedInOperations,영업으로부터 창출된 현금흐름,-,446254985000,제 19 기,2025,KRW,,243434664000,제 20 기,,,41,11011,fnlttSinglAcntAll,,217835190000,제 21 기
hybe,HYBE,01204056,352820,KRW,FY2025,2025,11011,Annual report,20260320000802,CF,현금흐름표,ifrs-full_DividendsReceivedClassifiedAsOperatingActivities,배당금의 수취,-,21880124000,제 19 기,2025,KRW,,7846113000,제 20 기,,,42,11011,fnlttSinglAcntAll,,8568172000,제 21 기
hybe,HYBE,01204056,352820,KRW,FY2025,2025,11011,Annual report,20260320000802,CF,현금흐름표,ifrs-full_IncomeTaxesPaidRefundClassifiedAsOperatingActivities,법인세의 납부,-,169666766000,제 19 기,2025,KRW,,108474628000,제 20 기,,,43,11011,fnlttSinglAcntAll,,126501097000,제 21 기
hybe,HYBE,01204056,352820,KRW,FY2025,2025,11011,Annual report,20260320000802,CF,현금흐름표,ifrs-full_InterestPaidClassifiedAsOperatingActivities,이자의 지급,-,28462472000,제 19 기,2025,KRW,,33262393000,제 20 기,,,44,11011,fnlttSinglAcntAll,,32990385000,제 21 기
hybe,HYBE,01204056,352820,KRW,FY2025,2025,11011,Annual report,20260320000802,CF,현금흐름표,ifrs-full_InterestReceivedClassifiedAsOperatingActivities,이자의 수취,-,40621325000,제 19 기,2025,KRW,,42055491000,제 20 기,,,45,11011,fnlttSinglAcntAll,,40571681000,제 21 기
hybe,HYBE,01204056,352820,KRW,FY2025,2025,11011,Annual report,20260320000802,CF,현금흐름표,ifrs-full_EffectOfExchangeRateChangesOnCashAndCashEquivalents,외화표시 현금및현금성자산의 환율변동효과,-,-2531070000,제 19 기,2025,KRW,,30882993000,제 20 기,,,46,11011,fnlttSinglAcntAll,,-2993221000,제 21 기
hybe,HYBE,01204056,352820,KRW,FY2025,2025,11011,Annual report,20260320000802,CF,현금흐름표,ifrs-full_IncreaseDecreaseInCashAndCashEquivalentsBeforeEffectOfExchangeRateChanges,현금및현금성자산의 증감,-,-171228712000,제 19 기,2025,KRW,,23292828000,제 20 기,,,47,11011,fnlttSinglAcntAll,,125868260000,제 21 기
hybe,HYBE,01204056,352820,KRW,FY2025,2025,11011,Annual report,20260320000802,SCE,자본변동표,dart_ChangesInConsolidatedCompanies,종속기업 처분으로 인한 비지배지분 변동,연결재무제표 [member],0,제 19 기,2025,KRW,,284005000,제 20 기,,,3,11011,fnlttSinglAcntAll,,-7231000,제 21 기
hybe,HYBE,01204056,352820,KRW,FY2025,2025,11011,Annual report,20260320000802,SCE,자본변동표,dart_ChangesInConsolidatedCompanies,종속기업 처분으로 인한 비지배지분 변동,자본 [구성요소]|비지배지분 [구성요소],0,제 19 기,2025,KRW,,284005000,제 20 기,,,3,11011,fnlttSinglAcntAll,,-7231000,제 21 기
hybe,HYBE,01204056,352820,KRW,FY2025,2025,11011,Annual report,20260320000802,SCE,자본변동표,dart_ChangesInConsolidatedCompanies,종속기업 처분으로 인한 비지배지분 변동,자본 [구성요소]|지배기업의 소유주에게 귀속되는 지분 [구성요소],0,제 19 기,2025,KRW,,0,제 20 기,,,3,11011,fnlttSinglAcntAll,,0,제 21 기
hybe,HYBE,01204056,352820,KRW,FY2025,2025,11011,Annual report,20260320000802,SCE,자본변동표,dart_ChangesInConsolidatedCompanies,종속기업 처분으로 인한 비지배지분 변동,자본 [구성요소]|지배기업의 소유주에게 귀속되는 지분 [구성요소]|주식발행초과금 [구성요소],0,제 19 기,2025,KRW,,0,제 20 기,,,3,11011,fnlttSinglAcntAll,,0,제 21 기
hybe,HYBE,01204056,352820,KRW,FY2025,2025,11011,Annual report,20260320000802,SCE,자본변동표,dart_ChangesInConsolidatedCompanies,종속기업 처분으로 인한 비지배지분 변동,자본 [구성요소]|지배기업의 소유주에게 귀속되는 지분 [구성요소]|기타포괄손익누계액 [구성요소],0,제 19 기,2025,KRW,,0,제 20 기,,,3,11011,fnlttSinglAcntAll,,0,제 21 기
hybe,HYBE,01204056,352820,KRW,FY2025,2025,11011,Annual report,20260320000802,SCE,자본변동표,dart_ChangesInConsolidatedCompanies,종속기업 처분으로 인한 비지배지분 변동,자본 [구성요소]|지배기업의 소유주에게 귀속되는 지분 [구성요소]|이익잉여금 [구성요소],0,제 19 기,2025,KRW,,0,제 20 기,,,3,11011,fnlttSinglAcntAll,,0,제 21 기
hybe,HYBE,01204056,352820,KRW,FY2025,2025,11011,Annual report,20260320000802,SCE,자본변동표,dart_ChangesInConsolidatedCompanies,종속기업 처분으로 인한 비지배지분 변동,자본 [구성요소]|지배기업의 소유주에게 귀속되는 지분 [구성요소]|자본금 [구성요소],0,제 19 기,2025,KRW,,0,제 20 기,,,3,11011,fnlttSinglAcntAll,,0,제 21 기
hybe,HYBE,01204056,352820,KRW,FY2025,2025,11011,Annual report,20260320000802,SCE,자본변동표,dart_ChangesInConsolidatedCompanies,종속기업 처분으로 인한 비지배지분 변동,자본 [구성요소]|지배기업의 소유주에게 귀속되는 지분 [구성요소]|기타자본구성요소 [구성요소],0,제 19 기,2025,KRW,,0,제 20 기,,,3,11011,fnlttSinglAcntAll,,0,제 21 기
hybe,HYBE,01204056,352820,KRW,FY2025,2025,11011,Annual report,20260320000802,SCE,자본변동표,dart_ChangesInForeignExchangeRates,해외사업환산차이,연결재무제표 [member],27462154000,제 19 기,2025,KRW,,212820765000,제 20 기,,,4,11011,fnlttSinglAcntAll,,-43295947000,제 21 기
hybe,HYBE,01204056,352820,KRW,FY2025,2025,11011,Annual report,20260320000802,SCE,자본변동표,dart_ChangesInForeignExchangeRates,해외사업환산차이,자본 [구성요소]|비지배지분 [구성요소],-770344000,제 19 기,2025,KRW,,1470466000,제 20 기,,,4,11011,fnlttSinglAcntAll,,-748567000,제 21 기
hybe,HYBE,01204056,352820,KRW,FY2025,2025,11011,Annual report,20260320000802,SCE,자본변동표,dart_ChangesInForeignExchangeRates,해외사업환산차이,자본 [구성요소]|지배기업의 소유주에게 귀속되는 지분 [구성요소],28232498000,제 19 기,2025,KRW,,211350299000,제 20 기,,,4,11011,fnlttSinglAcntAll,,-42547380000,제 21 기
hybe,HYBE,01204056,352820,KRW,FY2025,2025,11011,Annual report,20260320000802,SCE,자본변동표,dart_ChangesInForeignExchangeRates,해외사업환산차이,자본 [구성요소]|지배기업의 소유주에게 귀속되는 지분 [구성요소]|기타자본구성요소 [구성요소],0,제 19 기,2025,KRW,,0,제 20 기,,,4,11011,fnlttSinglAcntAll,,0,제 21 기
hybe,HYBE,01204056,352820,KRW,FY2025,2025,11011,Annual report,20260320000802,SCE,자본변동표,dart_ChangesInForeignExchangeRates,해외사업환산차이,자본 [구성요소]|지배기업의 소유주에게 귀속되는 지분 [구성요소]|기타포괄손익누계액 [구성요소],28232498000,제 19 기,2025,KRW,,211350299000,제 20 기,,,4,11011,fnlttSinglAcntAll,,-42547380000,제 21 기
hybe,HYBE,01204056,352820,KRW,FY2025,2025,11011,Annual report,20260320000802,SCE,자본변동표,dart_ChangesInForeignExchangeRates,해외사업환산차이,자본 [구성요소]|지배기업의 소유주에게 귀속되는 지분 [구성요소]|이익잉여금 [구성요소],0,제 19 기,2025,KRW,,0,제 20 기,,,4,11011,fnlttSinglAcntAll,,0,제 21 기
hybe,HYBE,01204056,352820,KRW,FY2025,2025,11011,Annual report,20260320000802,SCE,자본변동표,dart_ChangesInForeignExchangeRates,해외사업환산차이,자본 [구성요소]|지배기업의 소유주에게 귀속되는 지분 [구성요소]|자본금 [구성요소],0,제 19 기,2025,KRW,,0,제 20 기,,,4,11011,fnlttSinglAcntAll,,0,제 21 기
hybe,HYBE,01204056,352820,KRW,FY2025,2025,11011,Annual report,20260320000802,SCE,자본변동표,dart_ChangesInForeignExchangeRates,해외사업환산차이,자본 [구성요소]|지배기업의 소유주에게 귀속되는 지분 [구성요소]|주식발행초과금 [구성요소],0,제 19 기,2025,KRW,,0,제 20 기,,,4,11011,fnlttSinglAcntAll,,0,제 21 기
hybe,HYBE,01204056,352820,KRW,FY2025,2025,11011,Annual report,20260320000802,SCE,자본변동표,dart_ChangesInReserveOfGainsAndLossesFromInvestmentsInEquityInstruments,지분법자본변동,연결재무제표 [member],-144201000,제 19 기,2025,KRW,,-110938000,제 20 기,,,5,11011,fnlttSinglAcntAll,,73752000,제 21 기
hybe,HYBE,01204056,352820,KRW,FY2025,2025,11011,Annual report,20260320000802,SCE,자본변동표,dart_ChangesInReserveOfGainsAndLossesFromInvestmentsInEquityInstruments,지분법자본변동,자본 [구성요소]|비지배지분 [구성요소],-25487000,제 19 기,2025,KRW,,8176000,제 20 기,,,5,11011,fnlttSinglAcntAll,,-10664000,제 21 기
hybe,HYBE,01204056,352820,KRW,FY2025,2025,11011,Annual report,20260320000802,SCE,자본변동표,dart_ChangesInReserveOfGainsAndLossesFromInvestmentsInEquityInstruments,지분법자본변동,자본 [구성요소]|지배기업의 소유주에게 귀속되는 지분 [구성요소],-118714000,제 19 기,2025,KRW,,-119114000,제 20 기,,,5,11011,fnlttSinglAcntAll,,84416000,제 21 기
hybe,HYBE,01204056,352820,KRW,FY2025,2025,11011,Annual report,20260320000802,SCE,자본변동표,dart_ChangesInReserveOfGainsAndLossesFromInvestmentsInEquityInstruments,지분법자본변동,자본 [구성요소]|지배기업의 소유주에게 귀속되는 지분 [구성요소]|기타자본구성요소 [구성요소],0,제 19 기,2025,KRW,,0,제 20 기,,,5,11011,fnlttSinglAcntAll,,0,제 21 기
hybe,HYBE,01204056,352820,KRW,FY2025,2025,11011,Annual report,20260320000802,SCE,자본변동표,dart_ChangesInReserveOfGainsAndLossesFromInvestmentsInEquityInstruments,지분법자본변동,자본 [구성요소]|지배기업의 소유주에게 귀속되는 지분 [구성요소]|기타포괄손익누계액 [구성요소],-118714000,제 19 기,2025,KRW,,-119114000,제 20 기,,,5,11011,fnlttSinglAcntAll,,378757000,제 21 기
hybe,HYBE,01204056,352820,KRW,FY2025,2025,11011,Annual report,20260320000802,SCE,자본변동표,dart_ChangesInReserveOfGainsAndLossesFromInvestmentsInEquityInstruments,지분법자본변동,자본 [구성요소]|지배기업의 소유주에게 귀속되는 지분 [구성요소]|이익잉여금 [구성요소],0,제 19 기,2025,KRW,,0,제 20 기,,,5,11011,fnlttSinglAcntAll,,-294341000,제 21 기
hybe,HYBE,01204056,352820,KRW,FY2025,2025,11011,Annual report,20260320000802,SCE,자본변동표,dart_ChangesInReserveOfGainsAndLossesFromInvestmentsInEquityInstruments,지분법자본변동,자본 [구성요소]|지배기업의 소유주에게 귀속되는 지분 [구성요소]|자본금 [구성요소],0,제 19 기,2025,KRW,,0,제 20 기,,,5,11011,fnlttSinglAcntAll,,0,제 21 기
hybe,HYBE,01204056,352820,KRW,FY2025,2025,11011,Annual report,20260320000802,SCE,자본변동표,dart_ChangesInReserveOfGainsAndLossesFromInvestmentsInEquityInstruments,지분법자본변동,자본 [구성요소]|지배기업의 소유주에게 귀속되는 지분 [구성요소]|주식발행초과금 [구성요소],0,제 19 기,2025,KRW,,0,제 20 기,,,5,11011,fnlttSinglAcntAll,,0,제 21 기
hybe,HYBE,01204056,352820,KRW,FY2025,2025,11011,Annual report,20260320000802,SCE,자본변동표,dart_ChangesInReserveOfGainsAndLossesOnFinancialAssetsMeasuredAtFairValueThroughOtherComprehensiveIncome,기타포괄손익측정금융자산 평가손익,연결재무제표 [member],954791000,제 19 기,2025,KRW,,67890210000,제 20 기,,,6,11011,fnlttSinglAcntAll,,62204224000,제 21 기
hybe,HYBE,01204056,352820,KRW,FY2025,2025,11011,Annual report,20260320000802,SCE,자본변동표,dart_ChangesInReserveOfGainsAndLossesOnFinancialAssetsMeasuredAtFairValueThroughOtherComprehensiveIncome,기타포괄손익측정금융자산 평가손익,자본 [구성요소]|비지배지분 [구성요소],0,제 19 기,2025,KRW,,0,제 20 기,,,6,11011,fnlttSinglAcntAll,,0,제 21 기
hybe,HYBE,01204056,352820,KRW,FY2025,2025,11011,Annual report,20260320000802,SCE,자본변동표,dart_ChangesInReserveOfGainsAndLossesOnFinancialAssetsMeasuredAtFairValueThroughOtherComprehensiveIncome,기타포괄손익측정금융자산 평가손익,자본 [구성요소]|지배기업의 소유주에게 귀속되는 지분 [구성요소],954791000,제 19 기,2025,KRW,,67890210000,제 20 기,,,6,11011,fnlttSinglAcntAll,,62204224000,제 21 기
hybe,HYBE,01204056,352820,KRW,FY2025,2025,11011,Annual report,20260320000802,SCE,자본변동표,dart_ChangesInReserveOfGainsAndLossesOnFinancialAssetsMeasuredAtFairValueThroughOtherComprehensiveIncome,기타포괄손익측정금융자산 평가손익,자본 [구성요소]|지배기업의 소유주에게 귀속되는 지분 [구성요소]|기타자본구성요소 [구성요소],0,제 19 기,2025,KRW,,0,제 20 기,,,6,11011,fnlttSinglAcntAll,,0,제 21 기
hybe,HYBE,01204056,352820,KRW,FY2025,2025,11011,Annual report,20260320000802,SCE,자본변동표,dart_ChangesInReserveOfGainsAndLossesOnFinancialAssetsMeasuredAtFairValueThroughOtherComprehensiveIncome,기타포괄손익측정금융자산 평가손익,자본 [구성요소]|지배기업의 소유주에게 귀속되는 지분 [구성요소]|기타포괄손익누계액 [구성요소],954791000,제 19 기,2025,KRW,,67890210000,제 20 기,,,6,11011,fnlttSinglAcntAll,,62204224000,제 21 기
hybe,HYBE,01204056,352820,KRW,FY2025,2025,11011,Annual report,20260320000802,SCE,자본변동표,dart_ChangesInReserveOfGainsAndLossesOnFinancialAssetsMeasuredAtFairValueThroughOtherComprehensiveIncome,기타포괄손익측정금융자산 평가손익,자본 [구성요소]|지배기업의 소유주에게 귀속되는 지분 [구성요소]|이익잉여금 [구성요소],0,제 19 기,2025,KRW,,0,제 20 기,,,6,11011,fnlttSinglAcntAll,,0,제 21 기
hybe,HYBE,01204056,352820,KRW,FY2025,2025,11011,Annual report,20260320000802,SCE,자본변동표,dart_ChangesInReserveOfGainsAndLossesOnFinancialAssetsMeasuredAtFairValueThroughOtherComprehensiveIncome,기타포괄손익측정금융자산 평가손익,자본 [구성요소]|지배기업의 소유주에게 귀속되는 지분 [구성요소]|자본금 [구성요소],0,제 19 기,2025,KRW,,0,제 20 기,,,6,11011,fnlttSinglAcntAll,,0,제 21 기
hybe,HYBE,01204056,352820,KRW,FY2025,2025,11011,Annual report,20260320000802,SCE,자본변동표,dart_ChangesInReserveOfGainsAndLossesOnFinancialAssetsMeasuredAtFairValueThroughOtherComprehensiveIncome,기타포괄손익측정금융자산 평가손익,자본 [구성요소]|지배기업의 소유주에게 귀속되는 지분 [구성요소]|주식발행초과금 [구성요소],0,제 19 기,2025,KRW,,0,제 20 기,,,6,11011,fnlttSinglAcntAll,,0,제 21 기
hybe,HYBE,01204056,352820,KRW,FY2025,2025,11011,Annual report,20260320000802,SCE,자본변동표,dart_EquityAtBeginningOfPeriod,기초 잔액,연결재무제표 [member],2928680005000,제 19 기,2025,KRW,,3109914968000,제 20 기,,,7,11011,fnlttSinglAcntAll,,3513778658000,제 21 기
hybe,HYBE,01204056,352820,KRW,FY2025,2025,11011,Annual report,20260320000802,SCE,자본변동표,dart_EquityAtBeginningOfPeriod,기초 잔액,자본 [구성요소]|비지배지분 [구성요소],158201291000,제 19 기,2025,KRW,,190516599000,제 20 기,,,7,11011,fnlttSinglAcntAll,,299125900000,제 21 기
hybe,HYBE,01204056,352820,KRW,FY2025,2025,11011,Annual report,20260320000802,SCE,자본변동표,dart_EquityAtBeginningOfPeriod,기초 잔액,자본 [구성요소]|지배기업의 소유주에게 귀속되는 지분 [구성요소],2770478714000,제 19 기,2025,KRW,,2919398369000,제 20 기,,,7,11011,fnlttSinglAcntAll,,3214652758000,제 21 기
hybe,HYBE,01204056,352820,KRW,FY2025,2025,11011,Annual report,20260320000802,SCE,자본변동표,dart_EquityAtBeginningOfPeriod,기초 잔액,자본 [구성요소]|지배기업의 소유주에게 귀속되는 지분 [구성요소]|기타자본구성요소 [구성요소],206308024000,제 19 기,2025,KRW,,92267659000,제 20 기,,,7,11011,fnlttSinglAcntAll,,128782288000,제 21 기
hybe,HYBE,01204056,352820,KRW,FY2025,2025,11011,Annual report,20260320000802,SCE,자본변동표,dart_EquityAtBeginningOfPeriod,기초 잔액,자본 [구성요소]|지배기업의 소유주에게 귀속되는 지분 [구성요소]|기타포괄손익누계액 [구성요소],-159504218000,제 19 기,2025,KRW,,-136407971000,제 20 기,,,7,11011,fnlttSinglAcntAll,,142108454000,제 21 기
hybe,HYBE,01204056,352820,KRW,FY2025,2025,11011,Annual report,20260320000802,SCE,자본변동표,dart_EquityAtBeginningOfPeriod,기초 잔액,자본 [구성요소]|지배기업의 소유주에게 귀속되는 지분 [구성요소]|이익잉여금 [구성요소],233123564000,제 19 기,2025,KRW,,1420376781000,제 20 기,,,7,11011,fnlttSinglAcntAll,,1400600116000,제 21 기
hybe,HYBE,01204056,352820,KRW,FY2025,2025,11011,Annual report,20260320000802,SCE,자본변동표,dart_EquityAtBeginningOfPeriod,기초 잔액,자본 [구성요소]|지배기업의 소유주에게 귀속되는 지분 [구성요소]|자본금 [구성요소],20676694000,제 19 기,2025,KRW,,20826049000,제 20 기,,,7,11011,fnlttSinglAcntAll,,20826049000,제 21 기
hybe,HYBE,01204056,352820,KRW,FY2025,2025,11011,Annual report,20260320000802,SCE,자본변동표,dart_EquityAtBeginningOfPeriod,기초 잔액,자본 [구성요소]|지배기업의 소유주에게 귀속되는 지분 [구성요소]|주식발행초과금 [구성요소],2469874650000,제 19 기,2025,KRW,,1522335851000,제 20 기,,,7,11011,fnlttSinglAcntAll,,1522335851000,제 21 기
hybe,HYBE,01204056,352820,KRW,FY2025,2025,11011,Annual report,20260320000802,SCE,자본변동표,dart_IncreaseDecreaseThroughBusinessCombinations,사업결합으로 인한 비지배지분 변동,연결재무제표 [member],23317438000,제 19 기,2025,KRW,,-1455830000,제 20 기,,,8,11011,fnlttSinglAcntAll,,0,제 21 기
hybe,HYBE,01204056,352820,KRW,FY2025,2025,11011,Annual report,20260320000802,SCE,자본변동표,dart_IncreaseDecreaseThroughBusinessCombinations,사업결합으로 인한 비지배지분 변동,자본 [구성요소]|비지배지분 [구성요소],23317438000,제 19 기,2025,KRW,,-1455830000,제 20 기,,,8,11011,fnlttSinglAcntAll,,0,제 21 기
hybe,HYBE,01204056,352820,KRW,FY2025,2025,11011,Annual report,20260320000802,SCE,자본변동표,dart_IncreaseDecreaseThroughBusinessCombinations,사업결합으로 인한 비지배지분 변동,자본 [구성요소]|지배기업의 소유주에게 귀속되는 지분 [구성요소],0,제 19 기,2025,KRW,,0,제 20 기,,,8,11011,fnlttSinglAcntAll,,0,제 21 기
hybe,HYBE,01204056,352820,KRW,FY2025,2025,11011,Annual report,20260320000802,SCE,자본변동표,dart_IncreaseDecreaseThroughBusinessCombinations,사업결합으로 인한 비지배지분 변동,자본 [구성요소]|지배기업의 소유주에게 귀속되는 지분 [구성요소]|기타자본구성요소 [구성요소],0,제 19 기,2025,KRW,,0,제 20 기,,,8,11011,fnlttSinglAcntAll,,0,제 21 기
hybe,HYBE,01204056,352820,KRW,FY2025,2025,11011,Annual report,20260320000802,SCE,자본변동표,dart_IncreaseDecreaseThroughBusinessCombinations,사업결합으로 인한 비지배지분 변동,자본 [구성요소]|지배기업의 소유주에게 귀속되는 지분 [구성요소]|기타포괄손익누계액 [구성요소],0,제 19 기,2025,KRW,,0,제 20 기,,,8,11011,fnlttSinglAcntAll,,0,제 21 기
hybe,HYBE,01204056,352820,KRW,FY2025,2025,11011,Annual report,20260320000802,SCE,자본변동표,dart_IncreaseDecreaseThroughBusinessCombinations,사업결합으로 인한 비지배지분 변동,자본 [구성요소]|지배기업의 소유주에게 귀속되는 지분 [구성요소]|이익잉여금 [구성요소],0,제 19 기,2025,KRW,,0,제 20 기,,,8,11011,fnlttSinglAcntAll,,0,제 21 기
hybe,HYBE,01204056,352820,KRW,FY2025,2025,11011,Annual report,20260320000802,SCE,자본변동표,dart_IncreaseDecreaseThroughBusinessCombinations,사업결합으로 인한 비지배지분 변동,자본 [구성요소]|지배기업의 소유주에게 귀속되는 지분 [구성요소]|자본금 [구성요소],0,제 19 기,2025,KRW,,0,제 20 기,,,8,11011,fnlttSinglAcntAll,,0,제 21 기
hybe,HYBE,01204056,352820,KRW,FY2025,2025,11011,Annual report,20260320000802,SCE,자본변동표,dart_IncreaseDecreaseThroughBusinessCombinations,사업결합으로 인한 비지배지분 변동,자본 [구성요소]|지배기업의 소유주에게 귀속되는 지분 [구성요소]|주식발행초과금 [구성요소],0,제 19 기,2025,KRW,,0,제 20 기,,,8,11011,fnlttSinglAcntAll,,0,제 21 기
hybe,HYBE,01204056,352820,KRW,FY2025,2025,11011,Annual report,20260320000802,SCE,자본변동표,dart_OtherTransactions,이익잉여금 전입,연결재무제표 [member],0,제 19 기,2025,KRW,,0,제 20 기,,,9,11011,fnlttSinglAcntAll,,0,제 21 기
hybe,HYBE,01204056,352820,KRW,FY2025,2025,11011,Annual report,20260320000802,SCE,자본변동표,dart_OtherTransactions,이익잉여금 전입,자본 [구성요소]|비지배지분 [구성요소],0,제 19 기,2025,KRW,,0,제 20 기,,,9,11011,fnlttSinglAcntAll,,0,제 21 기
hybe,HYBE,01204056,352820,KRW,FY2025,2025,11011,Annual report,20260320000802,SCE,자본변동표,dart_OtherTransactions,이익잉여금 전입,자본 [구성요소]|지배기업의 소유주에게 귀속되는 지분 [구성요소],0,제 19 기,2025,KRW,,0,제 20 기,,,9,11011,fnlttSinglAcntAll,,0,제 21 기
hybe,HYBE,01204056,352820,KRW,FY2025,2025,11011,Annual report,20260320000802,SCE,자본변동표,dart_OtherTransactions,이익잉여금 전입,자본 [구성요소]|지배기업의 소유주에게 귀속되는 지분 [구성요소]|기타자본구성요소 [구성요소],0,제 19 기,2025,KRW,,0,제 20 기,,,9,11011,fnlttSinglAcntAll,,0,제 21 기
hybe,HYBE,01204056,352820,KRW,FY2025,2025,11011,Annual report,20260320000802,SCE,자본변동표,dart_OtherTransactions,이익잉여금 전입,자본 [구성요소]|지배기업의 소유주에게 귀속되는 지분 [구성요소]|기타포괄손익누계액 [구성요소],0,제 19 기,2025,KRW,,0,제 20 기,,,9,11011,fnlttSinglAcntAll,,0,제 21 기
hybe,HYBE,01204056,352820,KRW,FY2025,2025,11011,Annual report,20260320000802,SCE,자본변동표,dart_OtherTransactions,이익잉여금 전입,자본 [구성요소]|지배기업의 소유주에게 귀속되는 지분 [구성요소]|이익잉여금 [구성요소],1000000000000,제 19 기,2025,KRW,,0,제 20 기,,,9,11011,fnlttSinglAcntAll,,0,제 21 기
hybe,HYBE,01204056,352820,KRW,FY2025,2025,11011,Annual report,20260320000802,SCE,자본변동표,dart_OtherTransactions,이익잉여금 전입,자본 [구성요소]|지배기업의 소유주에게 귀속되는 지분 [구성요소]|자본금 [구성요소],0,제 19 기,2025,KRW,,0,제 20 기,,,9,11011,fnlttSinglAcntAll,,0,제 21 기
hybe,HYBE,01204056,352820,KRW,FY2025,2025,11011,Annual report,20260320000802,SCE,자본변동표,dart_OtherTransactions,이익잉여금 전입,자본 [구성요소]|지배기업의 소유주에게 귀속되는 지분 [구성요소]|주식발행초과금 [구성요소],0,제 19 기,2025,KRW,,0,제 20 기,,,9,11011,fnlttSinglAcntAll,,0,제 21 기
hybe,HYBE,01204056,352820,KRW,FY2025,2025,11011,Annual report,20260320000802,SCE,자본변동표,-표준계정코드 미사용-,전환사채의 발행,연결재무제표 [member],0,제 19 기,2025,KRW,,36122791000,제 20 기,,,10,11011,fnlttSinglAcntAll,,196015336000,제 21 기
hybe,HYBE,01204056,352820,KRW,FY2025,2025,11011,Annual report,20260320000802,SCE,자본변동표,-표준계정코드 미사용-,전환사채의 발행,자본 [구성요소]|비지배지분 [구성요소],0,제 19 기,2025,KRW,,0,제 20 기,,,10,11011,fnlttSinglAcntAll,,0,제 21 기
hybe,HYBE,01204056,352820,KRW,FY2025,2025,11011,Annual report,20260320000802,SCE,자본변동표,-표준계정코드 미사용-,전환사채의 발행,자본 [구성요소]|지배기업의 소유주에게 귀속되는 지분 [구성요소],0,제 19 기,2025,KRW,,36122791000,제 20 기,,,10,11011,fnlttSinglAcntAll,,196015336000,제 21 기
hybe,HYBE,01204056,352820,KRW,FY2025,2025,11011,Annual report,20260320000802,SCE,자본변동표,-표준계정코드 미사용-,전환사채의 발행,자본 [구성요소]|지배기업의 소유주에게 귀속되는 지분 [구성요소]|기타자본구성요소 [구성요소],0,제 19 기,2025,KRW,,36122791000,제 20 기,,,10,11011,fnlttSinglAcntAll,,-18842659000,제 21 기
hybe,HYBE,01204056,352820,KRW,FY2025,2025,11011,Annual report,20260320000802,SCE,자본변동표,-표준계정코드 미사용-,전환사채의 발행,자본 [구성요소]|지배기업의 소유주에게 귀속되는 지분 [구성요소]|기타포괄손익누계액 [구성요소],0,제 19 기,2025,KRW,,0,제 20 기,,,10,11011,fnlttSinglAcntAll,,0,제 21 기
hybe,HYBE,01204056,352820,KRW,FY2025,2025,11011,Annual report,20260320000802,SCE,자본변동표,-표준계정코드 미사용-,전환사채의 발행,자본 [구성요소]|지배기업의 소유주에게 귀속되는 지분 [구성요소]|이익잉여금 [구성요소],0,제 19 기,2025,KRW,,0,제 20 기,,,10,11011,fnlttSinglAcntAll,,0,제 21 기
hybe,HYBE,01204056,352820,KRW,FY2025,2025,11011,Annual report,20260320000802,SCE,자본변동표,-표준계정코드 미사용-,전환사채의 발행,자본 [구성요소]|지배기업의 소유주에게 귀속되는 지분 [구성요소]|자본금 [구성요소],0,제 19 기,2025,KRW,,0,제 20 기,,,10,11011,fnlttSinglAcntAll,,478549000,제 21 기
hybe,HYBE,01204056,352820,KRW,FY2025,2025,11011,Annual report,20260320000802,SCE,자본변동표,-표준계정코드 미사용-,전환사채의 발행,자본 [구성요소]|지배기업의 소유주에게 귀속되는 지분 [구성요소]|주식발행초과금 [구성요소],0,제 19 기,2025,KRW,,0,제 20 기,,,10,11011,fnlttSinglAcntAll,,214379446000,제 21 기
hybe,HYBE,01204056,352820,KRW,FY2025,2025,11011,Annual report,20260320000802,SCE,자본변동표,-표준계정코드 미사용-,주식선택권 제공,연결재무제표 [member],0,제 19 기,2025,KRW,,0,제 20 기,,,11,11011,fnlttSinglAcntAll,,0,제 21 기
hybe,HYBE,01204056,352820,KRW,FY2025,2025,11011,Annual report,20260320000802,SCE,자본변동표,-표준계정코드 미사용-,주식선택권 제공,자본 [구성요소]|비지배지분 [구성요소],0,제 19 기,2025,KRW,,0,제 20 기,,,11,11011,fnlttSinglAcntAll,,0,제 21 기
hybe,HYBE,01204056,352820,KRW,FY2025,2025,11011,Annual report,20260320000802,SCE,자본변동표,-표준계정코드 미사용-,주식선택권 제공,자본 [구성요소]|지배기업의 소유주에게 귀속되는 지분 [구성요소],0,제 19 기,2025,KRW,,0,제 20 기,,,11,11011,fnlttSinglAcntAll,,0,제 21 기
hybe,HYBE,01204056,352820,KRW,FY2025,2025,11011,Annual report,20260320000802,SCE,자본변동표,-표준계정코드 미사용-,주식선택권 제공,자본 [구성요소]|지배기업의 소유주에게 귀속되는 지분 [구성요소]|기타자본구성요소 [구성요소],0,제 19 기,2025,KRW,,0,제 20 기,,,11,11011,fnlttSinglAcntAll,,0,제 21 기
hybe,HYBE,01204056,352820,KRW,FY2025,2025,11011,Annual report,20260320000802,SCE,자본변동표,-표준계정코드 미사용-,주식선택권 제공,자본 [구성요소]|지배기업의 소유주에게 귀속되는 지분 [구성요소]|기타포괄손익누계액 [구성요소],0,제 19 기,2025,KRW,,0,제 20 기,,,11,11011,fnlttSinglAcntAll,,0,제 21 기
hybe,HYBE,01204056,352820,KRW,FY2025,2025,11011,Annual report,20260320000802,SCE,자본변동표,-표준계정코드 미사용-,주식선택권 제공,자본 [구성요소]|지배기업의 소유주에게 귀속되는 지분 [구성요소]|이익잉여금 [구성요소],0,제 19 기,2025,KRW,,0,제 20 기,,,11,11011,fnlttSinglAcntAll,,0,제 21 기
hybe,HYBE,01204056,352820,KRW,FY2025,2025,11011,Annual report,20260320000802,SCE,자본변동표,-표준계정코드 미사용-,주식선택권 제공,자본 [구성요소]|지배기업의 소유주에게 귀속되는 지분 [구성요소]|자본금 [구성요소],0,제 19 기,2025,KRW,,0,제 20 기,,,11,11011,fnlttSinglAcntAll,,0,제 21 기
hybe,HYBE,01204056,352820,KRW,FY2025,2025,11011,Annual report,20260320000802,SCE,자본변동표,-표준계정코드 미사용-,주식선택권 제공,자본 [구성요소]|지배기업의 소유주에게 귀속되는 지분 [구성요소]|주식발행초과금 [구성요소],0,제 19 기,2025,KRW,,0,제 20 기,,,11,11011,fnlttSinglAcntAll,,0,제 21 기
hybe,HYBE,01204056,352820,KRW,FY2025,2025,11011,Annual report,20260320000802,SCE,자본변동표,ifrs-full_DividendsPaid,배당,연결재무제표 [member],0,제 19 기,2025,KRW,,29156468000,제 20 기,,,12,11011,fnlttSinglAcntAll,,8304591000,제 21 기
hybe,HYBE,01204056,352820,KRW,FY2025,2025,11011,Annual report,20260320000802,SCE,자본변동표,ifrs-full_DividendsPaid,배당,자본 [구성요소]|비지배지분 [구성요소],0,제 19 기,2025,KRW,,0,제 20 기,,,12,11011,fnlttSinglAcntAll,,0,제 21 기
hybe,HYBE,01204056,352820,KRW,FY2025,2025,11011,Annual report,20260320000802,SCE,자본변동표,ifrs-full_DividendsPaid,배당,자본 [구성요소]|지배기업의 소유주에게 귀속되는 지분 [구성요소],0,제 19 기,2025,KRW,,29156468000,제 20 기,,,12,11011,fnlttSinglAcntAll,,8304591000,제 21 기
hybe,HYBE,01204056,352820,KRW,FY2025,2025,11011,Annual report,20260320000802,SCE,자본변동표,ifrs-full_DividendsPaid,배당,자본 [구성요소]|지배기업의 소유주에게 귀속되는 지분 [구성요소]|기타자본구성요소 [구성요소],0,제 19 기,2025,KRW,,0,제 20 기,,,12,11011,fnlttSinglAcntAll,,0,제 21 기
hybe,HYBE,01204056,352820,KRW,FY2025,2025,11011,Annual report,20260320000802,SCE,자본변동표,ifrs-full_DividendsPaid,배당,자본 [구성요소]|지배기업의 소유주에게 귀속되는 지분 [구성요소]|기타포괄손익누계액 [구성요소],0,제 19 기,2025,KRW,,0,제 20 기,,,12,11011,fnlttSinglAcntAll,,0,제 21 기
hybe,HYBE,01204056,352820,KRW,FY2025,2025,11011,Annual report,20260320000802,SCE,자본변동표,ifrs-full_DividendsPaid,배당,자본 [구성요소]|지배기업의 소유주에게 귀속되는 지분 [구성요소]|이익잉여금 [구성요소],0,제 19 기,2025,KRW,,29156468000,제 20 기,,,12,11011,fnlttSinglAcntAll,,8304591000,제 21 기
hybe,HYBE,01204056,352820,KRW,FY2025,2025,11011,Annual report,20260320000802,SCE,자본변동표,ifrs-full_DividendsPaid,배당,자본 [구성요소]|지배기업의 소유주에게 귀속되는 지분 [구성요소]|자본금 [구성요소],0,제 19 기,2025,KRW,,0,제 20 기,,,12,11011,fnlttSinglAcntAll,,0,제 21 기
hybe,HYBE,01204056,352820,KRW,FY2025,2025,11011,Annual report,20260320000802,SCE,자본변동표,ifrs-full_DividendsPaid,배당,자본 [구성요소]|지배기업의 소유주에게 귀속되는 지분 [구성요소]|주식발행초과금 [구성요소],0,제 19 기,2025,KRW,,0,제 20 기,,,12,11011,fnlttSinglAcntAll,,0,제 21 기
hybe,HYBE,01204056,352820,KRW,FY2025,2025,11011,Annual report,20260320000802,SCE,자본변동표,ifrs-full_Equity,자본 총계,연결재무제표 [member],3109914968000,제 19 기,2025,KRW,,3513778658000,제 20 기,,,13,11011,fnlttSinglAcntAll,,3551456465000,제 21 기
hybe,HYBE,01204056,352820,KRW,FY2025,2025,11011,Annual report,20260320000802,SCE,자본변동표,ifrs-full_Equity,자본 총계,자본 [구성요소]|비지배지분 [구성요소],190516599000,제 19 기,2025,KRW,,299125900000,제 20 기,,,13,11011,fnlttSinglAcntAll,,294429738000,제 21 기
hybe,HYBE,01204056,352820,KRW,FY2025,2025,11011,Annual report,20260320000802,SCE,자본변동표,ifrs-full_Equity,자본 총계,자본 [구성요소]|지배기업의 소유주에게 귀속되는 지분 [구성요소],2919398369000,제 19 기,2025,KRW,,3214652758000,제 20 기,,,13,11011,fnlttSinglAcntAll,,3257026727000,제 21 기
hybe,HYBE,01204056,352820,KRW,FY2025,2025,11011,Annual report,20260320000802,SCE,자본변동표,ifrs-full_Equity,자본 총계,자본 [구성요소]|지배기업의 소유주에게 귀속되는 지분 [구성요소]|기타자본구성요소 [구성요소],92267659000,제 19 기,2025,KRW,,128782288000,제 20 기,,,13,11011,fnlttSinglAcntAll,,182258060000,제 21 기
hybe,HYBE,01204056,352820,KRW,FY2025,2025,11011,Annual report,20260320000802,SCE,자본변동표,ifrs-full_Equity,자본 총계,자본 [구성요소]|지배기업의 소유주에게 귀속되는 지분 [구성요소]|기타포괄손익누계액 [구성요소],-136407971000,제 19 기,2025,KRW,,142108454000,제 20 기,,,13,11011,fnlttSinglAcntAll,,162028003000,제 21 기
hybe,HYBE,01204056,352820,KRW,FY2025,2025,11011,Annual report,20260320000802,SCE,자본변동표,ifrs-full_Equity,자본 총계,자본 [구성요소]|지배기업의 소유주에게 귀속되는 지분 [구성요소]|이익잉여금 [구성요소],1420376781000,제 19 기,2025,KRW,,1400600116000,제 20 기,,,13,11011,fnlttSinglAcntAll,,1154720769000,제 21 기
hybe,HYBE,01204056,352820,KRW,FY2025,2025,11011,Annual report,20260320000802,SCE,자본변동표,ifrs-full_Equity,자본 총계,자본 [구성요소]|지배기업의 소유주에게 귀속되는 지분 [구성요소]|자본금 [구성요소],20826049000,제 19 기,2025,KRW,,20826049000,제 20 기,,,13,11011,fnlttSinglAcntAll,,21304598000,제 21 기
hybe,HYBE,01204056,352820,KRW,FY2025,2025,11011,Annual report,20260320000802,SCE,자본변동표,ifrs-full_Equity,자본 총계,자본 [구성요소]|지배기업의 소유주에게 귀속되는 지분 [구성요소]|주식발행초과금 [구성요소],1522335851000,제 19 기,2025,KRW,,1522335851000,제 20 기,,,13,11011,fnlttSinglAcntAll,,1736715297000,제 21 기
hybe,HYBE,01204056,352820,KRW,FY2025,2025,11011,Annual report,20260320000802,SCE,자본변동표,ifrs-full_IncreaseDecreaseThroughChangesInOwnershipInterestsInSubsidiariesThatDoNotResultInLossOfControl,지배력을 상실하지 않는 종속기업 소유지분 변동,연결재무제표 [member],-129502983000,제 19 기,2025,KRW,,129403618000,제 20 기,,,14,11011,fnlttSinglAcntAll,,56766296000,제 21 기
hybe,HYBE,01204056,352820,KRW,FY2025,2025,11011,Annual report,20260320000802,SCE,자본변동표,ifrs-full_IncreaseDecreaseThroughChangesInOwnershipInterestsInSubsidiariesThatDoNotResultInLossOfControl,지배력을 상실하지 않는 종속기업 소유지분 변동,자본 [구성요소]|비지배지분 [구성요소],3819048000,제 19 기,2025,KRW,,114309145000,제 20 기,,,14,11011,fnlttSinglAcntAll,,9832869000,제 21 기
hybe,HYBE,01204056,352820,KRW,FY2025,2025,11011,Annual report,20260320000802,SCE,자본변동표,ifrs-full_IncreaseDecreaseThroughChangesInOwnershipInterestsInSubsidiariesThatDoNotResultInLossOfControl,지배력을 상실하지 않는 종속기업 소유지분 변동,자본 [구성요소]|지배기업의 소유주에게 귀속되는 지분 [구성요소],-133322031000,제 19 기,2025,KRW,,15094473000,제 20 기,,,14,11011,fnlttSinglAcntAll,,46933427000,제 21 기
hybe,HYBE,01204056,352820,KRW,FY2025,2025,11011,Annual report,20260320000802,SCE,자본변동표,ifrs-full_IncreaseDecreaseThroughChangesInOwnershipInterestsInSubsidiariesThatDoNotResultInLossOfControl,지배력을 상실하지 않는 종속기업 소유지분 변동,자본 [구성요소]|지배기업의 소유주에게 귀속되는 지분 [구성요소]|기타자본구성요소 [구성요소],-133294733000,제 19 기,2025,KRW,,15094473000,제 20 기,,,14,11011,fnlttSinglAcntAll,,46933427000,제 21 기
hybe,HYBE,01204056,352820,KRW,FY2025,2025,11011,Annual report,20260320000802,SCE,자본변동표,ifrs-full_IncreaseDecreaseThroughChangesInOwnershipInterestsInSubsidiariesThatDoNotResultInLossOfControl,지배력을 상실하지 않는 종속기업 소유지분 변동,자본 [구성요소]|지배기업의 소유주에게 귀속되는 지분 [구성요소]|기타포괄손익누계액 [구성요소],-27298000,제 19 기,2025,KRW,,0,제 20 기,,,14,11011,fnlttSinglAcntAll,,0,제 21 기
hybe,HYBE,01204056,352820,KRW,FY2025,2025,11011,Annual report,20260320000802,SCE,자본변동표,ifrs-full_IncreaseDecreaseThroughChangesInOwnershipInterestsInSubsidiariesThatDoNotResultInLossOfControl,지배력을 상실하지 않는 종속기업 소유지분 변동,자본 [구성요소]|지배기업의 소유주에게 귀속되는 지분 [구성요소]|이익잉여금 [구성요소],0,제 19 기,2025,KRW,,0,제 20 기,,,14,11011,fnlttSinglAcntAll,,0,제 21 기
hybe,HYBE,01204056,352820,KRW,FY2025,2025,11011,Annual report,20260320000802,SCE,자본변동표,ifrs-full_IncreaseDecreaseThroughChangesInOwnershipInterestsInSubsidiariesThatDoNotResultInLossOfControl,지배력을 상실하지 않는 종속기업 소유지분 변동,자본 [구성요소]|지배기업의 소유주에게 귀속되는 지분 [구성요소]|자본금 [구성요소],0,제 19 기,2025,KRW,,0,제 20 기,,,14,11011,fnlttSinglAcntAll,,0,제 21 기
hybe,HYBE,01204056,352820,KRW,FY2025,2025,11011,Annual report,20260320000802,SCE,자본변동표,ifrs-full_IncreaseDecreaseThroughChangesInOwnershipInterestsInSubsidiariesThatDoNotResultInLossOfControl,지배력을 상실하지 않는 종속기업 소유지분 변동,자본 [구성요소]|지배기업의 소유주에게 귀속되는 지분 [구성요소]|주식발행초과금 [구성요소],0,제 19 기,2025,KRW,,0,제 20 기,,,14,11011,fnlttSinglAcntAll,,0,제 21 기
hybe,HYBE,01204056,352820,KRW,FY2025,2025,11011,Annual report,20260320000802,SCE,자본변동표,ifrs-full_IncreaseDecreaseThroughExerciseOfWarrantsEquity,주식선택권 행사,연결재무제표 [member],2119735000,제 19 기,2025,KRW,,0,제 20 기,,,15,11011,fnlttSinglAcntAll,,0,제 21 기
hybe,HYBE,01204056,352820,KRW,FY2025,2025,11011,Annual report,20260320000802,SCE,자본변동표,ifrs-full_IncreaseDecreaseThroughExerciseOfWarrantsEquity,주식선택권 행사,자본 [구성요소]|비지배지분 [구성요소],503929000,제 19 기,2025,KRW,,0,제 20 기,,,15,11011,fnlttSinglAcntAll,,0,제 21 기
hybe,HYBE,01204056,352820,KRW,FY2025,2025,11011,Annual report,20260320000802,SCE,자본변동표,ifrs-full_IncreaseDecreaseThroughExerciseOfWarrantsEquity,주식선택권 행사,자본 [구성요소]|지배기업의 소유주에게 귀속되는 지분 [구성요소],1615806000,제 19 기,2025,KRW,,0,제 20 기,,,15,11011,fnlttSinglAcntAll,,0,제 21 기
hybe,HYBE,01204056,352820,KRW,FY2025,2025,11011,Annual report,20260320000802,SCE,자본변동표,ifrs-full_IncreaseDecreaseThroughExerciseOfWarrantsEquity,주식선택권 행사,자본 [구성요소]|지배기업의 소유주에게 귀속되는 지분 [구성요소]|기타자본구성요소 [구성요소],-762672000,제 19 기,2025,KRW,,0,제 20 기,,,15,11011,fnlttSinglAcntAll,,0,제 21 기
hybe,HYBE,01204056,352820,KRW,FY2025,2025,11011,Annual report,20260320000802,SCE,자본변동표,ifrs-full_IncreaseDecreaseThroughExerciseOfWarrantsEquity,주식선택권 행사,자본 [구성요소]|지배기업의 소유주에게 귀속되는 지분 [구성요소]|기타포괄손익누계액 [구성요소],0,제 19 기,2025,KRW,,0,제 20 기,,,15,11011,fnlttSinglAcntAll,,0,제 21 기
hybe,HYBE,01204056,352820,KRW,FY2025,2025,11011,Annual report,20260320000802,SCE,자본변동표,ifrs-full_IncreaseDecreaseThroughExerciseOfWarrantsEquity,주식선택권 행사,자본 [구성요소]|지배기업의 소유주에게 귀속되는 지분 [구성요소]|이익잉여금 [구성요소],0,제 19 기,2025,KRW,,0,제 20 기,,,15,11011,fnlttSinglAcntAll,,0,제 21 기
hybe,HYBE,01204056,352820,KRW,FY2025,2025,11011,Annual report,20260320000802,SCE,자본변동표,ifrs-full_IncreaseDecreaseThroughExerciseOfWarrantsEquity,주식선택권 행사,자본 [구성요소]|지배기업의 소유주에게 귀속되는 지분 [구성요소]|자본금 [구성요소],3685000,제 19 기,2025,KRW,,0,제 20 기,,,15,11011,fnlttSinglAcntAll,,0,제 21 기
hybe,HYBE,01204056,352820,KRW,FY2025,2025,11011,Annual report,20260320000802,SCE,자본변동표,ifrs-full_IncreaseDecreaseThroughExerciseOfWarrantsEquity,주식선택권 행사,자본 [구성요소]|지배기업의 소유주에게 귀속되는 지분 [구성요소]|주식발행초과금 [구성요소],2374793000,제 19 기,2025,KRW,,0,제 20 기,,,15,11011,fnlttSinglAcntAll,,0,제 21 기
hybe,HYBE,01204056,352820,KRW,FY2025,2025,11011,Annual report,20260320000802,SCE,자본변동표,ifrs-full_IncreaseDecreaseThroughSharebasedPaymentTransactions,주식기준보상,연결재무제표 [member],29662255000,제 19 기,2025,KRW,,18442449000,제 20 기,,,16,11011,fnlttSinglAcntAll,,28361734000,제 21 기
hybe,HYBE,01204056,352820,KRW,FY2025,2025,11011,Annual report,20260320000802,SCE,자본변동표,ifrs-full_IncreaseDecreaseThroughSharebasedPaymentTransactions,주식기준보상,자본 [구성요소]|비지배지분 [구성요소],9645215000,제 19 기,2025,KRW,,7013565000,제 20 기,,,16,11011,fnlttSinglAcntAll,,2976730000,제 21 기
hybe,HYBE,01204056,352820,KRW,FY2025,2025,11011,Annual report,20260320000802,SCE,자본변동표,ifrs-full_IncreaseDecreaseThroughSharebasedPaymentTransactions,주식기준보상,자본 [구성요소]|지배기업의 소유주에게 귀속되는 지분 [구성요소],20017040000,제 19 기,2025,KRW,,11428884000,제 20 기,,,16,11011,fnlttSinglAcntAll,,25385004000,제 21 기
hybe,HYBE,01204056,352820,KRW,FY2025,2025,11011,Annual report,20260320000802,SCE,자본변동표,ifrs-full_IncreaseDecreaseThroughSharebasedPaymentTransactions,주식기준보상,자본 [구성요소]|지배기업의 소유주에게 귀속되는 지분 [구성요소]|기타자본구성요소 [구성요소],20017040000,제 19 기,2025,KRW,,11428884000,제 20 기,,,16,11011,fnlttSinglAcntAll,,25385004000,제 21 기
hybe,HYBE,01204056,352820,KRW,FY2025,2025,11011,Annual report,20260320000802,SCE,자본변동표,ifrs-full_IncreaseDecreaseThroughSharebasedPaymentTransactions,주식기준보상,자본 [구성요소]|지배기업의 소유주에게 귀속되는 지분 [구성요소]|기타포괄손익누계액 [구성요소],0,제 19 기,2025,KRW,,0,제 20 기,,,16,11011,fnlttSinglAcntAll,,0,제 21 기
hybe,HYBE,01204056,352820,KRW,FY2025,2025,11011,Annual report,20260320000802,SCE,자본변동표,ifrs-full_IncreaseDecreaseThroughSharebasedPaymentTransactions,주식기준보상,자본 [구성요소]|지배기업의 소유주에게 귀속되는 지분 [구성요소]|이익잉여금 [구성요소],0,제 19 기,2025,KRW,,0,제 20 기,,,16,11011,fnlttSinglAcntAll,,0,제 21 기
hybe,HYBE,01204056,352820,KRW,FY2025,2025,11011,Annual report,20260320000802,SCE,자본변동표,ifrs-full_IncreaseDecreaseThroughSharebasedPaymentTransactions,주식기준보상,자본 [구성요소]|지배기업의 소유주에게 귀속되는 지분 [구성요소]|자본금 [구성요소],0,제 19 기,2025,KRW,,0,제 20 기,,,16,11011,fnlttSinglAcntAll,,0,제 21 기
hybe,HYBE,01204056,352820,KRW,FY2025,2025,11011,Annual report,20260320000802,SCE,자본변동표,ifrs-full_IncreaseDecreaseThroughSharebasedPaymentTransactions,주식기준보상,자본 [구성요소]|지배기업의 소유주에게 귀속되는 지분 [구성요소]|주식발행초과금 [구성요소],0,제 19 기,2025,KRW,,0,제 20 기,,,16,11011,fnlttSinglAcntAll,,0,제 21 기
hybe,HYBE,01204056,352820,KRW,FY2025,2025,11011,Annual report,20260320000802,SCE,자본변동표,ifrs-full_IssueOfEquity,유상증자,연결재무제표 [member],50232078000,제 19 기,2025,KRW,,0,제 20 기,,,17,11011,fnlttSinglAcntAll,,0,제 21 기
hybe,HYBE,01204056,352820,KRW,FY2025,2025,11011,Annual report,20260320000802,SCE,자본변동표,ifrs-full_IssueOfEquity,유상증자,자본 [구성요소]|비지배지분 [구성요소],0,제 19 기,2025,KRW,,0,제 20 기,,,17,11011,fnlttSinglAcntAll,,0,제 21 기
hybe,HYBE,01204056,352820,KRW,FY2025,2025,11011,Annual report,20260320000802,SCE,자본변동표,ifrs-full_IssueOfEquity,유상증자,자본 [구성요소]|지배기업의 소유주에게 귀속되는 지분 [구성요소],50232078000,제 19 기,2025,KRW,,0,제 20 기,,,17,11011,fnlttSinglAcntAll,,0,제 21 기
hybe,HYBE,01204056,352820,KRW,FY2025,2025,11011,Annual report,20260320000802,SCE,자본변동표,ifrs-full_IssueOfEquity,유상증자,자본 [구성요소]|지배기업의 소유주에게 귀속되는 지분 [구성요소]|기타자본구성요소 [구성요소],0,제 19 기,2025,KRW,,0,제 20 기,,,17,11011,fnlttSinglAcntAll,,0,제 21 기
hybe,HYBE,01204056,352820,KRW,FY2025,2025,11011,Annual report,20260320000802,SCE,자본변동표,ifrs-full_IssueOfEquity,유상증자,자본 [구성요소]|지배기업의 소유주에게 귀속되는 지분 [구성요소]|기타포괄손익누계액 [구성요소],0,제 19 기,2025,KRW,,0,제 20 기,,,17,11011,fnlttSinglAcntAll,,0,제 21 기
hybe,HYBE,01204056,352820,KRW,FY2025,2025,11011,Annual report,20260320000802,SCE,자본변동표,ifrs-full_IssueOfEquity,유상증자,자본 [구성요소]|지배기업의 소유주에게 귀속되는 지분 [구성요소]|이익잉여금 [구성요소],0,제 19 기,2025,KRW,,0,제 20 기,,,17,11011,fnlttSinglAcntAll,,0,제 21 기
hybe,HYBE,01204056,352820,KRW,FY2025,2025,11011,Annual report,20260320000802,SCE,자본변동표,ifrs-full_IssueOfEquity,유상증자,자본 [구성요소]|지배기업의 소유주에게 귀속되는 지분 [구성요소]|자본금 [구성요소],0,제 19 기,2025,KRW,,0,제 20 기,,,17,11011,fnlttSinglAcntAll,,0,제 21 기
hybe,HYBE,01204056,352820,KRW,FY2025,2025,11011,Annual report,20260320000802,SCE,자본변동표,ifrs-full_IssueOfEquity,유상증자,자본 [구성요소]|지배기업의 소유주에게 귀속되는 지분 [구성요소]|주식발행초과금 [구성요소],0,제 19 기,2025,KRW,,0,제 20 기,,,17,11011,fnlttSinglAcntAll,,0,제 21 기
hybe,HYBE,01204056,352820,KRW,FY2025,2025,11011,Annual report,20260320000802,SCE,자본변동표,ifrs-full_OtherComprehensiveIncomeNetOfTaxGainsLossesOnRemeasurementsOfDefinedBenefitPlans,순확정급여부채의 재측정요소,연결재무제표 [member],-6315863000,제 19 기,2025,KRW,,-813546000,제 20 기,,,18,11011,fnlttSinglAcntAll,,249553000,제 21 기
hybe,HYBE,01204056,352820,KRW,FY2025,2025,11011,Annual report,20260320000802,SCE,자본변동표,ifrs-full_OtherComprehensiveIncomeNetOfTaxGainsLossesOnRemeasurementsOfDefinedBenefitPlans,순확정급여부채의 재측정요소,자본 [구성요소]|비지배지분 [구성요소],-370833000,제 19 기,2025,KRW,,-208576000,제 20 기,,,18,11011,fnlttSinglAcntAll,,365604000,제 21 기
hybe,HYBE,01204056,352820,KRW,FY2025,2025,11011,Annual report,20260320000802,SCE,자본변동표,ifrs-full_OtherComprehensiveIncomeNetOfTaxGainsLossesOnRemeasurementsOfDefinedBenefitPlans,순확정급여부채의 재측정요소,자본 [구성요소]|지배기업의 소유주에게 귀속되는 지분 [구성요소],-5945030000,제 19 기,2025,KRW,,-604970000,제 20 기,,,18,11011,fnlttSinglAcntAll,,-116052000,제 21 기
hybe,HYBE,01204056,352820,KRW,FY2025,2025,11011,Annual report,20260320000802,SCE,자본변동표,ifrs-full_OtherComprehensiveIncomeNetOfTaxGainsLossesOnRemeasurementsOfDefinedBenefitPlans,순확정급여부채의 재측정요소,자본 [구성요소]|지배기업의 소유주에게 귀속되는 지분 [구성요소]|기타자본구성요소 [구성요소],0,제 19 기,2025,KRW,,0,제 20 기,,,18,11011,fnlttSinglAcntAll,,0,제 21 기
hybe,HYBE,01204056,352820,KRW,FY2025,2025,11011,Annual report,20260320000802,SCE,자본변동표,ifrs-full_OtherComprehensiveIncomeNetOfTaxGainsLossesOnRemeasurementsOfDefinedBenefitPlans,순확정급여부채의 재측정요소,자본 [구성요소]|지배기업의 소유주에게 귀속되는 지분 [구성요소]|기타포괄손익누계액 [구성요소],-5945030000,제 19 기,2025,KRW,,-604970000,제 20 기,,,18,11011,fnlttSinglAcntAll,,-116052000,제 21 기
hybe,HYBE,01204056,352820,KRW,FY2025,2025,11011,Annual report,20260320000802,SCE,자본변동표,ifrs-full_OtherComprehensiveIncomeNetOfTaxGainsLossesOnRemeasurementsOfDefinedBenefitPlans,순확정급여부채의 재측정요소,자본 [구성요소]|지배기업의 소유주에게 귀속되는 지분 [구성요소]|이익잉여금 [구성요소],0,제 19 기,2025,KRW,,0,제 20 기,,,18,11011,fnlttSinglAcntAll,,0,제 21 기
hybe,HYBE,01204056,352820,KRW,FY2025,2025,11011,Annual report,20260320000802,SCE,자본변동표,ifrs-full_OtherComprehensiveIncomeNetOfTaxGainsLossesOnRemeasurementsOfDefinedBenefitPlans,순확정급여부채의 재측정요소,자본 [구성요소]|지배기업의 소유주에게 귀속되는 지분 [구성요소]|자본금 [구성요소],0,제 19 기,2025,KRW,,0,제 20 기,,,18,11011,fnlttSinglAcntAll,,0,제 21 기
hybe,HYBE,01204056,352820,KRW,FY2025,2025,11011,Annual report,20260320000802,SCE,자본변동표,ifrs-full_OtherComprehensiveIncomeNetOfTaxGainsLossesOnRemeasurementsOfDefinedBenefitPlans,순확정급여부채의 재측정요소,자본 [구성요소]|지배기업의 소유주에게 귀속되는 지분 [구성요소]|주식발행초과금 [구성요소],0,제 19 기,2025,KRW,,0,제 20 기,,,18,11011,fnlttSinglAcntAll,,0,제 21 기
hybe,HYBE,01204056,352820,KRW,FY2025,2025,11011,Annual report,20260320000802,SCE,자본변동표,ifrs-full_ProfitLoss,당기순이익(손실),연결재무제표 [member],183449559000,제 19 기,2025,KRW,,-3431847000,제 20 기,,,19,11011,fnlttSinglAcntAll,,-254385318000,제 21 기
hybe,HYBE,01204056,352820,KRW,FY2025,2025,11011,Annual report,20260320000802,SCE,자본변동표,ifrs-full_ProfitLoss,당기순이익(손실),자본 [구성요소]|비지배지분 [구성요소],-3803658000,제 19 기,2025,KRW,,-12811650000,제 20 기,,,19,11011,fnlttSinglAcntAll,,-17104903000,제 21 기
hybe,HYBE,01204056,352820,KRW,FY2025,2025,11011,Annual report,20260320000802,SCE,자본변동표,ifrs-full_ProfitLoss,당기순이익(손실),자본 [구성요소]|지배기업의 소유주에게 귀속되는 지분 [구성요소],187253217000,제 19 기,2025,KRW,,9379803000,제 20 기,,,19,11011,fnlttSinglAcntAll,,-237280415000,제 21 기
hybe,HYBE,01204056,352820,KRW,FY2025,2025,11011,Annual report,20260320000802,SCE,자본변동표,ifrs-full_ProfitLoss,당기순이익(손실),자본 [구성요소]|지배기업의 소유주에게 귀속되는 지분 [구성요소]|기타자본구성요소 [구성요소],0,제 19 기,2025,KRW,,0,제 20 기,,,19,11011,fnlttSinglAcntAll,,0,제 21 기
hybe,HYBE,01204056,352820,KRW,FY2025,2025,11011,Annual report,20260320000802,SCE,자본변동표,ifrs-full_ProfitLoss,당기순이익(손실),자본 [구성요소]|지배기업의 소유주에게 귀속되는 지분 [구성요소]|기타포괄손익누계액 [구성요소],0,제 19 기,2025,KRW,,0,제 20 기,,,19,11011,fnlttSinglAcntAll,,0,제 21 기
hybe,HYBE,01204056,352820,KRW,FY2025,2025,11011,Annual report,20260320000802,SCE,자본변동표,ifrs-full_ProfitLoss,당기순이익(손실),자본 [구성요소]|지배기업의 소유주에게 귀속되는 지분 [구성요소]|이익잉여금 [구성요소],187253217000,제 19 기,2025,KRW,,9379803000,제 20 기,,,19,11011,fnlttSinglAcntAll,,-237280415000,제 21 기
hybe,HYBE,01204056,352820,KRW,FY2025,2025,11011,Annual report,20260320000802,SCE,자본변동표,ifrs-full_ProfitLoss,당기순이익(손실),자본 [구성요소]|지배기업의 소유주에게 귀속되는 지분 [구성요소]|자본금 [구성요소],0,제 19 기,2025,KRW,,0,제 20 기,,,19,11011,fnlttSinglAcntAll,,0,제 21 기
hybe,HYBE,01204056,352820,KRW,FY2025,2025,11011,Annual report,20260320000802,SCE,자본변동표,ifrs-full_ProfitLoss,당기순이익(손실),자본 [구성요소]|지배기업의 소유주에게 귀속되는 지분 [구성요소]|주식발행초과금 [구성요소],0,제 19 기,2025,KRW,,0,제 20 기,,,19,11011,fnlttSinglAcntAll,,0,제 21 기
hybe,HYBE,01204056,352820,KRW,FY2025,2025,11011,Annual report,20260320000802,SCE,자본변동표,ifrs-full_PurchaseOfTreasuryShares,자기주식의 취득,연결재무제표 [member],0,제 19 기,2025,KRW,,26131519000,제 20 기,,,20,11011,fnlttSinglAcntAll,,0,제 21 기
hybe,HYBE,01204056,352820,KRW,FY2025,2025,11011,Annual report,20260320000802,SCE,자본변동표,ifrs-full_PurchaseOfTreasuryShares,자기주식의 취득,자본 [구성요소]|비지배지분 [구성요소],0,제 19 기,2025,KRW,,0,제 20 기,,,20,11011,fnlttSinglAcntAll,,0,제 21 기
hybe,HYBE,01204056,352820,KRW,FY2025,2025,11011,Annual report,20260320000802,SCE,자본변동표,ifrs-full_PurchaseOfTreasuryShares,자기주식의 취득,자본 [구성요소]|지배기업의 소유주에게 귀속되는 지분 [구성요소],0,제 19 기,2025,KRW,,26131519000,제 20 기,,,20,11011,fnlttSinglAcntAll,,0,제 21 기
hybe,HYBE,01204056,352820,KRW,FY2025,2025,11011,Annual report,20260320000802,SCE,자본변동표,ifrs-full_PurchaseOfTreasuryShares,자기주식의 취득,자본 [구성요소]|지배기업의 소유주에게 귀속되는 지분 [구성요소]|기타자본구성요소 [구성요소],0,제 19 기,2025,KRW,,26131519000,제 20 기,,,20,11011,fnlttSinglAcntAll,,0,제 21 기
hybe,HYBE,01204056,352820,KRW,FY2025,2025,11011,Annual report,20260320000802,SCE,자본변동표,ifrs-full_PurchaseOfTreasuryShares,자기주식의 취득,자본 [구성요소]|지배기업의 소유주에게 귀속되는 지분 [구성요소]|기타포괄손익누계액 [구성요소],0,제 19 기,2025,KRW,,0,제 20 기,,,20,11011,fnlttSinglAcntAll,,0,제 21 기
hybe,HYBE,01204056,352820,KRW,FY2025,2025,11011,Annual report,20260320000802,SCE,자본변동표,ifrs-full_PurchaseOfTreasuryShares,자기주식의 취득,자본 [구성요소]|지배기업의 소유주에게 귀속되는 지분 [구성요소]|이익잉여금 [구성요소],0,제 19 기,2025,KRW,,0,제 20 기,,,20,11011,fnlttSinglAcntAll,,0,제 21 기
hybe,HYBE,01204056,352820,KRW,FY2025,2025,11011,Annual report,20260320000802,SCE,자본변동표,ifrs-full_PurchaseOfTreasuryShares,자기주식의 취득,자본 [구성요소]|지배기업의 소유주에게 귀속되는 지분 [구성요소]|자본금 [구성요소],0,제 19 기,2025,KRW,,0,제 20 기,,,20,11011,fnlttSinglAcntAll,,0,제 21 기
hybe,HYBE,01204056,352820,KRW,FY2025,2025,11011,Annual report,20260320000802,SCE,자본변동표,ifrs-full_PurchaseOfTreasuryShares,자기주식의 취득,자본 [구성요소]|지배기업의 소유주에게 귀속되는 지분 [구성요소]|주식발행초과금 [구성요소],0,제 19 기,2025,KRW,,0,제 20 기,,,20,11011,fnlttSinglAcntAll,,0,제 21 기
hybe,HYBE,01204056,352820,KRW,Q1_2026,2026,11013,First-quarter report,20260515001930,BS,재무상태표,ifrs-full_Assets,자산총계,-,,,2026,KRW,,5485474443000,제 21 기말,,,7,11013,fnlttSinglAcntAll,,5925988330000,제 22 기 1분기말
hybe,HYBE,01204056,352820,KRW,Q1_2026,2026,11013,First-quarter report,20260515001930,BS,재무상태표,ifrs-full_CurrentAssets,유동자산,-,,,2026,KRW,,2363993529000,제 21 기말,,,8,11013,fnlttSinglAcntAll,,2655436876000,제 22 기 1분기말
hybe,HYBE,01204056,352820,KRW,Q1_2026,2026,11013,First-quarter report,20260515001930,BS,재무상태표,ifrs-full_CashAndCashEquivalents,현금및현금성자산,-,,,2026,KRW,,534914956000,제 21 기말,,,9,11013,fnlttSinglAcntAll,,754439247000,제 22 기 1분기말
hybe,HYBE,01204056,352820,KRW,Q1_2026,2026,11013,First-quarter report,20260515001930,BS,재무상태표,ifrs-full_CurrentFinanceLeaseReceivables,금융리스채권,-,,,2026,KRW,,142848000,제 21 기말,,,10,11013,fnlttSinglAcntAll,,286698000,제 22 기 1분기말
hybe,HYBE,01204056,352820,KRW,Q1_2026,2026,11013,First-quarter report,20260515001930,BS,재무상태표,ifrs-full_CurrentTaxAssets,당기법인세자산,-,,,2026,KRW,,9620539000,제 21 기말,,,11,11013,fnlttSinglAcntAll,,1540707000,제 22 기 1분기말
hybe,HYBE,01204056,352820,KRW,Q1_2026,2026,11013,First-quarter report,20260515001930,BS,재무상태표,ifrs-full_CurrentTradeReceivables,매출채권,-,,,2026,KRW,,283557531000,제 21 기말,,,12,11013,fnlttSinglAcntAll,,309087774000,제 22 기 1분기말
hybe,HYBE,01204056,352820,KRW,Q1_2026,2026,11013,First-quarter report,20260515001930,BS,재무상태표,ifrs-full_Inventories,재고자산,-,,,2026,KRW,,184400391000,제 21 기말,,,13,11013,fnlttSinglAcntAll,,222802546000,제 22 기 1분기말
hybe,HYBE,01204056,352820,KRW,Q1_2026,2026,11013,First-quarter report,20260515001930,BS,재무상태표,ifrs-full_OtherCurrentAssets,기타유동자산,-,,,2026,KRW,,95753755000,제 21 기말,,,14,11013,fnlttSinglAcntAll,,125715311000,제 22 기 1분기말
hybe,HYBE,01204056,352820,KRW,Q1_2026,2026,11013,First-quarter report,20260515001930,BS,재무상태표,ifrs-full_OtherCurrentFinancialAssets,기타유동금융자산,-,,,2026,KRW,,1255603509000,제 21 기말,,,15,11013,fnlttSinglAcntAll,,1241564593000,제 22 기 1분기말
hybe,HYBE,01204056,352820,KRW,Q1_2026,2026,11013,First-quarter report,20260515001930,BS,재무상태표,ifrs-full_NoncurrentAssets,비유동자산,-,,,2026,KRW,,3121480914000,제 21 기말,,,16,11013,fnlttSinglAcntAll,,3270551454000,제 22 기 1분기말
hybe,HYBE,01204056,352820,KRW,Q1_2026,2026,11013,First-quarter report,20260515001930,BS,재무상태표,ifrs-full_DeferredTaxAssets,이연법인세자산,-,,,2026,KRW,,258222710000,제 21 기말,,,17,11013,fnlttSinglAcntAll,,316760903000,제 22 기 1분기말
hybe,HYBE,01204056,352820,KRW,Q1_2026,2026,11013,First-quarter report,20260515001930,BS,재무상태표,ifrs-full_FinancialAssetsAtFairValueThroughOtherComprehensiveIncome,기타포괄손익-공정가치 측정 금융자산,-,,,2026,KRW,,303072859000,제 21 기말,,,18,11013,fnlttSinglAcntAll,,303072859000,제 22 기 1분기말
hybe,HYBE,01204056,352820,KRW,Q1_2026,2026,11013,First-quarter report,20260515001930,BS,재무상태표,ifrs-full_IntangibleAssetsAndGoodwill,무형자산,-,,,2026,KRW,,1986685747000,제 21 기말,,,19,11013,fnlttSinglAcntAll,,2049315793000,제 22 기 1분기말
hybe,HYBE,01204056,352820,KRW,Q1_2026,2026,11013,First-quarter report,20260515001930,BS,재무상태표,ifrs-full_InvestmentAccountedForUsingEquityMethod,공동기업 및 관계기업투자,-,,,2026,KRW,,101756197000,제 21 기말,,,20,11013,fnlttSinglAcntAll,,100695566000,제 22 기 1분기말
hybe,HYBE,01204056,352820,KRW,Q1_2026,2026,11013,First-quarter report,20260515001930,BS,재무상태표,ifrs-full_NoncurrentFinanceLeaseReceivables,비유동금융리스채권,-,,,2026,KRW,,549835000,제 21 기말,,,21,11013,fnlttSinglAcntAll,,1013526000,제 22 기 1분기말
hybe,HYBE,01204056,352820,KRW,Q1_2026,2026,11013,First-quarter report,20260515001930,BS,재무상태표,ifrs-full_NoncurrentFinancialAssetsAtFairValueThroughProfitOrLossMandatorilyMeasuredAtFairValue,당기손익-공정가치 측정 금융자산,-,,,2026,KRW,,57033836000,제 21 기말,,,22,11013,fnlttSinglAcntAll,,57005735000,제 22 기 1분기말
hybe,HYBE,01204056,352820,KRW,Q1_2026,2026,11013,First-quarter report,20260515001930,BS,재무상태표,ifrs-full_NoncurrentRecognisedAssetsDefinedBenefitPlan,순확정급여자산,-,,,2026,KRW,,11566820000,제 21 기말,,,23,11013,fnlttSinglAcntAll,,6537861000,제 22 기 1분기말
hybe,HYBE,01204056,352820,KRW,Q1_2026,2026,11013,First-quarter report,20260515001930,BS,재무상태표,ifrs-full_OtherNoncurrentAssets,기타비유동자산,-,,,2026,KRW,,35736986000,제 21 기말,,,24,11013,fnlttSinglAcntAll,,38040885000,제 22 기 1분기말
hybe,HYBE,01204056,352820,KRW,Q1_2026,2026,11013,First-quarter report,20260515001930,BS,재무상태표,ifrs-full_OtherNoncurrentFinancialAssets,기타비유동금융자산,-,,,2026,KRW,,58868011000,제 21 기말,,,25,11013,fnlttSinglAcntAll,,93289392000,제 22 기 1분기말
hybe,HYBE,01204056,352820,KRW,Q1_2026,2026,11013,First-quarter report,20260515001930,BS,재무상태표,ifrs-full_PropertyPlantAndEquipment,유형자산,-,,,2026,KRW,,87020734000,제 21 기말,,,26,11013,fnlttSinglAcntAll,,87952693000,제 22 기 1분기말
hybe,HYBE,01204056,352820,KRW,Q1_2026,2026,11013,First-quarter report,20260515001930,BS,재무상태표,ifrs-full_RightofuseAssets,사용권자산,-,,,2026,KRW,,220967179000,제 21 기말,,,27,11013,fnlttSinglAcntAll,,216866241000,제 22 기 1분기말
hybe,HYBE,01204056,352820,KRW,Q1_2026,2026,11013,First-quarter report,20260515001930,BS,재무상태표,ifrs-full_Equity,자본 총계,-,,,2026,KRW,,3551456465000,제 21 기말,,,29,11013,fnlttSinglAcntAll,,3607832579000,제 22 기 1분기말
hybe,HYBE,01204056,352820,KRW,Q1_2026,2026,11013,First-quarter report,20260515001930,BS,재무상태표,ifrs-full_EquityAttributableToOwnersOfParent,지배기업의 소유지분,-,,,2026,KRW,,3257026727000,제 21 기말,,,30,11013,fnlttSinglAcntAll,,3314239011000,제 22 기 1분기말
hybe,HYBE,01204056,352820,KRW,Q1_2026,2026,11013,First-quarter report,20260515001930,BS,재무상태표,dart_ElementsOfOtherStockholdersEquity,기타자본,-,,,2026,KRW,,182258060000,제 21 기말,,,31,11013,fnlttSinglAcntAll,,233439926000,제 22 기 1분기말
hybe,HYBE,01204056,352820,KRW,Q1_2026,2026,11013,First-quarter report,20260515001930,BS,재무상태표,dart_OtherComprehensiveIncomeLossAccumulatedAmount,기타포괄손익누계액,-,,,2026,KRW,,162028003000,제 21 기말,,,32,11013,fnlttSinglAcntAll,,235372720000,제 22 기 1분기말
hybe,HYBE,01204056,352820,KRW,Q1_2026,2026,11013,First-quarter report,20260515001930,BS,재무상태표,ifrs-full_IssuedCapital,자본금,-,,,2026,KRW,,21304598000,제 21 기말,,,33,11013,fnlttSinglAcntAll,,21551125000,제 22 기 1분기말
hybe,HYBE,01204056,352820,KRW,Q1_2026,2026,11013,First-quarter report,20260515001930,BS,재무상태표,ifrs-full_RetainedEarnings,이익잉여금,-,,,2026,KRW,,1154720769000,제 21 기말,,,34,11013,fnlttSinglAcntAll,,974753011000,제 22 기 1분기말
hybe,HYBE,01204056,352820,KRW,Q1_2026,2026,11013,First-quarter report,20260515001930,BS,재무상태표,ifrs-full_SharePremium,주식발행초과금,-,,,2026,KRW,,1736715297000,제 21 기말,,,35,11013,fnlttSinglAcntAll,,1849122229000,제 22 기 1분기말
hybe,HYBE,01204056,352820,KRW,Q1_2026,2026,11013,First-quarter report,20260515001930,BS,재무상태표,ifrs-full_NoncontrollingInterests,비지배지분,-,,,2026,KRW,,294429738000,제 21 기말,,,36,11013,fnlttSinglAcntAll,,293593568000,제 22 기 1분기말
hybe,HYBE,01204056,352820,KRW,Q1_2026,2026,11013,First-quarter report,20260515001930,BS,재무상태표,ifrs-full_EquityAndLiabilities,부채와 자본 총계,-,,,2026,KRW,,5485474443000,제 21 기말,,,37,11013,fnlttSinglAcntAll,,5925988330000,제 22 기 1분기말
hybe,HYBE,01204056,352820,KRW,Q1_2026,2026,11013,First-quarter report,20260515001930,BS,재무상태표,ifrs-full_CurrentLiabilities,유동부채,-,,,2026,KRW,,734356143000,제 21 기말,,,39,11013,fnlttSinglAcntAll,,1172924383000,제 22 기 1분기말
hybe,HYBE,01204056,352820,KRW,Q1_2026,2026,11013,First-quarter report,20260515001930,BS,재무상태표,dart_ShortTermTradePayables,매입채무,-,,,2026,KRW,,56053974000,제 21 기말,,,40,11013,fnlttSinglAcntAll,,85893145000,제 22 기 1분기말
hybe,HYBE,01204056,352820,KRW,Q1_2026,2026,11013,First-quarter report,20260515001930,BS,재무상태표,ifrs-full_CurrentLeaseLiabilities,리스부채,-,,,2026,KRW,,37304348000,제 21 기말,,,41,11013,fnlttSinglAcntAll,,38822888000,제 22 기 1분기말
hybe,HYBE,01204056,352820,KRW,Q1_2026,2026,11013,First-quarter report,20260515001930,BS,재무상태표,ifrs-full_CurrentProvisions,기타유동충당부채,-,,,2026,KRW,,164870000,제 21 기말,,,42,11013,fnlttSinglAcntAll,,160526000,제 22 기 1분기말
hybe,HYBE,01204056,352820,KRW,Q1_2026,2026,11013,First-quarter report,20260515001930,BS,재무상태표,ifrs-full_CurrentTaxLiabilities,당기법인세부채,-,,,2026,KRW,,31747177000,제 21 기말,,,43,11013,fnlttSinglAcntAll,,101328530000,제 22 기 1분기말
hybe,HYBE,01204056,352820,KRW,Q1_2026,2026,11013,First-quarter report,20260515001930,BS,재무상태표,ifrs-full_OtherCurrentFinancialLiabilities,기타유동금융부채,-,,,2026,KRW,,336648320000,제 21 기말,,,44,11013,fnlttSinglAcntAll,,525709468000,제 22 기 1분기말
hybe,HYBE,01204056,352820,KRW,Q1_2026,2026,11013,First-quarter report,20260515001930,BS,재무상태표,ifrs-full_OtherCurrentLiabilities,기타유동부채,-,,,2026,KRW,,272437454000,제 21 기말,,,45,11013,fnlttSinglAcntAll,,421009826000,제 22 기 1분기말
hybe,HYBE,01204056,352820,KRW,Q1_2026,2026,11013,First-quarter report,20260515001930,BS,재무상태표,ifrs-full_Liabilities,부채총계,-,,,2026,KRW,,1934017978000,제 21 기말,,,46,11013,fnlttSinglAcntAll,,2318155751000,제 22 기 1분기말
hybe,HYBE,01204056,352820,KRW,Q1_2026,2026,11013,First-quarter report,20260515001930,BS,재무상태표,ifrs-full_NoncurrentLiabilities,비유동부채,-,,,2026,KRW,,1199661835000,제 21 기말,,,47,11013,fnlttSinglAcntAll,,1145231368000,제 22 기 1분기말
hybe,HYBE,01204056,352820,KRW,Q1_2026,2026,11013,First-quarter report,20260515001930,BS,재무상태표,dart_ConvertibleBondsNet,전환사채,-,,,2026,KRW,,177573636000,제 21 기말,,,48,11013,fnlttSinglAcntAll,,78627246000,제 22 기 1분기말
hybe,HYBE,01204056,352820,KRW,Q1_2026,2026,11013,First-quarter report,20260515001930,BS,재무상태표,dart_PostemploymentBenefitObligations,순확정급여부채,-,,,2026,KRW,,4931061000,제 21 기말,,,49,11013,fnlttSinglAcntAll,,5258733000,제 22 기 1분기말
hybe,HYBE,01204056,352820,KRW,Q1_2026,2026,11013,First-quarter report,20260515001930,BS,재무상태표,ifrs-full_DeferredTaxLiabilities,이연법인세부채,-,,,2026,KRW,,1252070000,제 21 기말,,,50,11013,fnlttSinglAcntAll,,1900191000,제 22 기 1분기말
hybe,HYBE,01204056,352820,KRW,Q1_2026,2026,11013,First-quarter report,20260515001930,BS,재무상태표,ifrs-full_NoncurrentLeaseLiabilities,리스부채,-,,,2026,KRW,,189314457000,제 21 기말,,,51,11013,fnlttSinglAcntAll,,183345852000,제 22 기 1분기말
hybe,HYBE,01204056,352820,KRW,Q1_2026,2026,11013,First-quarter report,20260515001930,BS,재무상태표,ifrs-full_NoncurrentPortionOfNoncurrentLoansReceived,장기차입금,-,,,2026,KRW,,681881500000,제 21 기말,,,52,11013,fnlttSinglAcntAll,,683336500000,제 22 기 1분기말
hybe,HYBE,01204056,352820,KRW,Q1_2026,2026,11013,First-quarter report,20260515001930,BS,재무상태표,ifrs-full_NoncurrentProvisions,충당부채,-,,,2026,KRW,,29144392000,제 21 기말,,,53,11013,fnlttSinglAcntAll,,29640128000,제 22 기 1분기말
hybe,HYBE,01204056,352820,KRW,Q1_2026,2026,11013,First-quarter report,20260515001930,BS,재무상태표,ifrs-full_OtherNoncurrentFinancialLiabilities,기타비유동금융부채,-,,,2026,KRW,,112803589000,제 21 기말,,,54,11013,fnlttSinglAcntAll,,161288210000,제 22 기 1분기말
hybe,HYBE,01204056,352820,KRW,Q1_2026,2026,11013,First-quarter report,20260515001930,BS,재무상태표,ifrs-full_OtherNoncurrentLiabilities,기타비유동부채,-,,,2026,KRW,,2761130000,제 21 기말,,,55,11013,fnlttSinglAcntAll,,1834508000,제 22 기 1분기말
hybe,HYBE,01204056,352820,KRW,Q1_2026,2026,11013,First-quarter report,20260515001930,CIS,포괄손익계산서,dart_LossesOfAssociatesAndJointVenturesAccountedForUsingEquityMethod,지분법손실,-,,,2026,KRW,6832706000,,,6832706000,제 21 기 1분기,6,11013,fnlttSinglAcntAll,2443399000,2443399000,제 22 기 1분기
hybe,HYBE,01204056,352820,KRW,Q1_2026,2026,11013,First-quarter report,20260515001930,CIS,포괄손익계산서,dart_OperatingIncomeLoss,영업이익(손실),-,,,2026,KRW,21622540000,,,21622540000,제 21 기 1분기,7,11013,fnlttSinglAcntAll,-196574552000,-196574552000,제 22 기 1분기
hybe,HYBE,01204056,352820,KRW,Q1_2026,2026,11013,First-quarter report,20260515001930,CIS,포괄손익계산서,dart_OtherGains,기타수익,-,,,2026,KRW,480880000,,,480880000,제 21 기 1분기,8,11013,fnlttSinglAcntAll,1484576000,1484576000,제 22 기 1분기
hybe,HYBE,01204056,352820,KRW,Q1_2026,2026,11013,First-quarter report,20260515001930,CIS,포괄손익계산서,dart_OtherLosses,기타비용,-,,,2026,KRW,4782876000,,,4782876000,제 21 기 1분기,9,11013,fnlttSinglAcntAll,5472011000,5472011000,제 22 기 1분기
hybe,HYBE,01204056,352820,KRW,Q1_2026,2026,11013,First-quarter report,20260515001930,CIS,포괄손익계산서,dart_ProfitsOfAssociatesAndJointVenturesAccountedForUsingEquityMethod,지분법이익,-,,,2026,KRW,1029530000,,,1029530000,제 21 기 1분기,10,11013,fnlttSinglAcntAll,652649000,652649000,제 22 기 1분기
hybe,HYBE,01204056,352820,KRW,Q1_2026,2026,11013,First-quarter report,20260515001930,CIS,포괄손익계산서,dart_TotalSellingGeneralAdministrativeExpenses,판매비와관리비,-,,,2026,KRW,196535976000,,,196535976000,제 21 기 1분기,11,11013,fnlttSinglAcntAll,495275747000,495275747000,제 22 기 1분기
hybe,HYBE,01204056,352820,KRW,Q1_2026,2026,11013,First-quarter report,20260515001930,CIS,포괄손익계산서,ifrs-full_ComprehensiveIncome,총포괄이익,-,,,2026,KRW,70846089000,,,70846089000,제 21 기 1분기,12,11013,fnlttSinglAcntAll,-82172945000,-82172945000,제 22 기 1분기
hybe,HYBE,01204056,352820,KRW,Q1_2026,2026,11013,First-quarter report,20260515001930,CIS,포괄손익계산서,ifrs-full_ComprehensiveIncomeAttributableToNoncontrollingInterests,비지배지분 귀속 총포괄손익,-,,,2026,KRW,-4625601000,,,-4625601000,제 21 기 1분기,14,11013,fnlttSinglAcntAll,2963092000,2963092000,제 22 기 1분기
hybe,HYBE,01204056,352820,KRW,Q1_2026,2026,11013,First-quarter report,20260515001930,CIS,포괄손익계산서,ifrs-full_ComprehensiveIncomeAttributableToOwnersOfParent,지배기업의 소유주 귀속 총포괄손익,-,,,2026,KRW,75471690000,,,75471690000,제 21 기 1분기,15,11013,fnlttSinglAcntAll,-85136037000,-85136037000,제 22 기 1분기
hybe,HYBE,01204056,352820,KRW,Q1_2026,2026,11013,First-quarter report,20260515001930,CIS,포괄손익계산서,ifrs-full_CostOfSales,매출원가,-,,,2026,KRW,282454933000,,,282454933000,제 21 기 1분기,16,11013,fnlttSinglAcntAll,399647174000,399647174000,제 22 기 1분기
hybe,HYBE,01204056,352820,KRW,Q1_2026,2026,11013,First-quarter report,20260515001930,CIS,포괄손익계산서,ifrs-full_BasicEarningsLossPerShare,기본주당순이익,-,,,2026,KRW,1449,,,1449,제 21 기 1분기,18,11013,fnlttSinglAcntAll,-3697,-3697,제 22 기 1분기
hybe,HYBE,01204056,352820,KRW,Q1_2026,2026,11013,First-quarter report,20260515001930,CIS,포괄손익계산서,ifrs-full_DilutedEarningsLossPerShare,희석주당순이익,-,,,2026,KRW,1448,,,1448,제 21 기 1분기,19,11013,fnlttSinglAcntAll,-3697,-3697,제 22 기 1분기
hybe,HYBE,01204056,352820,KRW,Q1_2026,2026,11013,First-quarter report,20260515001930,CIS,포괄손익계산서,ifrs-full_FinanceCosts,금융비용,-,,,2026,KRW,29970845000,,,29970845000,제 21 기 1분기,20,11013,fnlttSinglAcntAll,29178131000,29178131000,제 22 기 1분기
hybe,HYBE,01204056,352820,KRW,Q1_2026,2026,11013,First-quarter report,20260515001930,CIS,포괄손익계산서,ifrs-full_FinanceIncome,금융수익,-,,,2026,KRW,98667202000,,,98667202000,제 21 기 1분기,21,11013,fnlttSinglAcntAll,98923998000,98923998000,제 22 기 1분기
hybe,HYBE,01204056,352820,KRW,Q1_2026,2026,11013,First-quarter report,20260515001930,CIS,포괄손익계산서,ifrs-full_GrossProfit,매출총이익,-,,,2026,KRW,218158516000,,,218158516000,제 21 기 1분기,22,11013,fnlttSinglAcntAll,298701195000,298701195000,제 22 기 1분기
hybe,HYBE,01204056,352820,KRW,Q1_2026,2026,11013,First-quarter report,20260515001930,CIS,포괄손익계산서,ifrs-full_IncomeTaxExpenseContinuingOperations,법인세비용,-,,,2026,KRW,25823544000,,,25823544000,제 21 기 1분기,23,11013,fnlttSinglAcntAll,24062967000,24062967000,제 22 기 1분기
hybe,HYBE,01204056,352820,KRW,Q1_2026,2026,11013,First-quarter report,20260515001930,CIS,포괄손익계산서,ifrs-full_OtherComprehensiveIncome,법인세비용차감후기타포괄손익,-,,,2026,KRW,16455908000,,,16455908000,제 21 기 1분기,24,11013,fnlttSinglAcntAll,74496892000,74496892000,제 22 기 1분기
hybe,HYBE,01204056,352820,KRW,Q1_2026,2026,11013,First-quarter report,20260515001930,CIS,포괄손익계산서,ifrs-full_OtherComprehensiveIncomeThatWillBeReclassifiedToProfitOrLossNetOfTax,당기손익으로 재분류되는 항목,-,,,2026,KRW,16531279000,,,16531279000,제 21 기 1분기,25,11013,fnlttSinglAcntAll,74593442000,74593442000,제 22 기 1분기
hybe,HYBE,01204056,352820,KRW,Q1_2026,2026,11013,First-quarter report,20260515001930,CIS,포괄손익계산서,ifrs-full_GainsLossesOnExchangeDifferencesOnTranslationNetOfTax,해외사업장환산차이,-,,,2026,KRW,16531279000,,,16531279000,제 21 기 1분기,26,11013,fnlttSinglAcntAll,74593442000,74593442000,제 22 기 1분기
hybe,HYBE,01204056,352820,KRW,Q1_2026,2026,11013,First-quarter report,20260515001930,CIS,포괄손익계산서,ifrs-full_OtherComprehensiveIncomeThatWillNotBeReclassifiedToProfitOrLossNetOfTax,후속적으로 당기손익으로 재분류되지 않는 항목,-,,,2026,KRW,-75371000,,,-75371000,제 21 기 1분기,27,11013,fnlttSinglAcntAll,-96550000,-96550000,제 22 기 1분기
hybe,HYBE,01204056,352820,KRW,Q1_2026,2026,11013,First-quarter report,20260515001930,CIS,포괄손익계산서,ifrs-full_ShareOfOtherComprehensiveIncomeOfAssociatesAndJointVenturesAccountedForUsingEquityMethodThatWillNotBeReclassifiedToProfitOrLossNetOfTax,지분법자본변동,-,,,2026,KRW,-75371000,,,-75371000,제 21 기 1분기,28,11013,fnlttSinglAcntAll,-96550000,-96550000,제 22 기 1분기
hybe,HYBE,01204056,352820,KRW,Q1_2026,2026,11013,First-quarter report,20260515001930,CIS,포괄손익계산서,ifrs-full_ProfitLoss,분기순이익(손실),-,,,2026,KRW,54390181000,,,54390181000,제 21 기 1분기,29,11013,fnlttSinglAcntAll,-156669837000,-156669837000,제 22 기 1분기
hybe,HYBE,01204056,352820,KRW,Q1_2026,2026,11013,First-quarter report,20260515001930,CIS,포괄손익계산서,ifrs-full_ProfitLossAttributableToNoncontrollingInterests,비지배지분 귀속 분기순이익,-,,,2026,KRW,-5783119000,,,-5783119000,제 21 기 1분기,31,11013,fnlttSinglAcntAll,1810917000,1810917000,제 22 기 1분기
hybe,HYBE,01204056,352820,KRW,Q1_2026,2026,11013,First-quarter report,20260515001930,CIS,포괄손익계산서,ifrs-full_ProfitLossAttributableToOwnersOfParent,지배기업의 소유주 귀속 분기순이익,-,,,2026,KRW,60173300000,,,60173300000,제 21 기 1분기,32,11013,fnlttSinglAcntAll,-158480754000,-158480754000,제 22 기 1분기
hybe,HYBE,01204056,352820,KRW,Q1_2026,2026,11013,First-quarter report,20260515001930,CIS,포괄손익계산서,ifrs-full_ProfitLossBeforeTax,법인세비용차감전순손익,-,,,2026,KRW,80213725000,,,80213725000,제 21 기 1분기,33,11013,fnlttSinglAcntAll,-132606870000,-132606870000,제 22 기 1분기
hybe,HYBE,01204056,352820,KRW,Q1_2026,2026,11013,First-quarter report,20260515001930,CIS,포괄손익계산서,ifrs-full_Revenue,매출액,-,,,2026,KRW,500613449000,,,500613449000,제 21 기 1분기,34,11013,fnlttSinglAcntAll,698348369000,698348369000,제 22 기 1분기
hybe,HYBE,01204056,352820,KRW,Q1_2026,2026,11013,First-quarter report,20260515001930,CF,현금흐름표,dart_CashAndCashEquivalentsAtBeginningOfPeriodCf,기초 현금및현금성자산,-,,,2026,KRW,,,,412039917000,제 21 기 1분기,2,11013,fnlttSinglAcntAll,,534914956000,제 22 기 1분기
hybe,HYBE,01204056,352820,KRW,Q1_2026,2026,11013,First-quarter report,20260515001930,CF,현금흐름표,dart_CashAndCashEquivalentsAtEndOfPeriodCf,분기말 현금및현금성자산,-,,,2026,KRW,,,,536066104000,제 21 기 1분기,3,11013,fnlttSinglAcntAll,,754439247000,제 22 기 1분기
hybe,HYBE,01204056,352820,KRW,Q1_2026,2026,11013,First-quarter report,20260515001930,CF,현금흐름표,ifrs-full_CashFlowsFromUsedInFinancingActivities,재무활동으로 인한 현금흐름,-,,,2026,KRW,,,,-12133462000,제 21 기 1분기,8,11013,fnlttSinglAcntAll,,-10219752000,제 22 기 1분기
hybe,HYBE,01204056,352820,KRW,Q1_2026,2026,11013,First-quarter report,20260515001930,CF,현금흐름표,dart_PaymentForConsolidatedCapitalTransactions,연결자본거래로 인한 현금유출,-,,,2026,KRW,,,,0,제 21 기 1분기,9,11013,fnlttSinglAcntAll,,950600000,제 22 기 1분기
hybe,HYBE,01204056,352820,KRW,Q1_2026,2026,11013,First-quarter report,20260515001930,CF,현금흐름표,dart_PaymentsOfFinanceLeaseLiabilitiesClassifiedAsFinancingActivities,리스부채의 감소,-,,,2026,KRW,,,,12226832000,제 21 기 1분기,10,11013,fnlttSinglAcntAll,,11544348000,제 22 기 1분기
hybe,HYBE,01204056,352820,KRW,Q1_2026,2026,11013,First-quarter report,20260515001930,CF,현금흐름표,dart_ProceedsFromConsolidatedCapitalTransactions,연결자본거래로 인한 현금유입,-,,,2026,KRW,,,,93370000,제 21 기 1분기,11,11013,fnlttSinglAcntAll,,3122886000,제 22 기 1분기
hybe,HYBE,01204056,352820,KRW,Q1_2026,2026,11013,First-quarter report,20260515001930,CF,현금흐름표,dart_ProceedsFromShortTermBorrowings,차입금의 증가,-,,,2026,KRW,,,,0,제 21 기 1분기,12,11013,fnlttSinglAcntAll,,100000000000,제 22 기 1분기
hybe,HYBE,01204056,352820,KRW,Q1_2026,2026,11013,First-quarter report,20260515001930,CF,현금흐름표,ifrs-full_DividendsPaidClassifiedAsFinancingActivities,배당금지급,-,,,2026,KRW,,,,0,제 21 기 1분기,13,11013,fnlttSinglAcntAll,,847690000,제 22 기 1분기
hybe,HYBE,01204056,352820,KRW,Q1_2026,2026,11013,First-quarter report,20260515001930,CF,현금흐름표,ifrs-full_RepaymentsOfBorrowingsClassifiedAsFinancingActivities,차입금의 상환,-,,,2026,KRW,,,,0,제 21 기 1분기,14,11013,fnlttSinglAcntAll,,100000000000,제 22 기 1분기
hybe,HYBE,01204056,352820,KRW,Q1_2026,2026,11013,First-quarter report,20260515001930,CF,현금흐름표,ifrs-full_CashFlowsFromUsedInInvestingActivities,투자활동으로 인한 현금흐름,-,,,2026,KRW,,,,122601329000,제 21 기 1분기,15,11013,fnlttSinglAcntAll,,49101929000,제 22 기 1분기
hybe,HYBE,01204056,352820,KRW,Q1_2026,2026,11013,First-quarter report,20260515001930,CF,현금흐름표,dart_ProceedsFromSalesOfFairValueFinancialAsset,공정가치측정금융자산의 감소,-,,,2026,KRW,,,,581856000,제 21 기 1분기,16,11013,fnlttSinglAcntAll,,0,제 22 기 1분기
hybe,HYBE,01204056,352820,KRW,Q1_2026,2026,11013,First-quarter report,20260515001930,CF,현금흐름표,dart_ProceedsFromSalesOfFinanceLeaseAssets,금융리스채권의 감소,-,,,2026,KRW,,,,72937000,제 21 기 1분기,17,11013,fnlttSinglAcntAll,,35737000,제 22 기 1분기
hybe,HYBE,01204056,352820,KRW,Q1_2026,2026,11013,First-quarter report,20260515001930,CF,현금흐름표,dart_ProceedsFromSalesOfNonCurrentAssetsOrDisposalGroupsClassifiedAsHeldForSale,매각예정자산 처분으로 인한 현금흐름,-,,,2026,KRW,,,,100577000,제 21 기 1분기,18,11013,fnlttSinglAcntAll,,0,제 22 기 1분기
hybe,HYBE,01204056,352820,KRW,Q1_2026,2026,11013,First-quarter report,20260515001930,CF,현금흐름표,dart_ProceedsFromSalesOfOtherFinancialAssets,기타금융자산의 감소,-,,,2026,KRW,,,,989801606000,제 21 기 1분기,19,11013,fnlttSinglAcntAll,,1713539646000,제 22 기 1분기
hybe,HYBE,01204056,352820,KRW,Q1_2026,2026,11013,First-quarter report,20260515001930,CF,현금흐름표,dart_ProceedsFromSalesOfOtherNonCurrentFinancialAssets,기타비유동금융자산의 감소,-,,,2026,KRW,,,,3053903000,제 21 기 1분기,20,11013,fnlttSinglAcntAll,,4446774000,제 22 기 1분기
hybe,HYBE,01204056,352820,KRW,Q1_2026,2026,11013,First-quarter report,20260515001930,CF,현금흐름표,dart_PurchaseOfFairValueFinancialAsset,공정가치측정금융자산의 증가,-,,,2026,KRW,,,,2499999000,제 21 기 1분기,21,11013,fnlttSinglAcntAll,,790000,제 22 기 1분기
hybe,HYBE,01204056,352820,KRW,Q1_2026,2026,11013,First-quarter report,20260515001930,CF,현금흐름표,dart_PurchaseOfInvestmentsInAssociates,공동기업 및 관계기업투자주식의 취득,-,,,2026,KRW,,,,90791000,제 21 기 1분기,22,11013,fnlttSinglAcntAll,,0,제 22 기 1분기
hybe,HYBE,01204056,352820,KRW,Q1_2026,2026,11013,First-quarter report,20260515001930,CF,현금흐름표,dart_PurchaseOfOtherFinancialAssets,기타금융자산의 증가,-,,,2026,KRW,,,,856758016000,제 21 기 1분기,23,11013,fnlttSinglAcntAll,,1609980491000,제 22 기 1분기
hybe,HYBE,01204056,352820,KRW,Q1_2026,2026,11013,First-quarter report,20260515001930,CF,현금흐름표,dart_PurchaseOfOtherNonCurrentFinancialAssets,기타비유동금융자산의 증가,-,,,2026,KRW,,,,1251917000,제 21 기 1분기,24,11013,fnlttSinglAcntAll,,40705127000,제 22 기 1분기
hybe,HYBE,01204056,352820,KRW,Q1_2026,2026,11013,First-quarter report,20260515001930,CF,현금흐름표,ifrs-full_CashFlowsFromLosingControlOfSubsidiariesOrOtherBusinessesClassifiedAsInvestingActivities,종속기업 처분 및 연결범위변동으로 인한 순현금흐름,-,,,2026,KRW,,,,0,제 21 기 1분기,25,11013,fnlttSinglAcntAll,,77240000,제 22 기 1분기
hybe,HYBE,01204056,352820,KRW,Q1_2026,2026,11013,First-quarter report,20260515001930,CF,현금흐름표,ifrs-full_ProceedsFromSalesOfIntangibleAssetsClassifiedAsInvestingActivities,무형자산의 처분,-,,,2026,KRW,,,,769000,제 21 기 1분기,26,11013,fnlttSinglAcntAll,,0,제 22 기 1분기
hybe,HYBE,01204056,352820,KRW,Q1_2026,2026,11013,First-quarter report,20260515001930,CF,현금흐름표,ifrs-full_ProceedsFromSalesOfPropertyPlantAndEquipmentClassifiedAsInvestingActivities,유형자산의 처분,-,,,2026,KRW,,,,0,제 21 기 1분기,27,11013,fnlttSinglAcntAll,,6876000,제 22 기 1분기
hybe,HYBE,01204056,352820,KRW,Q1_2026,2026,11013,First-quarter report,20260515001930,CF,현금흐름표,ifrs-full_PurchaseOfIntangibleAssetsClassifiedAsInvestingActivities,무형자산의 취득,-,,,2026,KRW,,,,2767141000,제 21 기 1분기,28,11013,fnlttSinglAcntAll,,14727338000,제 22 기 1분기
hybe,HYBE,01204056,352820,KRW,Q1_2026,2026,11013,First-quarter report,20260515001930,CF,현금흐름표,ifrs-full_PurchaseOfPropertyPlantAndEquipmentClassifiedAsInvestingActivities,유형자산의 취득,-,,,2026,KRW,,,,7642455000,제 21 기 1분기,29,11013,fnlttSinglAcntAll,,3590598000,제 22 기 1분기
hybe,HYBE,01204056,352820,KRW,Q1_2026,2026,11013,First-quarter report,20260515001930,CF,현금흐름표,ifrs-full_CashFlowsFromUsedInOperatingActivities,영업활동으로 인한 현금흐름,-,,,2026,KRW,,,,6879373000,제 21 기 1분기,30,11013,fnlttSinglAcntAll,,150256616000,제 22 기 1분기
hybe,HYBE,01204056,352820,KRW,Q1_2026,2026,11013,First-quarter report,20260515001930,CF,현금흐름표,ifrs-full_CashFlowsFromUsedInOperations,영업으로부터 창출된 현금흐름,-,,,2026,KRW,,,,45201747000,제 21 기 1분기,31,11013,fnlttSinglAcntAll,,173624349000,제 22 기 1분기
hybe,HYBE,01204056,352820,KRW,Q1_2026,2026,11013,First-quarter report,20260515001930,CF,현금흐름표,ifrs-full_DividendsReceivedClassifiedAsOperatingActivities,배당금의 수취,-,,,2026,KRW,,,,20196000,제 21 기 1분기,32,11013,fnlttSinglAcntAll,,0,제 22 기 1분기
hybe,HYBE,01204056,352820,KRW,Q1_2026,2026,11013,First-quarter report,20260515001930,CF,현금흐름표,ifrs-full_IncomeTaxesPaidRefundClassifiedAsOperatingActivities,법인세의 환급(납부),-,,,2026,KRW,,,,38157569000,제 21 기 1분기,33,11013,fnlttSinglAcntAll,,28445271000,제 22 기 1분기
hybe,HYBE,01204056,352820,KRW,Q1_2026,2026,11013,First-quarter report,20260515001930,CF,현금흐름표,ifrs-full_InterestPaidClassifiedAsOperatingActivities,이자의 지급,-,,,2026,KRW,,,,8416755000,제 21 기 1분기,34,11013,fnlttSinglAcntAll,,7022528000,제 22 기 1분기
hybe,HYBE,01204056,352820,KRW,Q1_2026,2026,11013,First-quarter report,20260515001930,CF,현금흐름표,ifrs-full_InterestReceivedClassifiedAsOperatingActivities,이자의 수취,-,,,2026,KRW,,,,8231754000,제 21 기 1분기,35,11013,fnlttSinglAcntAll,,12100066000,제 22 기 1분기
hybe,HYBE,01204056,352820,KRW,Q1_2026,2026,11013,First-quarter report,20260515001930,CF,현금흐름표,ifrs-full_EffectOfExchangeRateChangesOnCashAndCashEquivalents,외화표시 현금및현금성자산의 환율변동효과,-,,,2026,KRW,,,,6678947000,제 21 기 1분기,36,11013,fnlttSinglAcntAll,,30385498000,제 22 기 1분기
hybe,HYBE,01204056,352820,KRW,Q1_2026,2026,11013,First-quarter report,20260515001930,CF,현금흐름표,ifrs-full_IncreaseDecreaseInCashAndCashEquivalentsBeforeEffectOfExchangeRateChanges,현금및현금성자산의 증감,-,,,2026,KRW,,,,117347240000,제 21 기 1분기,37,11013,fnlttSinglAcntAll,,189138793000,제 22 기 1분기
hybe,HYBE,01204056,352820,KRW,Q1_2026,2026,11013,First-quarter report,20260515001930,SCE,자본변동표,dart_ChangesInForeignExchangeRates,해외사업환산차이,연결재무제표 [member],,,2026,KRW,,,,16531279000,제 21 기 1분기,3,11013,fnlttSinglAcntAll,,74593442000,제 22 기 1분기
hybe,HYBE,01204056,352820,KRW,Q1_2026,2026,11013,First-quarter report,20260515001930,SCE,자본변동표,dart_ChangesInForeignExchangeRates,해외사업환산차이,자본|비지배지분 [구성요소],,,2026,KRW,,,,1176983000,제 21 기 1분기,3,11013,fnlttSinglAcntAll,,1148739000,제 22 기 1분기
hybe,HYBE,01204056,352820,KRW,Q1_2026,2026,11013,First-quarter report,20260515001930,SCE,자본변동표,dart_ChangesInForeignExchangeRates,해외사업환산차이,자본|지배기업 소유주 귀속분,,,2026,KRW,,,,15354296000,제 21 기 1분기,3,11013,fnlttSinglAcntAll,,73444703000,제 22 기 1분기
hybe,HYBE,01204056,352820,KRW,Q1_2026,2026,11013,First-quarter report,20260515001930,SCE,자본변동표,dart_ChangesInForeignExchangeRates,해외사업환산차이,자본|지배기업 소유주 귀속분|기타자본,,,2026,KRW,,,,0,제 21 기 1분기,3,11013,fnlttSinglAcntAll,,0,제 22 기 1분기
hybe,HYBE,01204056,352820,KRW,Q1_2026,2026,11013,First-quarter report,20260515001930,SCE,자본변동표,dart_ChangesInForeignExchangeRates,해외사업환산차이,자본|지배기업 소유주 귀속분|기타포괄손익누계액 [구성요소],,,2026,KRW,,,,15354296000,제 21 기 1분기,3,11013,fnlttSinglAcntAll,,73444703000,제 22 기 1분기
hybe,HYBE,01204056,352820,KRW,Q1_2026,2026,11013,First-quarter report,20260515001930,SCE,자본변동표,dart_ChangesInForeignExchangeRates,해외사업환산차이,자본|지배기업 소유주 귀속분|이익잉여금(결손금),,,2026,KRW,,,,0,제 21 기 1분기,3,11013,fnlttSinglAcntAll,,0,제 22 기 1분기
hybe,HYBE,01204056,352820,KRW,Q1_2026,2026,11013,First-quarter report,20260515001930,SCE,자본변동표,dart_ChangesInForeignExchangeRates,해외사업환산차이,자본|지배기업 소유주 귀속분|자본금,,,2026,KRW,,,,0,제 21 기 1분기,3,11013,fnlttSinglAcntAll,,0,제 22 기 1분기
hybe,HYBE,01204056,352820,KRW,Q1_2026,2026,11013,First-quarter report,20260515001930,SCE,자본변동표,dart_ChangesInForeignExchangeRates,해외사업환산차이,자본|지배기업 소유주 귀속분|주식발행초과금,,,2026,KRW,,,,0,제 21 기 1분기,3,11013,fnlttSinglAcntAll,,0,제 22 기 1분기
hybe,HYBE,01204056,352820,KRW,Q1_2026,2026,11013,First-quarter report,20260515001930,SCE,자본변동표,dart_ChangesInReserveOfGainsAndLossesFromInvestmentsInEquityInstruments,지분법자본변동,자본|지배기업 소유주 귀속분,,,2026,KRW,,,,-55907000,제 21 기 1분기,4,11013,fnlttSinglAcntAll,,-99986000,제 22 기 1분기
hybe,HYBE,01204056,352820,KRW,Q1_2026,2026,11013,First-quarter report,20260515001930,SCE,자본변동표,dart_ChangesInReserveOfGainsAndLossesFromInvestmentsInEquityInstruments,지분법자본변동,자본|비지배지분 [구성요소],,,2026,KRW,,,,-19464000,제 21 기 1분기,4,11013,fnlttSinglAcntAll,,3436000,제 22 기 1분기
hybe,HYBE,01204056,352820,KRW,Q1_2026,2026,11013,First-quarter report,20260515001930,SCE,자본변동표,dart_ChangesInReserveOfGainsAndLossesFromInvestmentsInEquityInstruments,지분법자본변동,연결재무제표 [member],,,2026,KRW,,,,-75371000,제 21 기 1분기,4,11013,fnlttSinglAcntAll,,-96550000,제 22 기 1분기
hybe,HYBE,01204056,352820,KRW,Q1_2026,2026,11013,First-quarter report,20260515001930,SCE,자본변동표,dart_ChangesInReserveOfGainsAndLossesFromInvestmentsInEquityInstruments,지분법자본변동,자본|지배기업 소유주 귀속분|기타자본,,,2026,KRW,,,,0,제 21 기 1분기,4,11013,fnlttSinglAcntAll,,0,제 22 기 1분기
hybe,HYBE,01204056,352820,KRW,Q1_2026,2026,11013,First-quarter report,20260515001930,SCE,자본변동표,dart_ChangesInReserveOfGainsAndLossesFromInvestmentsInEquityInstruments,지분법자본변동,자본|지배기업 소유주 귀속분|주식발행초과금,,,2026,KRW,,,,0,제 21 기 1분기,4,11013,fnlttSinglAcntAll,,0,제 22 기 1분기
hybe,HYBE,01204056,352820,KRW,Q1_2026,2026,11013,First-quarter report,20260515001930,SCE,자본변동표,dart_ChangesInReserveOfGainsAndLossesFromInvestmentsInEquityInstruments,지분법자본변동,자본|지배기업 소유주 귀속분|자본금,,,2026,KRW,,,,0,제 21 기 1분기,4,11013,fnlttSinglAcntAll,,0,제 22 기 1분기
hybe,HYBE,01204056,352820,KRW,Q1_2026,2026,11013,First-quarter report,20260515001930,SCE,자본변동표,dart_ChangesInReserveOfGainsAndLossesFromInvestmentsInEquityInstruments,지분법자본변동,자본|지배기업 소유주 귀속분|이익잉여금(결손금),,,2026,KRW,,,,0,제 21 기 1분기,4,11013,fnlttSinglAcntAll,,0,제 22 기 1분기
hybe,HYBE,01204056,352820,KRW,Q1_2026,2026,11013,First-quarter report,20260515001930,SCE,자본변동표,dart_ChangesInReserveOfGainsAndLossesFromInvestmentsInEquityInstruments,지분법자본변동,자본|지배기업 소유주 귀속분|기타포괄손익누계액 [구성요소],,,2026,KRW,,,,-55907000,제 21 기 1분기,4,11013,fnlttSinglAcntAll,,-99986000,제 22 기 1분기
hybe,HYBE,01204056,352820,KRW,Q1_2026,2026,11013,First-quarter report,20260515001930,SCE,자본변동표,dart_EquityAtBeginningOfPeriod,기초 잔액,연결재무제표 [member],,,2026,KRW,,,,3513778658000,제 21 기 1분기,5,11013,fnlttSinglAcntAll,,3551456465000,제 22 기 1분기
hybe,HYBE,01204056,352820,KRW,Q1_2026,2026,11013,First-quarter report,20260515001930,SCE,자본변동표,dart_EquityAtBeginningOfPeriod,기초 잔액,자본|비지배지분 [구성요소],,,2026,KRW,,,,299125900000,제 21 기 1분기,5,11013,fnlttSinglAcntAll,,294429738000,제 22 기 1분기
hybe,HYBE,01204056,352820,KRW,Q1_2026,2026,11013,First-quarter report,20260515001930,SCE,자본변동표,dart_EquityAtBeginningOfPeriod,기초 잔액,자본|지배기업 소유주 귀속분,,,2026,KRW,,,,3214652758000,제 21 기 1분기,5,11013,fnlttSinglAcntAll,,3257026727000,제 22 기 1분기
hybe,HYBE,01204056,352820,KRW,Q1_2026,2026,11013,First-quarter report,20260515001930,SCE,자본변동표,dart_EquityAtBeginningOfPeriod,기초 잔액,자본|지배기업 소유주 귀속분|자본금,,,2026,KRW,,,,20826049000,제 21 기 1분기,5,11013,fnlttSinglAcntAll,,21304598000,제 22 기 1분기
hybe,HYBE,01204056,352820,KRW,Q1_2026,2026,11013,First-quarter report,20260515001930,SCE,자본변동표,dart_EquityAtBeginningOfPeriod,기초 잔액,자본|지배기업 소유주 귀속분|이익잉여금(결손금),,,2026,KRW,,,,1400600116000,제 21 기 1분기,5,11013,fnlttSinglAcntAll,,1154720769000,제 22 기 1분기
hybe,HYBE,01204056,352820,KRW,Q1_2026,2026,11013,First-quarter report,20260515001930,SCE,자본변동표,dart_EquityAtBeginningOfPeriod,기초 잔액,자본|지배기업 소유주 귀속분|기타포괄손익누계액 [구성요소],,,2026,KRW,,,,142108454000,제 21 기 1분기,5,11013,fnlttSinglAcntAll,,162028003000,제 22 기 1분기
hybe,HYBE,01204056,352820,KRW,Q1_2026,2026,11013,First-quarter report,20260515001930,SCE,자본변동표,dart_EquityAtBeginningOfPeriod,기초 잔액,자본|지배기업 소유주 귀속분|기타자본,,,2026,KRW,,,,128782288000,제 21 기 1분기,5,11013,fnlttSinglAcntAll,,182258060000,제 22 기 1분기
hybe,HYBE,01204056,352820,KRW,Q1_2026,2026,11013,First-quarter report,20260515001930,SCE,자본변동표,dart_EquityAtBeginningOfPeriod,기초 잔액,자본|지배기업 소유주 귀속분|주식발행초과금,,,2026,KRW,,,,1522335851000,제 21 기 1분기,5,11013,fnlttSinglAcntAll,,1736715297000,제 22 기 1분기
hybe,HYBE,01204056,352820,KRW,Q1_2026,2026,11013,First-quarter report,20260515001930,SCE,자본변동표,-표준계정코드 미사용-,전환사채의 전환,자본|지배기업 소유주 귀속분,,,2026,KRW,,,,0,제 21 기 1분기,6,11013,fnlttSinglAcntAll,,100030610000,제 22 기 1분기
hybe,HYBE,01204056,352820,KRW,Q1_2026,2026,11013,First-quarter report,20260515001930,SCE,자본변동표,-표준계정코드 미사용-,전환사채의 전환,자본|비지배지분 [구성요소],,,2026,KRW,,,,0,제 21 기 1분기,6,11013,fnlttSinglAcntAll,,0,제 22 기 1분기
hybe,HYBE,01204056,352820,KRW,Q1_2026,2026,11013,First-quarter report,20260515001930,SCE,자본변동표,-표준계정코드 미사용-,전환사채의 전환,연결재무제표 [member],,,2026,KRW,,,,0,제 21 기 1분기,6,11013,fnlttSinglAcntAll,,100030610000,제 22 기 1분기
hybe,HYBE,01204056,352820,KRW,Q1_2026,2026,11013,First-quarter report,20260515001930,SCE,자본변동표,-표준계정코드 미사용-,전환사채의 전환,자본|지배기업 소유주 귀속분|기타자본,,,2026,KRW,,,,0,제 21 기 1분기,6,11013,fnlttSinglAcntAll,,-12622849000,제 22 기 1분기
hybe,HYBE,01204056,352820,KRW,Q1_2026,2026,11013,First-quarter report,20260515001930,SCE,자본변동표,-표준계정코드 미사용-,전환사채의 전환,자본|지배기업 소유주 귀속분|주식발행초과금,,,2026,KRW,,,,0,제 21 기 1분기,6,11013,fnlttSinglAcntAll,,112406932000,제 22 기 1분기
hybe,HYBE,01204056,352820,KRW,Q1_2026,2026,11013,First-quarter report,20260515001930,SCE,자본변동표,-표준계정코드 미사용-,전환사채의 전환,자본|지배기업 소유주 귀속분|자본금,,,2026,KRW,,,,0,제 21 기 1분기,6,11013,fnlttSinglAcntAll,,246527000,제 22 기 1분기
hybe,HYBE,01204056,352820,KRW,Q1_2026,2026,11013,First-quarter report,20260515001930,SCE,자본변동표,-표준계정코드 미사용-,전환사채의 전환,자본|지배기업 소유주 귀속분|이익잉여금(결손금),,,2026,KRW,,,,0,제 21 기 1분기,6,11013,fnlttSinglAcntAll,,0,제 22 기 1분기
hybe,HYBE,01204056,352820,KRW,Q1_2026,2026,11013,First-quarter report,20260515001930,SCE,자본변동표,-표준계정코드 미사용-,전환사채의 전환,자본|지배기업 소유주 귀속분|기타포괄손익누계액 [구성요소],,,2026,KRW,,,,0,제 21 기 1분기,6,11013,fnlttSinglAcntAll,,0,제 22 기 1분기
hybe,HYBE,01204056,352820,KRW,Q1_2026,2026,11013,First-quarter report,20260515001930,SCE,자본변동표,ifrs-full_DividendsPaid,배당,자본|지배기업 소유주 귀속분,,,2026,KRW,,,,8304591000,제 21 기 1분기,7,11013,fnlttSinglAcntAll,,21487004000,제 22 기 1분기
hybe,HYBE,01204056,352820,KRW,Q1_2026,2026,11013,First-quarter report,20260515001930,SCE,자본변동표,ifrs-full_DividendsPaid,배당,자본|비지배지분 [구성요소],,,2026,KRW,,,,0,제 21 기 1분기,7,11013,fnlttSinglAcntAll,,0,제 22 기 1분기
hybe,HYBE,01204056,352820,KRW,Q1_2026,2026,11013,First-quarter report,20260515001930,SCE,자본변동표,ifrs-full_DividendsPaid,배당,연결재무제표 [member],,,2026,KRW,,,,8304591000,제 21 기 1분기,7,11013,fnlttSinglAcntAll,,21487004000,제 22 기 1분기
hybe,HYBE,01204056,352820,KRW,Q1_2026,2026,11013,First-quarter report,20260515001930,SCE,자본변동표,ifrs-full_DividendsPaid,배당,자본|지배기업 소유주 귀속분|기타자본,,,2026,KRW,,,,0,제 21 기 1분기,7,11013,fnlttSinglAcntAll,,0,제 22 기 1분기
hybe,HYBE,01204056,352820,KRW,Q1_2026,2026,11013,First-quarter report,20260515001930,SCE,자본변동표,ifrs-full_DividendsPaid,배당,자본|지배기업 소유주 귀속분|기타포괄손익누계액 [구성요소],,,2026,KRW,,,,0,제 21 기 1분기,7,11013,fnlttSinglAcntAll,,0,제 22 기 1분기
hybe,HYBE,01204056,352820,KRW,Q1_2026,2026,11013,First-quarter report,20260515001930,SCE,자본변동표,ifrs-full_DividendsPaid,배당,자본|지배기업 소유주 귀속분|이익잉여금(결손금),,,2026,KRW,,,,8304591000,제 21 기 1분기,7,11013,fnlttSinglAcntAll,,21487004000,제 22 기 1분기
hybe,HYBE,01204056,352820,KRW,Q1_2026,2026,11013,First-quarter report,20260515001930,SCE,자본변동표,ifrs-full_DividendsPaid,배당,자본|지배기업 소유주 귀속분|자본금,,,2026,KRW,,,,0,제 21 기 1분기,7,11013,fnlttSinglAcntAll,,0,제 22 기 1분기
hybe,HYBE,01204056,352820,KRW,Q1_2026,2026,11013,First-quarter report,20260515001930,SCE,자본변동표,ifrs-full_DividendsPaid,배당,자본|지배기업 소유주 귀속분|주식발행초과금,,,2026,KRW,,,,0,제 21 기 1분기,7,11013,fnlttSinglAcntAll,,0,제 22 기 1분기
hybe,HYBE,01204056,352820,KRW,Q1_2026,2026,11013,First-quarter report,20260515001930,SCE,자본변동표,ifrs-full_Equity,자본 총계,자본|지배기업 소유주 귀속분,,,2026,KRW,,,,3284142553000,제 21 기 1분기,8,11013,fnlttSinglAcntAll,,3314239011000,제 22 기 1분기
hybe,HYBE,01204056,352820,KRW,Q1_2026,2026,11013,First-quarter report,20260515001930,SCE,자본변동표,ifrs-full_Equity,자본 총계,자본|비지배지분 [구성요소],,,2026,KRW,,,,289491319000,제 21 기 1분기,8,11013,fnlttSinglAcntAll,,293593568000,제 22 기 1분기
hybe,HYBE,01204056,352820,KRW,Q1_2026,2026,11013,First-quarter report,20260515001930,SCE,자본변동표,ifrs-full_Equity,자본 총계,연결재무제표 [member],,,2026,KRW,,3551456465000,,3573633872000,제 21 기 1분기,8,11013,fnlttSinglAcntAll,,3607832579000,제 22 기 1분기
hybe,HYBE,01204056,352820,KRW,Q1_2026,2026,11013,First-quarter report,20260515001930,SCE,자본변동표,ifrs-full_Equity,자본 총계,자본|지배기업 소유주 귀속분|기타자본,,,2026,KRW,,,,131104985000,제 21 기 1분기,8,11013,fnlttSinglAcntAll,,233439926000,제 22 기 1분기
hybe,HYBE,01204056,352820,KRW,Q1_2026,2026,11013,First-quarter report,20260515001930,SCE,자본변동표,ifrs-full_Equity,자본 총계,자본|지배기업 소유주 귀속분|주식발행초과금,1522335851000,제 20 기,2026,KRW,,1736715297000,,1522335851000,제 21 기 1분기,8,11013,fnlttSinglAcntAll,,1849122229000,제 22 기 1분기
hybe,HYBE,01204056,352820,KRW,Q1_2026,2026,11013,First-quarter report,20260515001930,SCE,자본변동표,ifrs-full_Equity,자본 총계,자본|지배기업 소유주 귀속분|자본금,20826049000,제 20 기,2026,KRW,,21304598000,,20826049000,제 21 기 1분기,8,11013,fnlttSinglAcntAll,,21551125000,제 22 기 1분기
hybe,HYBE,01204056,352820,KRW,Q1_2026,2026,11013,First-quarter report,20260515001930,SCE,자본변동표,ifrs-full_Equity,자본 총계,자본|지배기업 소유주 귀속분|이익잉여금(결손금),,,2026,KRW,,,,1452468825000,제 21 기 1분기,8,11013,fnlttSinglAcntAll,,974753011000,제 22 기 1분기
hybe,HYBE,01204056,352820,KRW,Q1_2026,2026,11013,First-quarter report,20260515001930,SCE,자본변동표,ifrs-full_Equity,자본 총계,자본|지배기업 소유주 귀속분|기타포괄손익누계액 [구성요소],,,2026,KRW,,,,157406843000,제 21 기 1분기,8,11013,fnlttSinglAcntAll,,235372720000,제 22 기 1분기
hybe,HYBE,01204056,352820,KRW,Q1_2026,2026,11013,First-quarter report,20260515001930,SCE,자본변동표,ifrs-full_IncreaseDecreaseThroughChangesInOwnershipInterestsInSubsidiariesThatDoNotResultInLossOfControl,지배력을 상실하지 않는 종속기업 소유지분 변동,연결재무제표 [member],,,2026,KRW,,,,-7341138000,제 21 기 1분기,9,11013,fnlttSinglAcntAll,,-40863936000,제 22 기 1분기
hybe,HYBE,01204056,352820,KRW,Q1_2026,2026,11013,First-quarter report,20260515001930,SCE,자본변동표,ifrs-full_IncreaseDecreaseThroughChangesInOwnershipInterestsInSubsidiariesThatDoNotResultInLossOfControl,지배력을 상실하지 않는 종속기업 소유지분 변동,자본|비지배지분 [구성요소],,,2026,KRW,,,,-6671552000,제 21 기 1분기,9,11013,fnlttSinglAcntAll,,-3494115000,제 22 기 1분기
hybe,HYBE,01204056,352820,KRW,Q1_2026,2026,11013,First-quarter report,20260515001930,SCE,자본변동표,ifrs-full_IncreaseDecreaseThroughChangesInOwnershipInterestsInSubsidiariesThatDoNotResultInLossOfControl,지배력을 상실하지 않는 종속기업 소유지분 변동,자본|지배기업 소유주 귀속분,,,2026,KRW,,,,-669586000,제 21 기 1분기,9,11013,fnlttSinglAcntAll,,-37369821000,제 22 기 1분기
hybe,HYBE,01204056,352820,KRW,Q1_2026,2026,11013,First-quarter report,20260515001930,SCE,자본변동표,ifrs-full_IncreaseDecreaseThroughChangesInOwnershipInterestsInSubsidiariesThatDoNotResultInLossOfControl,지배력을 상실하지 않는 종속기업 소유지분 변동,자본|지배기업 소유주 귀속분|기타자본,,,2026,KRW,,,,-669586000,제 21 기 1분기,9,11013,fnlttSinglAcntAll,,-37369821000,제 22 기 1분기
hybe,HYBE,01204056,352820,KRW,Q1_2026,2026,11013,First-quarter report,20260515001930,SCE,자본변동표,ifrs-full_IncreaseDecreaseThroughChangesInOwnershipInterestsInSubsidiariesThatDoNotResultInLossOfControl,지배력을 상실하지 않는 종속기업 소유지분 변동,자본|지배기업 소유주 귀속분|기타포괄손익누계액 [구성요소],,,2026,KRW,,,,0,제 21 기 1분기,9,11013,fnlttSinglAcntAll,,0,제 22 기 1분기
hybe,HYBE,01204056,352820,KRW,Q1_2026,2026,11013,First-quarter report,20260515001930,SCE,자본변동표,ifrs-full_IncreaseDecreaseThroughChangesInOwnershipInterestsInSubsidiariesThatDoNotResultInLossOfControl,지배력을 상실하지 않는 종속기업 소유지분 변동,자본|지배기업 소유주 귀속분|이익잉여금(결손금),,,2026,KRW,,,,0,제 21 기 1분기,9,11013,fnlttSinglAcntAll,,0,제 22 기 1분기
hybe,HYBE,01204056,352820,KRW,Q1_2026,2026,11013,First-quarter report,20260515001930,SCE,자본변동표,ifrs-full_IncreaseDecreaseThroughChangesInOwnershipInterestsInSubsidiariesThatDoNotResultInLossOfControl,지배력을 상실하지 않는 종속기업 소유지분 변동,자본|지배기업 소유주 귀속분|자본금,,,2026,KRW,,,,0,제 21 기 1분기,9,11013,fnlttSinglAcntAll,,0,제 22 기 1분기
hybe,HYBE,01204056,352820,KRW,Q1_2026,2026,11013,First-quarter report,20260515001930,SCE,자본변동표,ifrs-full_IncreaseDecreaseThroughChangesInOwnershipInterestsInSubsidiariesThatDoNotResultInLossOfControl,지배력을 상실하지 않는 종속기업 소유지분 변동,자본|지배기업 소유주 귀속분|주식발행초과금,,,2026,KRW,,,,0,제 21 기 1분기,9,11013,fnlttSinglAcntAll,,0,제 22 기 1분기
hybe,HYBE,01204056,352820,KRW,Q1_2026,2026,11013,First-quarter report,20260515001930,SCE,자본변동표,ifrs-full_IncreaseDecreaseThroughExerciseOfWarrantsEquity,주식선택권 행사,연결재무제표 [member],,,2026,KRW,,,,-853908000,제 21 기 1분기,10,11013,fnlttSinglAcntAll,,0,제 22 기 1분기
hybe,HYBE,01204056,352820,KRW,Q1_2026,2026,11013,First-quarter report,20260515001930,SCE,자본변동표,ifrs-full_IncreaseDecreaseThroughExerciseOfWarrantsEquity,주식선택권 행사,자본|비지배지분 [구성요소],,,2026,KRW,,,,0,제 21 기 1분기,10,11013,fnlttSinglAcntAll,,0,제 22 기 1분기
hybe,HYBE,01204056,352820,KRW,Q1_2026,2026,11013,First-quarter report,20260515001930,SCE,자본변동표,ifrs-full_IncreaseDecreaseThroughExerciseOfWarrantsEquity,주식선택권 행사,자본|지배기업 소유주 귀속분,,,2026,KRW,,,,-853908000,제 21 기 1분기,10,11013,fnlttSinglAcntAll,,0,제 22 기 1분기
hybe,HYBE,01204056,352820,KRW,Q1_2026,2026,11013,First-quarter report,20260515001930,SCE,자본변동표,ifrs-full_IncreaseDecreaseThroughExerciseOfWarrantsEquity,주식선택권 행사,자본|지배기업 소유주 귀속분|기타자본,,,2026,KRW,,,,-853908000,제 21 기 1분기,10,11013,fnlttSinglAcntAll,,0,제 22 기 1분기
hybe,HYBE,01204056,352820,KRW,Q1_2026,2026,11013,First-quarter report,20260515001930,SCE,자본변동표,ifrs-full_IncreaseDecreaseThroughExerciseOfWarrantsEquity,주식선택권 행사,자본|지배기업 소유주 귀속분|기타포괄손익누계액 [구성요소],,,2026,KRW,,,,0,제 21 기 1분기,10,11013,fnlttSinglAcntAll,,0,제 22 기 1분기
hybe,HYBE,01204056,352820,KRW,Q1_2026,2026,11013,First-quarter report,20260515001930,SCE,자본변동표,ifrs-full_IncreaseDecreaseThroughExerciseOfWarrantsEquity,주식선택권 행사,자본|지배기업 소유주 귀속분|이익잉여금(결손금),,,2026,KRW,,,,0,제 21 기 1분기,10,11013,fnlttSinglAcntAll,,0,제 22 기 1분기
hybe,HYBE,01204056,352820,KRW,Q1_2026,2026,11013,First-quarter report,20260515001930,SCE,자본변동표,ifrs-full_IncreaseDecreaseThroughExerciseOfWarrantsEquity,주식선택권 행사,자본|지배기업 소유주 귀속분|자본금,,,2026,KRW,,,,0,제 21 기 1분기,10,11013,fnlttSinglAcntAll,,0,제 22 기 1분기
hybe,HYBE,01204056,352820,KRW,Q1_2026,2026,11013,First-quarter report,20260515001930,SCE,자본변동표,ifrs-full_IncreaseDecreaseThroughExerciseOfWarrantsEquity,주식선택권 행사,자본|지배기업 소유주 귀속분|주식발행초과금,,,2026,KRW,,,,0,제 21 기 1분기,10,11013,fnlttSinglAcntAll,,0,제 22 기 1분기
hybe,HYBE,01204056,352820,KRW,Q1_2026,2026,11013,First-quarter report,20260515001930,SCE,자본변동표,ifrs-full_IncreaseDecreaseThroughSharebasedPaymentTransactions,주식기준보상,연결재무제표 [member],,,2026,KRW,,,,5508762000,제 21 기 1분기,11,11013,fnlttSinglAcntAll,,100869389000,제 22 기 1분기
hybe,HYBE,01204056,352820,KRW,Q1_2026,2026,11013,First-quarter report,20260515001930,SCE,자본변동표,ifrs-full_IncreaseDecreaseThroughSharebasedPaymentTransactions,주식기준보상,자본|비지배지분 [구성요소],,,2026,KRW,,,,1662571000,제 21 기 1분기,11,11013,fnlttSinglAcntAll,,-305147000,제 22 기 1분기
hybe,HYBE,01204056,352820,KRW,Q1_2026,2026,11013,First-quarter report,20260515001930,SCE,자본변동표,ifrs-full_IncreaseDecreaseThroughSharebasedPaymentTransactions,주식기준보상,자본|지배기업 소유주 귀속분|주식발행초과금,,,2026,KRW,,,,0,제 21 기 1분기,11,11013,fnlttSinglAcntAll,,0,제 22 기 1분기
hybe,HYBE,01204056,352820,KRW,Q1_2026,2026,11013,First-quarter report,20260515001930,SCE,자본변동표,ifrs-full_IncreaseDecreaseThroughSharebasedPaymentTransactions,주식기준보상,자본|지배기업 소유주 귀속분|자본금,,,2026,KRW,,,,0,제 21 기 1분기,11,11013,fnlttSinglAcntAll,,0,제 22 기 1분기
hybe,HYBE,01204056,352820,KRW,Q1_2026,2026,11013,First-quarter report,20260515001930,SCE,자본변동표,ifrs-full_IncreaseDecreaseThroughSharebasedPaymentTransactions,주식기준보상,자본|지배기업 소유주 귀속분|이익잉여금(결손금),,,2026,KRW,,,,0,제 21 기 1분기,11,11013,fnlttSinglAcntAll,,0,제 22 기 1분기
hybe,HYBE,01204056,352820,KRW,Q1_2026,2026,11013,First-quarter report,20260515001930,SCE,자본변동표,ifrs-full_IncreaseDecreaseThroughSharebasedPaymentTransactions,주식기준보상,자본|지배기업 소유주 귀속분|기타포괄손익누계액 [구성요소],,,2026,KRW,,,,0,제 21 기 1분기,11,11013,fnlttSinglAcntAll,,0,제 22 기 1분기
hybe,HYBE,01204056,352820,KRW,Q1_2026,2026,11013,First-quarter report,20260515001930,SCE,자본변동표,ifrs-full_IncreaseDecreaseThroughSharebasedPaymentTransactions,주식기준보상,자본|지배기업 소유주 귀속분|기타자본,,,2026,KRW,,,,3846191000,제 21 기 1분기,11,11013,fnlttSinglAcntAll,,101174536000,제 22 기 1분기
hybe,HYBE,01204056,352820,KRW,Q1_2026,2026,11013,First-quarter report,20260515001930,SCE,자본변동표,ifrs-full_IncreaseDecreaseThroughSharebasedPaymentTransactions,주식기준보상,자본|지배기업 소유주 귀속분,,,2026,KRW,,,,3846191000,제 21 기 1분기,11,11013,fnlttSinglAcntAll,,101174536000,제 22 기 1분기
hybe,HYBE,01204056,352820,KRW,Q1_2026,2026,11013,First-quarter report,20260515001930,SCE,자본변동표,ifrs-full_ProfitLoss,분기순이익(손실),연결재무제표 [member],,,2026,KRW,,,,54390181000,제 21 기 1분기,12,11013,fnlttSinglAcntAll,,-156669837000,제 22 기 1분기
hybe,HYBE,01204056,352820,KRW,Q1_2026,2026,11013,First-quarter report,20260515001930,SCE,자본변동표,ifrs-full_ProfitLoss,분기순이익(손실),자본|지배기업 소유주 귀속분|자본금,,,2026,KRW,,,,0,제 21 기 1분기,12,11013,fnlttSinglAcntAll,,0,제 22 기 1분기
hybe,HYBE,01204056,352820,KRW,Q1_2026,2026,11013,First-quarter report,20260515001930,SCE,자본변동표,ifrs-full_ProfitLoss,분기순이익(손실),자본|지배기업 소유주 귀속분|이익잉여금(결손금),,,2026,KRW,,,,60173300000,제 21 기 1분기,12,11013,fnlttSinglAcntAll,,-158480754000,제 22 기 1분기
hybe,HYBE,01204056,352820,KRW,Q1_2026,2026,11013,First-quarter report,20260515001930,SCE,자본변동표,ifrs-full_ProfitLoss,분기순이익(손실),자본|지배기업 소유주 귀속분|기타포괄손익누계액 [구성요소],,,2026,KRW,,,,0,제 21 기 1분기,12,11013,fnlttSinglAcntAll,,0,제 22 기 1분기
hybe,HYBE,01204056,352820,KRW,Q1_2026,2026,11013,First-quarter report,20260515001930,SCE,자본변동표,ifrs-full_ProfitLoss,분기순이익(손실),자본|지배기업 소유주 귀속분|기타자본,,,2026,KRW,,,,0,제 21 기 1분기,12,11013,fnlttSinglAcntAll,,0,제 22 기 1분기
hybe,HYBE,01204056,352820,KRW,Q1_2026,2026,11013,First-quarter report,20260515001930,SCE,자본변동표,ifrs-full_ProfitLoss,분기순이익(손실),자본|지배기업 소유주 귀속분,,,2026,KRW,,,,60173300000,제 21 기 1분기,12,11013,fnlttSinglAcntAll,,-158480754000,제 22 기 1분기
hybe,HYBE,01204056,352820,KRW,Q1_2026,2026,11013,First-quarter report,20260515001930,SCE,자본변동표,ifrs-full_ProfitLoss,분기순이익(손실),자본|비지배지분 [구성요소],,,2026,KRW,,,,-5783119000,제 21 기 1분기,12,11013,fnlttSinglAcntAll,,1810917000,제 22 기 1분기
hybe,HYBE,01204056,352820,KRW,Q1_2026,2026,11013,First-quarter report,20260515001930,SCE,자본변동표,ifrs-full_ProfitLoss,분기순이익(손실),자본|지배기업 소유주 귀속분|주식발행초과금,,,2026,KRW,,,,0,제 21 기 1분기,12,11013,fnlttSinglAcntAll,,0,제 22 기 1분기
sm_entertainment,SM Entertainment,00260930,041510,KRW,FY2025,2025,11011,Annual report,20260317000781,BS,재무상태표,ifrs-full_Assets,자산총계,-,1540973937398,제 29 기,2025,KRW,,1419108143782,제 30 기,,,7,11011,fnlttSinglAcntAll,,2007711293863,제 31 기
sm_entertainment,SM Entertainment,00260930,041510,KRW,FY2025,2025,11011,Annual report,20260317000781,BS,재무상태표,ifrs-full_CurrentAssets,유동자산,-,858315612315,제 29 기,2025,KRW,,814044282096,제 30 기,,,8,11011,fnlttSinglAcntAll,,980488931078,제 31 기
sm_entertainment,SM Entertainment,00260930,041510,KRW,FY2025,2025,11011,Annual report,20260317000781,BS,재무상태표,-표준계정코드 미사용-,공정가치측정금융자산,-,11093118572,제 29 기,2025,KRW,,1818440579,제 30 기,,,9,11011,fnlttSinglAcntAll,,2332559870,제 31 기
sm_entertainment,SM Entertainment,00260930,041510,KRW,FY2025,2025,11011,Annual report,20260317000781,BS,재무상태표,ifrs-full_CashAndCashEquivalents,현금및현금성자산,-,303139916931,제 29 기,2025,KRW,,358354939410,제 30 기,,,10,11011,fnlttSinglAcntAll,,364611980599,제 31 기
sm_entertainment,SM Entertainment,00260930,041510,KRW,FY2025,2025,11011,Annual report,20260317000781,BS,재무상태표,ifrs-full_CurrentAdvancesToSuppliers,선급금,-,34578664583,제 29 기,2025,KRW,,28624502384,제 30 기,,,11,11011,fnlttSinglAcntAll,,30194456234,제 31 기
sm_entertainment,SM Entertainment,00260930,041510,KRW,FY2025,2025,11011,Annual report,20260317000781,BS,재무상태표,ifrs-full_CurrentTaxAssets,당기법인세자산,-,1305543397,제 29 기,2025,KRW,,1498129997,제 30 기,,,12,11011,fnlttSinglAcntAll,,3476016228,제 31 기
sm_entertainment,SM Entertainment,00260930,041510,KRW,FY2025,2025,11011,Annual report,20260317000781,BS,재무상태표,ifrs-full_CurrentTradeReceivables,매출채권,-,153352174325,제 29 기,2025,KRW,,157708039248,제 30 기,,,13,11011,fnlttSinglAcntAll,,180333434374,제 31 기
sm_entertainment,SM Entertainment,00260930,041510,KRW,FY2025,2025,11011,Annual report,20260317000781,BS,재무상태표,ifrs-full_Inventories,재고자산,-,25554890075,제 29 기,2025,KRW,,28073869505,제 30 기,,,14,11011,fnlttSinglAcntAll,,23905997449,제 31 기
sm_entertainment,SM Entertainment,00260930,041510,KRW,FY2025,2025,11011,Annual report,20260317000781,BS,재무상태표,ifrs-full_NoncurrentAssetsOrDisposalGroupsClassifiedAsHeldForSaleOrAsHeldForDistributionToOwners,매각예정자산,-,6469510461,제 29 기,2025,KRW,,1110936439,제 30 기,,,15,11011,fnlttSinglAcntAll,,0,제 31 기
sm_entertainment,SM Entertainment,00260930,041510,KRW,FY2025,2025,11011,Annual report,20260317000781,BS,재무상태표,ifrs-full_OtherCurrentAssets,기타유동자산,-,26377952445,제 29 기,2025,KRW,,25658434737,제 30 기,,,16,11011,fnlttSinglAcntAll,,50884166191,제 31 기
sm_entertainment,SM Entertainment,00260930,041510,KRW,FY2025,2025,11011,Annual report,20260317000781,BS,재무상태표,ifrs-full_OtherCurrentFinancialAssets,기타유동금융자산,-,12523106219,제 29 기,2025,KRW,,16517646638,제 30 기,,,17,11011,fnlttSinglAcntAll,,18101261858,제 31 기
sm_entertainment,SM Entertainment,00260930,041510,KRW,FY2025,2025,11011,Annual report,20260317000781,BS,재무상태표,ifrs-full_OtherCurrentReceivables,기타유동채권,-,110056728783,제 29 기,2025,KRW,,92388274389,제 30 기,,,18,11011,fnlttSinglAcntAll,,77441335580,제 31 기
sm_entertainment,SM Entertainment,00260930,041510,KRW,FY2025,2025,11011,Annual report,20260317000781,BS,재무상태표,ifrs-full_ShorttermDepositsNotClassifiedAsCashEquivalents,금융기관예치금,-,173864006524,제 29 기,2025,KRW,,102291068770,제 30 기,,,19,11011,fnlttSinglAcntAll,,229207722695,제 31 기
sm_entertainment,SM Entertainment,00260930,041510,KRW,FY2025,2025,11011,Annual report,20260317000781,BS,재무상태표,ifrs-full_NoncurrentAssets,비유동자산,-,682658325083,제 29 기,2025,KRW,,605063861686,제 30 기,,,20,11011,fnlttSinglAcntAll,,1027222362785,제 31 기
sm_entertainment,SM Entertainment,00260930,041510,KRW,FY2025,2025,11011,Annual report,20260317000781,BS,재무상태표,dart_LongTermDepositsNotClassifiedAsCashEquivalents,금융기관예치금,-,108130,제 29 기,2025,KRW,,471868165,제 30 기,,,21,11011,fnlttSinglAcntAll,,429291972,제 31 기
sm_entertainment,SM Entertainment,00260930,041510,KRW,FY2025,2025,11011,Annual report,20260317000781,BS,재무상태표,-표준계정코드 미사용-,공정가치측정금융자산,-,44719438772,제 29 기,2025,KRW,,49687010798,제 30 기,,,22,11011,fnlttSinglAcntAll,,68921597256,제 31 기
sm_entertainment,SM Entertainment,00260930,041510,KRW,FY2025,2025,11011,Annual report,20260317000781,BS,재무상태표,ifrs-full_DeferredTaxAssets,이연법인세자산,-,6497240145,제 29 기,2025,KRW,,9883073166,제 30 기,,,23,11011,fnlttSinglAcntAll,,62657845062,제 31 기
sm_entertainment,SM Entertainment,00260930,041510,KRW,FY2025,2025,11011,Annual report,20260317000781,BS,재무상태표,ifrs-full_IntangibleAssetsAndGoodwill,무형자산,-,203862069622,제 29 기,2025,KRW,,140213032950,제 30 기,,,24,11011,fnlttSinglAcntAll,,601394560770,제 31 기
sm_entertainment,SM Entertainment,00260930,041510,KRW,FY2025,2025,11011,Annual report,20260317000781,BS,재무상태표,ifrs-full_InvestmentAccountedForUsingEquityMethod,관계기업및공동기업투자주식,-,167986384811,제 29 기,2025,KRW,,156430486533,제 30 기,,,25,11011,fnlttSinglAcntAll,,36773158334,제 31 기
sm_entertainment,SM Entertainment,00260930,041510,KRW,FY2025,2025,11011,Annual report,20260317000781,BS,재무상태표,ifrs-full_InvestmentProperty,투자부동산,-,39094142136,제 29 기,2025,KRW,,44266322027,제 30 기,,,26,11011,fnlttSinglAcntAll,,41550793271,제 31 기
sm_entertainment,SM Entertainment,00260930,041510,KRW,FY2025,2025,11011,Annual report,20260317000781,BS,재무상태표,ifrs-full_NoncurrentPrepayments,비유동선급금,-,15466040363,제 29 기,2025,KRW,,10396105130,제 30 기,,,27,11011,fnlttSinglAcntAll,,7940892163,제 31 기
sm_entertainment,SM Entertainment,00260930,041510,KRW,FY2025,2025,11011,Annual report,20260317000781,BS,재무상태표,ifrs-full_NoncurrentRecognisedAssetsDefinedBenefitPlan,확정급여자산,-,1139600671,제 29 기,2025,KRW,,346448249,제 30 기,,,28,11011,fnlttSinglAcntAll,,1065138444,제 31 기
sm_entertainment,SM Entertainment,00260930,041510,KRW,FY2025,2025,11011,Annual report,20260317000781,BS,재무상태표,ifrs-full_NoncurrentTradeReceivables,비유동매출채권,-,4130328340,제 29 기,2025,KRW,,863820557,제 30 기,,,29,11011,fnlttSinglAcntAll,,1494407690,제 31 기
sm_entertainment,SM Entertainment,00260930,041510,KRW,FY2025,2025,11011,Annual report,20260317000781,BS,재무상태표,ifrs-full_OtherNoncurrentAssets,기타비유동자산,-,699428426,제 29 기,2025,KRW,,827971532,제 30 기,,,30,11011,fnlttSinglAcntAll,,14601187530,제 31 기
sm_entertainment,SM Entertainment,00260930,041510,KRW,FY2025,2025,11011,Annual report,20260317000781,BS,재무상태표,ifrs-full_OtherNoncurrentFinancialAssets,기타비유동금융자산,-,38433997576,제 29 기,2025,KRW,,32915464364,제 30 기,,,31,11011,fnlttSinglAcntAll,,35592558381,제 31 기
sm_entertainment,SM Entertainment,00260930,041510,KRW,FY2025,2025,11011,Annual report,20260317000781,BS,재무상태표,ifrs-full_OtherNoncurrentReceivables,기타비유동채권,-,1492824086,제 29 기,2025,KRW,,2564783621,제 30 기,,,32,11011,fnlttSinglAcntAll,,3622546278,제 31 기
sm_entertainment,SM Entertainment,00260930,041510,KRW,FY2025,2025,11011,Annual report,20260317000781,BS,재무상태표,ifrs-full_PropertyPlantAndEquipment,유형자산,-,70731807391,제 29 기,2025,KRW,,76113393851,제 30 기,,,33,11011,fnlttSinglAcntAll,,74057347324,제 31 기
sm_entertainment,SM Entertainment,00260930,041510,KRW,FY2025,2025,11011,Annual report,20260317000781,BS,재무상태표,ifrs-full_RightofuseAssets,사용권자산,-,88404914614,제 29 기,2025,KRW,,80084080743,제 30 기,,,34,11011,fnlttSinglAcntAll,,77121038310,제 31 기
sm_entertainment,SM Entertainment,00260930,041510,KRW,FY2025,2025,11011,Annual report,20260317000781,BS,재무상태표,ifrs-full_Equity,자본총계,-,909398072974,제 29 기,2025,KRW,,829079862089,제 30 기,,,36,11011,fnlttSinglAcntAll,,1358745854879,제 31 기
sm_entertainment,SM Entertainment,00260930,041510,KRW,FY2025,2025,11011,Annual report,20260317000781,BS,재무상태표,ifrs-full_EquityAttributableToOwnersOfParent,지배기업지분,-,722506620168,제 29 기,2025,KRW,,664797589617,제 30 기,,,37,11011,fnlttSinglAcntAll,,1002623745976,제 31 기
sm_entertainment,SM Entertainment,00260930,041510,KRW,FY2025,2025,11011,Annual report,20260317000781,BS,재무상태표,dart_CapitalSurplus,자본잉여금,-,361842059981,제 29 기,2025,KRW,,353296260312,제 30 기,,,38,11011,fnlttSinglAcntAll,,353286763791,제 31 기
sm_entertainment,SM Entertainment,00260930,041510,KRW,FY2025,2025,11011,Annual report,20260317000781,BS,재무상태표,dart_ElementsOfOtherStockholdersEquity,기타자본항목,-,-4164477615,제 29 기,2025,KRW,,-12156898781,제 30 기,,,39,11011,fnlttSinglAcntAll,,27129105581,제 31 기
sm_entertainment,SM Entertainment,00260930,041510,KRW,FY2025,2025,11011,Annual report,20260317000781,BS,재무상태표,dart_OtherComprehensiveIncomeLossAccumulatedAmount,기타포괄손익누계액,-,-12440329478,제 29 기,2025,KRW,,-8110763699,제 30 기,,,40,11011,fnlttSinglAcntAll,,-8185483479,제 31 기
sm_entertainment,SM Entertainment,00260930,041510,KRW,FY2025,2025,11011,Annual report,20260317000781,BS,재무상태표,ifrs-full_IssuedCapital,자본금,-,11915450500,제 29 기,2025,KRW,,11915450500,제 30 기,,,41,11011,fnlttSinglAcntAll,,11915450500,제 31 기
sm_entertainment,SM Entertainment,00260930,041510,KRW,FY2025,2025,11011,Annual report,20260317000781,BS,재무상태표,ifrs-full_RetainedEarnings,이익잉여금,-,365353916780,제 29 기,2025,KRW,,319853541285,제 30 기,,,42,11011,fnlttSinglAcntAll,,618477909583,제 31 기
sm_entertainment,SM Entertainment,00260930,041510,KRW,FY2025,2025,11011,Annual report,20260317000781,BS,재무상태표,ifrs-full_NoncontrollingInterests,비지배지분,-,186891452806,제 29 기,2025,KRW,,164282272472,제 30 기,,,43,11011,fnlttSinglAcntAll,,356122108903,제 31 기
sm_entertainment,SM Entertainment,00260930,041510,KRW,FY2025,2025,11011,Annual report,20260317000781,BS,재무상태표,ifrs-full_EquityAndLiabilities,자본과부채총계,-,1540973937398,제 29 기,2025,KRW,,1419108143782,제 30 기,,,44,11011,fnlttSinglAcntAll,,2007711293863,제 31 기
sm_entertainment,SM Entertainment,00260930,041510,KRW,FY2025,2025,11011,Annual report,20260317000781,BS,재무상태표,ifrs-full_CurrentLiabilities,유동부채,-,519297109950,제 29 기,2025,KRW,,484572824709,제 30 기,,,46,11011,fnlttSinglAcntAll,,497220002839,제 31 기
sm_entertainment,SM Entertainment,00260930,041510,KRW,FY2025,2025,11011,Annual report,20260317000781,BS,재무상태표,dart_CurrentNontradePayables,기타유동채무,-,103046610807,제 29 기,2025,KRW,,92113071785,제 30 기,,,47,11011,fnlttSinglAcntAll,,78172835301,제 31 기
sm_entertainment,SM Entertainment,00260930,041510,KRW,FY2025,2025,11011,Annual report,20260317000781,BS,재무상태표,dart_CurrentPortionOfConvertibleBonds,유동전환사채,-,4598694720,제 29 기,2025,KRW,,7641033245,제 30 기,,,48,11011,fnlttSinglAcntAll,,8586803402,제 31 기
sm_entertainment,SM Entertainment,00260930,041510,KRW,FY2025,2025,11011,Annual report,20260317000781,BS,재무상태표,dart_ShortTermAdvancesCustomers,선수금,-,44390908681,제 29 기,2025,KRW,,26193733349,제 30 기,,,49,11011,fnlttSinglAcntAll,,18633200278,제 31 기
sm_entertainment,SM Entertainment,00260930,041510,KRW,FY2025,2025,11011,Annual report,20260317000781,BS,재무상태표,ifrs-full_CurrentLeaseLiabilities,유동리스부채,-,20255290074,제 29 기,2025,KRW,,19750332888,제 30 기,,,50,11011,fnlttSinglAcntAll,,21143768532,제 31 기
sm_entertainment,SM Entertainment,00260930,041510,KRW,FY2025,2025,11011,Annual report,20260317000781,BS,재무상태표,ifrs-full_CurrentLoansReceivedAndCurrentPortionOfNoncurrentLoansReceived,단기차입금,-,42254024915,제 29 기,2025,KRW,,5423616000,제 30 기,,,51,11011,fnlttSinglAcntAll,,5166699000,제 31 기
sm_entertainment,SM Entertainment,00260930,041510,KRW,FY2025,2025,11011,Annual report,20260317000781,BS,재무상태표,ifrs-full_CurrentProvisions,충당부채,-,56959482,제 29 기,2025,KRW,,352882622,제 30 기,,,52,11011,fnlttSinglAcntAll,,40000000,제 31 기
sm_entertainment,SM Entertainment,00260930,041510,KRW,FY2025,2025,11011,Annual report,20260317000781,BS,재무상태표,ifrs-full_CurrentTaxLiabilities,당기법인세부채,-,13038549935,제 29 기,2025,KRW,,14371150088,제 30 기,,,53,11011,fnlttSinglAcntAll,,19905226217,제 31 기
sm_entertainment,SM Entertainment,00260930,041510,KRW,FY2025,2025,11011,Annual report,20260317000781,BS,재무상태표,ifrs-full_OtherCurrentFinancialLiabilities,기타금융부채,-,2821208670,제 29 기,2025,KRW,,7943408792,제 30 기,,,54,11011,fnlttSinglAcntAll,,5981505344,제 31 기
sm_entertainment,SM Entertainment,00260930,041510,KRW,FY2025,2025,11011,Annual report,20260317000781,BS,재무상태표,ifrs-full_OtherCurrentLiabilities,기타유동부채,-,77419327526,제 29 기,2025,KRW,,100535399843,제 30 기,,,55,11011,fnlttSinglAcntAll,,128546517876,제 31 기
sm_entertainment,SM Entertainment,00260930,041510,KRW,FY2025,2025,11011,Annual report,20260317000781,BS,재무상태표,ifrs-full_TradeAndOtherCurrentPayablesToTradeSuppliers,매입채무,-,211415535140,제 29 기,2025,KRW,,210248196097,제 30 기,,,56,11011,fnlttSinglAcntAll,,211043446889,제 31 기
sm_entertainment,SM Entertainment,00260930,041510,KRW,FY2025,2025,11011,Annual report,20260317000781,BS,재무상태표,ifrs-full_Liabilities,부채총계,-,631575864424,제 29 기,2025,KRW,,590028281693,제 30 기,,,57,11011,fnlttSinglAcntAll,,648965438984,제 31 기
sm_entertainment,SM Entertainment,00260930,041510,KRW,FY2025,2025,11011,Annual report,20260317000781,BS,재무상태표,ifrs-full_NoncurrentLiabilities,비유동부채,-,112278754474,제 29 기,2025,KRW,,105455456984,제 30 기,,,58,11011,fnlttSinglAcntAll,,151745436145,제 31 기
sm_entertainment,SM Entertainment,00260930,041510,KRW,FY2025,2025,11011,Annual report,20260317000781,BS,재무상태표,dart_NoncurrentNontradePayables,기타비유동채무,-,2908929149,제 29 기,2025,KRW,,2519981103,제 30 기,,,59,11011,fnlttSinglAcntAll,,1303287134,제 31 기
sm_entertainment,SM Entertainment,00260930,041510,KRW,FY2025,2025,11011,Annual report,20260317000781,BS,재무상태표,ifrs-full_DeferredTaxLiabilities,이연법인세부채,-,19030041748,제 29 기,2025,KRW,,15269721800,제 30 기,,,60,11011,fnlttSinglAcntAll,,65575879441,제 31 기
sm_entertainment,SM Entertainment,00260930,041510,KRW,FY2025,2025,11011,Annual report,20260317000781,BS,재무상태표,ifrs-full_NoncurrentLeaseLiabilities,비유동리스부채,-,76169259813,제 29 기,2025,KRW,,69495586326,제 30 기,,,61,11011,fnlttSinglAcntAll,,63087971820,제 31 기
sm_entertainment,SM Entertainment,00260930,041510,KRW,FY2025,2025,11011,Annual report,20260317000781,BS,재무상태표,ifrs-full_NoncurrentPortionOfNoncurrentLoansReceived,장기차입금,-,16620000,제 29 기,2025,KRW,,0,제 30 기,,,62,11011,fnlttSinglAcntAll,,0,제 31 기
sm_entertainment,SM Entertainment,00260930,041510,KRW,FY2025,2025,11011,Annual report,20260317000781,BS,재무상태표,ifrs-full_NoncurrentProvisions,비유동충당부채,-,10525047768,제 29 기,2025,KRW,,12518935681,제 30 기,,,63,11011,fnlttSinglAcntAll,,13371730330,제 31 기
sm_entertainment,SM Entertainment,00260930,041510,KRW,FY2025,2025,11011,Annual report,20260317000781,BS,재무상태표,ifrs-full_NoncurrentRecognisedLiabilitiesDefinedBenefitPlan,확정급여부채,-,1746387079,제 29 기,2025,KRW,,2603132909,제 30 기,,,64,11011,fnlttSinglAcntAll,,1966224605,제 31 기
sm_entertainment,SM Entertainment,00260930,041510,KRW,FY2025,2025,11011,Annual report,20260317000781,BS,재무상태표,ifrs-full_OtherNoncurrentLiabilities,기타비유동부채,-,1882468917,제 29 기,2025,KRW,,3048099165,제 30 기,,,65,11011,fnlttSinglAcntAll,,6440342815,제 31 기
sm_entertainment,SM Entertainment,00260930,041510,KRW,FY2025,2025,11011,Annual report,20260317000781,CIS,포괄손익계산서,dart_GainsOnSaleOfInvestmentsInSubsidiaries,종속기업처분이익(손실),-,1697379864,제 29 기,2025,KRW,,0,제 30 기,,,6,11011,fnlttSinglAcntAll,,0,제 31 기
sm_entertainment,SM Entertainment,00260930,041510,KRW,FY2025,2025,11011,Annual report,20260317000781,CIS,포괄손익계산서,dart_OperatingIncomeLoss,영업이익(손실),-,113463014394,제 29 기,2025,KRW,,87296655446,제 30 기,,,7,11011,fnlttSinglAcntAll,,183033876467,제 31 기
sm_entertainment,SM Entertainment,00260930,041510,KRW,FY2025,2025,11011,Annual report,20260317000781,CIS,포괄손익계산서,dart_OtherGains,기타수익,-,16510038816,제 29 기,2025,KRW,,16166682334,제 30 기,,,8,11011,fnlttSinglAcntAll,,19227928938,제 31 기
sm_entertainment,SM Entertainment,00260930,041510,KRW,FY2025,2025,11011,Annual report,20260317000781,CIS,포괄손익계산서,dart_OtherLosses,기타비용,-,71585533624,제 29 기,2025,KRW,,89222655950,제 30 기,,,9,11011,fnlttSinglAcntAll,,55931517809,제 31 기
sm_entertainment,SM Entertainment,00260930,041510,KRW,FY2025,2025,11011,Annual report,20260317000781,CIS,포괄손익계산서,dart_TotalSellingGeneralAdministrativeExpenses,판매비와관리비,-,227566016079,제 29 기,2025,KRW,,219938550819,제 30 기,,,10,11011,fnlttSinglAcntAll,,249501533324,제 31 기
sm_entertainment,SM Entertainment,00260930,041510,KRW,FY2025,2025,11011,Annual report,20260317000781,CIS,포괄손익계산서,ifrs-full_ComprehensiveIncome,총포괄손익 합계,-,79929736056,제 29 기,2025,KRW,,5742915503,제 30 기,,,11,11011,fnlttSinglAcntAll,,358498969303,제 31 기
sm_entertainment,SM Entertainment,00260930,041510,KRW,FY2025,2025,11011,Annual report,20260317000781,CIS,포괄손익계산서,ifrs-full_ComprehensiveIncomeAttributableToNoncontrollingInterests,비지배지분,-,-6061977330,제 29 기,2025,KRW,,-16896801751,제 30 기,,,13,11011,fnlttSinglAcntAll,,11469701420,제 31 기
sm_entertainment,SM Entertainment,00260930,041510,KRW,FY2025,2025,11011,Annual report,20260317000781,CIS,포괄손익계산서,ifrs-full_ComprehensiveIncomeAttributableToOwnersOfParent,지배기업의 소유주지분,-,85991713386,제 29 기,2025,KRW,,22639717254,제 30 기,,,14,11011,fnlttSinglAcntAll,,347029267883,제 31 기
sm_entertainment,SM Entertainment,00260930,041510,KRW,FY2025,2025,11011,Annual report,20260317000781,CIS,포괄손익계산서,ifrs-full_CostOfSales,매출원가,-,620040686072,제 29 기,2025,KRW,,682490136849,제 30 기,,,15,11011,fnlttSinglAcntAll,,742399404368,제 31 기
sm_entertainment,SM Entertainment,00260930,041510,KRW,FY2025,2025,11011,Annual report,20260317000781,CIS,포괄손익계산서,ifrs-full_BasicEarningsLossPerShare,기본주당이익,-,3719,제 29 기,2025,KRW,,795,제 30 기,,,17,11011,fnlttSinglAcntAll,,15166,제 31 기
sm_entertainment,SM Entertainment,00260930,041510,KRW,FY2025,2025,11011,Annual report,20260317000781,CIS,포괄손익계산서,ifrs-full_DilutedEarningsLossPerShare,희석주당이익,-,3718,제 29 기,2025,KRW,,795,제 30 기,,,18,11011,fnlttSinglAcntAll,,15166,제 31 기
sm_entertainment,SM Entertainment,00260930,041510,KRW,FY2025,2025,11011,Annual report,20260317000781,CIS,포괄손익계산서,ifrs-full_FinanceCosts,금융비용,-,9092885374,제 29 기,2025,KRW,,8560651695,제 30 기,,,19,11011,fnlttSinglAcntAll,,14201981699,제 31 기
sm_entertainment,SM Entertainment,00260930,041510,KRW,FY2025,2025,11011,Annual report,20260317000781,CIS,포괄손익계산서,ifrs-full_FinanceIncome,금융수익,-,22221287159,제 29 기,2025,KRW,,22776648447,제 30 기,,,20,11011,fnlttSinglAcntAll,,21624836181,제 31 기
sm_entertainment,SM Entertainment,00260930,041510,KRW,FY2025,2025,11011,Annual report,20260317000781,CIS,포괄손익계산서,ifrs-full_GrossProfit,매출총이익,-,341029030473,제 29 기,2025,KRW,,307235206265,제 30 기,,,21,11011,fnlttSinglAcntAll,,432535409791,제 31 기
sm_entertainment,SM Entertainment,00260930,041510,KRW,FY2025,2025,11011,Annual report,20260317000781,CIS,포괄손익계산서,ifrs-full_IncomeTaxExpenseContinuingOperations,법인세비용,-,36229147059,제 29 기,2025,KRW,,25260348999,제 30 기,,,22,11011,fnlttSinglAcntAll,,8341089852,제 31 기
sm_entertainment,SM Entertainment,00260930,041510,KRW,FY2025,2025,11011,Annual report,20260317000781,CIS,포괄손익계산서,ifrs-full_OtherComprehensiveIncome,기타포괄손익,-,-2753744125,제 29 기,2025,KRW,,4924065683,제 30 기,,,23,11011,fnlttSinglAcntAll,,-865144299,제 31 기
sm_entertainment,SM Entertainment,00260930,041510,KRW,FY2025,2025,11011,Annual report,20260317000781,CIS,포괄손익계산서,ifrs-full_OtherComprehensiveIncomeThatWillBeReclassifiedToProfitOrLossNetOfTax,후속적으로 당기손익으로 재분류되는 항목,-,-4000898040,제 29 기,2025,KRW,,6768933264,제 30 기,,,24,11011,fnlttSinglAcntAll,,-1895016174,제 31 기
sm_entertainment,SM Entertainment,00260930,041510,KRW,FY2025,2025,11011,Annual report,20260317000781,CIS,포괄손익계산서,ifrs-full_GainsLossesOnExchangeDifferencesOnTranslationNetOfTax,해외사업환산손익,-,-4206814520,제 29 기,2025,KRW,,5619262416,제 30 기,,,25,11011,fnlttSinglAcntAll,,-2793437387,제 31 기
sm_entertainment,SM Entertainment,00260930,041510,KRW,FY2025,2025,11011,Annual report,20260317000781,CIS,포괄손익계산서,ifrs-full_ShareOfOtherComprehensiveIncomeOfAssociatesAndJointVenturesAccountedForUsingEquityMethodThatWillBeReclassifiedToProfitOrLossNetOfTax,지분법자본변동,-,205916480,제 29 기,2025,KRW,,1149670848,제 30 기,,,26,11011,fnlttSinglAcntAll,,898421213,제 31 기
sm_entertainment,SM Entertainment,00260930,041510,KRW,FY2025,2025,11011,Annual report,20260317000781,CIS,포괄손익계산서,ifrs-full_OtherComprehensiveIncomeThatWillNotBeReclassifiedToProfitOrLossNetOfTax,당기손익으로 재분류되지 않는 항목,-,1247153915,제 29 기,2025,KRW,,-1844867581,제 30 기,,,27,11011,fnlttSinglAcntAll,,1029871875,제 31 기
sm_entertainment,SM Entertainment,00260930,041510,KRW,FY2025,2025,11011,Annual report,20260317000781,CIS,포괄손익계산서,ifrs-full_OtherComprehensiveIncomeNetOfTaxGainsLossesFromInvestmentsInEquityInstruments,기타포괄손익-공정가치 지분상품 평가손익,-,73209540,제 29 기,2025,KRW,,-410970009,제 30 기,,,28,11011,fnlttSinglAcntAll,,198483127,제 31 기
sm_entertainment,SM Entertainment,00260930,041510,KRW,FY2025,2025,11011,Annual report,20260317000781,CIS,포괄손익계산서,ifrs-full_OtherComprehensiveIncomeNetOfTaxGainsLossesOnRemeasurementsOfDefinedBenefitPlans,확정급여제도의재측정요소,-,-3276364985,제 29 기,2025,KRW,,-2207645085,제 30 기,,,29,11011,fnlttSinglAcntAll,,881244962,제 31 기
sm_entertainment,SM Entertainment,00260930,041510,KRW,FY2025,2025,11011,Annual report,20260317000781,CIS,포괄손익계산서,ifrs-full_OtherComprehensiveIncomeNetOfTaxGainsLossesOnRevaluation,유형자산재평가잉여금,-,59935774,제 29 기,2025,KRW,,0,제 30 기,,,30,11011,fnlttSinglAcntAll,,0,제 31 기
sm_entertainment,SM Entertainment,00260930,041510,KRW,FY2025,2025,11011,Annual report,20260317000781,CIS,포괄손익계산서,ifrs-full_ShareOfOtherComprehensiveIncomeOfAssociatesAndJointVenturesAccountedForUsingEquityMethodThatWillNotBeReclassifiedToProfitOrLossNetOfTax,지분법자본변동,-,4390373586,제 29 기,2025,KRW,,773747513,제 30 기,,,31,11011,fnlttSinglAcntAll,,-49856214,제 31 기
sm_entertainment,SM Entertainment,00260930,041510,KRW,FY2025,2025,11011,Annual report,20260317000781,CIS,포괄손익계산서,ifrs-full_ProfitLoss,당기순이익,-,82683480181,제 29 기,2025,KRW,,818849820,제 30 기,,,32,11011,fnlttSinglAcntAll,,359364113602,제 31 기
sm_entertainment,SM Entertainment,00260930,041510,KRW,FY2025,2025,11011,Annual report,20260317000781,CIS,포괄손익계산서,ifrs-full_ProfitLossAttributableToNoncontrollingInterests,비지배지분,-,-4613593744,제 29 기,2025,KRW,,-17491301655,제 30 기,,,34,11011,fnlttSinglAcntAll,,12151332023,제 31 기
sm_entertainment,SM Entertainment,00260930,041510,KRW,FY2025,2025,11011,Annual report,20260317000781,CIS,포괄손익계산서,ifrs-full_ProfitLossAttributableToOwnersOfParent,지배기업소유주지분순이익,-,87297073925,제 29 기,2025,KRW,,18310151475,제 30 기,,,35,11011,fnlttSinglAcntAll,,347212781579,제 31 기
sm_entertainment,SM Entertainment,00260930,041510,KRW,FY2025,2025,11011,Annual report,20260317000781,CIS,포괄손익계산서,ifrs-full_ProfitLossBeforeTax,법인세차감전순이익,-,118912627240,제 29 기,2025,KRW,,26079198819,제 30 기,,,36,11011,fnlttSinglAcntAll,,367705203454,제 31 기
sm_entertainment,SM Entertainment,00260930,041510,KRW,FY2025,2025,11011,Annual report,20260317000781,CIS,포괄손익계산서,ifrs-full_Revenue,매출액,-,961069716545,제 29 기,2025,KRW,,989725343114,제 30 기,,,37,11011,fnlttSinglAcntAll,,1174934814159,제 31 기
sm_entertainment,SM Entertainment,00260930,041510,KRW,FY2025,2025,11011,Annual report,20260317000781,CIS,포괄손익계산서,ifrs-full_ShareOfProfitLossOfAssociatesAndJointVenturesAccountedForUsingEquityMethod,관계기업 및 공동기업투자이익 (손실),-,45699326005,제 29 기,2025,KRW,,-2377479763,제 30 기,,,38,11011,fnlttSinglAcntAll,,213952061376,제 31 기
sm_entertainment,SM Entertainment,00260930,041510,KRW,FY2025,2025,11011,Annual report,20260317000781,CF,현금흐름표,dart_CashAndCashEquivalentsAtBeginningOfPeriodCf,기초현금및현금성자산,-,317520426414,제 29 기,2025,KRW,,303139916931,제 30 기,,,2,11011,fnlttSinglAcntAll,,358354939410,제 31 기
sm_entertainment,SM Entertainment,00260930,041510,KRW,FY2025,2025,11011,Annual report,20260317000781,CF,현금흐름표,dart_CashAndCashEquivalentsAtEndOfPeriodCf,기말현금및현금성자산,-,303139916931,제 29 기,2025,KRW,,358354939410,제 30 기,,,3,11011,fnlttSinglAcntAll,,364611980599,제 31 기
sm_entertainment,SM Entertainment,00260930,041510,KRW,FY2025,2025,11011,Annual report,20260317000781,CF,현금흐름표,ifrs-full_CashFlowsFromUsedInFinancingActivities,재무활동현금흐름,-,-42742486339,제 29 기,2025,KRW,,-144445796958,제 30 기,,,8,11011,fnlttSinglAcntAll,,-33476325491,제 31 기
sm_entertainment,SM Entertainment,00260930,041510,KRW,FY2025,2025,11011,Annual report,20260317000781,CF,현금흐름표,dart_AcquisitionOfTreasuryShares,자기주식의 취득,-,26453305900,제 29 기,2025,KRW,,46124872500,제 30 기,,,9,11011,fnlttSinglAcntAll,,0,제 31 기
sm_entertainment,SM Entertainment,00260930,041510,KRW,FY2025,2025,11011,Annual report,20260317000781,CF,현금흐름표,dart_PaymentsOfFinanceLeaseLiabilitiesClassifiedAsFinancingActivities,리스부채의 상환,-,17259419609,제 29 기,2025,KRW,,19096743667,제 30 기,,,10,11011,fnlttSinglAcntAll,,19770553709,제 31 기
sm_entertainment,SM Entertainment,00260930,041510,KRW,FY2025,2025,11011,Annual report,20260317000781,CF,현금흐름표,dart_ProceedsFromConvertibleBonds,전환사채의 발행,-,0,제 29 기,2025,KRW,,14500000000,제 30 기,,,11,11011,fnlttSinglAcntAll,,0,제 31 기
sm_entertainment,SM Entertainment,00260930,041510,KRW,FY2025,2025,11011,Annual report,20260317000781,CF,현금흐름표,dart_ProceedsFromExerciseOfShareOptions,주식선택권의 행사,-,1125696000,제 29 기,2025,KRW,,0,제 30 기,,,12,11011,fnlttSinglAcntAll,,0,제 31 기
sm_entertainment,SM Entertainment,00260930,041510,KRW,FY2025,2025,11011,Annual report,20260317000781,CF,현금흐름표,dart_ProceedsFromShortTermBorrowings,단기차입금의 차입,-,39658487410,제 29 기,2025,KRW,,3180072000,제 30 기,,,13,11011,fnlttSinglAcntAll,,40000000000,제 31 기
sm_entertainment,SM Entertainment,00260930,041510,KRW,FY2025,2025,11011,Annual report,20260317000781,CF,현금흐름표,dart_RepaymentsOfConvertibleBonds,전환사채의 상환,-,0,제 29 기,2025,KRW,,10000000000,제 30 기,,,14,11011,fnlttSinglAcntAll,,0,제 31 기
sm_entertainment,SM Entertainment,00260930,041510,KRW,FY2025,2025,11011,Annual report,20260317000781,CF,현금흐름표,dart_RepaymentsOfShortTermBorrowings,단기차입금의 상환,-,1659257430,제 29 기,2025,KRW,,40406004410,제 30 기,,,15,11011,fnlttSinglAcntAll,,40206778000,제 31 기
sm_entertainment,SM Entertainment,00260930,041510,KRW,FY2025,2025,11011,Annual report,20260317000781,CF,현금흐름표,-표준계정코드 미사용-,종속기업의 자본거래로 인한 현금흐름,-,-9563651518,제 29 기,2025,KRW,,-18703373968,제 30 기,,,16,11011,fnlttSinglAcntAll,,-294001275,제 31 기
sm_entertainment,SM Entertainment,00260930,041510,KRW,FY2025,2025,11011,Annual report,20260317000781,CF,현금흐름표,-표준계정코드 미사용-,보증금부채의 감소,-,1309751000,제 29 기,2025,KRW,,0,제 30 기,,,17,11011,fnlttSinglAcntAll,,1049142458,제 31 기
sm_entertainment,SM Entertainment,00260930,041510,KRW,FY2025,2025,11011,Annual report,20260317000781,CF,현금흐름표,-표준계정코드 미사용-,보증금부채의 증가,-,1245404000,제 29 기,2025,KRW,,333258394,제 30 기,,,18,11011,fnlttSinglAcntAll,,734403000,제 31 기
sm_entertainment,SM Entertainment,00260930,041510,KRW,FY2025,2025,11011,Annual report,20260317000781,CF,현금흐름표,-표준계정코드 미사용-,기타재무유출,-,153509092,제 29 기,2025,KRW,,1738407,제 30 기,,,19,11011,fnlttSinglAcntAll,,0,제 31 기
sm_entertainment,SM Entertainment,00260930,041510,KRW,FY2025,2025,11011,Annual report,20260317000781,CF,현금흐름표,ifrs-full_DividendsPaidClassifiedAsFinancingActivities,배당금의 지급,-,28373179200,제 29 기,2025,KRW,,28126394400,제 30 기,,,20,11011,fnlttSinglAcntAll,,12890253049,제 31 기
sm_entertainment,SM Entertainment,00260930,041510,KRW,FY2025,2025,11011,Annual report,20260317000781,CF,현금흐름표,ifrs-full_CashFlowsFromUsedInInvestingActivities,투자활동으로 인한 순현금흐름,-,-83059713057,제 29 기,2025,KRW,,55714744761,제 30 기,,,21,11011,fnlttSinglAcntAll,,-150025717689,제 31 기
sm_entertainment,SM Entertainment,00260930,041510,KRW,FY2025,2025,11011,Annual report,20260317000781,CF,현금흐름표,dart_DecreaseInGuaranteeDeposits,보증금의 감소,-,12658814126,제 29 기,2025,KRW,,12675721275,제 30 기,,,22,11011,fnlttSinglAcntAll,,8047243020,제 31 기
sm_entertainment,SM Entertainment,00260930,041510,KRW,FY2025,2025,11011,Annual report,20260317000781,CF,현금흐름표,dart_DecreaseInLoans,대여금의 감소,-,1639648088,제 29 기,2025,KRW,,1214012014,제 30 기,,,23,11011,fnlttSinglAcntAll,,8023054541,제 31 기
sm_entertainment,SM Entertainment,00260930,041510,KRW,FY2025,2025,11011,Annual report,20260317000781,CF,현금흐름표,dart_IncreaseInGuaranteeDeposits,보증금의 증가,-,10367499131,제 29 기,2025,KRW,,12589648708,제 30 기,,,24,11011,fnlttSinglAcntAll,,10282974096,제 31 기
sm_entertainment,SM Entertainment,00260930,041510,KRW,FY2025,2025,11011,Annual report,20260317000781,CF,현금흐름표,dart_IncreaseInLoans,대여금의 증가,-,2757619391,제 29 기,2025,KRW,,2358000000,제 30 기,,,25,11011,fnlttSinglAcntAll,,3093588690,제 31 기
sm_entertainment,SM Entertainment,00260930,041510,KRW,FY2025,2025,11011,Annual report,20260317000781,CF,현금흐름표,dart_ProceedsFromSalesOfFinancialAssetsAtFairValueThroughOtherComprehensiveIncome,기타포괄손익-공정가치 지분상품의 처분,-,477647016,제 29 기,2025,KRW,,0,제 30 기,,,26,11011,fnlttSinglAcntAll,,66842380,제 31 기
sm_entertainment,SM Entertainment,00260930,041510,KRW,FY2025,2025,11011,Annual report,20260317000781,CF,현금흐름표,dart_ProceedsFromSalesOfFinancialInstruments,금융기관예치금의 감소,-,286285333504,제 29 기,2025,KRW,,189185447988,제 30 기,,,27,11011,fnlttSinglAcntAll,,126599352886,제 31 기
sm_entertainment,SM Entertainment,00260930,041510,KRW,FY2025,2025,11011,Annual report,20260317000781,CF,현금흐름표,dart_ProceedsFromSalesOfInvestmentsInSubsidiaries,종속기업의 처분,-,652127730,제 29 기,2025,KRW,,0,제 30 기,,,28,11011,fnlttSinglAcntAll,,0,제 31 기
sm_entertainment,SM Entertainment,00260930,041510,KRW,FY2025,2025,11011,Annual report,20260317000781,CF,현금흐름표,dart_ProceedsFromSalesOfNonCurrentAssetsOrDisposalGroupsClassifiedAsHeldForSale,매각예정자산의 처분,-,0,제 29 기,2025,KRW,,15319654760,제 30 기,,,29,11011,fnlttSinglAcntAll,,1356145147,제 31 기
sm_entertainment,SM Entertainment,00260930,041510,KRW,FY2025,2025,11011,Annual report,20260317000781,CF,현금흐름표,dart_PurchaseOfFinancialAssetsAtFairValueThroughOtherComprehensiveIncome,기타포괄손익-공정가치 지분상품의 취득,-,0,제 29 기,2025,KRW,,0,제 30 기,,,30,11011,fnlttSinglAcntAll,,200000000,제 31 기
sm_entertainment,SM Entertainment,00260930,041510,KRW,FY2025,2025,11011,Annual report,20260317000781,CF,현금흐름표,dart_PurchaseOfFinancialInstruments,금융기관예치금의 증가,-,252224837336,제 29 기,2025,KRW,,110650277707,제 30 기,,,31,11011,fnlttSinglAcntAll,,197381770035,제 31 기
sm_entertainment,SM Entertainment,00260930,041510,KRW,FY2025,2025,11011,Annual report,20260317000781,CF,현금흐름표,dart_PurchaseOfInvestmentsInSubsidiaries,종속기업의 취득,-,53526163995,제 29 기,2025,KRW,,0,제 30 기,,,32,11011,fnlttSinglAcntAll,,46227126581,제 31 기
sm_entertainment,SM Entertainment,00260930,041510,KRW,FY2025,2025,11011,Annual report,20260317000781,CF,현금흐름표,-표준계정코드 미사용-,당기손익-공정가치 채무상품의 취득,-,59523957555,제 29 기,2025,KRW,,13146923560,제 30 기,,,33,11011,fnlttSinglAcntAll,,2365722358,제 31 기
sm_entertainment,SM Entertainment,00260930,041510,KRW,FY2025,2025,11011,Annual report,20260317000781,CF,현금흐름표,-표준계정코드 미사용-,당기손익-공정가치 지분상품의 취득,-,0,제 29 기,2025,KRW,,0,제 30 기,,,34,11011,fnlttSinglAcntAll,,700000000,제 31 기
sm_entertainment,SM Entertainment,00260930,041510,KRW,FY2025,2025,11011,Annual report,20260317000781,CF,현금흐름표,-표준계정코드 미사용-,리스채권의 감소,-,81578804,제 29 기,2025,KRW,,146590305,제 30 기,,,35,11011,fnlttSinglAcntAll,,177003458,제 31 기
sm_entertainment,SM Entertainment,00260930,041510,KRW,FY2025,2025,11011,Annual report,20260317000781,CF,현금흐름표,-표준계정코드 미사용-,당기손익-공정가치 채무상품의 처분,-,51631406202,제 29 기,2025,KRW,,23780163694,제 30 기,,,36,11011,fnlttSinglAcntAll,,1480658058,제 31 기
sm_entertainment,SM Entertainment,00260930,041510,KRW,FY2025,2025,11011,Annual report,20260317000781,CF,현금흐름표,-표준계정코드 미사용-,선급금의 증가,-,0,제 29 기,2025,KRW,,1500000000,제 30 기,,,37,11011,fnlttSinglAcntAll,,700000000,제 31 기
sm_entertainment,SM Entertainment,00260930,041510,KRW,FY2025,2025,11011,Annual report,20260317000781,CF,현금흐름표,-표준계정코드 미사용-,기타투자유입,-,1149838124,제 29 기,2025,KRW,,2618424078,제 30 기,,,38,11011,fnlttSinglAcntAll,,157996636,제 31 기
sm_entertainment,SM Entertainment,00260930,041510,KRW,FY2025,2025,11011,Annual report,20260317000781,CF,현금흐름표,-표준계정코드 미사용-,기타투자유출,-,503414575,제 29 기,2025,KRW,,246892515,제 30 기,,,39,11011,fnlttSinglAcntAll,,395416000,제 31 기
sm_entertainment,SM Entertainment,00260930,041510,KRW,FY2025,2025,11011,Annual report,20260317000781,CF,현금흐름표,-표준계정코드 미사용-,사용권자산의 처분,-,69102663,제 29 기,2025,KRW,,0,제 30 기,,,40,11011,fnlttSinglAcntAll,,11863637,제 31 기
sm_entertainment,SM Entertainment,00260930,041510,KRW,FY2025,2025,11011,Annual report,20260317000781,CF,현금흐름표,ifrs-full_CashFlowsUsedInObtainingControlOfSubsidiariesOrOtherBusinessesClassifiedAsInvestingActivities,사업양수도로 인한 현금유출,-,8496795452,제 29 기,2025,KRW,,0,제 30 기,,,41,11011,fnlttSinglAcntAll,,0,제 31 기
sm_entertainment,SM Entertainment,00260930,041510,KRW,FY2025,2025,11011,Annual report,20260317000781,CF,현금흐름표,ifrs-full_ProceedsFromSalesOfIntangibleAssetsClassifiedAsInvestingActivities,무형자산의 처분,-,2558189060,제 29 기,2025,KRW,,809063592,제 30 기,,,42,11011,fnlttSinglAcntAll,,732727273,제 31 기
sm_entertainment,SM Entertainment,00260930,041510,KRW,FY2025,2025,11011,Annual report,20260317000781,CF,현금흐름표,ifrs-full_ProceedsFromSalesOfInvestmentsAccountedForUsingEquityMethod,관계기업 및 공동기업주식의 처분,-,1283440800,제 29 기,2025,KRW,,349550404,제 30 기,,,43,11011,fnlttSinglAcntAll,,11156788887,제 31 기
sm_entertainment,SM Entertainment,00260930,041510,KRW,FY2025,2025,11011,Annual report,20260317000781,CF,현금흐름표,ifrs-full_ProceedsFromSalesOfPropertyPlantAndEquipmentClassifiedAsInvestingActivities,유형자산의 처분,-,590170490,제 29 기,2025,KRW,,1927124016,제 30 기,,,44,11011,fnlttSinglAcntAll,,2404078787,제 31 기
sm_entertainment,SM Entertainment,00260930,041510,KRW,FY2025,2025,11011,Annual report,20260317000781,CF,현금흐름표,ifrs-full_PurchaseOfIntangibleAssetsClassifiedAsInvestingActivities,무형자산의 취득,-,34264880285,제 29 기,2025,KRW,,26857252209,제 30 기,,,45,11011,fnlttSinglAcntAll,,32357113508,제 31 기
sm_entertainment,SM Entertainment,00260930,041510,KRW,FY2025,2025,11011,Annual report,20260317000781,CF,현금흐름표,ifrs-full_PurchaseOfInterestsInInvestmentsAccountedForUsingEquityMethod,관계기업 및 공동기업주식의 취득,-,1323000000,제 29 기,2025,KRW,,31500000,제 30 기,,,46,11011,fnlttSinglAcntAll,,6950028200,제 31 기
sm_entertainment,SM Entertainment,00260930,041510,KRW,FY2025,2025,11011,Annual report,20260317000781,CF,현금흐름표,ifrs-full_PurchaseOfInvestmentProperty,투자부동산의 취득,-,0,제 29 기,2025,KRW,,742277916,제 30 기,,,47,11011,fnlttSinglAcntAll,,733129678,제 31 기
sm_entertainment,SM Entertainment,00260930,041510,KRW,FY2025,2025,11011,Annual report,20260317000781,CF,현금흐름표,ifrs-full_PurchaseOfPropertyPlantAndEquipmentClassifiedAsInvestingActivities,유형자산의 취득,-,19148841944,제 29 기,2025,KRW,,24188234750,제 30 기,,,48,11011,fnlttSinglAcntAll,,8852603253,제 31 기
sm_entertainment,SM Entertainment,00260930,041510,KRW,FY2025,2025,11011,Annual report,20260317000781,CF,현금흐름표,ifrs-full_CashFlowsFromUsedInOperatingActivities,영업활동으로 인한 순현금흐름,-,112995229635,제 29 기,2025,KRW,,135676129235,제 30 기,,,49,11011,fnlttSinglAcntAll,,194860708063,제 31 기
sm_entertainment,SM Entertainment,00260930,041510,KRW,FY2025,2025,11011,Annual report,20260317000781,CF,현금흐름표,dart_NetCashflowsFromUsedInOperations,영업에서 창출된 현금,-,142654867070,제 29 기,2025,KRW,,158723743144,제 30 기,,,50,11011,fnlttSinglAcntAll,,240503051742,제 31 기
sm_entertainment,SM Entertainment,00260930,041510,KRW,FY2025,2025,11011,Annual report,20260317000781,CF,현금흐름표,dart_AdjustmentsForAssetsLiabilitiesOfOperatingActivities,영업활동으로 인한 자산 부채의 변동,-,-34297486128,제 29 기,2025,KRW,,820278564,제 30 기,,,51,11011,fnlttSinglAcntAll,,-38461831310,제 31 기
sm_entertainment,SM Entertainment,00260930,041510,KRW,FY2025,2025,11011,Annual report,20260317000781,CF,현금흐름표,ifrs-full_AdjustmentsForReconcileProfitLoss,조정사항,-,94268873017,제 29 기,2025,KRW,,157084614760,제 30 기,,,52,11011,fnlttSinglAcntAll,,-80399230550,제 31 기
sm_entertainment,SM Entertainment,00260930,041510,KRW,FY2025,2025,11011,Annual report,20260317000781,CF,현금흐름표,ifrs-full_ProfitLoss,당기순이익,-,82683480181,제 29 기,2025,KRW,,818849820,제 30 기,,,53,11011,fnlttSinglAcntAll,,359364113602,제 31 기
sm_entertainment,SM Entertainment,00260930,041510,KRW,FY2025,2025,11011,Annual report,20260317000781,CF,현금흐름표,ifrs-full_DividendsReceivedClassifiedAsOperatingActivities,배당금의 수령,-,46353670,제 29 기,2025,KRW,,202157798,제 30 기,,,54,11011,fnlttSinglAcntAll,,130907451,제 31 기
sm_entertainment,SM Entertainment,00260930,041510,KRW,FY2025,2025,11011,Annual report,20260317000781,CF,현금흐름표,ifrs-full_IncomeTaxesPaidRefundClassifiedAsOperatingActivities,법인세의 납부,-,35159390282,제 29 기,2025,KRW,,29600723691,제 30 기,,,55,11011,fnlttSinglAcntAll,,53077957097,제 31 기
sm_entertainment,SM Entertainment,00260930,041510,KRW,FY2025,2025,11011,Annual report,20260317000781,CF,현금흐름표,ifrs-full_InterestPaidClassifiedAsOperatingActivities,이자의 지급,-,4769513963,제 29 기,2025,KRW,,4143254302,제 30 기,,,56,11011,fnlttSinglAcntAll,,4006105915,제 31 기
sm_entertainment,SM Entertainment,00260930,041510,KRW,FY2025,2025,11011,Annual report,20260317000781,CF,현금흐름표,ifrs-full_InterestReceivedClassifiedAsOperatingActivities,이자의 수령,-,10222913140,제 29 기,2025,KRW,,10494206286,제 30 기,,,57,11011,fnlttSinglAcntAll,,11310811882,제 31 기
sm_entertainment,SM Entertainment,00260930,041510,KRW,FY2025,2025,11011,Annual report,20260317000781,CF,현금흐름표,ifrs-full_EffectOfExchangeRateChangesOnCashAndCashEquivalents,현금및현금성자산에 대한 환율변동효과,-,-1573539722,제 29 기,2025,KRW,,8269945441,제 30 기,,,58,11011,fnlttSinglAcntAll,,-5101623694,제 31 기
sm_entertainment,SM Entertainment,00260930,041510,KRW,FY2025,2025,11011,Annual report,20260317000781,CF,현금흐름표,ifrs-full_IncreaseDecreaseInCashAndCashEquivalentsBeforeEffectOfExchangeRateChanges,환율변동효과 반영전 현금및현금성자산의 순증가(감소),-,-12806969761,제 29 기,2025,KRW,,46945077038,제 30 기,,,59,11011,fnlttSinglAcntAll,,11358664883,제 31 기
sm_entertainment,SM Entertainment,00260930,041510,KRW,FY2025,2025,11011,Annual report,20260317000781,SCE,자본변동표,dart_EquityAtBeginningOfPeriod,기초자본,자본 [구성요소]|지배기업의 소유주에게 귀속되는 지분 [구성요소]|자본잉여금 [구성요소],366667912217,제 29 기,2025,KRW,,361842059981,제 30 기,,,3,11011,fnlttSinglAcntAll,,353296260312,제 31 기
sm_entertainment,SM Entertainment,00260930,041510,KRW,FY2025,2025,11011,Annual report,20260317000781,SCE,자본변동표,dart_EquityAtBeginningOfPeriod,기초자본,자본 [구성요소]|지배기업의 소유주에게 귀속되는 지분 [구성요소]|자본금 [구성요소],11902250500,제 29 기,2025,KRW,,11915450500,제 30 기,,,3,11011,fnlttSinglAcntAll,,11915450500,제 31 기
sm_entertainment,SM Entertainment,00260930,041510,KRW,FY2025,2025,11011,Annual report,20260317000781,SCE,자본변동표,dart_EquityAtBeginningOfPeriod,기초자본,자본 [구성요소]|지배기업의 소유주에게 귀속되는 지분 [구성요소]|이익잉여금 [구성요소],306363321436,제 29 기,2025,KRW,,365353916780,제 30 기,,,3,11011,fnlttSinglAcntAll,,319853541285,제 31 기
sm_entertainment,SM Entertainment,00260930,041510,KRW,FY2025,2025,11011,Annual report,20260317000781,SCE,자본변동표,dart_EquityAtBeginningOfPeriod,기초자본,자본 [구성요소]|지배기업의 소유주에게 귀속되는 지분 [구성요소]|기타포괄손익누계액 [구성요소],-11068268320,제 29 기,2025,KRW,,-12440329478,제 30 기,,,3,11011,fnlttSinglAcntAll,,-8110763699,제 31 기
sm_entertainment,SM Entertainment,00260930,041510,KRW,FY2025,2025,11011,Annual report,20260317000781,SCE,자본변동표,dart_EquityAtBeginningOfPeriod,기초자본,자본 [구성요소]|지배기업의 소유주에게 귀속되는 지분 [구성요소]|기타자본구성요소 [구성요소],22855584909,제 29 기,2025,KRW,,-4164477615,제 30 기,,,3,11011,fnlttSinglAcntAll,,-12156898781,제 31 기
sm_entertainment,SM Entertainment,00260930,041510,KRW,FY2025,2025,11011,Annual report,20260317000781,SCE,자본변동표,dart_EquityAtBeginningOfPeriod,기초자본,자본 [구성요소]|지배기업의 소유주에게 귀속되는 지분 [구성요소],696720800742,제 29 기,2025,KRW,,722506620168,제 30 기,,,3,11011,fnlttSinglAcntAll,,664797589617,제 31 기
sm_entertainment,SM Entertainment,00260930,041510,KRW,FY2025,2025,11011,Annual report,20260317000781,SCE,자본변동표,dart_EquityAtBeginningOfPeriod,기초자본,자본 [구성요소]|비지배지분 [구성요소],189411257078,제 29 기,2025,KRW,,186891452806,제 30 기,,,3,11011,fnlttSinglAcntAll,,164282272472,제 31 기
sm_entertainment,SM Entertainment,00260930,041510,KRW,FY2025,2025,11011,Annual report,20260317000781,SCE,자본변동표,dart_EquityAtBeginningOfPeriod,기초자본,연결재무제표 [member],886132057820,제 29 기,2025,KRW,,909398072974,제 30 기,,,3,11011,fnlttSinglAcntAll,,829079862089,제 31 기
sm_entertainment,SM Entertainment,00260930,041510,KRW,FY2025,2025,11011,Annual report,20260317000781,SCE,자본변동표,ifrs-full_ComprehensiveIncome,총포괄손익 합계,자본 [구성요소]|지배기업의 소유주에게 귀속되는 지분 [구성요소]|자본금 [구성요소],0,제 29 기,2025,KRW,,0,제 30 기,,,4,11011,fnlttSinglAcntAll,,0,제 31 기
sm_entertainment,SM Entertainment,00260930,041510,KRW,FY2025,2025,11011,Annual report,20260317000781,SCE,자본변동표,ifrs-full_ComprehensiveIncome,총포괄손익 합계,자본 [구성요소]|지배기업의 소유주에게 귀속되는 지분 [구성요소]|자본잉여금 [구성요소],0,제 29 기,2025,KRW,,0,제 30 기,,,4,11011,fnlttSinglAcntAll,,0,제 31 기
sm_entertainment,SM Entertainment,00260930,041510,KRW,FY2025,2025,11011,Annual report,20260317000781,SCE,자본변동표,ifrs-full_ComprehensiveIncome,총포괄손익 합계,자본 [구성요소]|지배기업의 소유주에게 귀속되는 지분 [구성요소]|이익잉여금 [구성요소],87281849232,제 29 기,2025,KRW,,18310151475,제 30 기,,,4,11011,fnlttSinglAcntAll,,347212781579,제 31 기
sm_entertainment,SM Entertainment,00260930,041510,KRW,FY2025,2025,11011,Annual report,20260317000781,SCE,자본변동표,ifrs-full_ComprehensiveIncome,총포괄손익 합계,자본 [구성요소]|지배기업의 소유주에게 귀속되는 지분 [구성요소]|기타포괄손익누계액 [구성요소],-1290135846,제 29 기,2025,KRW,,4329565779,제 30 기,,,4,11011,fnlttSinglAcntAll,,-183513696,제 31 기
sm_entertainment,SM Entertainment,00260930,041510,KRW,FY2025,2025,11011,Annual report,20260317000781,SCE,자본변동표,ifrs-full_ComprehensiveIncome,총포괄손익 합계,자본 [구성요소]|지배기업의 소유주에게 귀속되는 지분 [구성요소]|기타자본구성요소 [구성요소],0,제 29 기,2025,KRW,,0,제 30 기,,,4,11011,fnlttSinglAcntAll,,0,제 31 기
sm_entertainment,SM Entertainment,00260930,041510,KRW,FY2025,2025,11011,Annual report,20260317000781,SCE,자본변동표,ifrs-full_ComprehensiveIncome,총포괄손익 합계,자본 [구성요소]|지배기업의 소유주에게 귀속되는 지분 [구성요소],85991713386,제 29 기,2025,KRW,,22639717254,제 30 기,,,4,11011,fnlttSinglAcntAll,,347029267883,제 31 기
sm_entertainment,SM Entertainment,00260930,041510,KRW,FY2025,2025,11011,Annual report,20260317000781,SCE,자본변동표,ifrs-full_ComprehensiveIncome,총포괄손익 합계,자본 [구성요소]|비지배지분 [구성요소],-6061977330,제 29 기,2025,KRW,,-16896801751,제 30 기,,,4,11011,fnlttSinglAcntAll,,11469701420,제 31 기
sm_entertainment,SM Entertainment,00260930,041510,KRW,FY2025,2025,11011,Annual report,20260317000781,SCE,자본변동표,ifrs-full_ComprehensiveIncome,총포괄손익 합계,연결재무제표 [member],79929736056,제 29 기,2025,KRW,,5742915503,제 30 기,,,4,11011,fnlttSinglAcntAll,,358498969303,제 31 기
sm_entertainment,SM Entertainment,00260930,041510,KRW,FY2025,2025,11011,Annual report,20260317000781,SCE,자본변동표,dart_ChangesInReserveOfGainsAndLossesOnFinancialAssetsMeasuredAtFairValueThroughOtherComprehensiveIncome,기타포괄손익-공정가치 지분상품 평가손익,자본 [구성요소]|지배기업의 소유주에게 귀속되는 지분 [구성요소],-35889378,제 29 기,2025,KRW,,-401494028,제 30 기,,,5,11011,fnlttSinglAcntAll,,371094694,제 31 기
sm_entertainment,SM Entertainment,00260930,041510,KRW,FY2025,2025,11011,Annual report,20260317000781,SCE,자본변동표,dart_ChangesInReserveOfGainsAndLossesOnFinancialAssetsMeasuredAtFairValueThroughOtherComprehensiveIncome,기타포괄손익-공정가치 지분상품 평가손익,자본 [구성요소]|비지배지분 [구성요소],109098918,제 29 기,2025,KRW,,-9475981,제 30 기,,,5,11011,fnlttSinglAcntAll,,-172611567,제 31 기
sm_entertainment,SM Entertainment,00260930,041510,KRW,FY2025,2025,11011,Annual report,20260317000781,SCE,자본변동표,dart_ChangesInReserveOfGainsAndLossesOnFinancialAssetsMeasuredAtFairValueThroughOtherComprehensiveIncome,기타포괄손익-공정가치 지분상품 평가손익,연결재무제표 [member],73209540,제 29 기,2025,KRW,,-410970009,제 30 기,,,5,11011,fnlttSinglAcntAll,,198483127,제 31 기
sm_entertainment,SM Entertainment,00260930,041510,KRW,FY2025,2025,11011,Annual report,20260317000781,SCE,자본변동표,dart_ChangesInReserveOfGainsAndLossesOnFinancialAssetsMeasuredAtFairValueThroughOtherComprehensiveIncome,기타포괄손익-공정가치 지분상품 평가손익,자본 [구성요소]|지배기업의 소유주에게 귀속되는 지분 [구성요소]|기타자본구성요소 [구성요소],0,제 29 기,2025,KRW,,0,제 30 기,,,5,11011,fnlttSinglAcntAll,,0,제 31 기
sm_entertainment,SM Entertainment,00260930,041510,KRW,FY2025,2025,11011,Annual report,20260317000781,SCE,자본변동표,dart_ChangesInReserveOfGainsAndLossesOnFinancialAssetsMeasuredAtFairValueThroughOtherComprehensiveIncome,기타포괄손익-공정가치 지분상품 평가손익,자본 [구성요소]|지배기업의 소유주에게 귀속되는 지분 [구성요소]|기타포괄손익누계액 [구성요소],-35889378,제 29 기,2025,KRW,,-401494028,제 30 기,,,5,11011,fnlttSinglAcntAll,,371094694,제 31 기
sm_entertainment,SM Entertainment,00260930,041510,KRW,FY2025,2025,11011,Annual report,20260317000781,SCE,자본변동표,dart_ChangesInReserveOfGainsAndLossesOnFinancialAssetsMeasuredAtFairValueThroughOtherComprehensiveIncome,기타포괄손익-공정가치 지분상품 평가손익,자본 [구성요소]|지배기업의 소유주에게 귀속되는 지분 [구성요소]|이익잉여금 [구성요소],0,제 29 기,2025,KRW,,0,제 30 기,,,5,11011,fnlttSinglAcntAll,,0,제 31 기
sm_entertainment,SM Entertainment,00260930,041510,KRW,FY2025,2025,11011,Annual report,20260317000781,SCE,자본변동표,dart_ChangesInReserveOfGainsAndLossesOnFinancialAssetsMeasuredAtFairValueThroughOtherComprehensiveIncome,기타포괄손익-공정가치 지분상품 평가손익,자본 [구성요소]|지배기업의 소유주에게 귀속되는 지분 [구성요소]|자본금 [구성요소],0,제 29 기,2025,KRW,,0,제 30 기,,,5,11011,fnlttSinglAcntAll,,0,제 31 기
sm_entertainment,SM Entertainment,00260930,041510,KRW,FY2025,2025,11011,Annual report,20260317000781,SCE,자본변동표,dart_ChangesInReserveOfGainsAndLossesOnFinancialAssetsMeasuredAtFairValueThroughOtherComprehensiveIncome,기타포괄손익-공정가치 지분상품 평가손익,자본 [구성요소]|지배기업의 소유주에게 귀속되는 지분 [구성요소]|자본잉여금 [구성요소],0,제 29 기,2025,KRW,,0,제 30 기,,,5,11011,fnlttSinglAcntAll,,0,제 31 기
sm_entertainment,SM Entertainment,00260930,041510,KRW,FY2025,2025,11011,Annual report,20260317000781,SCE,자본변동표,ifrs-full_GainsLossesOnExchangeDifferencesOnTranslationNetOfTax,해외사업환산손익,자본 [구성요소]|지배기업의 소유주에게 귀속되는 지분 [구성요소],-3218776251,제 29 기,2025,KRW,,4530503439,제 30 기,,,6,11011,fnlttSinglAcntAll,,-2055942399,제 31 기
sm_entertainment,SM Entertainment,00260930,041510,KRW,FY2025,2025,11011,Annual report,20260317000781,SCE,자본변동표,ifrs-full_GainsLossesOnExchangeDifferencesOnTranslationNetOfTax,해외사업환산손익,자본 [구성요소]|비지배지분 [구성요소],-988038269,제 29 기,2025,KRW,,1088758977,제 30 기,,,6,11011,fnlttSinglAcntAll,,-737494988,제 31 기
sm_entertainment,SM Entertainment,00260930,041510,KRW,FY2025,2025,11011,Annual report,20260317000781,SCE,자본변동표,ifrs-full_GainsLossesOnExchangeDifferencesOnTranslationNetOfTax,해외사업환산손익,연결재무제표 [member],-4206814520,제 29 기,2025,KRW,,5619262416,제 30 기,,,6,11011,fnlttSinglAcntAll,,-2793437387,제 31 기
sm_entertainment,SM Entertainment,00260930,041510,KRW,FY2025,2025,11011,Annual report,20260317000781,SCE,자본변동표,ifrs-full_GainsLossesOnExchangeDifferencesOnTranslationNetOfTax,해외사업환산손익,자본 [구성요소]|지배기업의 소유주에게 귀속되는 지분 [구성요소]|기타자본구성요소 [구성요소],0,제 29 기,2025,KRW,,0,제 30 기,,,6,11011,fnlttSinglAcntAll,,0,제 31 기
sm_entertainment,SM Entertainment,00260930,041510,KRW,FY2025,2025,11011,Annual report,20260317000781,SCE,자본변동표,ifrs-full_GainsLossesOnExchangeDifferencesOnTranslationNetOfTax,해외사업환산손익,자본 [구성요소]|지배기업의 소유주에게 귀속되는 지분 [구성요소]|자본잉여금 [구성요소],0,제 29 기,2025,KRW,,0,제 30 기,,,6,11011,fnlttSinglAcntAll,,0,제 31 기
sm_entertainment,SM Entertainment,00260930,041510,KRW,FY2025,2025,11011,Annual report,20260317000781,SCE,자본변동표,ifrs-full_GainsLossesOnExchangeDifferencesOnTranslationNetOfTax,해외사업환산손익,자본 [구성요소]|지배기업의 소유주에게 귀속되는 지분 [구성요소]|자본금 [구성요소],0,제 29 기,2025,KRW,,0,제 30 기,,,6,11011,fnlttSinglAcntAll,,0,제 31 기
sm_entertainment,SM Entertainment,00260930,041510,KRW,FY2025,2025,11011,Annual report,20260317000781,SCE,자본변동표,ifrs-full_GainsLossesOnExchangeDifferencesOnTranslationNetOfTax,해외사업환산손익,자본 [구성요소]|지배기업의 소유주에게 귀속되는 지분 [구성요소]|이익잉여금 [구성요소],0,제 29 기,2025,KRW,,0,제 30 기,,,6,11011,fnlttSinglAcntAll,,0,제 31 기
sm_entertainment,SM Entertainment,00260930,041510,KRW,FY2025,2025,11011,Annual report,20260317000781,SCE,자본변동표,ifrs-full_GainsLossesOnExchangeDifferencesOnTranslationNetOfTax,해외사업환산손익,자본 [구성요소]|지배기업의 소유주에게 귀속되는 지분 [구성요소]|기타포괄손익누계액 [구성요소],-3218776251,제 29 기,2025,KRW,,4530503439,제 30 기,,,6,11011,fnlttSinglAcntAll,,-2055942399,제 31 기
sm_entertainment,SM Entertainment,00260930,041510,KRW,FY2025,2025,11011,Annual report,20260317000781,SCE,자본변동표,ifrs-full_OtherComprehensiveIncomeNetOfTaxGainsLossesOnRemeasurementsOfDefinedBenefitPlans,확정급여제도의재측정요소,자본 [구성요소]|지배기업의 소유주에게 귀속되는 지분 [구성요소],-2712087676,제 29 기,2025,KRW,,-1685015426,제 30 기,,,7,11011,fnlttSinglAcntAll,,643722413,제 31 기
sm_entertainment,SM Entertainment,00260930,041510,KRW,FY2025,2025,11011,Annual report,20260317000781,SCE,자본변동표,ifrs-full_OtherComprehensiveIncomeNetOfTaxGainsLossesOnRemeasurementsOfDefinedBenefitPlans,확정급여제도의재측정요소,자본 [구성요소]|비지배지분 [구성요소],-564277309,제 29 기,2025,KRW,,-522629659,제 30 기,,,7,11011,fnlttSinglAcntAll,,237522549,제 31 기
sm_entertainment,SM Entertainment,00260930,041510,KRW,FY2025,2025,11011,Annual report,20260317000781,SCE,자본변동표,ifrs-full_OtherComprehensiveIncomeNetOfTaxGainsLossesOnRemeasurementsOfDefinedBenefitPlans,확정급여제도의재측정요소,연결재무제표 [member],-3276364985,제 29 기,2025,KRW,,-2207645085,제 30 기,,,7,11011,fnlttSinglAcntAll,,881244962,제 31 기
sm_entertainment,SM Entertainment,00260930,041510,KRW,FY2025,2025,11011,Annual report,20260317000781,SCE,자본변동표,ifrs-full_OtherComprehensiveIncomeNetOfTaxGainsLossesOnRemeasurementsOfDefinedBenefitPlans,확정급여제도의재측정요소,자본 [구성요소]|지배기업의 소유주에게 귀속되는 지분 [구성요소]|기타자본구성요소 [구성요소],0,제 29 기,2025,KRW,,0,제 30 기,,,7,11011,fnlttSinglAcntAll,,0,제 31 기
sm_entertainment,SM Entertainment,00260930,041510,KRW,FY2025,2025,11011,Annual report,20260317000781,SCE,자본변동표,ifrs-full_OtherComprehensiveIncomeNetOfTaxGainsLossesOnRemeasurementsOfDefinedBenefitPlans,확정급여제도의재측정요소,자본 [구성요소]|지배기업의 소유주에게 귀속되는 지분 [구성요소]|기타포괄손익누계액 [구성요소],-2696862983,제 29 기,2025,KRW,,-1685015426,제 30 기,,,7,11011,fnlttSinglAcntAll,,643722413,제 31 기
sm_entertainment,SM Entertainment,00260930,041510,KRW,FY2025,2025,11011,Annual report,20260317000781,SCE,자본변동표,ifrs-full_OtherComprehensiveIncomeNetOfTaxGainsLossesOnRemeasurementsOfDefinedBenefitPlans,확정급여제도의재측정요소,자본 [구성요소]|지배기업의 소유주에게 귀속되는 지분 [구성요소]|이익잉여금 [구성요소],-15224693,제 29 기,2025,KRW,,0,제 30 기,,,7,11011,fnlttSinglAcntAll,,0,제 31 기
sm_entertainment,SM Entertainment,00260930,041510,KRW,FY2025,2025,11011,Annual report,20260317000781,SCE,자본변동표,ifrs-full_OtherComprehensiveIncomeNetOfTaxGainsLossesOnRemeasurementsOfDefinedBenefitPlans,확정급여제도의재측정요소,자본 [구성요소]|지배기업의 소유주에게 귀속되는 지분 [구성요소]|자본금 [구성요소],0,제 29 기,2025,KRW,,0,제 30 기,,,7,11011,fnlttSinglAcntAll,,0,제 31 기
sm_entertainment,SM Entertainment,00260930,041510,KRW,FY2025,2025,11011,Annual report,20260317000781,SCE,자본변동표,ifrs-full_OtherComprehensiveIncomeNetOfTaxGainsLossesOnRemeasurementsOfDefinedBenefitPlans,확정급여제도의재측정요소,자본 [구성요소]|지배기업의 소유주에게 귀속되는 지분 [구성요소]|자본잉여금 [구성요소],0,제 29 기,2025,KRW,,0,제 30 기,,,7,11011,fnlttSinglAcntAll,,0,제 31 기
sm_entertainment,SM Entertainment,00260930,041510,KRW,FY2025,2025,11011,Annual report,20260317000781,SCE,자본변동표,ifrs-full_OtherComprehensiveIncomeNetOfTaxGainsLossesOnRevaluation,유형자산재평가잉여금,자본 [구성요소]|지배기업의 소유주에게 귀속되는 지분 [구성요소],59935774,제 29 기,2025,KRW,,0,제 30 기,,,8,11011,fnlttSinglAcntAll,,0,제 31 기
sm_entertainment,SM Entertainment,00260930,041510,KRW,FY2025,2025,11011,Annual report,20260317000781,SCE,자본변동표,ifrs-full_OtherComprehensiveIncomeNetOfTaxGainsLossesOnRevaluation,유형자산재평가잉여금,자본 [구성요소]|비지배지분 [구성요소],0,제 29 기,2025,KRW,,0,제 30 기,,,8,11011,fnlttSinglAcntAll,,0,제 31 기
sm_entertainment,SM Entertainment,00260930,041510,KRW,FY2025,2025,11011,Annual report,20260317000781,SCE,자본변동표,ifrs-full_OtherComprehensiveIncomeNetOfTaxGainsLossesOnRevaluation,유형자산재평가잉여금,연결재무제표 [member],59935774,제 29 기,2025,KRW,,0,제 30 기,,,8,11011,fnlttSinglAcntAll,,0,제 31 기
sm_entertainment,SM Entertainment,00260930,041510,KRW,FY2025,2025,11011,Annual report,20260317000781,SCE,자본변동표,ifrs-full_OtherComprehensiveIncomeNetOfTaxGainsLossesOnRevaluation,유형자산재평가잉여금,자본 [구성요소]|지배기업의 소유주에게 귀속되는 지분 [구성요소]|기타자본구성요소 [구성요소],0,제 29 기,2025,KRW,,0,제 30 기,,,8,11011,fnlttSinglAcntAll,,0,제 31 기
sm_entertainment,SM Entertainment,00260930,041510,KRW,FY2025,2025,11011,Annual report,20260317000781,SCE,자본변동표,ifrs-full_OtherComprehensiveIncomeNetOfTaxGainsLossesOnRevaluation,유형자산재평가잉여금,자본 [구성요소]|지배기업의 소유주에게 귀속되는 지분 [구성요소]|자본잉여금 [구성요소],0,제 29 기,2025,KRW,,0,제 30 기,,,8,11011,fnlttSinglAcntAll,,0,제 31 기
sm_entertainment,SM Entertainment,00260930,041510,KRW,FY2025,2025,11011,Annual report,20260317000781,SCE,자본변동표,ifrs-full_OtherComprehensiveIncomeNetOfTaxGainsLossesOnRevaluation,유형자산재평가잉여금,자본 [구성요소]|지배기업의 소유주에게 귀속되는 지분 [구성요소]|자본금 [구성요소],0,제 29 기,2025,KRW,,0,제 30 기,,,8,11011,fnlttSinglAcntAll,,0,제 31 기
sm_entertainment,SM Entertainment,00260930,041510,KRW,FY2025,2025,11011,Annual report,20260317000781,SCE,자본변동표,ifrs-full_OtherComprehensiveIncomeNetOfTaxGainsLossesOnRevaluation,유형자산재평가잉여금,자본 [구성요소]|지배기업의 소유주에게 귀속되는 지분 [구성요소]|이익잉여금 [구성요소],0,제 29 기,2025,KRW,,0,제 30 기,,,8,11011,fnlttSinglAcntAll,,0,제 31 기
sm_entertainment,SM Entertainment,00260930,041510,KRW,FY2025,2025,11011,Annual report,20260317000781,SCE,자본변동표,ifrs-full_OtherComprehensiveIncomeNetOfTaxGainsLossesOnRevaluation,유형자산재평가잉여금,자본 [구성요소]|지배기업의 소유주에게 귀속되는 지분 [구성요소]|기타포괄손익누계액 [구성요소],59935774,제 29 기,2025,KRW,,0,제 30 기,,,8,11011,fnlttSinglAcntAll,,0,제 31 기
sm_entertainment,SM Entertainment,00260930,041510,KRW,FY2025,2025,11011,Annual report,20260317000781,SCE,자본변동표,ifrs-full_ProfitLoss,당기순이익,연결재무제표 [member],82683480181,제 29 기,2025,KRW,,818849820,제 30 기,,,9,11011,fnlttSinglAcntAll,,359364113602,제 31 기
sm_entertainment,SM Entertainment,00260930,041510,KRW,FY2025,2025,11011,Annual report,20260317000781,SCE,자본변동표,ifrs-full_ProfitLoss,당기순이익,자본 [구성요소]|비지배지분 [구성요소],-4613593744,제 29 기,2025,KRW,,-17491301655,제 30 기,,,9,11011,fnlttSinglAcntAll,,12151332023,제 31 기
sm_entertainment,SM Entertainment,00260930,041510,KRW,FY2025,2025,11011,Annual report,20260317000781,SCE,자본변동표,ifrs-full_ProfitLoss,당기순이익,자본 [구성요소]|지배기업의 소유주에게 귀속되는 지분 [구성요소],87297073925,제 29 기,2025,KRW,,18310151475,제 30 기,,,9,11011,fnlttSinglAcntAll,,347212781579,제 31 기
sm_entertainment,SM Entertainment,00260930,041510,KRW,FY2025,2025,11011,Annual report,20260317000781,SCE,자본변동표,ifrs-full_ProfitLoss,당기순이익,자본 [구성요소]|지배기업의 소유주에게 귀속되는 지분 [구성요소]|기타자본구성요소 [구성요소],0,제 29 기,2025,KRW,,0,제 30 기,,,9,11011,fnlttSinglAcntAll,,0,제 31 기
sm_entertainment,SM Entertainment,00260930,041510,KRW,FY2025,2025,11011,Annual report,20260317000781,SCE,자본변동표,ifrs-full_ProfitLoss,당기순이익,자본 [구성요소]|지배기업의 소유주에게 귀속되는 지분 [구성요소]|기타포괄손익누계액 [구성요소],0,제 29 기,2025,KRW,,0,제 30 기,,,9,11011,fnlttSinglAcntAll,,0,제 31 기
sm_entertainment,SM Entertainment,00260930,041510,KRW,FY2025,2025,11011,Annual report,20260317000781,SCE,자본변동표,ifrs-full_ProfitLoss,당기순이익,자본 [구성요소]|지배기업의 소유주에게 귀속되는 지분 [구성요소]|이익잉여금 [구성요소],87297073925,제 29 기,2025,KRW,,18310151475,제 30 기,,,9,11011,fnlttSinglAcntAll,,347212781579,제 31 기
sm_entertainment,SM Entertainment,00260930,041510,KRW,FY2025,2025,11011,Annual report,20260317000781,SCE,자본변동표,ifrs-full_ProfitLoss,당기순이익,자본 [구성요소]|지배기업의 소유주에게 귀속되는 지분 [구성요소]|자본금 [구성요소],0,제 29 기,2025,KRW,,0,제 30 기,,,9,11011,fnlttSinglAcntAll,,0,제 31 기
sm_entertainment,SM Entertainment,00260930,041510,KRW,FY2025,2025,11011,Annual report,20260317000781,SCE,자본변동표,ifrs-full_ProfitLoss,당기순이익,자본 [구성요소]|지배기업의 소유주에게 귀속되는 지분 [구성요소]|자본잉여금 [구성요소],0,제 29 기,2025,KRW,,0,제 30 기,,,9,11011,fnlttSinglAcntAll,,0,제 31 기
sm_entertainment,SM Entertainment,00260930,041510,KRW,FY2025,2025,11011,Annual report,20260317000781,SCE,자본변동표,ifrs-full_ShareOfOtherComprehensiveIncomeOfAssociatesAndJointVenturesAccountedForUsingEquityMethod,지분법자본변동,연결재무제표 [member],4596290066,제 29 기,2025,KRW,,1923418361,제 30 기,,,10,11011,fnlttSinglAcntAll,,848564999,제 31 기
sm_entertainment,SM Entertainment,00260930,041510,KRW,FY2025,2025,11011,Annual report,20260317000781,SCE,자본변동표,ifrs-full_ShareOfOtherComprehensiveIncomeOfAssociatesAndJointVenturesAccountedForUsingEquityMethod,지분법자본변동,자본 [구성요소]|비지배지분 [구성요소],-5166926,제 29 기,2025,KRW,,37846567,제 30 기,,,10,11011,fnlttSinglAcntAll,,-9046597,제 31 기
sm_entertainment,SM Entertainment,00260930,041510,KRW,FY2025,2025,11011,Annual report,20260317000781,SCE,자본변동표,ifrs-full_ShareOfOtherComprehensiveIncomeOfAssociatesAndJointVenturesAccountedForUsingEquityMethod,지분법자본변동,자본 [구성요소]|지배기업의 소유주에게 귀속되는 지분 [구성요소],4601456992,제 29 기,2025,KRW,,1885571794,제 30 기,,,10,11011,fnlttSinglAcntAll,,857611596,제 31 기
sm_entertainment,SM Entertainment,00260930,041510,KRW,FY2025,2025,11011,Annual report,20260317000781,SCE,자본변동표,ifrs-full_ShareOfOtherComprehensiveIncomeOfAssociatesAndJointVenturesAccountedForUsingEquityMethod,지분법자본변동,자본 [구성요소]|지배기업의 소유주에게 귀속되는 지분 [구성요소]|기타자본구성요소 [구성요소],0,제 29 기,2025,KRW,,0,제 30 기,,,10,11011,fnlttSinglAcntAll,,0,제 31 기
sm_entertainment,SM Entertainment,00260930,041510,KRW,FY2025,2025,11011,Annual report,20260317000781,SCE,자본변동표,ifrs-full_ShareOfOtherComprehensiveIncomeOfAssociatesAndJointVenturesAccountedForUsingEquityMethod,지분법자본변동,자본 [구성요소]|지배기업의 소유주에게 귀속되는 지분 [구성요소]|기타포괄손익누계액 [구성요소],4601456992,제 29 기,2025,KRW,,1885571794,제 30 기,,,10,11011,fnlttSinglAcntAll,,857611596,제 31 기
sm_entertainment,SM Entertainment,00260930,041510,KRW,FY2025,2025,11011,Annual report,20260317000781,SCE,자본변동표,ifrs-full_ShareOfOtherComprehensiveIncomeOfAssociatesAndJointVenturesAccountedForUsingEquityMethod,지분법자본변동,자본 [구성요소]|지배기업의 소유주에게 귀속되는 지분 [구성요소]|이익잉여금 [구성요소],0,제 29 기,2025,KRW,,0,제 30 기,,,10,11011,fnlttSinglAcntAll,,0,제 31 기
sm_entertainment,SM Entertainment,00260930,041510,KRW,FY2025,2025,11011,Annual report,20260317000781,SCE,자본변동표,ifrs-full_ShareOfOtherComprehensiveIncomeOfAssociatesAndJointVenturesAccountedForUsingEquityMethod,지분법자본변동,자본 [구성요소]|지배기업의 소유주에게 귀속되는 지분 [구성요소]|자본금 [구성요소],0,제 29 기,2025,KRW,,0,제 30 기,,,10,11011,fnlttSinglAcntAll,,0,제 31 기
sm_entertainment,SM Entertainment,00260930,041510,KRW,FY2025,2025,11011,Annual report,20260317000781,SCE,자본변동표,ifrs-full_ShareOfOtherComprehensiveIncomeOfAssociatesAndJointVenturesAccountedForUsingEquityMethod,지분법자본변동,자본 [구성요소]|지배기업의 소유주에게 귀속되는 지분 [구성요소]|자본잉여금 [구성요소],0,제 29 기,2025,KRW,,0,제 30 기,,,10,11011,fnlttSinglAcntAll,,0,제 31 기
sm_entertainment,SM Entertainment,00260930,041510,KRW,FY2025,2025,11011,Annual report,20260317000781,SCE,자본변동표,ifrs-full_Equity,자본총계,연결재무제표 [member],909398072974,제 29 기,2025,KRW,,829079862089,제 30 기,,,11,11011,fnlttSinglAcntAll,,1358745854879,제 31 기
sm_entertainment,SM Entertainment,00260930,041510,KRW,FY2025,2025,11011,Annual report,20260317000781,SCE,자본변동표,ifrs-full_Equity,자본총계,자본 [구성요소]|비지배지분 [구성요소],186891452806,제 29 기,2025,KRW,,164282272472,제 30 기,,,11,11011,fnlttSinglAcntAll,,356122108903,제 31 기
sm_entertainment,SM Entertainment,00260930,041510,KRW,FY2025,2025,11011,Annual report,20260317000781,SCE,자본변동표,ifrs-full_Equity,자본총계,자본 [구성요소]|지배기업의 소유주에게 귀속되는 지분 [구성요소],722506620168,제 29 기,2025,KRW,,664797589617,제 30 기,,,11,11011,fnlttSinglAcntAll,,1002623745976,제 31 기
sm_entertainment,SM Entertainment,00260930,041510,KRW,FY2025,2025,11011,Annual report,20260317000781,SCE,자본변동표,ifrs-full_Equity,자본총계,자본 [구성요소]|지배기업의 소유주에게 귀속되는 지분 [구성요소]|기타자본구성요소 [구성요소],-4164477615,제 29 기,2025,KRW,,-12156898781,제 30 기,,,11,11011,fnlttSinglAcntAll,,27129105581,제 31 기
sm_entertainment,SM Entertainment,00260930,041510,KRW,FY2025,2025,11011,Annual report,20260317000781,SCE,자본변동표,ifrs-full_Equity,자본총계,자본 [구성요소]|지배기업의 소유주에게 귀속되는 지분 [구성요소]|기타포괄손익누계액 [구성요소],-12440329478,제 29 기,2025,KRW,,-8110763699,제 30 기,,,11,11011,fnlttSinglAcntAll,,-8185483479,제 31 기
sm_entertainment,SM Entertainment,00260930,041510,KRW,FY2025,2025,11011,Annual report,20260317000781,SCE,자본변동표,ifrs-full_Equity,자본총계,자본 [구성요소]|지배기업의 소유주에게 귀속되는 지분 [구성요소]|이익잉여금 [구성요소],365353916780,제 29 기,2025,KRW,,319853541285,제 30 기,,,11,11011,fnlttSinglAcntAll,,618477909583,제 31 기
sm_entertainment,SM Entertainment,00260930,041510,KRW,FY2025,2025,11011,Annual report,20260317000781,SCE,자본변동표,ifrs-full_Equity,자본총계,자본 [구성요소]|지배기업의 소유주에게 귀속되는 지분 [구성요소]|자본금 [구성요소],11915450500,제 29 기,2025,KRW,,11915450500,제 30 기,,,11,11011,fnlttSinglAcntAll,,11915450500,제 31 기
sm_entertainment,SM Entertainment,00260930,041510,KRW,FY2025,2025,11011,Annual report,20260317000781,SCE,자본변동표,ifrs-full_Equity,자본총계,자본 [구성요소]|지배기업의 소유주에게 귀속되는 지분 [구성요소]|자본잉여금 [구성요소],361842059981,제 29 기,2025,KRW,,353296260312,제 30 기,,,11,11011,fnlttSinglAcntAll,,353286763791,제 31 기
sm_entertainment,SM Entertainment,00260930,041510,KRW,FY2025,2025,11011,Annual report,20260317000781,SCE,자본변동표,ifrs-full_IncreaseDecreaseThroughTransactionsWithOwners,자본에 직접 반영된 주주와의 거래 등 합계,연결재무제표 [member],-56663720902,제 29 기,2025,KRW,,-86061126388,제 30 기,,,12,11011,fnlttSinglAcntAll,,171167023487,제 31 기
sm_entertainment,SM Entertainment,00260930,041510,KRW,FY2025,2025,11011,Annual report,20260317000781,SCE,자본변동표,ifrs-full_IncreaseDecreaseThroughTransactionsWithOwners,자본에 직접 반영된 주주와의 거래 등 합계,자본 [구성요소]|비지배지분 [구성요소],3542173058,제 29 기,2025,KRW,,-5712378583,제 30 기,,,12,11011,fnlttSinglAcntAll,,180370135011,제 31 기
sm_entertainment,SM Entertainment,00260930,041510,KRW,FY2025,2025,11011,Annual report,20260317000781,SCE,자본변동표,ifrs-full_IncreaseDecreaseThroughTransactionsWithOwners,자본에 직접 반영된 주주와의 거래 등 합계,자본 [구성요소]|지배기업의 소유주에게 귀속되는 지분 [구성요소],-60205893960,제 29 기,2025,KRW,,-80348747805,제 30 기,,,12,11011,fnlttSinglAcntAll,,-9203111524,제 31 기
sm_entertainment,SM Entertainment,00260930,041510,KRW,FY2025,2025,11011,Annual report,20260317000781,SCE,자본변동표,ifrs-full_IncreaseDecreaseThroughTransactionsWithOwners,자본에 직접 반영된 주주와의 거래 등 합계,자본 [구성요소]|지배기업의 소유주에게 귀속되는 지분 [구성요소]|기타자본구성요소 [구성요소],-27020062524,제 29 기,2025,KRW,,-7992421166,제 30 기,,,12,11011,fnlttSinglAcntAll,,39286004362,제 31 기
sm_entertainment,SM Entertainment,00260930,041510,KRW,FY2025,2025,11011,Annual report,20260317000781,SCE,자본변동표,ifrs-full_IncreaseDecreaseThroughTransactionsWithOwners,자본에 직접 반영된 주주와의 거래 등 합계,자본 [구성요소]|지배기업의 소유주에게 귀속되는 지분 [구성요소]|기타포괄손익누계액 [구성요소],-81925312,제 29 기,2025,KRW,,0,제 30 기,,,12,11011,fnlttSinglAcntAll,,108793916,제 31 기
sm_entertainment,SM Entertainment,00260930,041510,KRW,FY2025,2025,11011,Annual report,20260317000781,SCE,자본변동표,ifrs-full_IncreaseDecreaseThroughTransactionsWithOwners,자본에 직접 반영된 주주와의 거래 등 합계,자본 [구성요소]|지배기업의 소유주에게 귀속되는 지분 [구성요소]|이익잉여금 [구성요소],-28291253888,제 29 기,2025,KRW,,-63810526970,제 30 기,,,12,11011,fnlttSinglAcntAll,,-48588413281,제 31 기
sm_entertainment,SM Entertainment,00260930,041510,KRW,FY2025,2025,11011,Annual report,20260317000781,SCE,자본변동표,ifrs-full_IncreaseDecreaseThroughTransactionsWithOwners,자본에 직접 반영된 주주와의 거래 등 합계,자본 [구성요소]|지배기업의 소유주에게 귀속되는 지분 [구성요소]|자본금 [구성요소],13200000,제 29 기,2025,KRW,,0,제 30 기,,,12,11011,fnlttSinglAcntAll,,0,제 31 기
sm_entertainment,SM Entertainment,00260930,041510,KRW,FY2025,2025,11011,Annual report,20260317000781,SCE,자본변동표,ifrs-full_IncreaseDecreaseThroughTransactionsWithOwners,자본에 직접 반영된 주주와의 거래 등 합계,자본 [구성요소]|지배기업의 소유주에게 귀속되는 지분 [구성요소]|자본잉여금 [구성요소],-4825852236,제 29 기,2025,KRW,,-8545799669,제 30 기,,,12,11011,fnlttSinglAcntAll,,-9496521,제 31 기
sm_entertainment,SM Entertainment,00260930,041510,KRW,FY2025,2025,11011,Annual report,20260317000781,SCE,자본변동표,dart_TransferOfAmountRecognisedInOtherComprehensiveIncomeAndAccumulatedInEquityRelatingToDisposalOfInvestmentsInEquityInstruments,기타포괄손익-공정가치금융자산 처분,연결재무제표 [member],0,제 29 기,2025,KRW,,0,제 30 기,,,13,11011,fnlttSinglAcntAll,,0,제 31 기
sm_entertainment,SM Entertainment,00260930,041510,KRW,FY2025,2025,11011,Annual report,20260317000781,SCE,자본변동표,dart_TransferOfAmountRecognisedInOtherComprehensiveIncomeAndAccumulatedInEquityRelatingToDisposalOfInvestmentsInEquityInstruments,기타포괄손익-공정가치금융자산 처분,자본 [구성요소]|비지배지분 [구성요소],0,제 29 기,2025,KRW,,0,제 30 기,,,13,11011,fnlttSinglAcntAll,,0,제 31 기
sm_entertainment,SM Entertainment,00260930,041510,KRW,FY2025,2025,11011,Annual report,20260317000781,SCE,자본변동표,dart_TransferOfAmountRecognisedInOtherComprehensiveIncomeAndAccumulatedInEquityRelatingToDisposalOfInvestmentsInEquityInstruments,기타포괄손익-공정가치금융자산 처분,자본 [구성요소]|지배기업의 소유주에게 귀속되는 지분 [구성요소],0,제 29 기,2025,KRW,,0,제 30 기,,,13,11011,fnlttSinglAcntAll,,0,제 31 기
sm_entertainment,SM Entertainment,00260930,041510,KRW,FY2025,2025,11011,Annual report,20260317000781,SCE,자본변동표,dart_TransferOfAmountRecognisedInOtherComprehensiveIncomeAndAccumulatedInEquityRelatingToDisposalOfInvestmentsInEquityInstruments,기타포괄손익-공정가치금융자산 처분,자본 [구성요소]|지배기업의 소유주에게 귀속되는 지분 [구성요소]|기타자본구성요소 [구성요소],0,제 29 기,2025,KRW,,0,제 30 기,,,13,11011,fnlttSinglAcntAll,,0,제 31 기
sm_entertainment,SM Entertainment,00260930,041510,KRW,FY2025,2025,11011,Annual report,20260317000781,SCE,자본변동표,dart_TransferOfAmountRecognisedInOtherComprehensiveIncomeAndAccumulatedInEquityRelatingToDisposalOfInvestmentsInEquityInstruments,기타포괄손익-공정가치금융자산 처분,자본 [구성요소]|지배기업의 소유주에게 귀속되는 지분 [구성요소]|기타포괄손익누계액 [구성요소],-81925312,제 29 기,2025,KRW,,0,제 30 기,,,13,11011,fnlttSinglAcntAll,,-9905152,제 31 기
sm_entertainment,SM Entertainment,00260930,041510,KRW,FY2025,2025,11011,Annual report,20260317000781,SCE,자본변동표,dart_TransferOfAmountRecognisedInOtherComprehensiveIncomeAndAccumulatedInEquityRelatingToDisposalOfInvestmentsInEquityInstruments,기타포괄손익-공정가치금융자산 처분,자본 [구성요소]|지배기업의 소유주에게 귀속되는 지분 [구성요소]|이익잉여금 [구성요소],81925312,제 29 기,2025,KRW,,0,제 30 기,,,13,11011,fnlttSinglAcntAll,,9905152,제 31 기
sm_entertainment,SM Entertainment,00260930,041510,KRW,FY2025,2025,11011,Annual report,20260317000781,SCE,자본변동표,dart_TransferOfAmountRecognisedInOtherComprehensiveIncomeAndAccumulatedInEquityRelatingToDisposalOfInvestmentsInEquityInstruments,기타포괄손익-공정가치금융자산 처분,자본 [구성요소]|지배기업의 소유주에게 귀속되는 지분 [구성요소]|자본금 [구성요소],0,제 29 기,2025,KRW,,0,제 30 기,,,13,11011,fnlttSinglAcntAll,,0,제 31 기
sm_entertainment,SM Entertainment,00260930,041510,KRW,FY2025,2025,11011,Annual report,20260317000781,SCE,자본변동표,dart_TransferOfAmountRecognisedInOtherComprehensiveIncomeAndAccumulatedInEquityRelatingToDisposalOfInvestmentsInEquityInstruments,기타포괄손익-공정가치금융자산 처분,자본 [구성요소]|지배기업의 소유주에게 귀속되는 지분 [구성요소]|자본잉여금 [구성요소],0,제 29 기,2025,KRW,,0,제 30 기,,,13,11011,fnlttSinglAcntAll,,0,제 31 기
sm_entertainment,SM Entertainment,00260930,041510,KRW,FY2025,2025,11011,Annual report,20260317000781,SCE,자본변동표,-표준계정코드 미사용-,연결범위의 변동,연결재무제표 [member],0,제 29 기,2025,KRW,,0,제 30 기,,,14,11011,fnlttSinglAcntAll,,178742501389,제 31 기
sm_entertainment,SM Entertainment,00260930,041510,KRW,FY2025,2025,11011,Annual report,20260317000781,SCE,자본변동표,-표준계정코드 미사용-,연결범위의 변동,자본 [구성요소]|비지배지분 [구성요소],0,제 29 기,2025,KRW,,0,제 30 기,,,14,11011,fnlttSinglAcntAll,,178742501389,제 31 기
sm_entertainment,SM Entertainment,00260930,041510,KRW,FY2025,2025,11011,Annual report,20260317000781,SCE,자본변동표,-표준계정코드 미사용-,연결범위의 변동,자본 [구성요소]|지배기업의 소유주에게 귀속되는 지분 [구성요소],0,제 29 기,2025,KRW,,0,제 30 기,,,14,11011,fnlttSinglAcntAll,,0,제 31 기
sm_entertainment,SM Entertainment,00260930,041510,KRW,FY2025,2025,11011,Annual report,20260317000781,SCE,자본변동표,-표준계정코드 미사용-,연결범위의 변동,자본 [구성요소]|지배기업의 소유주에게 귀속되는 지분 [구성요소]|기타자본구성요소 [구성요소],0,제 29 기,2025,KRW,,0,제 30 기,,,14,11011,fnlttSinglAcntAll,,0,제 31 기
sm_entertainment,SM Entertainment,00260930,041510,KRW,FY2025,2025,11011,Annual report,20260317000781,SCE,자본변동표,-표준계정코드 미사용-,연결범위의 변동,자본 [구성요소]|지배기업의 소유주에게 귀속되는 지분 [구성요소]|기타포괄손익누계액 [구성요소],0,제 29 기,2025,KRW,,0,제 30 기,,,14,11011,fnlttSinglAcntAll,,0,제 31 기
sm_entertainment,SM Entertainment,00260930,041510,KRW,FY2025,2025,11011,Annual report,20260317000781,SCE,자본변동표,-표준계정코드 미사용-,연결범위의 변동,자본 [구성요소]|지배기업의 소유주에게 귀속되는 지분 [구성요소]|이익잉여금 [구성요소],0,제 29 기,2025,KRW,,0,제 30 기,,,14,11011,fnlttSinglAcntAll,,0,제 31 기
sm_entertainment,SM Entertainment,00260930,041510,KRW,FY2025,2025,11011,Annual report,20260317000781,SCE,자본변동표,-표준계정코드 미사용-,연결범위의 변동,자본 [구성요소]|지배기업의 소유주에게 귀속되는 지분 [구성요소]|자본금 [구성요소],0,제 29 기,2025,KRW,,0,제 30 기,,,14,11011,fnlttSinglAcntAll,,0,제 31 기
sm_entertainment,SM Entertainment,00260930,041510,KRW,FY2025,2025,11011,Annual report,20260317000781,SCE,자본변동표,-표준계정코드 미사용-,연결범위의 변동,자본 [구성요소]|지배기업의 소유주에게 귀속되는 지분 [구성요소]|자본잉여금 [구성요소],0,제 29 기,2025,KRW,,0,제 30 기,,,14,11011,fnlttSinglAcntAll,,0,제 31 기
sm_entertainment,SM Entertainment,00260930,041510,KRW,FY2025,2025,11011,Annual report,20260317000781,SCE,자본변동표,-표준계정코드 미사용-,관계기업의 기타자본 변동,연결재무제표 [member],-83578339,제 29 기,2025,KRW,,36951856,제 30 기,,,15,11011,fnlttSinglAcntAll,,-33276183,제 31 기
sm_entertainment,SM Entertainment,00260930,041510,KRW,FY2025,2025,11011,Annual report,20260317000781,SCE,자본변동표,-표준계정코드 미사용-,관계기업의 기타자본 변동,자본 [구성요소]|비지배지분 [구성요소],3428732,제 29 기,2025,KRW,,675452,제 30 기,,,15,11011,fnlttSinglAcntAll,,2462820,제 31 기
sm_entertainment,SM Entertainment,00260930,041510,KRW,FY2025,2025,11011,Annual report,20260317000781,SCE,자본변동표,-표준계정코드 미사용-,관계기업의 기타자본 변동,자본 [구성요소]|지배기업의 소유주에게 귀속되는 지분 [구성요소],-87007071,제 29 기,2025,KRW,,36276404,제 30 기,,,15,11011,fnlttSinglAcntAll,,-35739003,제 31 기
sm_entertainment,SM Entertainment,00260930,041510,KRW,FY2025,2025,11011,Annual report,20260317000781,SCE,자본변동표,-표준계정코드 미사용-,관계기업의 기타자본 변동,자본 [구성요소]|지배기업의 소유주에게 귀속되는 지분 [구성요소]|기타자본구성요소 [구성요소],-87007071,제 29 기,2025,KRW,,36276404,제 30 기,,,15,11011,fnlttSinglAcntAll,,-35739003,제 31 기
sm_entertainment,SM Entertainment,00260930,041510,KRW,FY2025,2025,11011,Annual report,20260317000781,SCE,자본변동표,-표준계정코드 미사용-,관계기업의 기타자본 변동,자본 [구성요소]|지배기업의 소유주에게 귀속되는 지분 [구성요소]|기타포괄손익누계액 [구성요소],0,제 29 기,2025,KRW,,0,제 30 기,,,15,11011,fnlttSinglAcntAll,,0,제 31 기
sm_entertainment,SM Entertainment,00260930,041510,KRW,FY2025,2025,11011,Annual report,20260317000781,SCE,자본변동표,-표준계정코드 미사용-,관계기업의 기타자본 변동,자본 [구성요소]|지배기업의 소유주에게 귀속되는 지분 [구성요소]|이익잉여금 [구성요소],0,제 29 기,2025,KRW,,0,제 30 기,,,15,11011,fnlttSinglAcntAll,,0,제 31 기
sm_entertainment,SM Entertainment,00260930,041510,KRW,FY2025,2025,11011,Annual report,20260317000781,SCE,자본변동표,-표준계정코드 미사용-,관계기업의 기타자본 변동,자본 [구성요소]|지배기업의 소유주에게 귀속되는 지분 [구성요소]|자본금 [구성요소],0,제 29 기,2025,KRW,,0,제 30 기,,,15,11011,fnlttSinglAcntAll,,0,제 31 기
sm_entertainment,SM Entertainment,00260930,041510,KRW,FY2025,2025,11011,Annual report,20260317000781,SCE,자본변동표,-표준계정코드 미사용-,관계기업의 기타자본 변동,자본 [구성요소]|지배기업의 소유주에게 귀속되는 지분 [구성요소]|자본잉여금 [구성요소],0,제 29 기,2025,KRW,,0,제 30 기,,,15,11011,fnlttSinglAcntAll,,0,제 31 기
sm_entertainment,SM Entertainment,00260930,041510,KRW,FY2025,2025,11011,Annual report,20260317000781,SCE,자본변동표,-표준계정코드 미사용-,주식선택권의 행사,연결재무제표 [member],1125696000,제 29 기,2025,KRW,,0,제 30 기,,,16,11011,fnlttSinglAcntAll,,0,제 31 기
sm_entertainment,SM Entertainment,00260930,041510,KRW,FY2025,2025,11011,Annual report,20260317000781,SCE,자본변동표,-표준계정코드 미사용-,주식선택권의 행사,자본 [구성요소]|비지배지분 [구성요소],0,제 29 기,2025,KRW,,0,제 30 기,,,16,11011,fnlttSinglAcntAll,,0,제 31 기
sm_entertainment,SM Entertainment,00260930,041510,KRW,FY2025,2025,11011,Annual report,20260317000781,SCE,자본변동표,-표준계정코드 미사용-,주식선택권의 행사,자본 [구성요소]|지배기업의 소유주에게 귀속되는 지분 [구성요소],1125696000,제 29 기,2025,KRW,,0,제 30 기,,,16,11011,fnlttSinglAcntAll,,0,제 31 기
sm_entertainment,SM Entertainment,00260930,041510,KRW,FY2025,2025,11011,Annual report,20260317000781,SCE,자본변동표,-표준계정코드 미사용-,주식선택권의 행사,자본 [구성요소]|지배기업의 소유주에게 귀속되는 지분 [구성요소]|기타자본구성요소 [구성요소],-443335200,제 29 기,2025,KRW,,0,제 30 기,,,16,11011,fnlttSinglAcntAll,,0,제 31 기
sm_entertainment,SM Entertainment,00260930,041510,KRW,FY2025,2025,11011,Annual report,20260317000781,SCE,자본변동표,-표준계정코드 미사용-,주식선택권의 행사,자본 [구성요소]|지배기업의 소유주에게 귀속되는 지분 [구성요소]|기타포괄손익누계액 [구성요소],0,제 29 기,2025,KRW,,0,제 30 기,,,16,11011,fnlttSinglAcntAll,,0,제 31 기
sm_entertainment,SM Entertainment,00260930,041510,KRW,FY2025,2025,11011,Annual report,20260317000781,SCE,자본변동표,-표준계정코드 미사용-,주식선택권의 행사,자본 [구성요소]|지배기업의 소유주에게 귀속되는 지분 [구성요소]|이익잉여금 [구성요소],0,제 29 기,2025,KRW,,0,제 30 기,,,16,11011,fnlttSinglAcntAll,,0,제 31 기
sm_entertainment,SM Entertainment,00260930,041510,KRW,FY2025,2025,11011,Annual report,20260317000781,SCE,자본변동표,-표준계정코드 미사용-,주식선택권의 행사,자본 [구성요소]|지배기업의 소유주에게 귀속되는 지분 [구성요소]|자본금 [구성요소],13200000,제 29 기,2025,KRW,,0,제 30 기,,,16,11011,fnlttSinglAcntAll,,0,제 31 기
sm_entertainment,SM Entertainment,00260930,041510,KRW,FY2025,2025,11011,Annual report,20260317000781,SCE,자본변동표,-표준계정코드 미사용-,주식선택권의 행사,자본 [구성요소]|지배기업의 소유주에게 귀속되는 지분 [구성요소]|자본잉여금 [구성요소],1555831200,제 29 기,2025,KRW,,0,제 30 기,,,16,11011,fnlttSinglAcntAll,,0,제 31 기
sm_entertainment,SM Entertainment,00260930,041510,KRW,FY2025,2025,11011,Annual report,20260317000781,SCE,자본변동표,-표준계정코드 미사용-,주식선택권의 소멸,연결재무제표 [member],0,제 29 기,2025,KRW,,0,제 30 기,,,17,11011,fnlttSinglAcntAll,,0,제 31 기
sm_entertainment,SM Entertainment,00260930,041510,KRW,FY2025,2025,11011,Annual report,20260317000781,SCE,자본변동표,-표준계정코드 미사용-,주식선택권의 소멸,자본 [구성요소]|비지배지분 [구성요소],0,제 29 기,2025,KRW,,-803608880,제 30 기,,,17,11011,fnlttSinglAcntAll,,-1751418606,제 31 기
sm_entertainment,SM Entertainment,00260930,041510,KRW,FY2025,2025,11011,Annual report,20260317000781,SCE,자본변동표,-표준계정코드 미사용-,주식선택권의 소멸,자본 [구성요소]|지배기업의 소유주에게 귀속되는 지분 [구성요소],0,제 29 기,2025,KRW,,803608880,제 30 기,,,17,11011,fnlttSinglAcntAll,,1751418606,제 31 기
sm_entertainment,SM Entertainment,00260930,041510,KRW,FY2025,2025,11011,Annual report,20260317000781,SCE,자본변동표,-표준계정코드 미사용-,주식선택권의 소멸,자본 [구성요소]|지배기업의 소유주에게 귀속되는 지분 [구성요소]|기타자본구성요소 [구성요소],-36414353,제 29 기,2025,KRW,,0,제 30 기,,,17,11011,fnlttSinglAcntAll,,0,제 31 기
sm_entertainment,SM Entertainment,00260930,041510,KRW,FY2025,2025,11011,Annual report,20260317000781,SCE,자본변동표,-표준계정코드 미사용-,주식선택권의 소멸,자본 [구성요소]|지배기업의 소유주에게 귀속되는 지분 [구성요소]|기타포괄손익누계액 [구성요소],0,제 29 기,2025,KRW,,0,제 30 기,,,17,11011,fnlttSinglAcntAll,,0,제 31 기
sm_entertainment,SM Entertainment,00260930,041510,KRW,FY2025,2025,11011,Annual report,20260317000781,SCE,자본변동표,-표준계정코드 미사용-,주식선택권의 소멸,자본 [구성요소]|지배기업의 소유주에게 귀속되는 지분 [구성요소]|이익잉여금 [구성요소],0,제 29 기,2025,KRW,,0,제 30 기,,,17,11011,fnlttSinglAcntAll,,0,제 31 기
sm_entertainment,SM Entertainment,00260930,041510,KRW,FY2025,2025,11011,Annual report,20260317000781,SCE,자본변동표,-표준계정코드 미사용-,주식선택권의 소멸,자본 [구성요소]|지배기업의 소유주에게 귀속되는 지분 [구성요소]|자본금 [구성요소],0,제 29 기,2025,KRW,,0,제 30 기,,,17,11011,fnlttSinglAcntAll,,0,제 31 기
sm_entertainment,SM Entertainment,00260930,041510,KRW,FY2025,2025,11011,Annual report,20260317000781,SCE,자본변동표,-표준계정코드 미사용-,주식선택권의 소멸,자본 [구성요소]|지배기업의 소유주에게 귀속되는 지분 [구성요소]|자본잉여금 [구성요소],36414353,제 29 기,2025,KRW,,803608880,제 30 기,,,17,11011,fnlttSinglAcntAll,,1751418606,제 31 기
sm_entertainment,SM Entertainment,00260930,041510,KRW,FY2025,2025,11011,Annual report,20260317000781,SCE,자본변동표,-표준계정코드 미사용-,관계기업투자주식 처분에 따른 자본 내 재분류,연결재무제표 [member],0,제 29 기,2025,KRW,,0,제 30 기,,,18,11011,fnlttSinglAcntAll,,0,제 31 기
sm_entertainment,SM Entertainment,00260930,041510,KRW,FY2025,2025,11011,Annual report,20260317000781,SCE,자본변동표,-표준계정코드 미사용-,관계기업투자주식 처분에 따른 자본 내 재분류,자본 [구성요소]|비지배지분 [구성요소],0,제 29 기,2025,KRW,,0,제 30 기,,,18,11011,fnlttSinglAcntAll,,0,제 31 기
sm_entertainment,SM Entertainment,00260930,041510,KRW,FY2025,2025,11011,Annual report,20260317000781,SCE,자본변동표,-표준계정코드 미사용-,관계기업투자주식 처분에 따른 자본 내 재분류,자본 [구성요소]|지배기업의 소유주에게 귀속되는 지분 [구성요소],0,제 29 기,2025,KRW,,0,제 30 기,,,18,11011,fnlttSinglAcntAll,,0,제 31 기
sm_entertainment,SM Entertainment,00260930,041510,KRW,FY2025,2025,11011,Annual report,20260317000781,SCE,자본변동표,-표준계정코드 미사용-,관계기업투자주식 처분에 따른 자본 내 재분류,자본 [구성요소]|지배기업의 소유주에게 귀속되는 지분 [구성요소]|기타자본구성요소 [구성요소],0,제 29 기,2025,KRW,,0,제 30 기,,,18,11011,fnlttSinglAcntAll,,0,제 31 기
sm_entertainment,SM Entertainment,00260930,041510,KRW,FY2025,2025,11011,Annual report,20260317000781,SCE,자본변동표,-표준계정코드 미사용-,관계기업투자주식 처분에 따른 자본 내 재분류,자본 [구성요소]|지배기업의 소유주에게 귀속되는 지분 [구성요소]|기타포괄손익누계액 [구성요소],0,제 29 기,2025,KRW,,0,제 30 기,,,18,11011,fnlttSinglAcntAll,,118699068,제 31 기
sm_entertainment,SM Entertainment,00260930,041510,KRW,FY2025,2025,11011,Annual report,20260317000781,SCE,자본변동표,-표준계정코드 미사용-,관계기업투자주식 처분에 따른 자본 내 재분류,자본 [구성요소]|지배기업의 소유주에게 귀속되는 지분 [구성요소]|이익잉여금 [구성요소],0,제 29 기,2025,KRW,,0,제 30 기,,,18,11011,fnlttSinglAcntAll,,-118699068,제 31 기
sm_entertainment,SM Entertainment,00260930,041510,KRW,FY2025,2025,11011,Annual report,20260317000781,SCE,자본변동표,-표준계정코드 미사용-,관계기업투자주식 처분에 따른 자본 내 재분류,자본 [구성요소]|지배기업의 소유주에게 귀속되는 지분 [구성요소]|자본금 [구성요소],0,제 29 기,2025,KRW,,0,제 30 기,,,18,11011,fnlttSinglAcntAll,,0,제 31 기
sm_entertainment,SM Entertainment,00260930,041510,KRW,FY2025,2025,11011,Annual report,20260317000781,SCE,자본변동표,-표준계정코드 미사용-,관계기업투자주식 처분에 따른 자본 내 재분류,자본 [구성요소]|지배기업의 소유주에게 귀속되는 지분 [구성요소]|자본잉여금 [구성요소],0,제 29 기,2025,KRW,,0,제 30 기,,,18,11011,fnlttSinglAcntAll,,0,제 31 기
sm_entertainment,SM Entertainment,00260930,041510,KRW,FY2025,2025,11011,Annual report,20260317000781,SCE,자본변동표,-표준계정코드 미사용-,주식보상비용의 인식,연결재무제표 [member],-25694239,제 29 기,2025,KRW,,734486569,제 30 기,,,19,11011,fnlttSinglAcntAll,,197431883,제 31 기
sm_entertainment,SM Entertainment,00260930,041510,KRW,FY2025,2025,11011,Annual report,20260317000781,SCE,자본변동표,-표준계정코드 미사용-,주식보상비용의 인식,자본 [구성요소]|비지배지분 [구성요소],-25694239,제 29 기,2025,KRW,,734486569,제 30 기,,,19,11011,fnlttSinglAcntAll,,197431883,제 31 기
sm_entertainment,SM Entertainment,00260930,041510,KRW,FY2025,2025,11011,Annual report,20260317000781,SCE,자본변동표,-표준계정코드 미사용-,주식보상비용의 인식,자본 [구성요소]|지배기업의 소유주에게 귀속되는 지분 [구성요소],0,제 29 기,2025,KRW,,0,제 30 기,,,19,11011,fnlttSinglAcntAll,,0,제 31 기
sm_entertainment,SM Entertainment,00260930,041510,KRW,FY2025,2025,11011,Annual report,20260317000781,SCE,자본변동표,-표준계정코드 미사용-,주식보상비용의 인식,자본 [구성요소]|지배기업의 소유주에게 귀속되는 지분 [구성요소]|기타자본구성요소 [구성요소],0,제 29 기,2025,KRW,,0,제 30 기,,,19,11011,fnlttSinglAcntAll,,0,제 31 기
sm_entertainment,SM Entertainment,00260930,041510,KRW,FY2025,2025,11011,Annual report,20260317000781,SCE,자본변동표,-표준계정코드 미사용-,주식보상비용의 인식,자본 [구성요소]|지배기업의 소유주에게 귀속되는 지분 [구성요소]|기타포괄손익누계액 [구성요소],0,제 29 기,2025,KRW,,0,제 30 기,,,19,11011,fnlttSinglAcntAll,,0,제 31 기
sm_entertainment,SM Entertainment,00260930,041510,KRW,FY2025,2025,11011,Annual report,20260317000781,SCE,자본변동표,-표준계정코드 미사용-,주식보상비용의 인식,자본 [구성요소]|지배기업의 소유주에게 귀속되는 지분 [구성요소]|이익잉여금 [구성요소],0,제 29 기,2025,KRW,,0,제 30 기,,,19,11011,fnlttSinglAcntAll,,0,제 31 기
sm_entertainment,SM Entertainment,00260930,041510,KRW,FY2025,2025,11011,Annual report,20260317000781,SCE,자본변동표,-표준계정코드 미사용-,주식보상비용의 인식,자본 [구성요소]|지배기업의 소유주에게 귀속되는 지분 [구성요소]|자본금 [구성요소],0,제 29 기,2025,KRW,,0,제 30 기,,,19,11011,fnlttSinglAcntAll,,0,제 31 기
sm_entertainment,SM Entertainment,00260930,041510,KRW,FY2025,2025,11011,Annual report,20260317000781,SCE,자본변동표,-표준계정코드 미사용-,주식보상비용의 인식,자본 [구성요소]|지배기업의 소유주에게 귀속되는 지분 [구성요소]|자본잉여금 [구성요소],0,제 29 기,2025,KRW,,0,제 30 기,,,19,11011,fnlttSinglAcntAll,,0,제 31 기
sm_entertainment,SM Entertainment,00260930,041510,KRW,FY2025,2025,11011,Annual report,20260317000781,SCE,자본변동표,-표준계정코드 미사용-,주식선택권 관련 기타변동,연결재무제표 [member],264958844,제 29 기,2025,KRW,,0,제 30 기,,,20,11011,fnlttSinglAcntAll,,0,제 31 기
sm_entertainment,SM Entertainment,00260930,041510,KRW,FY2025,2025,11011,Annual report,20260317000781,SCE,자본변동표,-표준계정코드 미사용-,주식선택권 관련 기타변동,자본 [구성요소]|비지배지분 [구성요소],0,제 29 기,2025,KRW,,0,제 30 기,,,20,11011,fnlttSinglAcntAll,,0,제 31 기
sm_entertainment,SM Entertainment,00260930,041510,KRW,FY2025,2025,11011,Annual report,20260317000781,SCE,자본변동표,-표준계정코드 미사용-,주식선택권 관련 기타변동,자본 [구성요소]|지배기업의 소유주에게 귀속되는 지분 [구성요소],264958844,제 29 기,2025,KRW,,0,제 30 기,,,20,11011,fnlttSinglAcntAll,,0,제 31 기
sm_entertainment,SM Entertainment,00260930,041510,KRW,FY2025,2025,11011,Annual report,20260317000781,SCE,자본변동표,-표준계정코드 미사용-,주식선택권 관련 기타변동,자본 [구성요소]|지배기업의 소유주에게 귀속되는 지분 [구성요소]|기타자본구성요소 [구성요소],0,제 29 기,2025,KRW,,0,제 30 기,,,20,11011,fnlttSinglAcntAll,,0,제 31 기
sm_entertainment,SM Entertainment,00260930,041510,KRW,FY2025,2025,11011,Annual report,20260317000781,SCE,자본변동표,-표준계정코드 미사용-,주식선택권 관련 기타변동,자본 [구성요소]|지배기업의 소유주에게 귀속되는 지분 [구성요소]|기타포괄손익누계액 [구성요소],0,제 29 기,2025,KRW,,0,제 30 기,,,20,11011,fnlttSinglAcntAll,,0,제 31 기
sm_entertainment,SM Entertainment,00260930,041510,KRW,FY2025,2025,11011,Annual report,20260317000781,SCE,자본변동표,-표준계정코드 미사용-,주식선택권 관련 기타변동,자본 [구성요소]|지배기업의 소유주에게 귀속되는 지분 [구성요소]|이익잉여금 [구성요소],0,제 29 기,2025,KRW,,0,제 30 기,,,20,11011,fnlttSinglAcntAll,,0,제 31 기
sm_entertainment,SM Entertainment,00260930,041510,KRW,FY2025,2025,11011,Annual report,20260317000781,SCE,자본변동표,-표준계정코드 미사용-,주식선택권 관련 기타변동,자본 [구성요소]|지배기업의 소유주에게 귀속되는 지분 [구성요소]|자본금 [구성요소],0,제 29 기,2025,KRW,,0,제 30 기,,,20,11011,fnlttSinglAcntAll,,0,제 31 기
sm_entertainment,SM Entertainment,00260930,041510,KRW,FY2025,2025,11011,Annual report,20260317000781,SCE,자본변동표,-표준계정코드 미사용-,주식선택권 관련 기타변동,자본 [구성요소]|지배기업의 소유주에게 귀속되는 지분 [구성요소]|자본잉여금 [구성요소],264958844,제 29 기,2025,KRW,,0,제 30 기,,,20,11011,fnlttSinglAcntAll,,0,제 31 기
sm_entertainment,SM Entertainment,00260930,041510,KRW,FY2025,2025,11011,Annual report,20260317000781,SCE,자본변동표,ifrs-full_CancellationOfTreasuryShares,자기주식의 이익소각,연결재무제표 [member],0,제 29 기,2025,KRW,,0,제 30 기,,,21,11011,fnlttSinglAcntAll,,0,제 31 기
sm_entertainment,SM Entertainment,00260930,041510,KRW,FY2025,2025,11011,Annual report,20260317000781,SCE,자본변동표,ifrs-full_CancellationOfTreasuryShares,자기주식의 이익소각,자본 [구성요소]|비지배지분 [구성요소],0,제 29 기,2025,KRW,,0,제 30 기,,,21,11011,fnlttSinglAcntAll,,0,제 31 기
sm_entertainment,SM Entertainment,00260930,041510,KRW,FY2025,2025,11011,Annual report,20260317000781,SCE,자본변동표,ifrs-full_CancellationOfTreasuryShares,자기주식의 이익소각,자본 [구성요소]|지배기업의 소유주에게 귀속되는 지분 [구성요소],0,제 29 기,2025,KRW,,0,제 30 기,,,21,11011,fnlttSinglAcntAll,,0,제 31 기
sm_entertainment,SM Entertainment,00260930,041510,KRW,FY2025,2025,11011,Annual report,20260317000781,SCE,자본변동표,ifrs-full_CancellationOfTreasuryShares,자기주식의 이익소각,자본 [구성요소]|지배기업의 소유주에게 귀속되는 지분 [구성요소]|기타자본구성요소 [구성요소],0,제 29 기,2025,KRW,,35684132570,제 30 기,,,21,11011,fnlttSinglAcntAll,,39321743365,제 31 기
sm_entertainment,SM Entertainment,00260930,041510,KRW,FY2025,2025,11011,Annual report,20260317000781,SCE,자본변동표,ifrs-full_CancellationOfTreasuryShares,자기주식의 이익소각,자본 [구성요소]|지배기업의 소유주에게 귀속되는 지분 [구성요소]|기타포괄손익누계액 [구성요소],0,제 29 기,2025,KRW,,0,제 30 기,,,21,11011,fnlttSinglAcntAll,,0,제 31 기
sm_entertainment,SM Entertainment,00260930,041510,KRW,FY2025,2025,11011,Annual report,20260317000781,SCE,자본변동표,ifrs-full_CancellationOfTreasuryShares,자기주식의 이익소각,자본 [구성요소]|지배기업의 소유주에게 귀속되는 지분 [구성요소]|이익잉여금 [구성요소],0,제 29 기,2025,KRW,,-35684132570,제 30 기,,,21,11011,fnlttSinglAcntAll,,-39321743365,제 31 기
sm_entertainment,SM Entertainment,00260930,041510,KRW,FY2025,2025,11011,Annual report,20260317000781,SCE,자본변동표,ifrs-full_CancellationOfTreasuryShares,자기주식의 이익소각,자본 [구성요소]|지배기업의 소유주에게 귀속되는 지분 [구성요소]|자본금 [구성요소],0,제 29 기,2025,KRW,,0,제 30 기,,,21,11011,fnlttSinglAcntAll,,0,제 31 기
sm_entertainment,SM Entertainment,00260930,041510,KRW,FY2025,2025,11011,Annual report,20260317000781,SCE,자본변동표,ifrs-full_CancellationOfTreasuryShares,자기주식의 이익소각,자본 [구성요소]|지배기업의 소유주에게 귀속되는 지분 [구성요소]|자본잉여금 [구성요소],0,제 29 기,2025,KRW,,0,제 30 기,,,21,11011,fnlttSinglAcntAll,,0,제 31 기
sm_entertainment,SM Entertainment,00260930,041510,KRW,FY2025,2025,11011,Annual report,20260317000781,SCE,자본변동표,ifrs-full_DividendsPaid,현금배당,연결재무제표 [member],28373179200,제 29 기,2025,KRW,,28126394400,제 30 기,,,22,11011,fnlttSinglAcntAll,,9453981701,제 31 기
sm_entertainment,SM Entertainment,00260930,041510,KRW,FY2025,2025,11011,Annual report,20260317000781,SCE,자본변동표,ifrs-full_DividendsPaid,현금배당,자본 [구성요소]|비지배지분 [구성요소],0,제 29 기,2025,KRW,,0,제 30 기,,,22,11011,fnlttSinglAcntAll,,296105701,제 31 기
sm_entertainment,SM Entertainment,00260930,041510,KRW,FY2025,2025,11011,Annual report,20260317000781,SCE,자본변동표,ifrs-full_DividendsPaid,현금배당,자본 [구성요소]|지배기업의 소유주에게 귀속되는 지분 [구성요소],28373179200,제 29 기,2025,KRW,,28126394400,제 30 기,,,22,11011,fnlttSinglAcntAll,,9157876000,제 31 기
sm_entertainment,SM Entertainment,00260930,041510,KRW,FY2025,2025,11011,Annual report,20260317000781,SCE,자본변동표,ifrs-full_DividendsPaid,현금배당,자본 [구성요소]|지배기업의 소유주에게 귀속되는 지분 [구성요소]|기타자본구성요소 [구성요소],0,제 29 기,2025,KRW,,0,제 30 기,,,22,11011,fnlttSinglAcntAll,,0,제 31 기
sm_entertainment,SM Entertainment,00260930,041510,KRW,FY2025,2025,11011,Annual report,20260317000781,SCE,자본변동표,ifrs-full_DividendsPaid,현금배당,자본 [구성요소]|지배기업의 소유주에게 귀속되는 지분 [구성요소]|기타포괄손익누계액 [구성요소],0,제 29 기,2025,KRW,,0,제 30 기,,,22,11011,fnlttSinglAcntAll,,0,제 31 기
sm_entertainment,SM Entertainment,00260930,041510,KRW,FY2025,2025,11011,Annual report,20260317000781,SCE,자본변동표,ifrs-full_DividendsPaid,현금배당,자본 [구성요소]|지배기업의 소유주에게 귀속되는 지분 [구성요소]|이익잉여금 [구성요소],28373179200,제 29 기,2025,KRW,,28126394400,제 30 기,,,22,11011,fnlttSinglAcntAll,,9157876000,제 31 기
sm_entertainment,SM Entertainment,00260930,041510,KRW,FY2025,2025,11011,Annual report,20260317000781,SCE,자본변동표,ifrs-full_DividendsPaid,현금배당,자본 [구성요소]|지배기업의 소유주에게 귀속되는 지분 [구성요소]|자본금 [구성요소],0,제 29 기,2025,KRW,,0,제 30 기,,,22,11011,fnlttSinglAcntAll,,0,제 31 기
sm_entertainment,SM Entertainment,00260930,041510,KRW,FY2025,2025,11011,Annual report,20260317000781,SCE,자본변동표,ifrs-full_DividendsPaid,현금배당,자본 [구성요소]|지배기업의 소유주에게 귀속되는 지분 [구성요소]|자본잉여금 [구성요소],0,제 29 기,2025,KRW,,0,제 30 기,,,22,11011,fnlttSinglAcntAll,,0,제 31 기
sm_entertainment,SM Entertainment,00260930,041510,KRW,FY2025,2025,11011,Annual report,20260317000781,SCE,자본변동표,ifrs-full_IncreaseDecreaseThroughChangesInOwnershipInterestsInSubsidiariesThatDoNotResultInLossOfControl,종속기업의 유상증자 및 지분율 변동 등,연결재무제표 [member],-3118618068,제 29 기,2025,KRW,,-14564815146,제 30 기,,,23,11011,fnlttSinglAcntAll,,1714348099,제 31 기
sm_entertainment,SM Entertainment,00260930,041510,KRW,FY2025,2025,11011,Annual report,20260317000781,SCE,자본변동표,ifrs-full_IncreaseDecreaseThroughChangesInOwnershipInterestsInSubsidiariesThatDoNotResultInLossOfControl,종속기업의 유상증자 및 지분율 변동 등,자본 [구성요소]|비지배지분 [구성요소],3564438565,제 29 기,2025,KRW,,-5643931724,제 30 기,,,23,11011,fnlttSinglAcntAll,,3475263226,제 31 기
sm_entertainment,SM Entertainment,00260930,041510,KRW,FY2025,2025,11011,Annual report,20260317000781,SCE,자본변동표,ifrs-full_IncreaseDecreaseThroughChangesInOwnershipInterestsInSubsidiariesThatDoNotResultInLossOfControl,종속기업의 유상증자 및 지분율 변동 등,자본 [구성요소]|지배기업의 소유주에게 귀속되는 지분 [구성요소],-6683056633,제 29 기,2025,KRW,,-8920883422,제 30 기,,,23,11011,fnlttSinglAcntAll,,-1760915127,제 31 기
sm_entertainment,SM Entertainment,00260930,041510,KRW,FY2025,2025,11011,Annual report,20260317000781,SCE,자본변동표,ifrs-full_IncreaseDecreaseThroughChangesInOwnershipInterestsInSubsidiariesThatDoNotResultInLossOfControl,종속기업의 유상증자 및 지분율 변동 등,자본 [구성요소]|지배기업의 소유주에게 귀속되는 지분 [구성요소]|기타자본구성요소 [구성요소],0,제 29 기,2025,KRW,,0,제 30 기,,,23,11011,fnlttSinglAcntAll,,0,제 31 기
sm_entertainment,SM Entertainment,00260930,041510,KRW,FY2025,2025,11011,Annual report,20260317000781,SCE,자본변동표,ifrs-full_IncreaseDecreaseThroughChangesInOwnershipInterestsInSubsidiariesThatDoNotResultInLossOfControl,종속기업의 유상증자 및 지분율 변동 등,자본 [구성요소]|지배기업의 소유주에게 귀속되는 지분 [구성요소]|기타포괄손익누계액 [구성요소],0,제 29 기,2025,KRW,,0,제 30 기,,,23,11011,fnlttSinglAcntAll,,0,제 31 기
sm_entertainment,SM Entertainment,00260930,041510,KRW,FY2025,2025,11011,Annual report,20260317000781,SCE,자본변동표,ifrs-full_IncreaseDecreaseThroughChangesInOwnershipInterestsInSubsidiariesThatDoNotResultInLossOfControl,종속기업의 유상증자 및 지분율 변동 등,자본 [구성요소]|지배기업의 소유주에게 귀속되는 지분 [구성요소]|이익잉여금 [구성요소],0,제 29 기,2025,KRW,,0,제 30 기,,,23,11011,fnlttSinglAcntAll,,0,제 31 기
sm_entertainment,SM Entertainment,00260930,041510,KRW,FY2025,2025,11011,Annual report,20260317000781,SCE,자본변동표,ifrs-full_IncreaseDecreaseThroughChangesInOwnershipInterestsInSubsidiariesThatDoNotResultInLossOfControl,종속기업의 유상증자 및 지분율 변동 등,자본 [구성요소]|지배기업의 소유주에게 귀속되는 지분 [구성요소]|자본금 [구성요소],0,제 29 기,2025,KRW,,0,제 30 기,,,23,11011,fnlttSinglAcntAll,,0,제 31 기
sm_entertainment,SM Entertainment,00260930,041510,KRW,FY2025,2025,11011,Annual report,20260317000781,SCE,자본변동표,ifrs-full_IncreaseDecreaseThroughChangesInOwnershipInterestsInSubsidiariesThatDoNotResultInLossOfControl,종속기업의 유상증자 및 지분율 변동 등,자본 [구성요소]|지배기업의 소유주에게 귀속되는 지분 [구성요소]|자본잉여금 [구성요소],-6683056633,제 29 기,2025,KRW,,-8920883422,제 30 기,,,23,11011,fnlttSinglAcntAll,,-1760915127,제 31 기
sm_entertainment,SM Entertainment,00260930,041510,KRW,FY2025,2025,11011,Annual report,20260317000781,SCE,자본변동표,ifrs-full_PurchaseOfTreasuryShares,자기주식의 취득,연결재무제표 [member],26453305900,제 29 기,2025,KRW,,46124872500,제 30 기,,,24,11011,fnlttSinglAcntAll,,0,제 31 기
sm_entertainment,SM Entertainment,00260930,041510,KRW,FY2025,2025,11011,Annual report,20260317000781,SCE,자본변동표,ifrs-full_PurchaseOfTreasuryShares,자기주식의 취득,자본 [구성요소]|비지배지분 [구성요소],0,제 29 기,2025,KRW,,0,제 30 기,,,24,11011,fnlttSinglAcntAll,,0,제 31 기
sm_entertainment,SM Entertainment,00260930,041510,KRW,FY2025,2025,11011,Annual report,20260317000781,SCE,자본변동표,ifrs-full_PurchaseOfTreasuryShares,자기주식의 취득,자본 [구성요소]|지배기업의 소유주에게 귀속되는 지분 [구성요소],26453305900,제 29 기,2025,KRW,,46124872500,제 30 기,,,24,11011,fnlttSinglAcntAll,,0,제 31 기
sm_entertainment,SM Entertainment,00260930,041510,KRW,FY2025,2025,11011,Annual report,20260317000781,SCE,자본변동표,ifrs-full_PurchaseOfTreasuryShares,자기주식의 취득,자본 [구성요소]|지배기업의 소유주에게 귀속되는 지분 [구성요소]|기타자본구성요소 [구성요소],26453305900,제 29 기,2025,KRW,,46124872500,제 30 기,,,24,11011,fnlttSinglAcntAll,,0,제 31 기
sm_entertainment,SM Entertainment,00260930,041510,KRW,FY2025,2025,11011,Annual report,20260317000781,SCE,자본변동표,ifrs-full_PurchaseOfTreasuryShares,자기주식의 취득,자본 [구성요소]|지배기업의 소유주에게 귀속되는 지분 [구성요소]|기타포괄손익누계액 [구성요소],0,제 29 기,2025,KRW,,0,제 30 기,,,24,11011,fnlttSinglAcntAll,,0,제 31 기
sm_entertainment,SM Entertainment,00260930,041510,KRW,FY2025,2025,11011,Annual report,20260317000781,SCE,자본변동표,ifrs-full_PurchaseOfTreasuryShares,자기주식의 취득,자본 [구성요소]|지배기업의 소유주에게 귀속되는 지분 [구성요소]|이익잉여금 [구성요소],0,제 29 기,2025,KRW,,0,제 30 기,,,24,11011,fnlttSinglAcntAll,,0,제 31 기
sm_entertainment,SM Entertainment,00260930,041510,KRW,FY2025,2025,11011,Annual report,20260317000781,SCE,자본변동표,ifrs-full_PurchaseOfTreasuryShares,자기주식의 취득,자본 [구성요소]|지배기업의 소유주에게 귀속되는 지분 [구성요소]|자본금 [구성요소],0,제 29 기,2025,KRW,,0,제 30 기,,,24,11011,fnlttSinglAcntAll,,0,제 31 기
sm_entertainment,SM Entertainment,00260930,041510,KRW,FY2025,2025,11011,Annual report,20260317000781,SCE,자본변동표,ifrs-full_PurchaseOfTreasuryShares,자기주식의 취득,자본 [구성요소]|지배기업의 소유주에게 귀속되는 지분 [구성요소]|자본잉여금 [구성요소],0,제 29 기,2025,KRW,,0,제 30 기,,,24,11011,fnlttSinglAcntAll,,0,제 31 기
sm_entertainment,SM Entertainment,00260930,041510,KRW,FY2025,2025,11011,Annual report,20260317000781,SCE,자본변동표,ifrs-full_SaleOrIssueOfTreasuryShares,자기주식의 처분,연결재무제표 [member],0,제 29 기,2025,KRW,,1983517233,제 30 기,,,25,11011,fnlttSinglAcntAll,,0,제 31 기
sm_entertainment,SM Entertainment,00260930,041510,KRW,FY2025,2025,11011,Annual report,20260317000781,SCE,자본변동표,ifrs-full_SaleOrIssueOfTreasuryShares,자기주식의 처분,자본 [구성요소]|비지배지분 [구성요소],0,제 29 기,2025,KRW,,0,제 30 기,,,25,11011,fnlttSinglAcntAll,,0,제 31 기
sm_entertainment,SM Entertainment,00260930,041510,KRW,FY2025,2025,11011,Annual report,20260317000781,SCE,자본변동표,ifrs-full_SaleOrIssueOfTreasuryShares,자기주식의 처분,자본 [구성요소]|지배기업의 소유주에게 귀속되는 지분 [구성요소],0,제 29 기,2025,KRW,,1983517233,제 30 기,,,25,11011,fnlttSinglAcntAll,,0,제 31 기
sm_entertainment,SM Entertainment,00260930,041510,KRW,FY2025,2025,11011,Annual report,20260317000781,SCE,자본변동표,ifrs-full_SaleOrIssueOfTreasuryShares,자기주식의 처분,자본 [구성요소]|지배기업의 소유주에게 귀속되는 지분 [구성요소]|기타자본구성요소 [구성요소],0,제 29 기,2025,KRW,,2412042360,제 30 기,,,25,11011,fnlttSinglAcntAll,,0,제 31 기
sm_entertainment,SM Entertainment,00260930,041510,KRW,FY2025,2025,11011,Annual report,20260317000781,SCE,자본변동표,ifrs-full_SaleOrIssueOfTreasuryShares,자기주식의 처분,자본 [구성요소]|지배기업의 소유주에게 귀속되는 지분 [구성요소]|기타포괄손익누계액 [구성요소],0,제 29 기,2025,KRW,,0,제 30 기,,,25,11011,fnlttSinglAcntAll,,0,제 31 기
sm_entertainment,SM Entertainment,00260930,041510,KRW,FY2025,2025,11011,Annual report,20260317000781,SCE,자본변동표,ifrs-full_SaleOrIssueOfTreasuryShares,자기주식의 처분,자본 [구성요소]|지배기업의 소유주에게 귀속되는 지분 [구성요소]|이익잉여금 [구성요소],0,제 29 기,2025,KRW,,0,제 30 기,,,25,11011,fnlttSinglAcntAll,,0,제 31 기
sm_entertainment,SM Entertainment,00260930,041510,KRW,FY2025,2025,11011,Annual report,20260317000781,SCE,자본변동표,ifrs-full_SaleOrIssueOfTreasuryShares,자기주식의 처분,자본 [구성요소]|지배기업의 소유주에게 귀속되는 지분 [구성요소]|자본금 [구성요소],0,제 29 기,2025,KRW,,0,제 30 기,,,25,11011,fnlttSinglAcntAll,,0,제 31 기
sm_entertainment,SM Entertainment,00260930,041510,KRW,FY2025,2025,11011,Annual report,20260317000781,SCE,자본변동표,ifrs-full_SaleOrIssueOfTreasuryShares,자기주식의 처분,자본 [구성요소]|지배기업의 소유주에게 귀속되는 지분 [구성요소]|자본잉여금 [구성요소],0,제 29 기,2025,KRW,,-428525127,제 30 기,,,25,11011,fnlttSinglAcntAll,,0,제 31 기
sm_entertainment,SM Entertainment,00260930,041510,KRW,Q1_2026,2026,11013,First-quarter report,20260515002991,BS,재무상태표,ifrs-full_Assets,자산총계,-,,,2026,KRW,,2007711293863,제 31 기말,,,7,11013,fnlttSinglAcntAll,,2010003561055,제 32 기 1분기말
sm_entertainment,SM Entertainment,00260930,041510,KRW,Q1_2026,2026,11013,First-quarter report,20260515002991,BS,재무상태표,ifrs-full_CurrentAssets,유동자산,-,,,2026,KRW,,980488931078,제 31 기말,,,8,11013,fnlttSinglAcntAll,,980171980085,제 32 기 1분기말
sm_entertainment,SM Entertainment,00260930,041510,KRW,Q1_2026,2026,11013,First-quarter report,20260515002991,BS,재무상태표,-표준계정코드 미사용-,공정가치측정금융자산,-,,,2026,KRW,,2332559870,제 31 기말,,,9,11013,fnlttSinglAcntAll,,70667812,제 32 기 1분기말
sm_entertainment,SM Entertainment,00260930,041510,KRW,Q1_2026,2026,11013,First-quarter report,20260515002991,BS,재무상태표,ifrs-full_CashAndCashEquivalents,현금및현금성자산,-,,,2026,KRW,,364611980599,제 31 기말,,,10,11013,fnlttSinglAcntAll,,335376134124,제 32 기 1분기말
sm_entertainment,SM Entertainment,00260930,041510,KRW,Q1_2026,2026,11013,First-quarter report,20260515002991,BS,재무상태표,ifrs-full_CurrentAdvancesToSuppliers,선급금,-,,,2026,KRW,,30194456234,제 31 기말,,,11,11013,fnlttSinglAcntAll,,36407379006,제 32 기 1분기말
sm_entertainment,SM Entertainment,00260930,041510,KRW,Q1_2026,2026,11013,First-quarter report,20260515002991,BS,재무상태표,ifrs-full_CurrentTaxAssets,당기법인세자산,-,,,2026,KRW,,3476016228,제 31 기말,,,12,11013,fnlttSinglAcntAll,,3220080361,제 32 기 1분기말
sm_entertainment,SM Entertainment,00260930,041510,KRW,Q1_2026,2026,11013,First-quarter report,20260515002991,BS,재무상태표,ifrs-full_CurrentTradeReceivables,매출채권,-,,,2026,KRW,,180333434374,제 31 기말,,,13,11013,fnlttSinglAcntAll,,190943213202,제 32 기 1분기말
sm_entertainment,SM Entertainment,00260930,041510,KRW,Q1_2026,2026,11013,First-quarter report,20260515002991,BS,재무상태표,ifrs-full_Inventories,재고자산,-,,,2026,KRW,,23905997449,제 31 기말,,,14,11013,fnlttSinglAcntAll,,23062437611,제 32 기 1분기말
sm_entertainment,SM Entertainment,00260930,041510,KRW,Q1_2026,2026,11013,First-quarter report,20260515002991,BS,재무상태표,ifrs-full_OtherCurrentAssets,기타유동자산,-,,,2026,KRW,,50884166191,제 31 기말,,,15,11013,fnlttSinglAcntAll,,45482695650,제 32 기 1분기말
sm_entertainment,SM Entertainment,00260930,041510,KRW,Q1_2026,2026,11013,First-quarter report,20260515002991,BS,재무상태표,ifrs-full_OtherCurrentFinancialAssets,기타유동금융자산,-,,,2026,KRW,,18101261858,제 31 기말,,,16,11013,fnlttSinglAcntAll,,18011327811,제 32 기 1분기말
sm_entertainment,SM Entertainment,00260930,041510,KRW,Q1_2026,2026,11013,First-quarter report,20260515002991,BS,재무상태표,ifrs-full_OtherCurrentReceivables,기타유동채권,-,,,2026,KRW,,77441335580,제 31 기말,,,17,11013,fnlttSinglAcntAll,,80915974985,제 32 기 1분기말
sm_entertainment,SM Entertainment,00260930,041510,KRW,Q1_2026,2026,11013,First-quarter report,20260515002991,BS,재무상태표,ifrs-full_ShorttermDepositsNotClassifiedAsCashEquivalents,금융기관예치금,-,,,2026,KRW,,229207722695,제 31 기말,,,18,11013,fnlttSinglAcntAll,,246682069523,제 32 기 1분기말
sm_entertainment,SM Entertainment,00260930,041510,KRW,Q1_2026,2026,11013,First-quarter report,20260515002991,BS,재무상태표,ifrs-full_NoncurrentAssets,비유동자산,-,,,2026,KRW,,1027222362785,제 31 기말,,,19,11013,fnlttSinglAcntAll,,1029831580970,제 32 기 1분기말
sm_entertainment,SM Entertainment,00260930,041510,KRW,Q1_2026,2026,11013,First-quarter report,20260515002991,BS,재무상태표,dart_LongTermDepositsNotClassifiedAsCashEquivalents,금융기관예치금,-,,,2026,KRW,,429291972,제 31 기말,,,20,11013,fnlttSinglAcntAll,,429291992,제 32 기 1분기말
sm_entertainment,SM Entertainment,00260930,041510,KRW,Q1_2026,2026,11013,First-quarter report,20260515002991,BS,재무상태표,-표준계정코드 미사용-,공정가치측정금융자산,-,,,2026,KRW,,68921597256,제 31 기말,,,21,11013,fnlttSinglAcntAll,,77954185035,제 32 기 1분기말
sm_entertainment,SM Entertainment,00260930,041510,KRW,Q1_2026,2026,11013,First-quarter report,20260515002991,BS,재무상태표,ifrs-full_DeferredTaxAssets,이연법인세자산,-,,,2026,KRW,,62657845062,제 31 기말,,,22,11013,fnlttSinglAcntAll,,63111859348,제 32 기 1분기말
sm_entertainment,SM Entertainment,00260930,041510,KRW,Q1_2026,2026,11013,First-quarter report,20260515002991,BS,재무상태표,ifrs-full_IntangibleAssetsAndGoodwill,무형자산,-,,,2026,KRW,,601394560770,제 31 기말,,,23,11013,fnlttSinglAcntAll,,595887808415,제 32 기 1분기말
sm_entertainment,SM Entertainment,00260930,041510,KRW,Q1_2026,2026,11013,First-quarter report,20260515002991,BS,재무상태표,ifrs-full_InvestmentAccountedForUsingEquityMethod,관계기업및공동기업투자주식,-,,,2026,KRW,,36773158334,제 31 기말,,,24,11013,fnlttSinglAcntAll,,36585097332,제 32 기 1분기말
sm_entertainment,SM Entertainment,00260930,041510,KRW,Q1_2026,2026,11013,First-quarter report,20260515002991,BS,재무상태표,ifrs-full_InvestmentProperty,투자부동산,-,,,2026,KRW,,41550793271,제 31 기말,,,25,11013,fnlttSinglAcntAll,,73378548596,제 32 기 1분기말
sm_entertainment,SM Entertainment,00260930,041510,KRW,Q1_2026,2026,11013,First-quarter report,20260515002991,BS,재무상태표,ifrs-full_NoncurrentPrepayments,비유동선급금,-,,,2026,KRW,,7940892163,제 31 기말,,,26,11013,fnlttSinglAcntAll,,7137277502,제 32 기 1분기말
sm_entertainment,SM Entertainment,00260930,041510,KRW,Q1_2026,2026,11013,First-quarter report,20260515002991,BS,재무상태표,ifrs-full_NoncurrentRecognisedAssetsDefinedBenefitPlan,확정급여자산,-,,,2026,KRW,,1065138444,제 31 기말,,,27,11013,fnlttSinglAcntAll,,764257444,제 32 기 1분기말
sm_entertainment,SM Entertainment,00260930,041510,KRW,Q1_2026,2026,11013,First-quarter report,20260515002991,BS,재무상태표,ifrs-full_NoncurrentTradeReceivables,비유동매출채권,-,,,2026,KRW,,1494407690,제 31 기말,,,28,11013,fnlttSinglAcntAll,,781214467,제 32 기 1분기말
sm_entertainment,SM Entertainment,00260930,041510,KRW,Q1_2026,2026,11013,First-quarter report,20260515002991,BS,재무상태표,ifrs-full_OtherNoncurrentAssets,기타비유동자산,-,,,2026,KRW,,14601187530,제 31 기말,,,29,11013,fnlttSinglAcntAll,,13987158525,제 32 기 1분기말
sm_entertainment,SM Entertainment,00260930,041510,KRW,Q1_2026,2026,11013,First-quarter report,20260515002991,BS,재무상태표,ifrs-full_OtherNoncurrentFinancialAssets,기타비유동금융자산,-,,,2026,KRW,,35592558381,제 31 기말,,,30,11013,fnlttSinglAcntAll,,40068354749,제 32 기 1분기말
sm_entertainment,SM Entertainment,00260930,041510,KRW,Q1_2026,2026,11013,First-quarter report,20260515002991,BS,재무상태표,ifrs-full_OtherNoncurrentReceivables,기타비유동채권,-,,,2026,KRW,,3622546278,제 31 기말,,,31,11013,fnlttSinglAcntAll,,3185764354,제 32 기 1분기말
sm_entertainment,SM Entertainment,00260930,041510,KRW,Q1_2026,2026,11013,First-quarter report,20260515002991,BS,재무상태표,ifrs-full_PropertyPlantAndEquipment,유형자산,-,,,2026,KRW,,74057347324,제 31 기말,,,32,11013,fnlttSinglAcntAll,,42957358376,제 32 기 1분기말
sm_entertainment,SM Entertainment,00260930,041510,KRW,Q1_2026,2026,11013,First-quarter report,20260515002991,BS,재무상태표,ifrs-full_RightofuseAssets,사용권자산,-,80084081000,제 30 기,2026,KRW,,77121038310,제 31 기말,,,33,11013,fnlttSinglAcntAll,,73603404835,제 32 기 1분기말
sm_entertainment,SM Entertainment,00260930,041510,KRW,Q1_2026,2026,11013,First-quarter report,20260515002991,BS,재무상태표,ifrs-full_Equity,자본총계,-,,,2026,KRW,,1358745854879,제 31 기말,,,35,11013,fnlttSinglAcntAll,,1353863070500,제 32 기 1분기말
sm_entertainment,SM Entertainment,00260930,041510,KRW,Q1_2026,2026,11013,First-quarter report,20260515002991,BS,재무상태표,ifrs-full_EquityAttributableToOwnersOfParent,지배기업지분,-,,,2026,KRW,,1002623745976,제 31 기말,,,36,11013,fnlttSinglAcntAll,,1000495155559,제 32 기 1분기말
sm_entertainment,SM Entertainment,00260930,041510,KRW,Q1_2026,2026,11013,First-quarter report,20260515002991,BS,재무상태표,dart_CapitalSurplus,자본잉여금,-,,,2026,KRW,,353286763791,제 31 기말,,,37,11013,fnlttSinglAcntAll,,353304307361,제 32 기 1분기말
sm_entertainment,SM Entertainment,00260930,041510,KRW,Q1_2026,2026,11013,First-quarter report,20260515002991,BS,재무상태표,dart_ElementsOfOtherStockholdersEquity,기타자본항목,-,,,2026,KRW,,27129105581,제 31 기말,,,38,11013,fnlttSinglAcntAll,,27129105581,제 32 기 1분기말
sm_entertainment,SM Entertainment,00260930,041510,KRW,Q1_2026,2026,11013,First-quarter report,20260515002991,BS,재무상태표,dart_OtherComprehensiveIncomeLossAccumulatedAmount,기타포괄손익누계액,-,,,2026,KRW,,-8185483479,제 31 기말,,,39,11013,fnlttSinglAcntAll,,-5739217955,제 32 기 1분기말
sm_entertainment,SM Entertainment,00260930,041510,KRW,Q1_2026,2026,11013,First-quarter report,20260515002991,BS,재무상태표,ifrs-full_IssuedCapital,자본금,-,,,2026,KRW,,11915450500,제 31 기말,,,40,11013,fnlttSinglAcntAll,,11915450500,제 32 기 1분기말
sm_entertainment,SM Entertainment,00260930,041510,KRW,Q1_2026,2026,11013,First-quarter report,20260515002991,BS,재무상태표,ifrs-full_RetainedEarnings,이익잉여금,-,,,2026,KRW,,618477909583,제 31 기말,,,41,11013,fnlttSinglAcntAll,,613885510072,제 32 기 1분기말
sm_entertainment,SM Entertainment,00260930,041510,KRW,Q1_2026,2026,11013,First-quarter report,20260515002991,BS,재무상태표,ifrs-full_NoncontrollingInterests,비지배지분,-,,,2026,KRW,,356122108903,제 31 기말,,,42,11013,fnlttSinglAcntAll,,353367914941,제 32 기 1분기말
sm_entertainment,SM Entertainment,00260930,041510,KRW,Q1_2026,2026,11013,First-quarter report,20260515002991,BS,재무상태표,ifrs-full_EquityAndLiabilities,부채및자본총계,-,,,2026,KRW,,2007711293863,제 31 기말,,,43,11013,fnlttSinglAcntAll,,2010003561055,제 32 기 1분기말
sm_entertainment,SM Entertainment,00260930,041510,KRW,Q1_2026,2026,11013,First-quarter report,20260515002991,BS,재무상태표,ifrs-full_CurrentLiabilities,유동부채,-,,,2026,KRW,,497220002839,제 31 기말,,,45,11013,fnlttSinglAcntAll,,510993386870,제 32 기 1분기말
sm_entertainment,SM Entertainment,00260930,041510,KRW,Q1_2026,2026,11013,First-quarter report,20260515002991,BS,재무상태표,dart_CurrentNontradePayables,기타유동채무,-,,,2026,KRW,,78172835301,제 31 기말,,,46,11013,fnlttSinglAcntAll,,106920789239,제 32 기 1분기말
sm_entertainment,SM Entertainment,00260930,041510,KRW,Q1_2026,2026,11013,First-quarter report,20260515002991,BS,재무상태표,dart_CurrentPortionOfConvertibleBonds,유동전환사채,-,,,2026,KRW,,8586803402,제 31 기말,,,47,11013,fnlttSinglAcntAll,,8923325799,제 32 기 1분기말
sm_entertainment,SM Entertainment,00260930,041510,KRW,Q1_2026,2026,11013,First-quarter report,20260515002991,BS,재무상태표,dart_ShortTermAdvancesCustomers,선수금,-,,,2026,KRW,,18633200278,제 31 기말,,,48,11013,fnlttSinglAcntAll,,32813829608,제 32 기 1분기말
sm_entertainment,SM Entertainment,00260930,041510,KRW,Q1_2026,2026,11013,First-quarter report,20260515002991,BS,재무상태표,ifrs-full_CurrentLeaseLiabilities,유동리스부채,-,,,2026,KRW,,21143768532,제 31 기말,,,49,11013,fnlttSinglAcntAll,,20321337318,제 32 기 1분기말
sm_entertainment,SM Entertainment,00260930,041510,KRW,Q1_2026,2026,11013,First-quarter report,20260515002991,BS,재무상태표,ifrs-full_CurrentLoansReceivedAndCurrentPortionOfNoncurrentLoansReceived,단기차입금,-,,,2026,KRW,,5166699000,제 31 기말,,,50,11013,fnlttSinglAcntAll,,5285234000,제 32 기 1분기말
sm_entertainment,SM Entertainment,00260930,041510,KRW,Q1_2026,2026,11013,First-quarter report,20260515002991,BS,재무상태표,ifrs-full_CurrentProvisions,충당부채,-,,,2026,KRW,,40000000,제 31 기말,,,51,11013,fnlttSinglAcntAll,,40000000,제 32 기 1분기말
sm_entertainment,SM Entertainment,00260930,041510,KRW,Q1_2026,2026,11013,First-quarter report,20260515002991,BS,재무상태표,ifrs-full_CurrentTaxLiabilities,당기법인세부채,-,,,2026,KRW,,19905226217,제 31 기말,,,52,11013,fnlttSinglAcntAll,,27951354258,제 32 기 1분기말
sm_entertainment,SM Entertainment,00260930,041510,KRW,Q1_2026,2026,11013,First-quarter report,20260515002991,BS,재무상태표,ifrs-full_OtherCurrentFinancialLiabilities,기타금융부채,-,,,2026,KRW,,5981505344,제 31 기말,,,53,11013,fnlttSinglAcntAll,,6731616254,제 32 기 1분기말
sm_entertainment,SM Entertainment,00260930,041510,KRW,Q1_2026,2026,11013,First-quarter report,20260515002991,BS,재무상태표,ifrs-full_OtherCurrentLiabilities,기타유동부채,-,,,2026,KRW,,128546517876,제 31 기말,,,54,11013,fnlttSinglAcntAll,,111034622872,제 32 기 1분기말
sm_entertainment,SM Entertainment,00260930,041510,KRW,Q1_2026,2026,11013,First-quarter report,20260515002991,BS,재무상태표,ifrs-full_TradeAndOtherCurrentPayablesToTradeSuppliers,매입채무,-,,,2026,KRW,,211043446889,제 31 기말,,,55,11013,fnlttSinglAcntAll,,190971277522,제 32 기 1분기말
sm_entertainment,SM Entertainment,00260930,041510,KRW,Q1_2026,2026,11013,First-quarter report,20260515002991,BS,재무상태표,ifrs-full_Liabilities,부채총계,-,,,2026,KRW,,648965438984,제 31 기말,,,56,11013,fnlttSinglAcntAll,,656140490555,제 32 기 1분기말
sm_entertainment,SM Entertainment,00260930,041510,KRW,Q1_2026,2026,11013,First-quarter report,20260515002991,BS,재무상태표,ifrs-full_NoncurrentLiabilities,비유동부채,-,,,2026,KRW,,151745436145,제 31 기말,,,57,11013,fnlttSinglAcntAll,,145147103685,제 32 기 1분기말
sm_entertainment,SM Entertainment,00260930,041510,KRW,Q1_2026,2026,11013,First-quarter report,20260515002991,BS,재무상태표,dart_NoncurrentNontradePayables,기타비유동채무,-,,,2026,KRW,,1303287134,제 31 기말,,,58,11013,fnlttSinglAcntAll,,1013104904,제 32 기 1분기말
sm_entertainment,SM Entertainment,00260930,041510,KRW,Q1_2026,2026,11013,First-quarter report,20260515002991,BS,재무상태표,ifrs-full_DeferredTaxLiabilities,이연법인세부채,-,,,2026,KRW,,65575879441,제 31 기말,,,59,11013,fnlttSinglAcntAll,,64216988126,제 32 기 1분기말
sm_entertainment,SM Entertainment,00260930,041510,KRW,Q1_2026,2026,11013,First-quarter report,20260515002991,BS,재무상태표,ifrs-full_NoncurrentLeaseLiabilities,비유동리스부채,-,,,2026,KRW,,63087971820,제 31 기말,,,60,11013,fnlttSinglAcntAll,,59888065653,제 32 기 1분기말
sm_entertainment,SM Entertainment,00260930,041510,KRW,Q1_2026,2026,11013,First-quarter report,20260515002991,BS,재무상태표,ifrs-full_NoncurrentProvisions,비유동충당부채,-,,,2026,KRW,,13371730330,제 31 기말,,,61,11013,fnlttSinglAcntAll,,12760931939,제 32 기 1분기말
sm_entertainment,SM Entertainment,00260930,041510,KRW,Q1_2026,2026,11013,First-quarter report,20260515002991,BS,재무상태표,ifrs-full_NoncurrentRecognisedLiabilitiesDefinedBenefitPlan,확정급여부채,-,,,2026,KRW,,1966224605,제 31 기말,,,62,11013,fnlttSinglAcntAll,,2594237103,제 32 기 1분기말
sm_entertainment,SM Entertainment,00260930,041510,KRW,Q1_2026,2026,11013,First-quarter report,20260515002991,BS,재무상태표,ifrs-full_OtherNoncurrentLiabilities,기타비유동부채,-,,,2026,KRW,,6440342815,제 31 기말,,,63,11013,fnlttSinglAcntAll,,4673775960,제 32 기 1분기말
sm_entertainment,SM Entertainment,00260930,041510,KRW,Q1_2026,2026,11013,First-quarter report,20260515002991,CIS,포괄손익계산서,dart_GainsOnSaleOfInvestmentsInSubsidiaries,종속기업투자주식처분이익,-,,,2026,KRW,0,,,0,제 31 기 1분기,6,11013,fnlttSinglAcntAll,272895775,272895775,제 32 기 1분기
sm_entertainment,SM Entertainment,00260930,041510,KRW,Q1_2026,2026,11013,First-quarter report,20260515002991,CIS,포괄손익계산서,dart_OperatingIncomeLoss,영업이익(손실),-,,,2026,KRW,32585652915,,,32585652915,제 31 기 1분기,7,11013,fnlttSinglAcntAll,38599082659,38599082659,제 32 기 1분기
sm_entertainment,SM Entertainment,00260930,041510,KRW,Q1_2026,2026,11013,First-quarter report,20260515002991,CIS,포괄손익계산서,dart_OtherGains,기타수익,-,,,2026,KRW,3870375456,,,3870375456,제 31 기 1분기,8,11013,fnlttSinglAcntAll,6121725492,6121725492,제 32 기 1분기
sm_entertainment,SM Entertainment,00260930,041510,KRW,Q1_2026,2026,11013,First-quarter report,20260515002991,CIS,포괄손익계산서,dart_OtherLosses,기타비용,-,,,2026,KRW,2824118884,,,2824118884,제 31 기 1분기,9,11013,fnlttSinglAcntAll,3686256807,3686256807,제 32 기 1분기
sm_entertainment,SM Entertainment,00260930,041510,KRW,Q1_2026,2026,11013,First-quarter report,20260515002991,CIS,포괄손익계산서,dart_TotalSellingGeneralAdministrativeExpenses,판매비와관리비,-,,,2026,KRW,50810407217,,,50810407217,제 31 기 1분기,10,11013,fnlttSinglAcntAll,61779077580,61779077580,제 32 기 1분기
sm_entertainment,SM Entertainment,00260930,041510,KRW,Q1_2026,2026,11013,First-quarter report,20260515002991,CIS,포괄손익계산서,ifrs-full_ComprehensiveIncome,총포괄손익 합계,-,,,2026,KRW,257021854359,,,257021854359,제 31 기 1분기,11,11013,fnlttSinglAcntAll,38971405373,38971405373,제 32 기 1분기
sm_entertainment,SM Entertainment,00260930,041510,KRW,Q1_2026,2026,11013,First-quarter report,20260515002991,CIS,포괄손익계산서,ifrs-full_ComprehensiveIncomeAttributableToNoncontrollingInterests,비지배지분,-,,,2026,KRW,5219824128,,,5219824128,제 31 기 1분기,13,11013,fnlttSinglAcntAll,4028141560,4028141560,제 32 기 1분기
sm_entertainment,SM Entertainment,00260930,041510,KRW,Q1_2026,2026,11013,First-quarter report,20260515002991,CIS,포괄손익계산서,ifrs-full_ComprehensiveIncomeAttributableToOwnersOfParent,지배기업의 소유주지분,-,,,2026,KRW,251802030231,,,251802030231,제 31 기 1분기,14,11013,fnlttSinglAcntAll,34943263813,34943263813,제 32 기 1분기
sm_entertainment,SM Entertainment,00260930,041510,KRW,Q1_2026,2026,11013,First-quarter report,20260515002991,CIS,포괄손익계산서,ifrs-full_CostOfSales,매출원가,-,,,2026,KRW,148030808027,,,148030808027,제 31 기 1분기,15,11013,fnlttSinglAcntAll,178722747152,178722747152,제 32 기 1분기
sm_entertainment,SM Entertainment,00260930,041510,KRW,Q1_2026,2026,11013,First-quarter report,20260515002991,CIS,포괄손익계산서,ifrs-full_BasicEarningsLossPerShare,기본주당이익,-,,,2026,KRW,10842,,,10842,제 31 기 1분기,17,11013,fnlttSinglAcntAll,1419,1419,제 32 기 1분기
sm_entertainment,SM Entertainment,00260930,041510,KRW,Q1_2026,2026,11013,First-quarter report,20260515002991,CIS,포괄손익계산서,ifrs-full_DilutedEarningsLossPerShare,희석주당이익,-,,,2026,KRW,10842,,,10842,제 31 기 1분기,18,11013,fnlttSinglAcntAll,1419,1419,제 32 기 1분기
sm_entertainment,SM Entertainment,00260930,041510,KRW,Q1_2026,2026,11013,First-quarter report,20260515002991,CIS,포괄손익계산서,ifrs-full_FinanceCosts,금융비용,-,,,2026,KRW,1514571823,,,1514571823,제 31 기 1분기,19,11013,fnlttSinglAcntAll,3211670801,3211670801,제 32 기 1분기
sm_entertainment,SM Entertainment,00260930,041510,KRW,Q1_2026,2026,11013,First-quarter report,20260515002991,CIS,포괄손익계산서,ifrs-full_FinanceIncome,금융수익,-,,,2026,KRW,3511103264,,,3511103264,제 31 기 1분기,20,11013,fnlttSinglAcntAll,11876078404,11876078404,제 32 기 1분기
sm_entertainment,SM Entertainment,00260930,041510,KRW,Q1_2026,2026,11013,First-quarter report,20260515002991,CIS,포괄손익계산서,ifrs-full_GrossProfit,매출총이익,-,,,2026,KRW,83396060132,,,83396060132,제 31 기 1분기,21,11013,fnlttSinglAcntAll,100378160239,100378160239,제 32 기 1분기
sm_entertainment,SM Entertainment,00260930,041510,KRW,Q1_2026,2026,11013,First-quarter report,20260515002991,CIS,포괄손익계산서,ifrs-full_IncomeTaxExpenseContinuingOperations,법인세비용,-,,,2026,KRW,9129269194,,,9129269194,제 31 기 1분기,22,11013,fnlttSinglAcntAll,20671383367,20671383367,제 32 기 1분기
sm_entertainment,SM Entertainment,00260930,041510,KRW,Q1_2026,2026,11013,First-quarter report,20260515002991,CIS,포괄손익계산서,ifrs-full_OtherComprehensiveIncome,기타포괄손익,-,,,2026,KRW,4299082009,,,4299082009,제 31 기 1분기,23,11013,fnlttSinglAcntAll,2262251810,2262251810,제 32 기 1분기
sm_entertainment,SM Entertainment,00260930,041510,KRW,Q1_2026,2026,11013,First-quarter report,20260515002991,CIS,포괄손익계산서,ifrs-full_OtherComprehensiveIncomeThatWillBeReclassifiedToProfitOrLossNetOfTax,후속적으로 당기손익으로 재분류되는 항목,-,,,2026,KRW,3617001909,,,3617001909,제 31 기 1분기,24,11013,fnlttSinglAcntAll,4310045992,4310045992,제 32 기 1분기
sm_entertainment,SM Entertainment,00260930,041510,KRW,Q1_2026,2026,11013,First-quarter report,20260515002991,CIS,포괄손익계산서,ifrs-full_GainsLossesOnExchangeDifferencesOnTranslationNetOfTax,해외사업환산손익,-,,,2026,KRW,3601912773,,,3601912773,제 31 기 1분기,25,11013,fnlttSinglAcntAll,4137782297,4137782297,제 32 기 1분기
sm_entertainment,SM Entertainment,00260930,041510,KRW,Q1_2026,2026,11013,First-quarter report,20260515002991,CIS,포괄손익계산서,ifrs-full_ShareOfOtherComprehensiveIncomeOfAssociatesAndJointVenturesAccountedForUsingEquityMethodThatWillBeReclassifiedToProfitOrLossNetOfTax,지분법자본변동,-,,,2026,KRW,15089136,,,15089136,제 31 기 1분기,26,11013,fnlttSinglAcntAll,172263695,172263695,제 32 기 1분기
sm_entertainment,SM Entertainment,00260930,041510,KRW,Q1_2026,2026,11013,First-quarter report,20260515002991,CIS,포괄손익계산서,ifrs-full_OtherComprehensiveIncomeThatWillNotBeReclassifiedToProfitOrLossNetOfTax,당기손익으로 재분류되지 않는 항목,-,,,2026,KRW,682080100,,,682080100,제 31 기 1분기,27,11013,fnlttSinglAcntAll,-2047794182,-2047794182,제 32 기 1분기
sm_entertainment,SM Entertainment,00260930,041510,KRW,Q1_2026,2026,11013,First-quarter report,20260515002991,CIS,포괄손익계산서,ifrs-full_OtherComprehensiveIncomeNetOfTaxGainsLossesFromInvestmentsInEquityInstruments,기타포괄손익-공정가치측정유가증권평가손익,-,,,2026,KRW,553780450,,,553780450,제 31 기 1분기,28,11013,fnlttSinglAcntAll,-2049939773,-2049939773,제 32 기 1분기
sm_entertainment,SM Entertainment,00260930,041510,KRW,Q1_2026,2026,11013,First-quarter report,20260515002991,CIS,포괄손익계산서,ifrs-full_OtherComprehensiveIncomeNetOfTaxGainsLossesOnRemeasurementsOfDefinedBenefitPlans,확정급여제도의재측정요소,-,,,2026,KRW,-40949356,,,-40949356,제 31 기 1분기,29,11013,fnlttSinglAcntAll,-1466446,-1466446,제 32 기 1분기
sm_entertainment,SM Entertainment,00260930,041510,KRW,Q1_2026,2026,11013,First-quarter report,20260515002991,CIS,포괄손익계산서,ifrs-full_ShareOfOtherComprehensiveIncomeOfAssociatesAndJointVenturesAccountedForUsingEquityMethodThatWillNotBeReclassifiedToProfitOrLossNetOfTax,지분법자본변동,-,,,2026,KRW,169249006,,,169249006,제 31 기 1분기,30,11013,fnlttSinglAcntAll,3612037,3612037,제 32 기 1분기
sm_entertainment,SM Entertainment,00260930,041510,KRW,Q1_2026,2026,11013,First-quarter report,20260515002991,CIS,포괄손익계산서,ifrs-full_ProfitLoss,당기순이익,-,,,2026,KRW,252722772350,,,252722772350,제 31 기 1분기,31,11013,fnlttSinglAcntAll,36709153563,36709153563,제 32 기 1분기
sm_entertainment,SM Entertainment,00260930,041510,KRW,Q1_2026,2026,11013,First-quarter report,20260515002991,CIS,포괄손익계산서,ifrs-full_ProfitLossAttributableToNoncontrollingInterests,비지배지분,-,,,2026,KRW,4488198841,,,4488198841,제 31 기 1분기,33,11013,fnlttSinglAcntAll,4212155274,4212155274,제 32 기 1분기
sm_entertainment,SM Entertainment,00260930,041510,KRW,Q1_2026,2026,11013,First-quarter report,20260515002991,CIS,포괄손익계산서,ifrs-full_ProfitLossAttributableToOwnersOfParent,지배기업소유주지분순이익,-,,,2026,KRW,248234573509,,,248234573509,제 31 기 1분기,34,11013,fnlttSinglAcntAll,32496998289,32496998289,제 32 기 1분기
sm_entertainment,SM Entertainment,00260930,041510,KRW,Q1_2026,2026,11013,First-quarter report,20260515002991,CIS,포괄손익계산서,ifrs-full_ProfitLossBeforeTax,법인세차감전순이익,-,,,2026,KRW,261852041544,,,261852041544,제 31 기 1분기,35,11013,fnlttSinglAcntAll,57380536930,57380536930,제 32 기 1분기
sm_entertainment,SM Entertainment,00260930,041510,KRW,Q1_2026,2026,11013,First-quarter report,20260515002991,CIS,포괄손익계산서,ifrs-full_Revenue,매출액,-,,,2026,KRW,231426868159,,,231426868159,제 31 기 1분기,36,11013,fnlttSinglAcntAll,279100907391,279100907391,제 32 기 1분기
sm_entertainment,SM Entertainment,00260930,041510,KRW,Q1_2026,2026,11013,First-quarter report,20260515002991,CIS,포괄손익계산서,ifrs-full_ShareOfProfitLossOfAssociatesAndJointVenturesAccountedForUsingEquityMethod,관계기업 및 공동기업투자이익 (손실),-,,,2026,KRW,226223600616,,,226223600616,제 31 기 1분기,37,11013,fnlttSinglAcntAll,7408682208,7408682208,제 32 기 1분기
sm_entertainment,SM Entertainment,00260930,041510,KRW,Q1_2026,2026,11013,First-quarter report,20260515002991,CF,현금흐름표,dart_CashAndCashEquivalentsAtBeginningOfPeriodCf,기초현금및현금성자산,-,,,2026,KRW,,,,358354939410,제 31 기 1분기,2,11013,fnlttSinglAcntAll,,364611980599,제 32 기 1분기
sm_entertainment,SM Entertainment,00260930,041510,KRW,Q1_2026,2026,11013,First-quarter report,20260515002991,CF,현금흐름표,dart_CashAndCashEquivalentsAtEndOfPeriodCf,기말현금및현금성자산,-,,,2026,KRW,,,,341728366085,제 31 기 1분기,3,11013,fnlttSinglAcntAll,,335376134124,제 32 기 1분기
sm_entertainment,SM Entertainment,00260930,041510,KRW,Q1_2026,2026,11013,First-quarter report,20260515002991,CF,현금흐름표,ifrs-full_CashFlowsFromUsedInFinancingActivities,재무활동현금흐름,-,,,2026,KRW,,,,20045164188,제 31 기 1분기,8,11013,fnlttSinglAcntAll,,-6585176702,제 32 기 1분기
sm_entertainment,SM Entertainment,00260930,041510,KRW,Q1_2026,2026,11013,First-quarter report,20260515002991,CF,현금흐름표,dart_PaymentsOfFinanceLeaseLiabilitiesClassifiedAsFinancingActivities,리스부채의 상환,-,,,2026,KRW,,,,4431884079,제 31 기 1분기,9,11013,fnlttSinglAcntAll,,4811686280,제 32 기 1분기
sm_entertainment,SM Entertainment,00260930,041510,KRW,Q1_2026,2026,11013,First-quarter report,20260515002991,CF,현금흐름표,dart_ProceedsFromShortTermBorrowings,단기차입금의 차입,-,,,2026,KRW,,,,25000000000,제 31 기 1분기,10,11013,fnlttSinglAcntAll,,0,제 32 기 1분기
sm_entertainment,SM Entertainment,00260930,041510,KRW,Q1_2026,2026,11013,First-quarter report,20260515002991,CF,현금흐름표,dart_RepaymentsOfShortTermBorrowings,단기차입금의 상환,-,,,2026,KRW,,,,199036000,제 31 기 1분기,11,11013,fnlttSinglAcntAll,,0,제 32 기 1분기
sm_entertainment,SM Entertainment,00260930,041510,KRW,Q1_2026,2026,11013,First-quarter report,20260515002991,CF,현금흐름표,-표준계정코드 미사용-,종속기업의 자본거래로 인한 현금흐름,-,,,2026,KRW,,,,0,제 31 기 1분기,12,11013,fnlttSinglAcntAll,,-898954315,제 32 기 1분기
sm_entertainment,SM Entertainment,00260930,041510,KRW,Q1_2026,2026,11013,First-quarter report,20260515002991,CF,현금흐름표,-표준계정코드 미사용-,보증금부채의 감소,-,,,2026,KRW,,,,30000000,제 31 기 1분기,13,11013,fnlttSinglAcntAll,,369216000,제 32 기 1분기
sm_entertainment,SM Entertainment,00260930,041510,KRW,Q1_2026,2026,11013,First-quarter report,20260515002991,CF,현금흐름표,-표준계정코드 미사용-,보증금부채의 증가,-,,,2026,KRW,,,,0,제 31 기 1분기,14,11013,fnlttSinglAcntAll,,73191000,제 32 기 1분기
sm_entertainment,SM Entertainment,00260930,041510,KRW,Q1_2026,2026,11013,First-quarter report,20260515002991,CF,현금흐름표,ifrs-full_DividendsPaidClassifiedAsFinancingActivities,배당금지급,-,,,2026,KRW,,,,293915733,제 31 기 1분기,15,11013,fnlttSinglAcntAll,,578511107,제 32 기 1분기
sm_entertainment,SM Entertainment,00260930,041510,KRW,Q1_2026,2026,11013,First-quarter report,20260515002991,CF,현금흐름표,ifrs-full_CashFlowsFromUsedInInvestingActivities,투자활동으로 인한 순현금흐름,-,,,2026,KRW,,,,-57566235360,제 31 기 1분기,16,11013,fnlttSinglAcntAll,,-29611075707,제 32 기 1분기
sm_entertainment,SM Entertainment,00260930,041510,KRW,Q1_2026,2026,11013,First-quarter report,20260515002991,CF,현금흐름표,dart_DecreaseInGuaranteeDeposits,보증금의 감소,-,,,2026,KRW,,,,1901169476,제 31 기 1분기,17,11013,fnlttSinglAcntAll,,3450690914,제 32 기 1분기
sm_entertainment,SM Entertainment,00260930,041510,KRW,Q1_2026,2026,11013,First-quarter report,20260515002991,CF,현금흐름표,dart_DecreaseInLoans,대여금의 감소,-,,,2026,KRW,,,,582140637,제 31 기 1분기,18,11013,fnlttSinglAcntAll,,1049972283,제 32 기 1분기
sm_entertainment,SM Entertainment,00260930,041510,KRW,Q1_2026,2026,11013,First-quarter report,20260515002991,CF,현금흐름표,dart_IncreaseInGuaranteeDeposits,보증금의 증가,-,,,2026,KRW,,,,2349186800,제 31 기 1분기,19,11013,fnlttSinglAcntAll,,8237845237,제 32 기 1분기
sm_entertainment,SM Entertainment,00260930,041510,KRW,Q1_2026,2026,11013,First-quarter report,20260515002991,CF,현금흐름표,dart_IncreaseInLoans,대여금의 증가,-,,,2026,KRW,,,,79800000,제 31 기 1분기,20,11013,fnlttSinglAcntAll,,760000000,제 32 기 1분기
sm_entertainment,SM Entertainment,00260930,041510,KRW,Q1_2026,2026,11013,First-quarter report,20260515002991,CF,현금흐름표,dart_ProceedsFromDisposalOfFinancialAssetsAtFairValueThroughProfitOrLossClassifiedAsInvestingActivities,당기손익-공정가치측정금융자산의 처분,-,,,2026,KRW,,,,1352000000,제 31 기 1분기,21,11013,fnlttSinglAcntAll,,2193299719,제 32 기 1분기
sm_entertainment,SM Entertainment,00260930,041510,KRW,Q1_2026,2026,11013,First-quarter report,20260515002991,CF,현금흐름표,dart_ProceedsFromSalesOfFinancialInstruments,금융기관예치금의 감소,-,,,2026,KRW,,,,8412900000,제 31 기 1분기,22,11013,fnlttSinglAcntAll,,81598948218,제 32 기 1분기
sm_entertainment,SM Entertainment,00260930,041510,KRW,Q1_2026,2026,11013,First-quarter report,20260515002991,CF,현금흐름표,dart_ProceedsFromSalesOfInvestmentsInSubsidiaries,종속기업의 처분,-,,,2026,KRW,,,,0,제 31 기 1분기,23,11013,fnlttSinglAcntAll,,58128026,제 32 기 1분기
sm_entertainment,SM Entertainment,00260930,041510,KRW,Q1_2026,2026,11013,First-quarter report,20260515002991,CF,현금흐름표,dart_PurchaseOfFinancialAssetsAtFairValueThroughProfitOrLossClassifiedAsInvestingActivities,당기손익-공정가치측정금융자산의 취득,-,,,2026,KRW,,,,0,제 31 기 1분기,24,11013,fnlttSinglAcntAll,,427843577,제 32 기 1분기
sm_entertainment,SM Entertainment,00260930,041510,KRW,Q1_2026,2026,11013,First-quarter report,20260515002991,CF,현금흐름표,dart_PurchaseOfFinancialInstruments,금융기관예치금의 증가,-,,,2026,KRW,,,,10971970000,제 31 기 1분기,25,11013,fnlttSinglAcntAll,,96072506562,제 32 기 1분기
sm_entertainment,SM Entertainment,00260930,041510,KRW,Q1_2026,2026,11013,First-quarter report,20260515002991,CF,현금흐름표,dart_PurchaseOfInvestmentsInSubsidiaries,종속기업의 취득,-,,,2026,KRW,,,,46227126581,제 31 기 1분기,26,11013,fnlttSinglAcntAll,,0,제 32 기 1분기
sm_entertainment,SM Entertainment,00260930,041510,KRW,Q1_2026,2026,11013,First-quarter report,20260515002991,CF,현금흐름표,-표준계정코드 미사용-,종속기업 제외에 따른 종속기업 현금보유액의 감소,-,,,2026,KRW,,,,0,제 31 기 1분기,27,11013,fnlttSinglAcntAll,,1347361608,제 32 기 1분기
sm_entertainment,SM Entertainment,00260930,041510,KRW,Q1_2026,2026,11013,First-quarter report,20260515002991,CF,현금흐름표,-표준계정코드 미사용-,리스채권의 감소,-,,,2026,KRW,,,,42686999,제 31 기 1분기,28,11013,fnlttSinglAcntAll,,47718377,제 32 기 1분기
sm_entertainment,SM Entertainment,00260930,041510,KRW,Q1_2026,2026,11013,First-quarter report,20260515002991,CF,현금흐름표,-표준계정코드 미사용-,사용권자산의 처분,-,,,2026,KRW,,,,1545455,제 31 기 1분기,29,11013,fnlttSinglAcntAll,,0,제 32 기 1분기
sm_entertainment,SM Entertainment,00260930,041510,KRW,Q1_2026,2026,11013,First-quarter report,20260515002991,CF,현금흐름표,ifrs-full_OtherInflowsOutflowsOfCashClassifiedAsInvestingActivities,현금의기타유입(유출),-,,,2026,KRW,,,,-83955382,제 31 기 1분기,30,11013,fnlttSinglAcntAll,,0,제 32 기 1분기
sm_entertainment,SM Entertainment,00260930,041510,KRW,Q1_2026,2026,11013,First-quarter report,20260515002991,CF,현금흐름표,ifrs-full_ProceedsFromSalesOfIntangibleAssetsClassifiedAsInvestingActivities,무형자산의 처분,-,,,2026,KRW,,,,0,제 31 기 1분기,31,11013,fnlttSinglAcntAll,,24396745,제 32 기 1분기
sm_entertainment,SM Entertainment,00260930,041510,KRW,Q1_2026,2026,11013,First-quarter report,20260515002991,CF,현금흐름표,ifrs-full_ProceedsFromSalesOfInvestmentsAccountedForUsingEquityMethod,관계기업 및 공동기업주식의 처분,-,,,2026,KRW,,,,0,제 31 기 1분기,32,11013,fnlttSinglAcntAll,,251000000,제 32 기 1분기
sm_entertainment,SM Entertainment,00260930,041510,KRW,Q1_2026,2026,11013,First-quarter report,20260515002991,CF,현금흐름표,ifrs-full_ProceedsFromSalesOfPropertyPlantAndEquipmentClassifiedAsInvestingActivities,유형자산의 처분,-,,,2026,KRW,,,,1587934377,제 31 기 1분기,33,11013,fnlttSinglAcntAll,,114867961,제 32 기 1분기
sm_entertainment,SM Entertainment,00260930,041510,KRW,Q1_2026,2026,11013,First-quarter report,20260515002991,CF,현금흐름표,ifrs-full_PurchaseOfIntangibleAssetsClassifiedAsInvestingActivities,무형자산의 취득,-,,,2026,KRW,,,,9237176237,제 31 기 1분기,34,11013,fnlttSinglAcntAll,,7529058377,제 32 기 1분기
sm_entertainment,SM Entertainment,00260930,041510,KRW,Q1_2026,2026,11013,First-quarter report,20260515002991,CF,현금흐름표,ifrs-full_PurchaseOfInterestsInInvestmentsAccountedForUsingEquityMethod,관계기업 및 공동기업주식의 취득,-,,,2026,KRW,,,,0,제 31 기 1분기,35,11013,fnlttSinglAcntAll,,1763000000,제 32 기 1분기
sm_entertainment,SM Entertainment,00260930,041510,KRW,Q1_2026,2026,11013,First-quarter report,20260515002991,CF,현금흐름표,ifrs-full_PurchaseOfInvestmentProperty,투자부동산의 취득,-,,,2026,KRW,,,,90573569,제 31 기 1분기,36,11013,fnlttSinglAcntAll,,306348380,제 32 기 1분기
sm_entertainment,SM Entertainment,00260930,041510,KRW,Q1_2026,2026,11013,First-quarter report,20260515002991,CF,현금흐름표,ifrs-full_PurchaseOfPropertyPlantAndEquipmentClassifiedAsInvestingActivities,유형자산의 취득,-,,,2026,KRW,,,,2406823735,제 31 기 1분기,37,11013,fnlttSinglAcntAll,,1956134209,제 32 기 1분기
sm_entertainment,SM Entertainment,00260930,041510,KRW,Q1_2026,2026,11013,First-quarter report,20260515002991,CF,현금흐름표,ifrs-full_CashFlowsFromUsedInOperatingActivities,영업활동으로 인한 순현금흐름,-,,,2026,KRW,,,,18544975694,제 31 기 1분기,38,11013,fnlttSinglAcntAll,,3539039470,제 32 기 1분기
sm_entertainment,SM Entertainment,00260930,041510,KRW,Q1_2026,2026,11013,First-quarter report,20260515002991,CF,현금흐름표,dart_NetCashflowsFromUsedInOperations,영업에서 창출된 현금,-,,,2026,KRW,,,,30961896964,제 31 기 1분기,39,11013,fnlttSinglAcntAll,,14704886616,제 32 기 1분기
sm_entertainment,SM Entertainment,00260930,041510,KRW,Q1_2026,2026,11013,First-quarter report,20260515002991,CF,현금흐름표,dart_AdjustmentsForAssetsLiabilitiesOfOperatingActivities,영업활동으로 인한 자산 부채의 변동,-,,,2026,KRW,,,,-23955621303,제 31 기 1분기,40,11013,fnlttSinglAcntAll,,-57901733200,제 32 기 1분기
sm_entertainment,SM Entertainment,00260930,041510,KRW,Q1_2026,2026,11013,First-quarter report,20260515002991,CF,현금흐름표,ifrs-full_AdjustmentsForReconcileProfitLoss,조정사항,-,,,2026,KRW,,,,-197805254083,제 31 기 1분기,41,11013,fnlttSinglAcntAll,,35897466253,제 32 기 1분기
sm_entertainment,SM Entertainment,00260930,041510,KRW,Q1_2026,2026,11013,First-quarter report,20260515002991,CF,현금흐름표,ifrs-full_ProfitLoss,당기순이익,-,,,2026,KRW,,,,252722772350,제 31 기 1분기,42,11013,fnlttSinglAcntAll,,36709153563,제 32 기 1분기
sm_entertainment,SM Entertainment,00260930,041510,KRW,Q1_2026,2026,11013,First-quarter report,20260515002991,CF,현금흐름표,ifrs-full_IncomeTaxesPaidRefundClassifiedAsOperatingActivities,법인세의 납부,-,,,2026,KRW,,,,13991491941,제 31 기 1분기,43,11013,fnlttSinglAcntAll,,13953720749,제 32 기 1분기
sm_entertainment,SM Entertainment,00260930,041510,KRW,Q1_2026,2026,11013,First-quarter report,20260515002991,CF,현금흐름표,ifrs-full_InterestPaidClassifiedAsOperatingActivities,이자의 지급,-,,,2026,KRW,,,,777399808,제 31 기 1분기,44,11013,fnlttSinglAcntAll,,803536844,제 32 기 1분기
sm_entertainment,SM Entertainment,00260930,041510,KRW,Q1_2026,2026,11013,First-quarter report,20260515002991,CF,현금흐름표,ifrs-full_InterestReceivedClassifiedAsOperatingActivities,이자의 수령,-,,,2026,KRW,,,,2351970479,제 31 기 1분기,45,11013,fnlttSinglAcntAll,,3591410447,제 32 기 1분기
sm_entertainment,SM Entertainment,00260930,041510,KRW,Q1_2026,2026,11013,First-quarter report,20260515002991,CF,현금흐름표,ifrs-full_EffectOfExchangeRateChangesOnCashAndCashEquivalents,현금및현금성자산에 대한 환율변동효과,-,,,2026,KRW,,,,2349522153,제 31 기 1분기,46,11013,fnlttSinglAcntAll,,3421366464,제 32 기 1분기
sm_entertainment,SM Entertainment,00260930,041510,KRW,Q1_2026,2026,11013,First-quarter report,20260515002991,CF,현금흐름표,ifrs-full_IncreaseDecreaseInCashAndCashEquivalentsBeforeEffectOfExchangeRateChanges,환율변동효과 반영전 현금및현금성자산의 순증가(감소),-,,,2026,KRW,,,,-18976095478,제 31 기 1분기,47,11013,fnlttSinglAcntAll,,-32657212939,제 32 기 1분기
sm_entertainment,SM Entertainment,00260930,041510,KRW,Q1_2026,2026,11013,First-quarter report,20260515002991,SCE,자본변동표,dart_EquityAtBeginningOfPeriod,기초자본,연결재무제표 [member],,,2026,KRW,,,,829079862089,제 31 기 1분기,3,11013,fnlttSinglAcntAll,,1358745854879,제 32 기 1분기
sm_entertainment,SM Entertainment,00260930,041510,KRW,Q1_2026,2026,11013,First-quarter report,20260515002991,SCE,자본변동표,dart_EquityAtBeginningOfPeriod,기초자본,자본|비지배지분,,,2026,KRW,,,,164282272472,제 31 기 1분기,3,11013,fnlttSinglAcntAll,,356122108903,제 32 기 1분기
sm_entertainment,SM Entertainment,00260930,041510,KRW,Q1_2026,2026,11013,First-quarter report,20260515002991,SCE,자본변동표,dart_EquityAtBeginningOfPeriod,기초자본,자본|지배기업지분,,,2026,KRW,,,,664797589617,제 31 기 1분기,3,11013,fnlttSinglAcntAll,,1002623745976,제 32 기 1분기
sm_entertainment,SM Entertainment,00260930,041510,KRW,Q1_2026,2026,11013,First-quarter report,20260515002991,SCE,자본변동표,dart_EquityAtBeginningOfPeriod,기초자본,자본|지배기업지분|자본잉여금,,,2026,KRW,,,,353296260312,제 31 기 1분기,3,11013,fnlttSinglAcntAll,,353286763791,제 32 기 1분기
sm_entertainment,SM Entertainment,00260930,041510,KRW,Q1_2026,2026,11013,First-quarter report,20260515002991,SCE,자본변동표,dart_EquityAtBeginningOfPeriod,기초자본,자본|지배기업지분|기타포괄손익누계액,,,2026,KRW,,,,-8110763699,제 31 기 1분기,3,11013,fnlttSinglAcntAll,,-8185483479,제 32 기 1분기
sm_entertainment,SM Entertainment,00260930,041510,KRW,Q1_2026,2026,11013,First-quarter report,20260515002991,SCE,자본변동표,dart_EquityAtBeginningOfPeriod,기초자본,자본|지배기업지분|이익잉여금,,,2026,KRW,,,,319853541285,제 31 기 1분기,3,11013,fnlttSinglAcntAll,,618477909583,제 32 기 1분기
sm_entertainment,SM Entertainment,00260930,041510,KRW,Q1_2026,2026,11013,First-quarter report,20260515002991,SCE,자본변동표,dart_EquityAtBeginningOfPeriod,기초자본,자본|지배기업지분|자본금,,,2026,KRW,,,,11915450500,제 31 기 1분기,3,11013,fnlttSinglAcntAll,,11915450500,제 32 기 1분기
sm_entertainment,SM Entertainment,00260930,041510,KRW,Q1_2026,2026,11013,First-quarter report,20260515002991,SCE,자본변동표,dart_EquityAtBeginningOfPeriod,기초자본,자본|지배기업지분|기타자본구성요소,,,2026,KRW,,,,-12156898781,제 31 기 1분기,3,11013,fnlttSinglAcntAll,,27129105581,제 32 기 1분기
sm_entertainment,SM Entertainment,00260930,041510,KRW,Q1_2026,2026,11013,First-quarter report,20260515002991,SCE,자본변동표,ifrs-full_ComprehensiveIncome,총포괄손익 합계,연결재무제표 [member],,,2026,KRW,,,,257021854359,제 31 기 1분기,4,11013,fnlttSinglAcntAll,,38971405373,제 32 기 1분기
sm_entertainment,SM Entertainment,00260930,041510,KRW,Q1_2026,2026,11013,First-quarter report,20260515002991,SCE,자본변동표,ifrs-full_ComprehensiveIncome,총포괄손익 합계,자본|비지배지분,,,2026,KRW,,,,5219824128,제 31 기 1분기,4,11013,fnlttSinglAcntAll,,4028141560,제 32 기 1분기
sm_entertainment,SM Entertainment,00260930,041510,KRW,Q1_2026,2026,11013,First-quarter report,20260515002991,SCE,자본변동표,ifrs-full_ComprehensiveIncome,총포괄손익 합계,자본|지배기업지분,,,2026,KRW,,,,251802030231,제 31 기 1분기,4,11013,fnlttSinglAcntAll,,34943263813,제 32 기 1분기
sm_entertainment,SM Entertainment,00260930,041510,KRW,Q1_2026,2026,11013,First-quarter report,20260515002991,SCE,자본변동표,ifrs-full_ComprehensiveIncome,총포괄손익 합계,자본|지배기업지분|기타자본구성요소,,,2026,KRW,,,,0,제 31 기 1분기,4,11013,fnlttSinglAcntAll,,0,제 32 기 1분기
sm_entertainment,SM Entertainment,00260930,041510,KRW,Q1_2026,2026,11013,First-quarter report,20260515002991,SCE,자본변동표,ifrs-full_ComprehensiveIncome,총포괄손익 합계,자본|지배기업지분|기타포괄손익누계액,,,2026,KRW,,,,3567456722,제 31 기 1분기,4,11013,fnlttSinglAcntAll,,2446265524,제 32 기 1분기
sm_entertainment,SM Entertainment,00260930,041510,KRW,Q1_2026,2026,11013,First-quarter report,20260515002991,SCE,자본변동표,ifrs-full_ComprehensiveIncome,총포괄손익 합계,자본|지배기업지분|이익잉여금,,,2026,KRW,,,,248234573509,제 31 기 1분기,4,11013,fnlttSinglAcntAll,,32496998289,제 32 기 1분기
sm_entertainment,SM Entertainment,00260930,041510,KRW,Q1_2026,2026,11013,First-quarter report,20260515002991,SCE,자본변동표,ifrs-full_ComprehensiveIncome,총포괄손익 합계,자본|지배기업지분|자본금,,,2026,KRW,,,,0,제 31 기 1분기,4,11013,fnlttSinglAcntAll,,0,제 32 기 1분기
sm_entertainment,SM Entertainment,00260930,041510,KRW,Q1_2026,2026,11013,First-quarter report,20260515002991,SCE,자본변동표,ifrs-full_ComprehensiveIncome,총포괄손익 합계,자본|지배기업지분|자본잉여금,,,2026,KRW,,,,0,제 31 기 1분기,4,11013,fnlttSinglAcntAll,,0,제 32 기 1분기
sm_entertainment,SM Entertainment,00260930,041510,KRW,Q1_2026,2026,11013,First-quarter report,20260515002991,SCE,자본변동표,dart_ChangesInReserveOfGainsAndLossesOnFinancialAssetsMeasuredAtFairValueThroughOtherComprehensiveIncome,기타포괄손익-공정가치 지분상품 평가손익,연결재무제표 [member],,,2026,KRW,,,,553780450,제 31 기 1분기,5,11013,fnlttSinglAcntAll,,-2049939773,제 32 기 1분기
sm_entertainment,SM Entertainment,00260930,041510,KRW,Q1_2026,2026,11013,First-quarter report,20260515002991,SCE,자본변동표,dart_ChangesInReserveOfGainsAndLossesOnFinancialAssetsMeasuredAtFairValueThroughOtherComprehensiveIncome,기타포괄손익-공정가치 지분상품 평가손익,자본|비지배지분,,,2026,KRW,,,,0,제 31 기 1분기,5,11013,fnlttSinglAcntAll,,-1256708308,제 32 기 1분기
sm_entertainment,SM Entertainment,00260930,041510,KRW,Q1_2026,2026,11013,First-quarter report,20260515002991,SCE,자본변동표,dart_ChangesInReserveOfGainsAndLossesOnFinancialAssetsMeasuredAtFairValueThroughOtherComprehensiveIncome,기타포괄손익-공정가치 지분상품 평가손익,자본|지배기업지분,,,2026,KRW,,,,553780450,제 31 기 1분기,5,11013,fnlttSinglAcntAll,,-793231465,제 32 기 1분기
sm_entertainment,SM Entertainment,00260930,041510,KRW,Q1_2026,2026,11013,First-quarter report,20260515002991,SCE,자본변동표,dart_ChangesInReserveOfGainsAndLossesOnFinancialAssetsMeasuredAtFairValueThroughOtherComprehensiveIncome,기타포괄손익-공정가치 지분상품 평가손익,자본|지배기업지분|기타자본구성요소,,,2026,KRW,,,,0,제 31 기 1분기,5,11013,fnlttSinglAcntAll,,0,제 32 기 1분기
sm_entertainment,SM Entertainment,00260930,041510,KRW,Q1_2026,2026,11013,First-quarter report,20260515002991,SCE,자본변동표,dart_ChangesInReserveOfGainsAndLossesOnFinancialAssetsMeasuredAtFairValueThroughOtherComprehensiveIncome,기타포괄손익-공정가치 지분상품 평가손익,자본|지배기업지분|기타포괄손익누계액,,,2026,KRW,,,,553780450,제 31 기 1분기,5,11013,fnlttSinglAcntAll,,-793231465,제 32 기 1분기
sm_entertainment,SM Entertainment,00260930,041510,KRW,Q1_2026,2026,11013,First-quarter report,20260515002991,SCE,자본변동표,dart_ChangesInReserveOfGainsAndLossesOnFinancialAssetsMeasuredAtFairValueThroughOtherComprehensiveIncome,기타포괄손익-공정가치 지분상품 평가손익,자본|지배기업지분|이익잉여금,,,2026,KRW,,,,0,제 31 기 1분기,5,11013,fnlttSinglAcntAll,,0,제 32 기 1분기
sm_entertainment,SM Entertainment,00260930,041510,KRW,Q1_2026,2026,11013,First-quarter report,20260515002991,SCE,자본변동표,dart_ChangesInReserveOfGainsAndLossesOnFinancialAssetsMeasuredAtFairValueThroughOtherComprehensiveIncome,기타포괄손익-공정가치 지분상품 평가손익,자본|지배기업지분|자본금,,,2026,KRW,,,,0,제 31 기 1분기,5,11013,fnlttSinglAcntAll,,0,제 32 기 1분기
sm_entertainment,SM Entertainment,00260930,041510,KRW,Q1_2026,2026,11013,First-quarter report,20260515002991,SCE,자본변동표,dart_ChangesInReserveOfGainsAndLossesOnFinancialAssetsMeasuredAtFairValueThroughOtherComprehensiveIncome,기타포괄손익-공정가치 지분상품 평가손익,자본|지배기업지분|자본잉여금,,,2026,KRW,,,,0,제 31 기 1분기,5,11013,fnlttSinglAcntAll,,0,제 32 기 1분기
sm_entertainment,SM Entertainment,00260930,041510,KRW,Q1_2026,2026,11013,First-quarter report,20260515002991,SCE,자본변동표,ifrs-full_GainsLossesOnExchangeDifferencesOnTranslationNetOfTax,해외사업환산손익,연결재무제표 [member],,,2026,KRW,,,,3601912773,제 31 기 1분기,6,11013,fnlttSinglAcntAll,,4137782297,제 32 기 1분기
sm_entertainment,SM Entertainment,00260930,041510,KRW,Q1_2026,2026,11013,First-quarter report,20260515002991,SCE,자본변동표,ifrs-full_GainsLossesOnExchangeDifferencesOnTranslationNetOfTax,해외사업환산손익,자본|비지배지분,,,2026,KRW,,,,732965150,제 31 기 1분기,6,11013,fnlttSinglAcntAll,,1056354522,제 32 기 1분기
sm_entertainment,SM Entertainment,00260930,041510,KRW,Q1_2026,2026,11013,First-quarter report,20260515002991,SCE,자본변동표,ifrs-full_GainsLossesOnExchangeDifferencesOnTranslationNetOfTax,해외사업환산손익,자본|지배기업지분,,,2026,KRW,,,,2868947623,제 31 기 1분기,6,11013,fnlttSinglAcntAll,,3081427775,제 32 기 1분기
sm_entertainment,SM Entertainment,00260930,041510,KRW,Q1_2026,2026,11013,First-quarter report,20260515002991,SCE,자본변동표,ifrs-full_GainsLossesOnExchangeDifferencesOnTranslationNetOfTax,해외사업환산손익,자본|지배기업지분|기타자본구성요소,,,2026,KRW,,,,0,제 31 기 1분기,6,11013,fnlttSinglAcntAll,,0,제 32 기 1분기
sm_entertainment,SM Entertainment,00260930,041510,KRW,Q1_2026,2026,11013,First-quarter report,20260515002991,SCE,자본변동표,ifrs-full_GainsLossesOnExchangeDifferencesOnTranslationNetOfTax,해외사업환산손익,자본|지배기업지분|기타포괄손익누계액,,,2026,KRW,,,,2868947623,제 31 기 1분기,6,11013,fnlttSinglAcntAll,,3081427775,제 32 기 1분기
sm_entertainment,SM Entertainment,00260930,041510,KRW,Q1_2026,2026,11013,First-quarter report,20260515002991,SCE,자본변동표,ifrs-full_GainsLossesOnExchangeDifferencesOnTranslationNetOfTax,해외사업환산손익,자본|지배기업지분|이익잉여금,,,2026,KRW,,,,0,제 31 기 1분기,6,11013,fnlttSinglAcntAll,,0,제 32 기 1분기
sm_entertainment,SM Entertainment,00260930,041510,KRW,Q1_2026,2026,11013,First-quarter report,20260515002991,SCE,자본변동표,ifrs-full_GainsLossesOnExchangeDifferencesOnTranslationNetOfTax,해외사업환산손익,자본|지배기업지분|자본금,,,2026,KRW,,,,0,제 31 기 1분기,6,11013,fnlttSinglAcntAll,,0,제 32 기 1분기
sm_entertainment,SM Entertainment,00260930,041510,KRW,Q1_2026,2026,11013,First-quarter report,20260515002991,SCE,자본변동표,ifrs-full_GainsLossesOnExchangeDifferencesOnTranslationNetOfTax,해외사업환산손익,자본|지배기업지분|자본잉여금,,,2026,KRW,,,,0,제 31 기 1분기,6,11013,fnlttSinglAcntAll,,0,제 32 기 1분기
sm_entertainment,SM Entertainment,00260930,041510,KRW,Q1_2026,2026,11013,First-quarter report,20260515002991,SCE,자본변동표,ifrs-full_OtherComprehensiveIncomeNetOfTaxGainsLossesOnRemeasurementsOfDefinedBenefitPlans,확정급여제도의재측정요소,연결재무제표 [member],,,2026,KRW,,,,-40949356,제 31 기 1분기,7,11013,fnlttSinglAcntAll,,-1466446,제 32 기 1분기
sm_entertainment,SM Entertainment,00260930,041510,KRW,Q1_2026,2026,11013,First-quarter report,20260515002991,SCE,자본변동표,ifrs-full_OtherComprehensiveIncomeNetOfTaxGainsLossesOnRemeasurementsOfDefinedBenefitPlans,확정급여제도의재측정요소,자본|비지배지분,,,2026,KRW,,,,-7686454,제 31 기 1분기,7,11013,fnlttSinglAcntAll,,1318338,제 32 기 1분기
sm_entertainment,SM Entertainment,00260930,041510,KRW,Q1_2026,2026,11013,First-quarter report,20260515002991,SCE,자본변동표,ifrs-full_OtherComprehensiveIncomeNetOfTaxGainsLossesOnRemeasurementsOfDefinedBenefitPlans,확정급여제도의재측정요소,자본|지배기업지분,,,2026,KRW,,,,-33262902,제 31 기 1분기,7,11013,fnlttSinglAcntAll,,-2784784,제 32 기 1분기
sm_entertainment,SM Entertainment,00260930,041510,KRW,Q1_2026,2026,11013,First-quarter report,20260515002991,SCE,자본변동표,ifrs-full_OtherComprehensiveIncomeNetOfTaxGainsLossesOnRemeasurementsOfDefinedBenefitPlans,확정급여제도의재측정요소,자본|지배기업지분|기타자본구성요소,,,2026,KRW,,,,0,제 31 기 1분기,7,11013,fnlttSinglAcntAll,,0,제 32 기 1분기
sm_entertainment,SM Entertainment,00260930,041510,KRW,Q1_2026,2026,11013,First-quarter report,20260515002991,SCE,자본변동표,ifrs-full_OtherComprehensiveIncomeNetOfTaxGainsLossesOnRemeasurementsOfDefinedBenefitPlans,확정급여제도의재측정요소,자본|지배기업지분|기타포괄손익누계액,,,2026,KRW,,,,-33262902,제 31 기 1분기,7,11013,fnlttSinglAcntAll,,-2784784,제 32 기 1분기
sm_entertainment,SM Entertainment,00260930,041510,KRW,Q1_2026,2026,11013,First-quarter report,20260515002991,SCE,자본변동표,ifrs-full_OtherComprehensiveIncomeNetOfTaxGainsLossesOnRemeasurementsOfDefinedBenefitPlans,확정급여제도의재측정요소,자본|지배기업지분|이익잉여금,,,2026,KRW,,,,0,제 31 기 1분기,7,11013,fnlttSinglAcntAll,,0,제 32 기 1분기
sm_entertainment,SM Entertainment,00260930,041510,KRW,Q1_2026,2026,11013,First-quarter report,20260515002991,SCE,자본변동표,ifrs-full_OtherComprehensiveIncomeNetOfTaxGainsLossesOnRemeasurementsOfDefinedBenefitPlans,확정급여제도의재측정요소,자본|지배기업지분|자본금,,,2026,KRW,,,,0,제 31 기 1분기,7,11013,fnlttSinglAcntAll,,0,제 32 기 1분기
sm_entertainment,SM Entertainment,00260930,041510,KRW,Q1_2026,2026,11013,First-quarter report,20260515002991,SCE,자본변동표,ifrs-full_OtherComprehensiveIncomeNetOfTaxGainsLossesOnRemeasurementsOfDefinedBenefitPlans,확정급여제도의재측정요소,자본|지배기업지분|자본잉여금,,,2026,KRW,,,,0,제 31 기 1분기,7,11013,fnlttSinglAcntAll,,0,제 32 기 1분기
sm_entertainment,SM Entertainment,00260930,041510,KRW,Q1_2026,2026,11013,First-quarter report,20260515002991,SCE,자본변동표,ifrs-full_ProfitLoss,당기순이익,연결재무제표 [member],,,2026,KRW,,,,252722772350,제 31 기 1분기,8,11013,fnlttSinglAcntAll,,36709153563,제 32 기 1분기
sm_entertainment,SM Entertainment,00260930,041510,KRW,Q1_2026,2026,11013,First-quarter report,20260515002991,SCE,자본변동표,ifrs-full_ProfitLoss,당기순이익,자본|비지배지분,,,2026,KRW,,,,4488198841,제 31 기 1분기,8,11013,fnlttSinglAcntAll,,4212155274,제 32 기 1분기
sm_entertainment,SM Entertainment,00260930,041510,KRW,Q1_2026,2026,11013,First-quarter report,20260515002991,SCE,자본변동표,ifrs-full_ProfitLoss,당기순이익,자본|지배기업지분,,,2026,KRW,,,,248234573509,제 31 기 1분기,8,11013,fnlttSinglAcntAll,,32496998289,제 32 기 1분기
sm_entertainment,SM Entertainment,00260930,041510,KRW,Q1_2026,2026,11013,First-quarter report,20260515002991,SCE,자본변동표,ifrs-full_ProfitLoss,당기순이익,자본|지배기업지분|기타자본구성요소,,,2026,KRW,,,,0,제 31 기 1분기,8,11013,fnlttSinglAcntAll,,0,제 32 기 1분기
sm_entertainment,SM Entertainment,00260930,041510,KRW,Q1_2026,2026,11013,First-quarter report,20260515002991,SCE,자본변동표,ifrs-full_ProfitLoss,당기순이익,자본|지배기업지분|기타포괄손익누계액,,,2026,KRW,,,,0,제 31 기 1분기,8,11013,fnlttSinglAcntAll,,0,제 32 기 1분기
sm_entertainment,SM Entertainment,00260930,041510,KRW,Q1_2026,2026,11013,First-quarter report,20260515002991,SCE,자본변동표,ifrs-full_ProfitLoss,당기순이익,자본|지배기업지분|이익잉여금,,,2026,KRW,,,,248234573509,제 31 기 1분기,8,11013,fnlttSinglAcntAll,,32496998289,제 32 기 1분기
sm_entertainment,SM Entertainment,00260930,041510,KRW,Q1_2026,2026,11013,First-quarter report,20260515002991,SCE,자본변동표,ifrs-full_ProfitLoss,당기순이익,자본|지배기업지분|자본금,,,2026,KRW,,,,0,제 31 기 1분기,8,11013,fnlttSinglAcntAll,,0,제 32 기 1분기
sm_entertainment,SM Entertainment,00260930,041510,KRW,Q1_2026,2026,11013,First-quarter report,20260515002991,SCE,자본변동표,ifrs-full_ProfitLoss,당기순이익,자본|지배기업지분|자본잉여금,,,2026,KRW,,,,0,제 31 기 1분기,8,11013,fnlttSinglAcntAll,,0,제 32 기 1분기
sm_entertainment,SM Entertainment,00260930,041510,KRW,Q1_2026,2026,11013,First-quarter report,20260515002991,SCE,자본변동표,ifrs-full_ShareOfOtherComprehensiveIncomeOfAssociatesAndJointVenturesAccountedForUsingEquityMethod,지분법자본변동,연결재무제표 [member],,,2026,KRW,,,,184338142,제 31 기 1분기,9,11013,fnlttSinglAcntAll,,175875732,제 32 기 1분기
sm_entertainment,SM Entertainment,00260930,041510,KRW,Q1_2026,2026,11013,First-quarter report,20260515002991,SCE,자본변동표,ifrs-full_ShareOfOtherComprehensiveIncomeOfAssociatesAndJointVenturesAccountedForUsingEquityMethod,지분법자본변동,자본|비지배지분,,,2026,KRW,,,,6346591,제 31 기 1분기,9,11013,fnlttSinglAcntAll,,15021734,제 32 기 1분기
sm_entertainment,SM Entertainment,00260930,041510,KRW,Q1_2026,2026,11013,First-quarter report,20260515002991,SCE,자본변동표,ifrs-full_ShareOfOtherComprehensiveIncomeOfAssociatesAndJointVenturesAccountedForUsingEquityMethod,지분법자본변동,자본|지배기업지분,,,2026,KRW,,,,177991551,제 31 기 1분기,9,11013,fnlttSinglAcntAll,,160853998,제 32 기 1분기
sm_entertainment,SM Entertainment,00260930,041510,KRW,Q1_2026,2026,11013,First-quarter report,20260515002991,SCE,자본변동표,ifrs-full_ShareOfOtherComprehensiveIncomeOfAssociatesAndJointVenturesAccountedForUsingEquityMethod,지분법자본변동,자본|지배기업지분|기타자본구성요소,,,2026,KRW,,,,0,제 31 기 1분기,9,11013,fnlttSinglAcntAll,,0,제 32 기 1분기
sm_entertainment,SM Entertainment,00260930,041510,KRW,Q1_2026,2026,11013,First-quarter report,20260515002991,SCE,자본변동표,ifrs-full_ShareOfOtherComprehensiveIncomeOfAssociatesAndJointVenturesAccountedForUsingEquityMethod,지분법자본변동,자본|지배기업지분|기타포괄손익누계액,,,2026,KRW,,,,177991551,제 31 기 1분기,9,11013,fnlttSinglAcntAll,,160853998,제 32 기 1분기
sm_entertainment,SM Entertainment,00260930,041510,KRW,Q1_2026,2026,11013,First-quarter report,20260515002991,SCE,자본변동표,ifrs-full_ShareOfOtherComprehensiveIncomeOfAssociatesAndJointVenturesAccountedForUsingEquityMethod,지분법자본변동,자본|지배기업지분|이익잉여금,,,2026,KRW,,,,0,제 31 기 1분기,9,11013,fnlttSinglAcntAll,,0,제 32 기 1분기
sm_entertainment,SM Entertainment,00260930,041510,KRW,Q1_2026,2026,11013,First-quarter report,20260515002991,SCE,자본변동표,ifrs-full_ShareOfOtherComprehensiveIncomeOfAssociatesAndJointVenturesAccountedForUsingEquityMethod,지분법자본변동,자본|지배기업지분|자본금,,,2026,KRW,,,,0,제 31 기 1분기,9,11013,fnlttSinglAcntAll,,0,제 32 기 1분기
sm_entertainment,SM Entertainment,00260930,041510,KRW,Q1_2026,2026,11013,First-quarter report,20260515002991,SCE,자본변동표,ifrs-full_ShareOfOtherComprehensiveIncomeOfAssociatesAndJointVenturesAccountedForUsingEquityMethod,지분법자본변동,자본|지배기업지분|자본잉여금,,,2026,KRW,,,,0,제 31 기 1분기,9,11013,fnlttSinglAcntAll,,0,제 32 기 1분기
sm_entertainment,SM Entertainment,00260930,041510,KRW,Q1_2026,2026,11013,First-quarter report,20260515002991,SCE,자본변동표,ifrs-full_Equity,자본총계,연결재무제표 [member],,,2026,KRW,,1358745854879,,1181462898325,제 31 기 1분기,10,11013,fnlttSinglAcntAll,,1353863070500,제 32 기 1분기
sm_entertainment,SM Entertainment,00260930,041510,KRW,Q1_2026,2026,11013,First-quarter report,20260515002991,SCE,자본변동표,ifrs-full_Equity,자본총계,자본|비지배지분,,,2026,KRW,,,,273421787312,제 31 기 1분기,10,11013,fnlttSinglAcntAll,,353367914941,제 32 기 1분기
sm_entertainment,SM Entertainment,00260930,041510,KRW,Q1_2026,2026,11013,First-quarter report,20260515002991,SCE,자본변동표,ifrs-full_Equity,자본총계,자본|지배기업지분,,,2026,KRW,,,,908041111013,제 31 기 1분기,10,11013,fnlttSinglAcntAll,,1000495155559,제 32 기 1분기
sm_entertainment,SM Entertainment,00260930,041510,KRW,Q1_2026,2026,11013,First-quarter report,20260515002991,SCE,자본변동표,ifrs-full_Equity,자본총계,자본|지배기업지분|기타자본구성요소,,,2026,KRW,,,,27540097547,제 31 기 1분기,10,11013,fnlttSinglAcntAll,,27129105581,제 32 기 1분기
sm_entertainment,SM Entertainment,00260930,041510,KRW,Q1_2026,2026,11013,First-quarter report,20260515002991,SCE,자본변동표,ifrs-full_Equity,자본총계,자본|지배기업지분|기타포괄손익누계액,,,2026,KRW,,,,-4543306977,제 31 기 1분기,10,11013,fnlttSinglAcntAll,,-5739217955,제 32 기 1분기
sm_entertainment,SM Entertainment,00260930,041510,KRW,Q1_2026,2026,11013,First-quarter report,20260515002991,SCE,자본변동표,ifrs-full_Equity,자본총계,자본|지배기업지분|이익잉여금,,,2026,KRW,,,,519608495429,제 31 기 1분기,10,11013,fnlttSinglAcntAll,,613885510072,제 32 기 1분기
sm_entertainment,SM Entertainment,00260930,041510,KRW,Q1_2026,2026,11013,First-quarter report,20260515002991,SCE,자본변동표,ifrs-full_Equity,자본총계,자본|지배기업지분|자본금,11915451000,제 30 기,2026,KRW,,11915451000,,11915450500,제 31 기 1분기,10,11013,fnlttSinglAcntAll,,11915450500,제 32 기 1분기
sm_entertainment,SM Entertainment,00260930,041510,KRW,Q1_2026,2026,11013,First-quarter report,20260515002991,SCE,자본변동표,ifrs-full_Equity,자본총계,자본|지배기업지분|자본잉여금,,,2026,KRW,,,,353520374514,제 31 기 1분기,10,11013,fnlttSinglAcntAll,,353304307361,제 32 기 1분기
sm_entertainment,SM Entertainment,00260930,041510,KRW,Q1_2026,2026,11013,First-quarter report,20260515002991,SCE,자본변동표,ifrs-full_IncreaseDecreaseThroughTransactionsWithOwners,자본에 직접 반영된 주주와의 거래 등 합계,연결재무제표 [member],,,2026,KRW,,,,95361181877,제 31 기 1분기,11,11013,fnlttSinglAcntAll,,-43854189752,제 32 기 1분기
sm_entertainment,SM Entertainment,00260930,041510,KRW,Q1_2026,2026,11013,First-quarter report,20260515002991,SCE,자본변동표,ifrs-full_IncreaseDecreaseThroughTransactionsWithOwners,자본에 직접 반영된 주주와의 거래 등 합계,자본|비지배지분,,,2026,KRW,,,,103919690712,제 31 기 1분기,11,11013,fnlttSinglAcntAll,,-6782335522,제 32 기 1분기
sm_entertainment,SM Entertainment,00260930,041510,KRW,Q1_2026,2026,11013,First-quarter report,20260515002991,SCE,자본변동표,ifrs-full_IncreaseDecreaseThroughTransactionsWithOwners,자본에 직접 반영된 주주와의 거래 등 합계,자본|지배기업지분,,,2026,KRW,,,,-8558508835,제 31 기 1분기,11,11013,fnlttSinglAcntAll,,-37071854230,제 32 기 1분기
sm_entertainment,SM Entertainment,00260930,041510,KRW,Q1_2026,2026,11013,First-quarter report,20260515002991,SCE,자본변동표,ifrs-full_IncreaseDecreaseThroughTransactionsWithOwners,자본에 직접 반영된 주주와의 거래 등 합계,자본|지배기업지분|기타자본구성요소,,,2026,KRW,,,,39696996328,제 31 기 1분기,11,11013,fnlttSinglAcntAll,,0,제 32 기 1분기
sm_entertainment,SM Entertainment,00260930,041510,KRW,Q1_2026,2026,11013,First-quarter report,20260515002991,SCE,자본변동표,ifrs-full_IncreaseDecreaseThroughTransactionsWithOwners,자본에 직접 반영된 주주와의 거래 등 합계,자본|지배기업지분|기타포괄손익누계액,,,2026,KRW,,,,0,제 31 기 1분기,11,11013,fnlttSinglAcntAll,,0,제 32 기 1분기
sm_entertainment,SM Entertainment,00260930,041510,KRW,Q1_2026,2026,11013,First-quarter report,20260515002991,SCE,자본변동표,ifrs-full_IncreaseDecreaseThroughTransactionsWithOwners,자본에 직접 반영된 주주와의 거래 등 합계,자본|지배기업지분|이익잉여금,,,2026,KRW,,,,-48479619365,제 31 기 1분기,11,11013,fnlttSinglAcntAll,,-37089397800,제 32 기 1분기
sm_entertainment,SM Entertainment,00260930,041510,KRW,Q1_2026,2026,11013,First-quarter report,20260515002991,SCE,자본변동표,ifrs-full_IncreaseDecreaseThroughTransactionsWithOwners,자본에 직접 반영된 주주와의 거래 등 합계,자본|지배기업지분|자본금,,,2026,KRW,,,,0,제 31 기 1분기,11,11013,fnlttSinglAcntAll,,0,제 32 기 1분기
sm_entertainment,SM Entertainment,00260930,041510,KRW,Q1_2026,2026,11013,First-quarter report,20260515002991,SCE,자본변동표,ifrs-full_IncreaseDecreaseThroughTransactionsWithOwners,자본에 직접 반영된 주주와의 거래 등 합계,자본|지배기업지분|자본잉여금,,,2026,KRW,,,,224114202,제 31 기 1분기,11,11013,fnlttSinglAcntAll,,17543570,제 32 기 1분기
sm_entertainment,SM Entertainment,00260930,041510,KRW,Q1_2026,2026,11013,First-quarter report,20260515002991,SCE,자본변동표,-표준계정코드 미사용-,연결범위변동,연결재무제표 [member],,,2026,KRW,,,,104240003002,제 31 기 1분기,12,11013,fnlttSinglAcntAll,,-1162402378,제 32 기 1분기
sm_entertainment,SM Entertainment,00260930,041510,KRW,Q1_2026,2026,11013,First-quarter report,20260515002991,SCE,자본변동표,-표준계정코드 미사용-,연결범위변동,자본|비지배지분,,,2026,KRW,,,,104240003002,제 31 기 1분기,12,11013,fnlttSinglAcntAll,,-1162402378,제 32 기 1분기
sm_entertainment,SM Entertainment,00260930,041510,KRW,Q1_2026,2026,11013,First-quarter report,20260515002991,SCE,자본변동표,-표준계정코드 미사용-,연결범위변동,자본|지배기업지분,,,2026,KRW,,,,0,제 31 기 1분기,12,11013,fnlttSinglAcntAll,,0,제 32 기 1분기
sm_entertainment,SM Entertainment,00260930,041510,KRW,Q1_2026,2026,11013,First-quarter report,20260515002991,SCE,자본변동표,-표준계정코드 미사용-,연결범위변동,자본|지배기업지분|기타자본구성요소,,,2026,KRW,,,,0,제 31 기 1분기,12,11013,fnlttSinglAcntAll,,0,제 32 기 1분기
sm_entertainment,SM Entertainment,00260930,041510,KRW,Q1_2026,2026,11013,First-quarter report,20260515002991,SCE,자본변동표,-표준계정코드 미사용-,연결범위변동,자본|지배기업지분|기타포괄손익누계액,,,2026,KRW,,,,0,제 31 기 1분기,12,11013,fnlttSinglAcntAll,,0,제 32 기 1분기
sm_entertainment,SM Entertainment,00260930,041510,KRW,Q1_2026,2026,11013,First-quarter report,20260515002991,SCE,자본변동표,-표준계정코드 미사용-,연결범위변동,자본|지배기업지분|이익잉여금,,,2026,KRW,,,,0,제 31 기 1분기,12,11013,fnlttSinglAcntAll,,0,제 32 기 1분기
sm_entertainment,SM Entertainment,00260930,041510,KRW,Q1_2026,2026,11013,First-quarter report,20260515002991,SCE,자본변동표,-표준계정코드 미사용-,연결범위변동,자본|지배기업지분|자본금,,,2026,KRW,,,,0,제 31 기 1분기,12,11013,fnlttSinglAcntAll,,0,제 32 기 1분기
sm_entertainment,SM Entertainment,00260930,041510,KRW,Q1_2026,2026,11013,First-quarter report,20260515002991,SCE,자본변동표,-표준계정코드 미사용-,연결범위변동,자본|지배기업지분|자본잉여금,,,2026,KRW,,,,0,제 31 기 1분기,12,11013,fnlttSinglAcntAll,,0,제 32 기 1분기
sm_entertainment,SM Entertainment,00260930,041510,KRW,Q1_2026,2026,11013,First-quarter report,20260515002991,SCE,자본변동표,-표준계정코드 미사용-,관계기업의 기타자본잉여금 변동,연결재무제표 [member],,,2026,KRW,,,,376039582,제 31 기 1분기,13,11013,fnlttSinglAcntAll,,0,제 32 기 1분기
sm_entertainment,SM Entertainment,00260930,041510,KRW,Q1_2026,2026,11013,First-quarter report,20260515002991,SCE,자본변동표,-표준계정코드 미사용-,관계기업의 기타자본잉여금 변동,자본|비지배지분,,,2026,KRW,,,,786619,제 31 기 1분기,13,11013,fnlttSinglAcntAll,,0,제 32 기 1분기
sm_entertainment,SM Entertainment,00260930,041510,KRW,Q1_2026,2026,11013,First-quarter report,20260515002991,SCE,자본변동표,-표준계정코드 미사용-,관계기업의 기타자본잉여금 변동,자본|지배기업지분,,,2026,KRW,,,,375252963,제 31 기 1분기,13,11013,fnlttSinglAcntAll,,0,제 32 기 1분기
sm_entertainment,SM Entertainment,00260930,041510,KRW,Q1_2026,2026,11013,First-quarter report,20260515002991,SCE,자본변동표,-표준계정코드 미사용-,관계기업의 기타자본잉여금 변동,자본|지배기업지분|기타자본구성요소,,,2026,KRW,,,,375252963,제 31 기 1분기,13,11013,fnlttSinglAcntAll,,0,제 32 기 1분기
sm_entertainment,SM Entertainment,00260930,041510,KRW,Q1_2026,2026,11013,First-quarter report,20260515002991,SCE,자본변동표,-표준계정코드 미사용-,관계기업의 기타자본잉여금 변동,자본|지배기업지분|기타포괄손익누계액,,,2026,KRW,,,,0,제 31 기 1분기,13,11013,fnlttSinglAcntAll,,0,제 32 기 1분기
sm_entertainment,SM Entertainment,00260930,041510,KRW,Q1_2026,2026,11013,First-quarter report,20260515002991,SCE,자본변동표,-표준계정코드 미사용-,관계기업의 기타자본잉여금 변동,자본|지배기업지분|이익잉여금,,,2026,KRW,,,,0,제 31 기 1분기,13,11013,fnlttSinglAcntAll,,0,제 32 기 1분기
sm_entertainment,SM Entertainment,00260930,041510,KRW,Q1_2026,2026,11013,First-quarter report,20260515002991,SCE,자본변동표,-표준계정코드 미사용-,관계기업의 기타자본잉여금 변동,자본|지배기업지분|자본금,,,2026,KRW,,,,0,제 31 기 1분기,13,11013,fnlttSinglAcntAll,,0,제 32 기 1분기
sm_entertainment,SM Entertainment,00260930,041510,KRW,Q1_2026,2026,11013,First-quarter report,20260515002991,SCE,자본변동표,-표준계정코드 미사용-,관계기업의 기타자본잉여금 변동,자본|지배기업지분|자본잉여금,,,2026,KRW,,,,0,제 31 기 1분기,13,11013,fnlttSinglAcntAll,,0,제 32 기 1분기
sm_entertainment,SM Entertainment,00260930,041510,KRW,Q1_2026,2026,11013,First-quarter report,20260515002991,SCE,자본변동표,-표준계정코드 미사용-,주식선택권의 소멸,연결재무제표 [member],,,2026,KRW,,,,0,제 31 기 1분기,14,11013,fnlttSinglAcntAll,,0,제 32 기 1분기
sm_entertainment,SM Entertainment,00260930,041510,KRW,Q1_2026,2026,11013,First-quarter report,20260515002991,SCE,자본변동표,-표준계정코드 미사용-,주식선택권의 소멸,자본|비지배지분,,,2026,KRW,,,,-38903507,제 31 기 1분기,14,11013,fnlttSinglAcntAll,,-28313289,제 32 기 1분기
sm_entertainment,SM Entertainment,00260930,041510,KRW,Q1_2026,2026,11013,First-quarter report,20260515002991,SCE,자본변동표,-표준계정코드 미사용-,주식선택권의 소멸,자본|지배기업지분,,,2026,KRW,,,,38903507,제 31 기 1분기,14,11013,fnlttSinglAcntAll,,28313289,제 32 기 1분기
sm_entertainment,SM Entertainment,00260930,041510,KRW,Q1_2026,2026,11013,First-quarter report,20260515002991,SCE,자본변동표,-표준계정코드 미사용-,주식선택권의 소멸,자본|지배기업지분|기타자본구성요소,,,2026,KRW,,,,0,제 31 기 1분기,14,11013,fnlttSinglAcntAll,,0,제 32 기 1분기
sm_entertainment,SM Entertainment,00260930,041510,KRW,Q1_2026,2026,11013,First-quarter report,20260515002991,SCE,자본변동표,-표준계정코드 미사용-,주식선택권의 소멸,자본|지배기업지분|기타포괄손익누계액,,,2026,KRW,,,,0,제 31 기 1분기,14,11013,fnlttSinglAcntAll,,0,제 32 기 1분기
sm_entertainment,SM Entertainment,00260930,041510,KRW,Q1_2026,2026,11013,First-quarter report,20260515002991,SCE,자본변동표,-표준계정코드 미사용-,주식선택권의 소멸,자본|지배기업지분|이익잉여금,,,2026,KRW,,,,0,제 31 기 1분기,14,11013,fnlttSinglAcntAll,,0,제 32 기 1분기
sm_entertainment,SM Entertainment,00260930,041510,KRW,Q1_2026,2026,11013,First-quarter report,20260515002991,SCE,자본변동표,-표준계정코드 미사용-,주식선택권의 소멸,자본|지배기업지분|자본금,,,2026,KRW,,,,0,제 31 기 1분기,14,11013,fnlttSinglAcntAll,,0,제 32 기 1분기
sm_entertainment,SM Entertainment,00260930,041510,KRW,Q1_2026,2026,11013,First-quarter report,20260515002991,SCE,자본변동표,-표준계정코드 미사용-,주식선택권의 소멸,자본|지배기업지분|자본잉여금,,,2026,KRW,,,,38903507,제 31 기 1분기,14,11013,fnlttSinglAcntAll,,28313289,제 32 기 1분기
sm_entertainment,SM Entertainment,00260930,041510,KRW,Q1_2026,2026,11013,First-quarter report,20260515002991,SCE,자본변동표,-표준계정코드 미사용-,주식보상비용의 인식,연결재무제표 [member],,,2026,KRW,,,,196931026,제 31 기 1분기,15,11013,fnlttSinglAcntAll,,0,제 32 기 1분기
sm_entertainment,SM Entertainment,00260930,041510,KRW,Q1_2026,2026,11013,First-quarter report,20260515002991,SCE,자본변동표,-표준계정코드 미사용-,주식보상비용의 인식,자본|비지배지분,,,2026,KRW,,,,196931026,제 31 기 1분기,15,11013,fnlttSinglAcntAll,,0,제 32 기 1분기
sm_entertainment,SM Entertainment,00260930,041510,KRW,Q1_2026,2026,11013,First-quarter report,20260515002991,SCE,자본변동표,-표준계정코드 미사용-,주식보상비용의 인식,자본|지배기업지분,,,2026,KRW,,,,0,제 31 기 1분기,15,11013,fnlttSinglAcntAll,,0,제 32 기 1분기
sm_entertainment,SM Entertainment,00260930,041510,KRW,Q1_2026,2026,11013,First-quarter report,20260515002991,SCE,자본변동표,-표준계정코드 미사용-,주식보상비용의 인식,자본|지배기업지분|기타자본구성요소,,,2026,KRW,,,,0,제 31 기 1분기,15,11013,fnlttSinglAcntAll,,0,제 32 기 1분기
sm_entertainment,SM Entertainment,00260930,041510,KRW,Q1_2026,2026,11013,First-quarter report,20260515002991,SCE,자본변동표,-표준계정코드 미사용-,주식보상비용의 인식,자본|지배기업지분|기타포괄손익누계액,,,2026,KRW,,,,0,제 31 기 1분기,15,11013,fnlttSinglAcntAll,,0,제 32 기 1분기
sm_entertainment,SM Entertainment,00260930,041510,KRW,Q1_2026,2026,11013,First-quarter report,20260515002991,SCE,자본변동표,-표준계정코드 미사용-,주식보상비용의 인식,자본|지배기업지분|이익잉여금,,,2026,KRW,,,,0,제 31 기 1분기,15,11013,fnlttSinglAcntAll,,0,제 32 기 1분기
sm_entertainment,SM Entertainment,00260930,041510,KRW,Q1_2026,2026,11013,First-quarter report,20260515002991,SCE,자본변동표,-표준계정코드 미사용-,주식보상비용의 인식,자본|지배기업지분|자본금,,,2026,KRW,,,,0,제 31 기 1분기,15,11013,fnlttSinglAcntAll,,0,제 32 기 1분기
sm_entertainment,SM Entertainment,00260930,041510,KRW,Q1_2026,2026,11013,First-quarter report,20260515002991,SCE,자본변동표,-표준계정코드 미사용-,주식보상비용의 인식,자본|지배기업지분|자본잉여금,,,2026,KRW,,,,0,제 31 기 1분기,15,11013,fnlttSinglAcntAll,,0,제 32 기 1분기
sm_entertainment,SM Entertainment,00260930,041510,KRW,Q1_2026,2026,11013,First-quarter report,20260515002991,SCE,자본변동표,ifrs-full_CancellationOfTreasuryShares,자기주식의 이익소각,연결재무제표 [member],,,2026,KRW,,,,0,제 31 기 1분기,16,11013,fnlttSinglAcntAll,,0,제 32 기 1분기
sm_entertainment,SM Entertainment,00260930,041510,KRW,Q1_2026,2026,11013,First-quarter report,20260515002991,SCE,자본변동표,ifrs-full_CancellationOfTreasuryShares,자기주식의 이익소각,자본|비지배지분,,,2026,KRW,,,,0,제 31 기 1분기,16,11013,fnlttSinglAcntAll,,0,제 32 기 1분기
sm_entertainment,SM Entertainment,00260930,041510,KRW,Q1_2026,2026,11013,First-quarter report,20260515002991,SCE,자본변동표,ifrs-full_CancellationOfTreasuryShares,자기주식의 이익소각,자본|지배기업지분,,,2026,KRW,,,,0,제 31 기 1분기,16,11013,fnlttSinglAcntAll,,0,제 32 기 1분기
sm_entertainment,SM Entertainment,00260930,041510,KRW,Q1_2026,2026,11013,First-quarter report,20260515002991,SCE,자본변동표,ifrs-full_CancellationOfTreasuryShares,자기주식의 이익소각,자본|지배기업지분|기타자본구성요소,,,2026,KRW,,,,39321743365,제 31 기 1분기,16,11013,fnlttSinglAcntAll,,0,제 32 기 1분기
sm_entertainment,SM Entertainment,00260930,041510,KRW,Q1_2026,2026,11013,First-quarter report,20260515002991,SCE,자본변동표,ifrs-full_CancellationOfTreasuryShares,자기주식의 이익소각,자본|지배기업지분|기타포괄손익누계액,,,2026,KRW,,,,0,제 31 기 1분기,16,11013,fnlttSinglAcntAll,,0,제 32 기 1분기
sm_entertainment,SM Entertainment,00260930,041510,KRW,Q1_2026,2026,11013,First-quarter report,20260515002991,SCE,자본변동표,ifrs-full_CancellationOfTreasuryShares,자기주식의 이익소각,자본|지배기업지분|이익잉여금,,,2026,KRW,,,,-39321743365,제 31 기 1분기,16,11013,fnlttSinglAcntAll,,0,제 32 기 1분기
sm_entertainment,SM Entertainment,00260930,041510,KRW,Q1_2026,2026,11013,First-quarter report,20260515002991,SCE,자본변동표,ifrs-full_CancellationOfTreasuryShares,자기주식의 이익소각,자본|지배기업지분|자본금,,,2026,KRW,,,,0,제 31 기 1분기,16,11013,fnlttSinglAcntAll,,0,제 32 기 1분기
sm_entertainment,SM Entertainment,00260930,041510,KRW,Q1_2026,2026,11013,First-quarter report,20260515002991,SCE,자본변동표,ifrs-full_CancellationOfTreasuryShares,자기주식의 이익소각,자본|지배기업지분|자본잉여금,,,2026,KRW,,,,0,제 31 기 1분기,16,11013,fnlttSinglAcntAll,,0,제 32 기 1분기
sm_entertainment,SM Entertainment,00260930,041510,KRW,Q1_2026,2026,11013,First-quarter report,20260515002991,SCE,자본변동표,ifrs-full_DividendsPaid,현금배당,연결재무제표 [member],,,2026,KRW,,,,9451791733,제 31 기 1분기,17,11013,fnlttSinglAcntAll,,41786331028,제 32 기 1분기
sm_entertainment,SM Entertainment,00260930,041510,KRW,Q1_2026,2026,11013,First-quarter report,20260515002991,SCE,자본변동표,ifrs-full_DividendsPaid,현금배당,자본|비지배지분,,,2026,KRW,,,,293915733,제 31 기 1분기,17,11013,fnlttSinglAcntAll,,4696933228,제 32 기 1분기
sm_entertainment,SM Entertainment,00260930,041510,KRW,Q1_2026,2026,11013,First-quarter report,20260515002991,SCE,자본변동표,ifrs-full_DividendsPaid,현금배당,자본|지배기업지분,,,2026,KRW,,,,9157876000,제 31 기 1분기,17,11013,fnlttSinglAcntAll,,37089397800,제 32 기 1분기
sm_entertainment,SM Entertainment,00260930,041510,KRW,Q1_2026,2026,11013,First-quarter report,20260515002991,SCE,자본변동표,ifrs-full_DividendsPaid,현금배당,자본|지배기업지분|기타자본구성요소,,,2026,KRW,,,,0,제 31 기 1분기,17,11013,fnlttSinglAcntAll,,0,제 32 기 1분기
sm_entertainment,SM Entertainment,00260930,041510,KRW,Q1_2026,2026,11013,First-quarter report,20260515002991,SCE,자본변동표,ifrs-full_DividendsPaid,현금배당,자본|지배기업지분|기타포괄손익누계액,,,2026,KRW,,,,0,제 31 기 1분기,17,11013,fnlttSinglAcntAll,,0,제 32 기 1분기
sm_entertainment,SM Entertainment,00260930,041510,KRW,Q1_2026,2026,11013,First-quarter report,20260515002991,SCE,자본변동표,ifrs-full_DividendsPaid,현금배당,자본|지배기업지분|이익잉여금,,,2026,KRW,,,,9157876000,제 31 기 1분기,17,11013,fnlttSinglAcntAll,,37089397800,제 32 기 1분기
sm_entertainment,SM Entertainment,00260930,041510,KRW,Q1_2026,2026,11013,First-quarter report,20260515002991,SCE,자본변동표,ifrs-full_DividendsPaid,현금배당,자본|지배기업지분|자본금,,,2026,KRW,,,,0,제 31 기 1분기,17,11013,fnlttSinglAcntAll,,0,제 32 기 1분기
sm_entertainment,SM Entertainment,00260930,041510,KRW,Q1_2026,2026,11013,First-quarter report,20260515002991,SCE,자본변동표,ifrs-full_DividendsPaid,현금배당,자본|지배기업지분|자본잉여금,,,2026,KRW,,,,0,제 31 기 1분기,17,11013,fnlttSinglAcntAll,,0,제 32 기 1분기
sm_entertainment,SM Entertainment,00260930,041510,KRW,Q1_2026,2026,11013,First-quarter report,20260515002991,SCE,자본변동표,ifrs-full_IncreaseDecreaseThroughChangesInOwnershipInterestsInSubsidiariesThatDoNotResultInLossOfControl,종속기업의 유상증자 및 지분율 변동 등,연결재무제표 [member],,,2026,KRW,,,,0,제 31 기 1분기,18,11013,fnlttSinglAcntAll,,-905456346,제 32 기 1분기
sm_entertainment,SM Entertainment,00260930,041510,KRW,Q1_2026,2026,11013,First-quarter report,20260515002991,SCE,자본변동표,ifrs-full_IncreaseDecreaseThroughChangesInOwnershipInterestsInSubsidiariesThatDoNotResultInLossOfControl,종속기업의 유상증자 및 지분율 변동 등,자본|비지배지분,,,2026,KRW,,,,-185210695,제 31 기 1분기,18,11013,fnlttSinglAcntAll,,-894686627,제 32 기 1분기
sm_entertainment,SM Entertainment,00260930,041510,KRW,Q1_2026,2026,11013,First-quarter report,20260515002991,SCE,자본변동표,ifrs-full_IncreaseDecreaseThroughChangesInOwnershipInterestsInSubsidiariesThatDoNotResultInLossOfControl,종속기업의 유상증자 및 지분율 변동 등,자본|지배기업지분,,,2026,KRW,,,,185210695,제 31 기 1분기,18,11013,fnlttSinglAcntAll,,-10769719,제 32 기 1분기
sm_entertainment,SM Entertainment,00260930,041510,KRW,Q1_2026,2026,11013,First-quarter report,20260515002991,SCE,자본변동표,ifrs-full_IncreaseDecreaseThroughChangesInOwnershipInterestsInSubsidiariesThatDoNotResultInLossOfControl,종속기업의 유상증자 및 지분율 변동 등,자본|지배기업지분|기타자본구성요소,,,2026,KRW,,,,0,제 31 기 1분기,18,11013,fnlttSinglAcntAll,,0,제 32 기 1분기
sm_entertainment,SM Entertainment,00260930,041510,KRW,Q1_2026,2026,11013,First-quarter report,20260515002991,SCE,자본변동표,ifrs-full_IncreaseDecreaseThroughChangesInOwnershipInterestsInSubsidiariesThatDoNotResultInLossOfControl,종속기업의 유상증자 및 지분율 변동 등,자본|지배기업지분|기타포괄손익누계액,,,2026,KRW,,,,0,제 31 기 1분기,18,11013,fnlttSinglAcntAll,,0,제 32 기 1분기
sm_entertainment,SM Entertainment,00260930,041510,KRW,Q1_2026,2026,11013,First-quarter report,20260515002991,SCE,자본변동표,ifrs-full_IncreaseDecreaseThroughChangesInOwnershipInterestsInSubsidiariesThatDoNotResultInLossOfControl,종속기업의 유상증자 및 지분율 변동 등,자본|지배기업지분|이익잉여금,,,2026,KRW,,,,0,제 31 기 1분기,18,11013,fnlttSinglAcntAll,,0,제 32 기 1분기
sm_entertainment,SM Entertainment,00260930,041510,KRW,Q1_2026,2026,11013,First-quarter report,20260515002991,SCE,자본변동표,ifrs-full_IncreaseDecreaseThroughChangesInOwnershipInterestsInSubsidiariesThatDoNotResultInLossOfControl,종속기업의 유상증자 및 지분율 변동 등,자본|지배기업지분|자본금,,,2026,KRW,,,,0,제 31 기 1분기,18,11013,fnlttSinglAcntAll,,0,제 32 기 1분기
sm_entertainment,SM Entertainment,00260930,041510,KRW,Q1_2026,2026,11013,First-quarter report,20260515002991,SCE,자본변동표,ifrs-full_IncreaseDecreaseThroughChangesInOwnershipInterestsInSubsidiariesThatDoNotResultInLossOfControl,종속기업의 유상증자 및 지분율 변동 등,자본|지배기업지분|자본잉여금,,,2026,KRW,,,,185210695,제 31 기 1분기,18,11013,fnlttSinglAcntAll,,-10769719,제 32 기 1분기
jyp_entertainment,JYP Entertainment,00258689,035900,KRW,FY2025,2025,11011,Annual report,20260318001519,BS,재무상태표,ifrs-full_Assets,자산총계,-,571533446142,제 29 기,2025,KRW,,678782059891,제 30 기,,,7,11011,fnlttSinglAcntAll,,851090190178,제 31 기
jyp_entertainment,JYP Entertainment,00258689,035900,KRW,FY2025,2025,11011,Annual report,20260318001519,BS,재무상태표,ifrs-full_CurrentAssets,유동자산,-,368755808500,제 29 기,2025,KRW,,362268599891,제 30 기,,,8,11011,fnlttSinglAcntAll,,496447845291,제 31 기
jyp_entertainment,JYP Entertainment,00258689,035900,KRW,FY2025,2025,11011,Annual report,20260318001519,BS,재무상태표,ifrs-full_CashAndCashEquivalents,현금및현금성자산,-,217189672861,제 29 기,2025,KRW,,190613227749,제 30 기,,,9,11011,fnlttSinglAcntAll,,294471835825,제 31 기
jyp_entertainment,JYP Entertainment,00258689,035900,KRW,FY2025,2025,11011,Annual report,20260318001519,BS,재무상태표,ifrs-full_CurrentFinancialAssetsAtFairValueThroughProfitOrLoss,당기손익-공정가치측정금융자산,-,0,제 29 기,2025,KRW,,0,제 30 기,,,10,11011,fnlttSinglAcntAll,,18136500,제 31 기
jyp_entertainment,JYP Entertainment,00258689,035900,KRW,FY2025,2025,11011,Annual report,20260318001519,BS,재무상태표,ifrs-full_CurrentTaxAssets,당기법인세자산,-,12389890,제 29 기,2025,KRW,,304306774,제 30 기,,,11,11011,fnlttSinglAcntAll,,655860,제 31 기
jyp_entertainment,JYP Entertainment,00258689,035900,KRW,FY2025,2025,11011,Annual report,20260318001519,BS,재무상태표,ifrs-full_Inventories,재고자산,-,24438851519,제 29 기,2025,KRW,,14310042165,제 30 기,,,12,11011,fnlttSinglAcntAll,,20168943120,제 31 기
jyp_entertainment,JYP Entertainment,00258689,035900,KRW,FY2025,2025,11011,Annual report,20260318001519,BS,재무상태표,ifrs-full_OtherCurrentAssets,기타유동자산,-,10520723535,제 29 기,2025,KRW,,13110086730,제 30 기,,,13,11011,fnlttSinglAcntAll,,15355071483,제 31 기
jyp_entertainment,JYP Entertainment,00258689,035900,KRW,FY2025,2025,11011,Annual report,20260318001519,BS,재무상태표,ifrs-full_OtherCurrentFinancialAssets,기타유동금융자산,-,45552679989,제 29 기,2025,KRW,,26513353064,제 30 기,,,14,11011,fnlttSinglAcntAll,,42915966415,제 31 기
jyp_entertainment,JYP Entertainment,00258689,035900,KRW,FY2025,2025,11011,Annual report,20260318001519,BS,재무상태표,ifrs-full_TradeAndOtherCurrentReceivables,매출채권및기타채권,-,71041490706,제 29 기,2025,KRW,,117417583409,제 30 기,,,15,11011,fnlttSinglAcntAll,,123517236088,제 31 기
jyp_entertainment,JYP Entertainment,00258689,035900,KRW,FY2025,2025,11011,Annual report,20260318001519,BS,재무상태표,ifrs-full_NoncurrentAssets,비유동자산,-,202777637642,제 29 기,2025,KRW,,316513460000,제 30 기,,,16,11011,fnlttSinglAcntAll,,354642344887,제 31 기
jyp_entertainment,JYP Entertainment,00258689,035900,KRW,FY2025,2025,11011,Annual report,20260318001519,BS,재무상태표,ifrs-full_DeferredTaxAssets,이연법인세자산,-,8291739782,제 29 기,2025,KRW,,11389879841,제 30 기,,,17,11011,fnlttSinglAcntAll,,15227897307,제 31 기
jyp_entertainment,JYP Entertainment,00258689,035900,KRW,FY2025,2025,11011,Annual report,20260318001519,BS,재무상태표,ifrs-full_IntangibleAssetsAndGoodwill,무형자산,-,40648348163,제 29 기,2025,KRW,,60223870978,제 30 기,,,18,11011,fnlttSinglAcntAll,,66897868484,제 31 기
jyp_entertainment,JYP Entertainment,00258689,035900,KRW,FY2025,2025,11011,Annual report,20260318001519,BS,재무상태표,ifrs-full_InvestmentAccountedForUsingEquityMethod,관계기업및공동기업투자,-,52790939190,제 29 기,2025,KRW,,56574648891,제 30 기,,,19,11011,fnlttSinglAcntAll,,33503305460,제 31 기
jyp_entertainment,JYP Entertainment,00258689,035900,KRW,FY2025,2025,11011,Annual report,20260318001519,BS,재무상태표,ifrs-full_InvestmentProperty,투자부동산,-,67325126,제 29 기,2025,KRW,,64950090,제 30 기,,,20,11011,fnlttSinglAcntAll,,0,제 31 기
jyp_entertainment,JYP Entertainment,00258689,035900,KRW,FY2025,2025,11011,Annual report,20260318001519,BS,재무상태표,ifrs-full_NoncurrentFinancialAssetsAtFairValueThroughOtherComprehensiveIncome,기타포괄손익-공정가치측정금융자산,-,1525723135,제 29 기,2025,KRW,,936887062,제 30 기,,,21,11011,fnlttSinglAcntAll,,818931871,제 31 기
jyp_entertainment,JYP Entertainment,00258689,035900,KRW,FY2025,2025,11011,Annual report,20260318001519,BS,재무상태표,ifrs-full_NoncurrentFinancialAssetsAtFairValueThroughProfitOrLoss,당기손익-공정가치측정금융자산,-,23281292721,제 29 기,2025,KRW,,28823510063,제 30 기,,,22,11011,fnlttSinglAcntAll,,24853812533,제 31 기
jyp_entertainment,JYP Entertainment,00258689,035900,KRW,FY2025,2025,11011,Annual report,20260318001519,BS,재무상태표,ifrs-full_OtherNoncurrentAssets,기타비유동자산,-,1354006,제 29 기,2025,KRW,,63269174,제 30 기,,,23,11011,fnlttSinglAcntAll,,8882970,제 31 기
jyp_entertainment,JYP Entertainment,00258689,035900,KRW,FY2025,2025,11011,Annual report,20260318001519,BS,재무상태표,ifrs-full_OtherNoncurrentFinancialAssets,기타비유동금융자산,-,19883873094,제 29 기,2025,KRW,,18205438210,제 30 기,,,24,11011,fnlttSinglAcntAll,,71532982207,제 31 기
jyp_entertainment,JYP Entertainment,00258689,035900,KRW,FY2025,2025,11011,Annual report,20260318001519,BS,재무상태표,ifrs-full_PropertyPlantAndEquipment,유형자산,-,56287042425,제 29 기,2025,KRW,,140231005691,제 30 기,,,25,11011,fnlttSinglAcntAll,,141798664055,제 31 기
jyp_entertainment,JYP Entertainment,00258689,035900,KRW,FY2025,2025,11011,Annual report,20260318001519,BS,재무상태표,ifrs-full_Equity,자본총계,-,398042670936,제 29 기,2025,KRW,,482881501386,제 30 기,,,27,11011,fnlttSinglAcntAll,,624947719298,제 31 기
jyp_entertainment,JYP Entertainment,00258689,035900,KRW,FY2025,2025,11011,Annual report,20260318001519,BS,재무상태표,ifrs-full_EquityAttributableToOwnersOfParent,지배기업 소유주지분,-,394021893926,제 29 기,2025,KRW,,478598990184,제 30 기,,,28,11011,fnlttSinglAcntAll,,620597911262,제 31 기
jyp_entertainment,JYP Entertainment,00258689,035900,KRW,FY2025,2025,11011,Annual report,20260318001519,BS,재무상태표,dart_CapitalAdjustments,자본조정,-,-10509590094,제 29 기,2025,KRW,,-10824740094,제 30 기,,,29,11011,fnlttSinglAcntAll,,-10824740094,제 31 기
jyp_entertainment,JYP Entertainment,00258689,035900,KRW,FY2025,2025,11011,Annual report,20260318001519,BS,재무상태표,dart_CapitalSurplus,자본잉여금,-,78164159199,제 29 기,2025,KRW,,79101015199,제 30 기,,,30,11011,fnlttSinglAcntAll,,79101015199,제 31 기
jyp_entertainment,JYP Entertainment,00258689,035900,KRW,FY2025,2025,11011,Annual report,20260318001519,BS,재무상태표,dart_OtherComprehensiveIncomeLossAccumulatedAmount,기타포괄손익누계액,-,-2386159740,제 29 기,2025,KRW,,2833436534,제 30 기,,,31,11011,fnlttSinglAcntAll,,1736440127,제 31 기
jyp_entertainment,JYP Entertainment,00258689,035900,KRW,FY2025,2025,11011,Annual report,20260318001519,BS,재무상태표,ifrs-full_IssuedCapital,자본금,-,17953451500,제 29 기,2025,KRW,,17960951500,제 30 기,,,32,11011,fnlttSinglAcntAll,,17960951500,제 31 기
jyp_entertainment,JYP Entertainment,00258689,035900,KRW,FY2025,2025,11011,Annual report,20260318001519,BS,재무상태표,ifrs-full_RetainedEarnings,이익잉여금,-,310800033061,제 29 기,2025,KRW,,389528327045,제 30 기,,,33,11011,fnlttSinglAcntAll,,532624244530,제 31 기
jyp_entertainment,JYP Entertainment,00258689,035900,KRW,FY2025,2025,11011,Annual report,20260318001519,BS,재무상태표,ifrs-full_NoncontrollingInterests,비지배지분,-,4020777010,제 29 기,2025,KRW,,4282511202,제 30 기,,,34,11011,fnlttSinglAcntAll,,4349808036,제 31 기
jyp_entertainment,JYP Entertainment,00258689,035900,KRW,FY2025,2025,11011,Annual report,20260318001519,BS,재무상태표,ifrs-full_EquityAndLiabilities,부채와자본총계,-,571533446142,제 29 기,2025,KRW,,678782059891,제 30 기,,,35,11011,fnlttSinglAcntAll,,851090190178,제 31 기
jyp_entertainment,JYP Entertainment,00258689,035900,KRW,FY2025,2025,11011,Annual report,20260318001519,BS,재무상태표,ifrs-full_CurrentLiabilities,유동부채,-,154345051751,제 29 기,2025,KRW,,174828773094,제 30 기,,,37,11011,fnlttSinglAcntAll,,206243158446,제 31 기
jyp_entertainment,JYP Entertainment,00258689,035900,KRW,FY2025,2025,11011,Annual report,20260318001519,BS,재무상태표,ifrs-full_CurrentAdvances,선수금,-,28141774064,제 29 기,2025,KRW,,26129535954,제 30 기,,,38,11011,fnlttSinglAcntAll,,53683552719,제 31 기
jyp_entertainment,JYP Entertainment,00258689,035900,KRW,FY2025,2025,11011,Annual report,20260318001519,BS,재무상태표,ifrs-full_CurrentTaxLiabilities,당기법인세부채,-,23168269664,제 29 기,2025,KRW,,8393107125,제 30 기,,,39,11011,fnlttSinglAcntAll,,30777254528,제 31 기
jyp_entertainment,JYP Entertainment,00258689,035900,KRW,FY2025,2025,11011,Annual report,20260318001519,BS,재무상태표,ifrs-full_OtherCurrentFinancialLiabilities,기타유동금융부채,-,5335329080,제 29 기,2025,KRW,,6607235700,제 30 기,,,40,11011,fnlttSinglAcntAll,,5693077259,제 31 기
jyp_entertainment,JYP Entertainment,00258689,035900,KRW,FY2025,2025,11011,Annual report,20260318001519,BS,재무상태표,ifrs-full_OtherCurrentLiabilities,기타유동부채,-,42056965907,제 29 기,2025,KRW,,39369360165,제 30 기,,,41,11011,fnlttSinglAcntAll,,43580571725,제 31 기
jyp_entertainment,JYP Entertainment,00258689,035900,KRW,FY2025,2025,11011,Annual report,20260318001519,BS,재무상태표,ifrs-full_OtherShorttermProvisions,유동충당부채,-,0,제 29 기,2025,KRW,,0,제 30 기,,,42,11011,fnlttSinglAcntAll,,236570763,제 31 기
jyp_entertainment,JYP Entertainment,00258689,035900,KRW,FY2025,2025,11011,Annual report,20260318001519,BS,재무상태표,ifrs-full_TradeAndOtherCurrentPayables,매입채무및기타채무,-,55642713036,제 29 기,2025,KRW,,94329534150,제 30 기,,,43,11011,fnlttSinglAcntAll,,72272131452,제 31 기
jyp_entertainment,JYP Entertainment,00258689,035900,KRW,FY2025,2025,11011,Annual report,20260318001519,BS,재무상태표,ifrs-full_Liabilities,부채총계,-,173490775206,제 29 기,2025,KRW,,195900558505,제 30 기,,,44,11011,fnlttSinglAcntAll,,226142470880,제 31 기
jyp_entertainment,JYP Entertainment,00258689,035900,KRW,FY2025,2025,11011,Annual report,20260318001519,BS,재무상태표,ifrs-full_NoncurrentLiabilities,비유동부채,-,19145723455,제 29 기,2025,KRW,,21071785411,제 30 기,,,45,11011,fnlttSinglAcntAll,,19899312434,제 31 기
jyp_entertainment,JYP Entertainment,00258689,035900,KRW,FY2025,2025,11011,Annual report,20260318001519,BS,재무상태표,ifrs-full_DeferredTaxLiabilities,이연법인세부채,-,7518823969,제 29 기,2025,KRW,,9054830346,제 30 기,,,46,11011,fnlttSinglAcntAll,,6347626694,제 31 기
jyp_entertainment,JYP Entertainment,00258689,035900,KRW,FY2025,2025,11011,Annual report,20260318001519,BS,재무상태표,ifrs-full_NoncurrentRecognisedLiabilitiesDefinedBenefitPlan,순확정급여부채,-,22145074,제 29 기,2025,KRW,,209379800,제 30 기,,,47,11011,fnlttSinglAcntAll,,390002211,제 31 기
jyp_entertainment,JYP Entertainment,00258689,035900,KRW,FY2025,2025,11011,Annual report,20260318001519,BS,재무상태표,ifrs-full_OtherLongtermProvisions,비유동충당부채,-,1384170666,제 29 기,2025,KRW,,1899308692,제 30 기,,,48,11011,fnlttSinglAcntAll,,1884011289,제 31 기
jyp_entertainment,JYP Entertainment,00258689,035900,KRW,FY2025,2025,11011,Annual report,20260318001519,BS,재무상태표,ifrs-full_OtherNoncurrentFinancialLiabilities,기타비유동금융부채,-,8599417191,제 29 기,2025,KRW,,6347541704,제 30 기,,,49,11011,fnlttSinglAcntAll,,7018179911,제 31 기
jyp_entertainment,JYP Entertainment,00258689,035900,KRW,FY2025,2025,11011,Annual report,20260318001519,BS,재무상태표,ifrs-full_OtherNoncurrentLiabilities,기타비유동부채,-,1621166555,제 29 기,2025,KRW,,3560724869,제 30 기,,,50,11011,fnlttSinglAcntAll,,4259492329,제 31 기
jyp_entertainment,JYP Entertainment,00258689,035900,KRW,FY2025,2025,11011,Annual report,20260318001519,CIS,포괄손익계산서,dart_OperatingIncomeLoss,영업이익,-,169443909949,제 29 기,2025,KRW,,128262269240,제 30 기,,,6,11011,fnlttSinglAcntAll,,155246094076,제 31 기
jyp_entertainment,JYP Entertainment,00258689,035900,KRW,FY2025,2025,11011,Annual report,20260318001519,CIS,포괄손익계산서,dart_OtherGains,기타수익,-,806686665,제 29 기,2025,KRW,,393689264,제 30 기,,,7,11011,fnlttSinglAcntAll,,1087952448,제 31 기
jyp_entertainment,JYP Entertainment,00258689,035900,KRW,FY2025,2025,11011,Annual report,20260318001519,CIS,포괄손익계산서,dart_OtherLosses,기타비용,-,6734170511,제 29 기,2025,KRW,,3939126995,제 30 기,,,8,11011,fnlttSinglAcntAll,,3933706163,제 31 기
jyp_entertainment,JYP Entertainment,00258689,035900,KRW,FY2025,2025,11011,Annual report,20260318001519,CIS,포괄손익계산서,dart_ProfitsOfAssociatesAndJointVenturesAccountedForUsingEquityMethod,"종속기업, 공동기업및관계기업투자손익",-,3825325960,제 29 기,2025,KRW,,2509848814,제 30 기,,,9,11011,fnlttSinglAcntAll,,74949784129,제 31 기
jyp_entertainment,JYP Entertainment,00258689,035900,KRW,FY2025,2025,11011,Annual report,20260318001519,CIS,포괄손익계산서,dart_TotalSellingGeneralAdministrativeExpenses,판매비와관리비,-,98839668860,제 29 기,2025,KRW,,128119279778,제 30 기,,,10,11011,fnlttSinglAcntAll,,148197369332,제 31 기
jyp_entertainment,JYP Entertainment,00258689,035900,KRW,FY2025,2025,11011,Annual report,20260318001519,CIS,포괄손익계산서,ifrs-full_ComprehensiveIncome,총포괄손익,-,104850808288,제 29 기,2025,KRW,,103219390316,제 30 기,,,11,11011,fnlttSinglAcntAll,,159865873930,제 31 기
jyp_entertainment,JYP Entertainment,00258689,035900,KRW,FY2025,2025,11011,Annual report,20260318001519,CIS,포괄손익계산서,ifrs-full_ComprehensiveIncomeAttributableToNoncontrollingInterests,비지배지분,-,-526181787,제 29 기,2025,KRW,,261734192,제 30 기,,,12,11011,fnlttSinglAcntAll,,67296834,제 31 기
jyp_entertainment,JYP Entertainment,00258689,035900,KRW,FY2025,2025,11011,Annual report,20260318001519,CIS,포괄손익계산서,ifrs-full_ComprehensiveIncomeAttributableToOwnersOfParent,지배기업소유주지분,-,105376990075,제 29 기,2025,KRW,,102957656124,제 30 기,,,13,11011,fnlttSinglAcntAll,,159798577096,제 31 기
jyp_entertainment,JYP Entertainment,00258689,035900,KRW,FY2025,2025,11011,Annual report,20260318001519,CIS,포괄손익계산서,ifrs-full_CostOfSales,매출원가,-,298216964062,제 29 기,2025,KRW,,345406334314,제 30 기,,,14,11011,fnlttSinglAcntAll,,518411171206,제 31 기
jyp_entertainment,JYP Entertainment,00258689,035900,KRW,FY2025,2025,11011,Annual report,20260318001519,CIS,포괄손익계산서,ifrs-full_BasicEarningsLossPerShare,기본주당이익,-,3186,제 29 기,2025,KRW,,2951,제 30 기,,,16,11011,fnlttSinglAcntAll,,4846,제 31 기
jyp_entertainment,JYP Entertainment,00258689,035900,KRW,FY2025,2025,11011,Annual report,20260318001519,CIS,포괄손익계산서,ifrs-full_DilutedEarningsLossPerShare,희석주당이익,-,3184,제 29 기,2025,KRW,,2951,제 30 기,,,17,11011,fnlttSinglAcntAll,,4846,제 31 기
jyp_entertainment,JYP Entertainment,00258689,035900,KRW,FY2025,2025,11011,Annual report,20260318001519,CIS,포괄손익계산서,ifrs-full_FinanceCosts,금융비용,-,17757610617,제 29 기,2025,KRW,,5244314238,제 30 기,,,18,11011,fnlttSinglAcntAll,,16952732387,제 31 기
jyp_entertainment,JYP Entertainment,00258689,035900,KRW,FY2025,2025,11011,Annual report,20260318001519,CIS,포괄손익계산서,ifrs-full_FinanceIncome,금융수익,-,6088723978,제 29 기,2025,KRW,,14174507508,제 30 기,,,19,11011,fnlttSinglAcntAll,,12955679534,제 31 기
jyp_entertainment,JYP Entertainment,00258689,035900,KRW,FY2025,2025,11011,Annual report,20260318001519,CIS,포괄손익계산서,ifrs-full_GrossProfit,매출총이익,-,268283578809,제 29 기,2025,KRW,,256381549018,제 30 기,,,20,11011,fnlttSinglAcntAll,,303443463408,제 31 기
jyp_entertainment,JYP Entertainment,00258689,035900,KRW,FY2025,2025,11011,Annual report,20260318001519,CIS,포괄손익계산서,ifrs-full_IncomeTaxExpenseContinuingOperations,법인세비용,-,50656124683,제 29 기,2025,KRW,,38441959676,제 30 기,,,21,11011,fnlttSinglAcntAll,,62789595557,제 31 기
jyp_entertainment,JYP Entertainment,00258689,035900,KRW,FY2025,2025,11011,Annual report,20260318001519,CIS,포괄손익계산서,ifrs-full_OtherComprehensiveIncome,기타포괄손익,-,-165932453,제 29 기,2025,KRW,,5504476399,제 30 기,,,22,11011,fnlttSinglAcntAll,,-697602150,제 31 기
jyp_entertainment,JYP Entertainment,00258689,035900,KRW,FY2025,2025,11011,Annual report,20260318001519,CIS,포괄손익계산서,ifrs-full_OtherComprehensiveIncomeThatWillBeReclassifiedToProfitOrLossNetOfTax,당기손익으로 재분류되는 항목,-,-173693680,제 29 기,2025,KRW,,5623653423,제 30 기,,,23,11011,fnlttSinglAcntAll,,-696498355,제 31 기
jyp_entertainment,JYP Entertainment,00258689,035900,KRW,FY2025,2025,11011,Annual report,20260318001519,CIS,포괄손익계산서,ifrs-full_GainsLossesOnExchangeDifferencesOnTranslationNetOfTax,해외사업환산손익,-,-173693680,제 29 기,2025,KRW,,5623653423,제 30 기,,,24,11011,fnlttSinglAcntAll,,-696498355,제 31 기
jyp_entertainment,JYP Entertainment,00258689,035900,KRW,FY2025,2025,11011,Annual report,20260318001519,CIS,포괄손익계산서,ifrs-full_OtherComprehensiveIncomeThatWillNotBeReclassifiedToProfitOrLossNetOfTax,당기손익으로 재분류되지 않는항목(세후기타포괄손익),-,7761227,제 29 기,2025,KRW,,-119177024,제 30 기,,,25,11011,fnlttSinglAcntAll,,-1103795,제 31 기
jyp_entertainment,JYP Entertainment,00258689,035900,KRW,FY2025,2025,11011,Annual report,20260318001519,CIS,포괄손익계산서,ifrs-full_OtherComprehensiveIncomeNetOfTaxGainsLossesFromInvestmentsInEquityInstruments,기타포괄손익-공정가치측정금융자산평가손익,-,53818584,제 29 기,2025,KRW,,-452814940,제 30 기,,,26,11011,fnlttSinglAcntAll,,-79428020,제 31 기
jyp_entertainment,JYP Entertainment,00258689,035900,KRW,FY2025,2025,11011,Annual report,20260318001519,CIS,포괄손익계산서,ifrs-full_OtherComprehensiveIncomeNetOfTaxGainsLossesOnRemeasurementsOfDefinedBenefitPlans,순확정급여부채의 재측정요소,-,0,제 29 기,2025,KRW,,-20556929,제 30 기,,,27,11011,fnlttSinglAcntAll,,62061999,제 31 기
jyp_entertainment,JYP Entertainment,00258689,035900,KRW,FY2025,2025,11011,Annual report,20260318001519,CIS,포괄손익계산서,ifrs-full_ShareOfOtherComprehensiveIncomeOfAssociatesAndJointVenturesAccountedForUsingEquityMethodThatWillNotBeReclassifiedToProfitOrLossNetOfTax,관계기업 기타포괄손익 변동에 대한 지분,-,-46057357,제 29 기,2025,KRW,,354194845,제 30 기,,,28,11011,fnlttSinglAcntAll,,16262226,제 31 기
jyp_entertainment,JYP Entertainment,00258689,035900,KRW,FY2025,2025,11011,Annual report,20260318001519,CIS,포괄손익계산서,ifrs-full_ProfitLoss,당기순이익,-,105016740741,제 29 기,2025,KRW,,97714913917,제 30 기,,,29,11011,fnlttSinglAcntAll,,160563476080,제 31 기
jyp_entertainment,JYP Entertainment,00258689,035900,KRW,FY2025,2025,11011,Annual report,20260318001519,CIS,포괄손익계산서,ifrs-full_ProfitLossAttributableToNoncontrollingInterests,비지배지분,-,-450098469,제 29 기,2025,KRW,,-43702862,제 30 기,,,30,11011,fnlttSinglAcntAll,,1557609,제 31 기
jyp_entertainment,JYP Entertainment,00258689,035900,KRW,FY2025,2025,11011,Annual report,20260318001519,CIS,포괄손익계산서,ifrs-full_ProfitLossAttributableToOwnersOfParent,지배기업소유주지분,-,105466839210,제 29 기,2025,KRW,,97758616779,제 30 기,,,31,11011,fnlttSinglAcntAll,,160561918471,제 31 기
jyp_entertainment,JYP Entertainment,00258689,035900,KRW,FY2025,2025,11011,Annual report,20260318001519,CIS,포괄손익계산서,ifrs-full_ProfitLossBeforeTax,법인세차감전순이익,-,155672865424,제 29 기,2025,KRW,,136156873593,제 30 기,,,32,11011,fnlttSinglAcntAll,,223353071637,제 31 기
jyp_entertainment,JYP Entertainment,00258689,035900,KRW,FY2025,2025,11011,Annual report,20260318001519,CIS,포괄손익계산서,ifrs-full_Revenue,매출액,-,566500542871,제 29 기,2025,KRW,,601787883332,제 30 기,,,33,11011,fnlttSinglAcntAll,,821854634614,제 31 기
jyp_entertainment,JYP Entertainment,00258689,035900,KRW,FY2025,2025,11011,Annual report,20260318001519,CF,현금흐름표,dart_CashAndCashEquivalentsAtBeginningOfPeriodCf,기초현금및현금성자산,-,139647280323,제 29 기,2025,KRW,,217189672861,제 30 기,,,2,11011,fnlttSinglAcntAll,,190613227749,제 31 기
jyp_entertainment,JYP Entertainment,00258689,035900,KRW,FY2025,2025,11011,Annual report,20260318001519,CF,현금흐름표,dart_CashAndCashEquivalentsAtEndOfPeriodCf,기말현금및현금성자산,-,217189672861,제 29 기,2025,KRW,,190613227749,제 30 기,,,3,11011,fnlttSinglAcntAll,,294471835825,제 31 기
jyp_entertainment,JYP Entertainment,00258689,035900,KRW,FY2025,2025,11011,Annual report,20260318001519,CF,현금흐름표,ifrs-full_CashFlowsFromUsedInFinancingActivities,재무활동현금흐름,-,-13102328182,제 29 기,2025,KRW,,-21958100356,제 30 기,,,8,11011,fnlttSinglAcntAll,,-22475704911,제 31 기
jyp_entertainment,JYP Entertainment,00258689,035900,KRW,FY2025,2025,11011,Annual report,20260318001519,CF,현금흐름표,-표준계정코드 미사용-,재무활동으로 인한 현금유입액,-,2527327000,제 29 기,2025,KRW,,2195206000,제 30 기,,,9,11011,fnlttSinglAcntAll,,0,제 31 기
jyp_entertainment,JYP Entertainment,00258689,035900,KRW,FY2025,2025,11011,Annual report,20260318001519,CF,현금흐름표,dart_ProceedsFromExerciseOfShareOptions,주식선택권행사,-,655327000,제 29 기,2025,KRW,,629206000,제 30 기,,,10,11011,fnlttSinglAcntAll,,0,제 31 기
jyp_entertainment,JYP Entertainment,00258689,035900,KRW,FY2025,2025,11011,Annual report,20260318001519,CF,현금흐름표,-표준계정코드 미사용-,기타유동금융부채의 증가,-,10000000,제 29 기,2025,KRW,,0,제 30 기,,,11,11011,fnlttSinglAcntAll,,0,제 31 기
jyp_entertainment,JYP Entertainment,00258689,035900,KRW,FY2025,2025,11011,Annual report,20260318001519,CF,현금흐름표,-표준계정코드 미사용-,기타비유동금융부채의 증가,-,1862000000,제 29 기,2025,KRW,,1566000000,제 30 기,,,12,11011,fnlttSinglAcntAll,,0,제 31 기
jyp_entertainment,JYP Entertainment,00258689,035900,KRW,FY2025,2025,11011,Annual report,20260318001519,CF,현금흐름표,-표준계정코드 미사용-,재무활동으로 인한 현금유출액,-,15629655182,제 29 기,2025,KRW,,24153306356,제 30 기,,,13,11011,fnlttSinglAcntAll,,22475704911,제 31 기
jyp_entertainment,JYP Entertainment,00258689,035900,KRW,FY2025,2025,11011,Annual report,20260318001519,CF,현금흐름표,dart_PaymentsOfFinanceLeaseLiabilitiesClassifiedAsFinancingActivities,리스부채의감소,-,2604471411,제 29 기,2025,KRW,,3943540490,제 30 기,,,14,11011,fnlttSinglAcntAll,,4772651405,제 31 기
jyp_entertainment,JYP Entertainment,00258689,035900,KRW,FY2025,2025,11011,Annual report,20260318001519,CF,현금흐름표,-표준계정코드 미사용-,기타유동금융부채의 감소,-,0,제 29 기,2025,KRW,,1200000000,제 30 기,,,15,11011,fnlttSinglAcntAll,,10000000,제 31 기
jyp_entertainment,JYP Entertainment,00258689,035900,KRW,FY2025,2025,11011,Annual report,20260318001519,CF,현금흐름표,-표준계정코드 미사용-,기타비유동금융부채의 감소,-,812000000,제 29 기,2025,KRW,,0,제 30 기,,,16,11011,fnlttSinglAcntAll,,0,제 31 기
jyp_entertainment,JYP Entertainment,00258689,035900,KRW,FY2025,2025,11011,Annual report,20260318001519,CF,현금흐름표,ifrs-full_DividendsPaidClassifiedAsFinancingActivities,배당금의지급,-,12213183771,제 29 기,2025,KRW,,19009765866,제 30 기,,,17,11011,fnlttSinglAcntAll,,17693053506,제 31 기
jyp_entertainment,JYP Entertainment,00258689,035900,KRW,FY2025,2025,11011,Annual report,20260318001519,CF,현금흐름표,ifrs-full_CashFlowsFromUsedInInvestingActivities,투자활동현금흐름,-,-60704788201,제 29 기,2025,KRW,,-99757676006,제 30 기,,,18,11011,fnlttSinglAcntAll,,2873660277,제 31 기
jyp_entertainment,JYP Entertainment,00258689,035900,KRW,FY2025,2025,11011,Annual report,20260318001519,CF,현금흐름표,ifrs-full_InflowsOfCashFromInvestingActivities,투자활동으로 인한 현금유입액,-,20016320341,제 29 기,2025,KRW,,72800852486,제 30 기,,,19,11011,fnlttSinglAcntAll,,210802777298,제 31 기
jyp_entertainment,JYP Entertainment,00258689,035900,KRW,FY2025,2025,11011,Annual report,20260318001519,CF,현금흐름표,dart_ProceedsFromSalesOfFairValueFinancialAsset,당기손익-공정가치측정금융자산의처분,-,3310969227,제 29 기,2025,KRW,,611253073,제 30 기,,,20,11011,fnlttSinglAcntAll,,61928971219,제 31 기
jyp_entertainment,JYP Entertainment,00258689,035900,KRW,FY2025,2025,11011,Annual report,20260318001519,CF,현금흐름표,dart_ProceedsFromSalesOfOtherCurrentFinancialAssets,기타유동금융자산의감소,-,16140160591,제 29 기,2025,KRW,,70844067100,제 30 기,,,21,11011,fnlttSinglAcntAll,,51305430567,제 31 기
jyp_entertainment,JYP Entertainment,00258689,035900,KRW,FY2025,2025,11011,Annual report,20260318001519,CF,현금흐름표,dart_ProceedsFromSalesOfOtherNonCurrentFinancialAssets,기타비유동금융자산의감소,-,553253248,제 29 기,2025,KRW,,25765578,제 30 기,,,22,11011,fnlttSinglAcntAll,,0,제 31 기
jyp_entertainment,JYP Entertainment,00258689,035900,KRW,FY2025,2025,11011,Annual report,20260318001519,CF,현금흐름표,ifrs-full_ProceedsFromGovernmentGrantsClassifiedAsInvestingActivities,정부보조금의 수취,-,2374662,제 29 기,2025,KRW,,0,제 30 기,,,23,11011,fnlttSinglAcntAll,,0,제 31 기
jyp_entertainment,JYP Entertainment,00258689,035900,KRW,FY2025,2025,11011,Annual report,20260318001519,CF,현금흐름표,ifrs-full_ProceedsFromSalesOfIntangibleAssetsClassifiedAsInvestingActivities,무형자산의처분,-,8482613,제 29 기,2025,KRW,,0,제 30 기,,,24,11011,fnlttSinglAcntAll,,12117578,제 31 기
jyp_entertainment,JYP Entertainment,00258689,035900,KRW,FY2025,2025,11011,Annual report,20260318001519,CF,현금흐름표,ifrs-full_ProceedsFromSalesOfInvestmentsAccountedForUsingEquityMethod,관계기업및공동기업투자의처분,-,0,제 29 기,2025,KRW,,1250000000,제 30 기,,,25,11011,fnlttSinglAcntAll,,97539067017,제 31 기
jyp_entertainment,JYP Entertainment,00258689,035900,KRW,FY2025,2025,11011,Annual report,20260318001519,CF,현금흐름표,ifrs-full_ProceedsFromSalesOfPropertyPlantAndEquipmentClassifiedAsInvestingActivities,유형자산의처분,-,1080000,제 29 기,2025,KRW,,69766735,제 30 기,,,26,11011,fnlttSinglAcntAll,,17190917,제 31 기
jyp_entertainment,JYP Entertainment,00258689,035900,KRW,FY2025,2025,11011,Annual report,20260318001519,CF,현금흐름표,ifrs-full_OutflowsOfCashFromInvestingActivities,투자활동으로 인한 현금유출액,-,80721108542,제 29 기,2025,KRW,,172558528492,제 30 기,,,27,11011,fnlttSinglAcntAll,,207929117021,제 31 기
jyp_entertainment,JYP Entertainment,00258689,035900,KRW,FY2025,2025,11011,Annual report,20260318001519,CF,현금흐름표,dart_PurchaseOfFairValueFinancialAsset,당기손익-공정가치측정금융자산의취득,-,6335742156,제 29 기,2025,KRW,,7266558305,제 30 기,,,28,11011,fnlttSinglAcntAll,,62700009976,제 31 기
jyp_entertainment,JYP Entertainment,00258689,035900,KRW,FY2025,2025,11011,Annual report,20260318001519,CF,현금흐름표,dart_PurchaseOfOtherCurrentFinancialAssets,기타유동금융자산의증가,-,39816789998,제 29 기,2025,KRW,,39020363321,제 30 기,,,29,11011,fnlttSinglAcntAll,,62522663547,제 31 기
jyp_entertainment,JYP Entertainment,00258689,035900,KRW,FY2025,2025,11011,Annual report,20260318001519,CF,현금흐름표,dart_PurchaseOfOtherNonCurrentFinancialAssets,기타비유동금융자산의증가,-,13544923202,제 29 기,2025,KRW,,13349608328,제 30 기,,,30,11011,fnlttSinglAcntAll,,59698465427,제 31 기
jyp_entertainment,JYP Entertainment,00258689,035900,KRW,FY2025,2025,11011,Annual report,20260318001519,CF,현금흐름표,ifrs-full_CashFlowsUsedInObtainingControlOfSubsidiariesOrOtherBusinessesClassifiedAsInvestingActivities,종속기업취득 및 연결범위변동,-,5016039181,제 29 기,2025,KRW,,0,제 30 기,,,31,11011,fnlttSinglAcntAll,,0,제 31 기
jyp_entertainment,JYP Entertainment,00258689,035900,KRW,FY2025,2025,11011,Annual report,20260318001519,CF,현금흐름표,ifrs-full_PurchaseOfIntangibleAssetsClassifiedAsInvestingActivities,무형자산의 취득,-,709153257,제 29 기,2025,KRW,,24105478319,제 30 기,,,32,11011,fnlttSinglAcntAll,,16263273043,제 31 기
jyp_entertainment,JYP Entertainment,00258689,035900,KRW,FY2025,2025,11011,Annual report,20260318001519,CF,현금흐름표,ifrs-full_PurchaseOfInterestsInInvestmentsAccountedForUsingEquityMethod,관계기업및공동기업투자의취득,-,2999999260,제 29 기,2025,KRW,,1500000000,제 30 기,,,33,11011,fnlttSinglAcntAll,,500010000,제 31 기
jyp_entertainment,JYP Entertainment,00258689,035900,KRW,FY2025,2025,11011,Annual report,20260318001519,CF,현금흐름표,ifrs-full_PurchaseOfPropertyPlantAndEquipmentClassifiedAsInvestingActivities,유형자산의 취득,-,12298461488,제 29 기,2025,KRW,,87316520219,제 30 기,,,34,11011,fnlttSinglAcntAll,,6244695028,제 31 기
jyp_entertainment,JYP Entertainment,00258689,035900,KRW,FY2025,2025,11011,Annual report,20260318001519,CF,현금흐름표,ifrs-full_CashFlowsFromUsedInOperatingActivities,영업활동현금흐름,-,151239365837,제 29 기,2025,KRW,,89293013736,제 30 기,,,35,11011,fnlttSinglAcntAll,,124332829487,제 31 기
jyp_entertainment,JYP Entertainment,00258689,035900,KRW,FY2025,2025,11011,Annual report,20260318001519,CF,현금흐름표,ifrs-full_CashFlowsFromUsedInOperations,영업에서 창출된 현금흐름,-,194029695474,제 29 기,2025,KRW,,142645633200,제 30 기,,,36,11011,fnlttSinglAcntAll,,167371269304,제 31 기
jyp_entertainment,JYP Entertainment,00258689,035900,KRW,FY2025,2025,11011,Annual report,20260318001519,CF,현금흐름표,dart_AdjustmentsForAssetsLiabilitiesOfOperatingActivities,영업활동으로 인한 자산 부채의 변동,-,15456349824,제 29 기,2025,KRW,,-7419454866,제 30 기,,,37,11011,fnlttSinglAcntAll,,-8268011785,제 31 기
jyp_entertainment,JYP Entertainment,00258689,035900,KRW,FY2025,2025,11011,Annual report,20260318001519,CF,현금흐름표,dart_AdjustmentsForDecreaseincreaseInOtherNonCurrentNonFinancialAssets,기타비유동자산의감소(증가),-,3184489,제 29 기,2025,KRW,,1354006,제 30 기,,,38,11011,fnlttSinglAcntAll,,14868638,제 31 기
jyp_entertainment,JYP Entertainment,00258689,035900,KRW,FY2025,2025,11011,Annual report,20260318001519,CF,현금흐름표,dart_AdjustmentsForIncreaseDecreaseInOtherNonCurrentLiabilities,기타비유동부채의증가(감소),-,433174416,제 29 기,2025,KRW,,907331155,제 30 기,,,39,11011,fnlttSinglAcntAll,,1278089051,제 31 기
jyp_entertainment,JYP Entertainment,00258689,035900,KRW,FY2025,2025,11011,Annual report,20260318001519,CF,현금흐름표,dart_AdjustmentsForIncreasedecreaseInAdvancesCustomers,선수금의증가(감소),-,1434210406,제 29 기,2025,KRW,,-1317836744,제 30 기,,,40,11011,fnlttSinglAcntAll,,27014881018,제 31 기
jyp_entertainment,JYP Entertainment,00258689,035900,KRW,FY2025,2025,11011,Annual report,20260318001519,CF,현금흐름표,dart_AdjustmentsForIncreasedecreaseInOtherNonCurrentFinancialLiabilities,기타비유동금융부채의 증가(감소),-,6611471,제 29 기,2025,KRW,,0,제 30 기,,,41,11011,fnlttSinglAcntAll,,0,제 31 기
jyp_entertainment,JYP Entertainment,00258689,035900,KRW,FY2025,2025,11011,Annual report,20260318001519,CF,현금흐름표,dart_CashOutflowForSeverancePay,퇴직금의지급,-,0,제 29 기,2025,KRW,,29321583,제 30 기,,,42,11011,fnlttSinglAcntAll,,15991527,제 31 기
jyp_entertainment,JYP Entertainment,00258689,035900,KRW,FY2025,2025,11011,Annual report,20260318001519,CF,현금흐름표,ifrs-full_AdjustmentsForDecreaseIncreaseInInventories,재고자산의감소(증가),-,-21884707217,제 29 기,2025,KRW,,2722996764,제 30 기,,,43,11011,fnlttSinglAcntAll,,-9400309722,제 31 기
jyp_entertainment,JYP Entertainment,00258689,035900,KRW,FY2025,2025,11011,Annual report,20260318001519,CF,현금흐름표,ifrs-full_AdjustmentsForDecreaseIncreaseInOtherCurrentAssets,기타유동자산의 감소(증가),-,-2254968483,제 29 기,2025,KRW,,-3371771589,제 30 기,,,44,11011,fnlttSinglAcntAll,,-3426699960,제 31 기
jyp_entertainment,JYP Entertainment,00258689,035900,KRW,FY2025,2025,11011,Annual report,20260318001519,CF,현금흐름표,ifrs-full_AdjustmentsForDecreaseIncreaseInTradeAndOtherReceivables,매출채권및기타채권의감소(증가),-,17572156680,제 29 기,2025,KRW,,-39206345625,제 30 기,,,45,11011,fnlttSinglAcntAll,,-6157581571,제 31 기
jyp_entertainment,JYP Entertainment,00258689,035900,KRW,FY2025,2025,11011,Annual report,20260318001519,CF,현금흐름표,ifrs-full_AdjustmentsForIncreaseDecreaseInOtherCurrentLiabilities,기타유동부채의증가(감소),-,16493769251,제 29 기,2025,KRW,,-2924698890,제 30 기,,,46,11011,fnlttSinglAcntAll,,4373364380,제 31 기
jyp_entertainment,JYP Entertainment,00258689,035900,KRW,FY2025,2025,11011,Annual report,20260318001519,CF,현금흐름표,ifrs-full_AdjustmentsForIncreaseDecreaseInTradeAndOtherPayables,매입채무및기타채무의 증가(감소),-,3652918811,제 29 기,2025,KRW,,35798837640,제 30 기,,,47,11011,fnlttSinglAcntAll,,-21948632092,제 31 기
jyp_entertainment,JYP Entertainment,00258689,035900,KRW,FY2025,2025,11011,Annual report,20260318001519,CF,현금흐름표,ifrs-full_AdjustmentsForReconcileProfitLoss,조정사항,-,73556604909,제 29 기,2025,KRW,,52350174149,제 30 기,,,48,11011,fnlttSinglAcntAll,,15075805009,제 31 기
jyp_entertainment,JYP Entertainment,00258689,035900,KRW,FY2025,2025,11011,Annual report,20260318001519,CF,현금흐름표,dart_AdjustmentsForBadDebtExpenses,대손상각비,-,-5760406,제 29 기,2025,KRW,,40989051,제 30 기,,,49,11011,fnlttSinglAcntAll,,350909935,제 31 기
jyp_entertainment,JYP Entertainment,00258689,035900,KRW,FY2025,2025,11011,Annual report,20260318001519,CF,현금흐름표,dart_AdjustmentsForGainOnDisposalOfInvestmentsInSubsidiaries,종속기업투자처분이익,-,0,제 29 기,2025,KRW,,0,제 30 기,,,50,11011,fnlttSinglAcntAll,,101415001,제 31 기
jyp_entertainment,JYP Entertainment,00258689,035900,KRW,FY2025,2025,11011,Annual report,20260318001519,CF,현금흐름표,dart_AdjustmentsForGainOnDispositionOfTangibleAssets,유형자산처분이익,-,1513265,제 29 기,2025,KRW,,26866038,제 30 기,,,51,11011,fnlttSinglAcntAll,,12089844,제 31 기
jyp_entertainment,JYP Entertainment,00258689,035900,KRW,FY2025,2025,11011,Annual report,20260318001519,CF,현금흐름표,dart_AdjustmentsForGainOnForeignExchangeTranslations,외화환산이익,-,552872560,제 29 기,2025,KRW,,3958643396,제 30 기,,,52,11011,fnlttSinglAcntAll,,391957326,제 31 기
jyp_entertainment,JYP Entertainment,00258689,035900,KRW,FY2025,2025,11011,Annual report,20260318001519,CF,현금흐름표,dart_AdjustmentsForGainsOnDisposalsOfIntangibleAssets,무형자산처분이익,-,8482613,제 29 기,2025,KRW,,0,제 30 기,,,53,11011,fnlttSinglAcntAll,,8482657,제 31 기
jyp_entertainment,JYP Entertainment,00258689,035900,KRW,FY2025,2025,11011,Annual report,20260318001519,CF,현금흐름표,dart_AdjustmentsForGainsOnDisposalsOfInvestmentsInAssociates,관계기업투자처분이익,-,2442893877,제 29 기,2025,KRW,,0,제 30 기,,,54,11011,fnlttSinglAcntAll,,73159787939,제 31 기
jyp_entertainment,JYP Entertainment,00258689,035900,KRW,FY2025,2025,11011,Annual report,20260318001519,CF,현금흐름표,dart_AdjustmentsForGainsOnEvaluationOfFairValueFinancialAssets,당기손익-공정가치측정금융자산평가이익,-,0,제 29 기,2025,KRW,,844954737,제 30 기,,,55,11011,fnlttSinglAcntAll,,1519685200,제 31 기
jyp_entertainment,JYP Entertainment,00258689,035900,KRW,FY2025,2025,11011,Annual report,20260318001519,CF,현금흐름표,dart_AdjustmentsForImpairmentLossesOnInvestmentsInAssociates,관계기업투자손상차손,-,645001443,제 29 기,2025,KRW,,0,제 30 기,,,56,11011,fnlttSinglAcntAll,,369279580,제 31 기
jyp_entertainment,JYP Entertainment,00258689,035900,KRW,FY2025,2025,11011,Annual report,20260318001519,CF,현금흐름표,dart_AdjustmentsForInterestExpenses,이자비용,-,264407815,제 29 기,2025,KRW,,201928160,제 30 기,,,57,11011,fnlttSinglAcntAll,,171202963,제 31 기
jyp_entertainment,JYP Entertainment,00258689,035900,KRW,FY2025,2025,11011,Annual report,20260318001519,CF,현금흐름표,dart_AdjustmentsForLossesOfAssociatesAndJointVenturesAccountedForUsingEquityMethod,지분법손실,-,2150881961,제 29 기,2025,KRW,,1332306075,제 30 기,,,58,11011,fnlttSinglAcntAll,,271801814,제 31 기
jyp_entertainment,JYP Entertainment,00258689,035900,KRW,FY2025,2025,11011,Annual report,20260318001519,CF,현금흐름표,dart_AdjustmentsForLossesOnAbandonmentOfPropertyPlantAndEquipment,유형자산폐기손실,-,0,제 29 기,2025,KRW,,11000,제 30 기,,,59,11011,fnlttSinglAcntAll,,1311409,제 31 기
jyp_entertainment,JYP Entertainment,00258689,035900,KRW,FY2025,2025,11011,Annual report,20260318001519,CF,현금흐름표,dart_AdjustmentsForLossesOnDispositionOfPropertyPlantAndEquipment,유형자산처분손실,-,84055645,제 29 기,2025,KRW,,2912220,제 30 기,,,60,11011,fnlttSinglAcntAll,,28988793,제 31 기
jyp_entertainment,JYP Entertainment,00258689,035900,KRW,FY2025,2025,11011,Annual report,20260318001519,CF,현금흐름표,dart_AdjustmentsForLossesOnEvaluationOfFairValueFinancialAssets,당기손익-공정가치측정금융자산평가손실,-,12607372514,제 29 기,2025,KRW,,1849353200,제 30 기,,,61,11011,fnlttSinglAcntAll,,7049091936,제 31 기
jyp_entertainment,JYP Entertainment,00258689,035900,KRW,FY2025,2025,11011,Annual report,20260318001519,CF,현금흐름표,dart_AdjustmentsForLossesOnForeignExchangeTranslations,외화환산손실,-,767357174,제 29 기,2025,KRW,,500426665,제 30 기,,,62,11011,fnlttSinglAcntAll,,1713338750,제 31 기
jyp_entertainment,JYP Entertainment,00258689,035900,KRW,FY2025,2025,11011,Annual report,20260318001519,CF,현금흐름표,dart_AdjustmentsForMiscellaneousIncome,잡이익,-,0,제 29 기,2025,KRW,,0,제 30 기,,,63,11011,fnlttSinglAcntAll,,385212028,제 31 기
jyp_entertainment,JYP Entertainment,00258689,035900,KRW,FY2025,2025,11011,Annual report,20260318001519,CF,현금흐름표,dart_AdjustmentsForOtherBadDebtExpenses,기타의 대손상각비,-,3254020,제 29 기,2025,KRW,,60720617,제 30 기,,,64,11011,fnlttSinglAcntAll,,38090402,제 31 기
jyp_entertainment,JYP Entertainment,00258689,035900,KRW,FY2025,2025,11011,Annual report,20260318001519,CF,현금흐름표,dart_AdjustmentsForProfitsOfAssociatesAndJointVenturesAccountedForUsingEquityMethod,지분법이익,-,4178315487,제 29 기,2025,KRW,,3842154889,제 30 기,,,65,11011,fnlttSinglAcntAll,,2329662583,제 31 기
jyp_entertainment,JYP Entertainment,00258689,035900,KRW,FY2025,2025,11011,Annual report,20260318001519,CF,현금흐름표,dart_AdjustmentsForProvisionForSeveranceIndemnities,퇴직급여,-,22595905,제 29 기,2025,KRW,,177351175,제 30 기,,,66,11011,fnlttSinglAcntAll,,302389337,제 31 기
jyp_entertainment,JYP Entertainment,00258689,035900,KRW,FY2025,2025,11011,Annual report,20260318001519,CF,현금흐름표,dart_AdjustmentsForReversalAllowanceAccountForCreditLossesOfFinancialAssets,손실충당금 환입,-,995517,제 29 기,2025,KRW,,719376,제 30 기,,,67,11011,fnlttSinglAcntAll,,125865,제 31 기
jyp_entertainment,JYP Entertainment,00258689,035900,KRW,FY2025,2025,11011,Annual report,20260318001519,CF,현금흐름표,dart_AdjustmentsForShareBasedPayment,주식보상비용,-,247802877,제 29 기,2025,KRW,,0,제 30 기,,,68,11011,fnlttSinglAcntAll,,0,제 31 기
jyp_entertainment,JYP Entertainment,00258689,035900,KRW,FY2025,2025,11011,Annual report,20260318001519,CF,현금흐름표,dart_AdjustmentsForWritedownsOfInventories,재고자산평가손실,-,192642100,제 29 기,2025,KRW,,7436878139,제 30 기,,,69,11011,fnlttSinglAcntAll,,4308437181,제 31 기
jyp_entertainment,JYP Entertainment,00258689,035900,KRW,FY2025,2025,11011,Annual report,20260318001519,CF,현금흐름표,-표준계정코드 미사용-,당기손익-공정가치측정금융자산처분이익,-,577176732,제 29 기,2025,KRW,,692279193,제 30 기,,,70,11011,fnlttSinglAcntAll,,832334808,제 31 기
jyp_entertainment,JYP Entertainment,00258689,035900,KRW,FY2025,2025,11011,Annual report,20260318001519,CF,현금흐름표,-표준계정코드 미사용-,당기손익-공정가치측정금융자산처분손실,-,0,제 29 기,2025,KRW,,4721301,제 30 기,,,71,11011,fnlttSinglAcntAll,,7837441,제 31 기
jyp_entertainment,JYP Entertainment,00258689,035900,KRW,FY2025,2025,11011,Annual report,20260318001519,CF,현금흐름표,-표준계정코드 미사용-,장기금융상품처분손실,-,0,제 29 기,2025,KRW,,35930,제 30 기,,,72,11011,fnlttSinglAcntAll,,0,제 31 기
jyp_entertainment,JYP Entertainment,00258689,035900,KRW,FY2025,2025,11011,Annual report,20260318001519,CF,현금흐름표,-표준계정코드 미사용-,장기금융상품평가손실,-,433888,제 29 기,2025,KRW,,0,제 30 기,,,73,11011,fnlttSinglAcntAll,,0,제 31 기
jyp_entertainment,JYP Entertainment,00258689,035900,KRW,FY2025,2025,11011,Annual report,20260318001519,CF,현금흐름표,ifrs-full_AdjustmentsForAmortisationExpense,무형자산상각비,-,5322272697,제 29 기,2025,KRW,,5701914873,제 30 기,,,74,11011,fnlttSinglAcntAll,,10111108615,제 31 기
jyp_entertainment,JYP Entertainment,00258689,035900,KRW,FY2025,2025,11011,Annual report,20260318001519,CF,현금흐름표,ifrs-full_AdjustmentsForDepreciationExpense,감가상각비,-,5732826694,제 29 기,2025,KRW,,8962313249,제 30 기,,,75,11011,fnlttSinglAcntAll,,11137847943,제 31 기
jyp_entertainment,JYP Entertainment,00258689,035900,KRW,FY2025,2025,11011,Annual report,20260318001519,CF,현금흐름표,ifrs-full_AdjustmentsForDividendIncome,배당금수익,-,0,제 29 기,2025,KRW,,188699075,제 30 기,,,76,11011,fnlttSinglAcntAll,,0,제 31 기
jyp_entertainment,JYP Entertainment,00258689,035900,KRW,FY2025,2025,11011,Annual report,20260318001519,CF,현금흐름표,ifrs-full_AdjustmentsForImpairmentLossRecognisedInProfitOrLossGoodwill,무형자산손상차손,-,4718851438,제 29 기,2025,KRW,,0,제 30 기,,,77,11011,fnlttSinglAcntAll,,0,제 31 기
jyp_entertainment,JYP Entertainment,00258689,035900,KRW,FY2025,2025,11011,Annual report,20260318001519,CF,현금흐름표,ifrs-full_AdjustmentsForIncomeTaxExpense,법인세비용,-,50656124683,제 29 기,2025,KRW,,38441959676,제 30 기,,,78,11011,fnlttSinglAcntAll,,62789595557,제 31 기
jyp_entertainment,JYP Entertainment,00258689,035900,KRW,FY2025,2025,11011,Annual report,20260318001519,CF,현금흐름표,ifrs-full_AdjustmentsForInterestIncome,이자수익,-,2091265488,제 29 기,2025,KRW,,2847887605,제 30 기,,,79,11011,fnlttSinglAcntAll,,4866970272,제 31 기
jyp_entertainment,JYP Entertainment,00258689,035900,KRW,FY2025,2025,11011,Annual report,20260318001519,CF,현금흐름표,ifrs-full_OtherAdjustmentsToReconcileProfitLoss,기타증감,-,0,제 29 기,2025,KRW,,38557127,제 30 기,,,80,11011,fnlttSinglAcntAll,,32296876,제 31 기
jyp_entertainment,JYP Entertainment,00258689,035900,KRW,FY2025,2025,11011,Annual report,20260318001519,CF,현금흐름표,ifrs-full_ProfitLoss,당기순이익,-,105016740741,제 29 기,2025,KRW,,97714913917,제 30 기,,,81,11011,fnlttSinglAcntAll,,160563476080,제 31 기
jyp_entertainment,JYP Entertainment,00258689,035900,KRW,FY2025,2025,11011,Annual report,20260318001519,CF,현금흐름표,ifrs-full_DividendsReceivedClassifiedAsOperatingActivities,배당금의수취,-,0,제 29 기,2025,KRW,,188699075,제 30 기,,,82,11011,fnlttSinglAcntAll,,921316280,제 31 기
jyp_entertainment,JYP Entertainment,00258689,035900,KRW,FY2025,2025,11011,Annual report,20260318001519,CF,현금흐름표,ifrs-full_IncomeTaxesPaidRefundClassifiedAsOperatingActivities,법인세의납부,-,43739061762,제 29 기,2025,KRW,,55204425400,제 30 기,,,83,11011,fnlttSinglAcntAll,,46769552940,제 31 기
jyp_entertainment,JYP Entertainment,00258689,035900,KRW,FY2025,2025,11011,Annual report,20260318001519,CF,현금흐름표,ifrs-full_InterestPaidClassifiedAsOperatingActivities,이자의지급,-,237224105,제 29 기,2025,KRW,,472111656,제 30 기,,,84,11011,fnlttSinglAcntAll,,387923769,제 31 기
jyp_entertainment,JYP Entertainment,00258689,035900,KRW,FY2025,2025,11011,Annual report,20260318001519,CF,현금흐름표,ifrs-full_InterestReceivedClassifiedAsOperatingActivities,이자의수취,-,1185956230,제 29 기,2025,KRW,,2135218517,제 30 기,,,85,11011,fnlttSinglAcntAll,,3197720612,제 31 기
jyp_entertainment,JYP Entertainment,00258689,035900,KRW,FY2025,2025,11011,Annual report,20260318001519,CF,현금흐름표,ifrs-full_EffectOfExchangeRateChangesOnCashAndCashEquivalents,현금및현금성자산에대한환율변동효과,-,110143084,제 29 기,2025,KRW,,5846317514,제 30 기,,,86,11011,fnlttSinglAcntAll,,-872176777,제 31 기
jyp_entertainment,JYP Entertainment,00258689,035900,KRW,FY2025,2025,11011,Annual report,20260318001519,CF,현금흐름표,ifrs-full_IncreaseDecreaseInCashAndCashEquivalentsBeforeEffectOfExchangeRateChanges,현금및현금성자산의순증가(감소),-,77432249454,제 29 기,2025,KRW,,-32422762626,제 30 기,,,87,11011,fnlttSinglAcntAll,,104730784853,제 31 기
jyp_entertainment,JYP Entertainment,00258689,035900,KRW,FY2025,2025,11011,Annual report,20260318001519,SCE,자본변동표,dart_EquityAtBeginningOfPeriod,기초자본,연결재무제표 [member],304501101236,제 29 기,2025,KRW,,398042670936,제 30 기,,,3,11011,fnlttSinglAcntAll,,482881501386,제 31 기
jyp_entertainment,JYP Entertainment,00258689,035900,KRW,FY2025,2025,11011,Annual report,20260318001519,SCE,자본변동표,dart_EquityAtBeginningOfPeriod,기초자본,자본 [구성요소]|비지배지분 [구성요소],3943150158,제 29 기,2025,KRW,,4020777010,제 30 기,,,3,11011,fnlttSinglAcntAll,,4282511202,제 31 기
jyp_entertainment,JYP Entertainment,00258689,035900,KRW,FY2025,2025,11011,Annual report,20260318001519,SCE,자본변동표,dart_EquityAtBeginningOfPeriod,기초자본,자본 [구성요소]|지배기업의 소유주에게 귀속되는 지분 [구성요소],300557951078,제 29 기,2025,KRW,,394021893926,제 30 기,,,3,11011,fnlttSinglAcntAll,,478598990184,제 31 기
jyp_entertainment,JYP Entertainment,00258689,035900,KRW,FY2025,2025,11011,Annual report,20260318001519,SCE,자본변동표,dart_EquityAtBeginningOfPeriod,기초자본,자본 [구성요소]|지배기업의 소유주에게 귀속되는 지분 [구성요소]|기타포괄손익누계액 [구성요소],-2296310605,제 29 기,2025,KRW,,-2386159740,제 30 기,,,3,11011,fnlttSinglAcntAll,,2833436534,제 31 기
jyp_entertainment,JYP Entertainment,00258689,035900,KRW,FY2025,2025,11011,Annual report,20260318001519,SCE,자본변동표,dart_EquityAtBeginningOfPeriod,기초자본,자본 [구성요소]|지배기업의 소유주에게 귀속되는 지분 [구성요소]|이익잉여금 [구성요소],217546377622,제 29 기,2025,KRW,,310800033061,제 30 기,,,3,11011,fnlttSinglAcntAll,,389528327045,제 31 기
jyp_entertainment,JYP Entertainment,00258689,035900,KRW,FY2025,2025,11011,Annual report,20260318001519,SCE,자본변동표,dart_EquityAtBeginningOfPeriod,기초자본,자본 [구성요소]|지배기업의 소유주에게 귀속되는 지분 [구성요소]|자본금 [구성요소],17943451500,제 29 기,2025,KRW,,17953451500,제 30 기,,,3,11011,fnlttSinglAcntAll,,17960951500,제 31 기
jyp_entertainment,JYP Entertainment,00258689,035900,KRW,FY2025,2025,11011,Annual report,20260318001519,SCE,자본변동표,dart_EquityAtBeginningOfPeriod,기초자본,자본 [구성요소]|지배기업의 소유주에게 귀속되는 지분 [구성요소]|자본잉여금 [구성요소],76955682199,제 29 기,2025,KRW,,78164159199,제 30 기,,,3,11011,fnlttSinglAcntAll,,79101015199,제 31 기
jyp_entertainment,JYP Entertainment,00258689,035900,KRW,FY2025,2025,11011,Annual report,20260318001519,SCE,자본변동표,dart_EquityAtBeginningOfPeriod,기초자본,자본 [구성요소]|지배기업의 소유주에게 귀속되는 지분 [구성요소]|자본조정 [구성요소],-9591249638,제 29 기,2025,KRW,,-10509590094,제 30 기,,,3,11011,fnlttSinglAcntAll,,-10824740094,제 31 기
jyp_entertainment,JYP Entertainment,00258689,035900,KRW,FY2025,2025,11011,Annual report,20260318001519,SCE,자본변동표,ifrs-full_ComprehensiveIncome,총포괄손익,연결재무제표 [member],104850808288,제 29 기,2025,KRW,,103219390316,제 30 기,,,4,11011,fnlttSinglAcntAll,,159865873930,제 31 기
jyp_entertainment,JYP Entertainment,00258689,035900,KRW,FY2025,2025,11011,Annual report,20260318001519,SCE,자본변동표,ifrs-full_ComprehensiveIncome,총포괄손익,자본 [구성요소]|비지배지분 [구성요소],-526181787,제 29 기,2025,KRW,,261734192,제 30 기,,,4,11011,fnlttSinglAcntAll,,67296834,제 31 기
jyp_entertainment,JYP Entertainment,00258689,035900,KRW,FY2025,2025,11011,Annual report,20260318001519,SCE,자본변동표,ifrs-full_ComprehensiveIncome,총포괄손익,자본 [구성요소]|지배기업의 소유주에게 귀속되는 지분 [구성요소],105376990075,제 29 기,2025,KRW,,102957656124,제 30 기,,,4,11011,fnlttSinglAcntAll,,159798577096,제 31 기
jyp_entertainment,JYP Entertainment,00258689,035900,KRW,FY2025,2025,11011,Annual report,20260318001519,SCE,자본변동표,ifrs-full_ComprehensiveIncome,총포괄손익,자본 [구성요소]|지배기업의 소유주에게 귀속되는 지분 [구성요소]|기타포괄손익누계액 [구성요소],-89849135,제 29 기,2025,KRW,,5219596274,제 30 기,,,4,11011,fnlttSinglAcntAll,,-990393895,제 31 기
jyp_entertainment,JYP Entertainment,00258689,035900,KRW,FY2025,2025,11011,Annual report,20260318001519,SCE,자본변동표,ifrs-full_ComprehensiveIncome,총포괄손익,자본 [구성요소]|지배기업의 소유주에게 귀속되는 지분 [구성요소]|이익잉여금 [구성요소],105466839210,제 29 기,2025,KRW,,97738059850,제 30 기,,,4,11011,fnlttSinglAcntAll,,160788970991,제 31 기
jyp_entertainment,JYP Entertainment,00258689,035900,KRW,FY2025,2025,11011,Annual report,20260318001519,SCE,자본변동표,ifrs-full_ComprehensiveIncome,총포괄손익,자본 [구성요소]|지배기업의 소유주에게 귀속되는 지분 [구성요소]|자본금 [구성요소],0,제 29 기,2025,KRW,,0,제 30 기,,,4,11011,fnlttSinglAcntAll,,0,제 31 기
jyp_entertainment,JYP Entertainment,00258689,035900,KRW,FY2025,2025,11011,Annual report,20260318001519,SCE,자본변동표,ifrs-full_ComprehensiveIncome,총포괄손익,자본 [구성요소]|지배기업의 소유주에게 귀속되는 지분 [구성요소]|자본잉여금 [구성요소],0,제 29 기,2025,KRW,,0,제 30 기,,,4,11011,fnlttSinglAcntAll,,0,제 31 기
jyp_entertainment,JYP Entertainment,00258689,035900,KRW,FY2025,2025,11011,Annual report,20260318001519,SCE,자본변동표,ifrs-full_ComprehensiveIncome,총포괄손익,자본 [구성요소]|지배기업의 소유주에게 귀속되는 지분 [구성요소]|자본조정 [구성요소],0,제 29 기,2025,KRW,,0,제 30 기,,,4,11011,fnlttSinglAcntAll,,0,제 31 기
jyp_entertainment,JYP Entertainment,00258689,035900,KRW,FY2025,2025,11011,Annual report,20260318001519,SCE,자본변동표,ifrs-full_OtherComprehensiveIncomeNetOfTaxExchangeDifferencesOnTranslation,해외사업환산손익,연결재무제표 [member],-173693680,제 29 기,2025,KRW,,5623653423,제 30 기,,,5,11011,fnlttSinglAcntAll,,-696498355,제 31 기
jyp_entertainment,JYP Entertainment,00258689,035900,KRW,FY2025,2025,11011,Annual report,20260318001519,SCE,자본변동표,ifrs-full_OtherComprehensiveIncomeNetOfTaxExchangeDifferencesOnTranslation,해외사업환산손익,자본 [구성요소]|비지배지분 [구성요소],-76083318,제 29 기,2025,KRW,,305437054,제 30 기,,,5,11011,fnlttSinglAcntAll,,65739225,제 31 기
jyp_entertainment,JYP Entertainment,00258689,035900,KRW,FY2025,2025,11011,Annual report,20260318001519,SCE,자본변동표,ifrs-full_OtherComprehensiveIncomeNetOfTaxExchangeDifferencesOnTranslation,해외사업환산손익,자본 [구성요소]|지배기업의 소유주에게 귀속되는 지분 [구성요소],-97610362,제 29 기,2025,KRW,,5318216369,제 30 기,,,5,11011,fnlttSinglAcntAll,,-762237580,제 31 기
jyp_entertainment,JYP Entertainment,00258689,035900,KRW,FY2025,2025,11011,Annual report,20260318001519,SCE,자본변동표,ifrs-full_OtherComprehensiveIncomeNetOfTaxExchangeDifferencesOnTranslation,해외사업환산손익,자본 [구성요소]|지배기업의 소유주에게 귀속되는 지분 [구성요소]|기타포괄손익누계액 [구성요소],-97610362,제 29 기,2025,KRW,,5318216369,제 30 기,,,5,11011,fnlttSinglAcntAll,,-762237580,제 31 기
jyp_entertainment,JYP Entertainment,00258689,035900,KRW,FY2025,2025,11011,Annual report,20260318001519,SCE,자본변동표,ifrs-full_OtherComprehensiveIncomeNetOfTaxExchangeDifferencesOnTranslation,해외사업환산손익,자본 [구성요소]|지배기업의 소유주에게 귀속되는 지분 [구성요소]|이익잉여금 [구성요소],0,제 29 기,2025,KRW,,0,제 30 기,,,5,11011,fnlttSinglAcntAll,,0,제 31 기
jyp_entertainment,JYP Entertainment,00258689,035900,KRW,FY2025,2025,11011,Annual report,20260318001519,SCE,자본변동표,ifrs-full_OtherComprehensiveIncomeNetOfTaxExchangeDifferencesOnTranslation,해외사업환산손익,자본 [구성요소]|지배기업의 소유주에게 귀속되는 지분 [구성요소]|자본금 [구성요소],0,제 29 기,2025,KRW,,0,제 30 기,,,5,11011,fnlttSinglAcntAll,,0,제 31 기
jyp_entertainment,JYP Entertainment,00258689,035900,KRW,FY2025,2025,11011,Annual report,20260318001519,SCE,자본변동표,ifrs-full_OtherComprehensiveIncomeNetOfTaxExchangeDifferencesOnTranslation,해외사업환산손익,자본 [구성요소]|지배기업의 소유주에게 귀속되는 지분 [구성요소]|자본잉여금 [구성요소],0,제 29 기,2025,KRW,,0,제 30 기,,,5,11011,fnlttSinglAcntAll,,0,제 31 기
jyp_entertainment,JYP Entertainment,00258689,035900,KRW,FY2025,2025,11011,Annual report,20260318001519,SCE,자본변동표,ifrs-full_OtherComprehensiveIncomeNetOfTaxExchangeDifferencesOnTranslation,해외사업환산손익,자본 [구성요소]|지배기업의 소유주에게 귀속되는 지분 [구성요소]|자본조정 [구성요소],0,제 29 기,2025,KRW,,0,제 30 기,,,5,11011,fnlttSinglAcntAll,,0,제 31 기
jyp_entertainment,JYP Entertainment,00258689,035900,KRW,FY2025,2025,11011,Annual report,20260318001519,SCE,자본변동표,ifrs-full_OtherComprehensiveIncomeNetOfTaxGainsLossesFromInvestmentsInEquityInstruments,기타포괄손익-공정가치측정금융자산평가손익,연결재무제표 [member],53818584,제 29 기,2025,KRW,,-452814940,제 30 기,,,6,11011,fnlttSinglAcntAll,,-79428020,제 31 기
jyp_entertainment,JYP Entertainment,00258689,035900,KRW,FY2025,2025,11011,Annual report,20260318001519,SCE,자본변동표,ifrs-full_OtherComprehensiveIncomeNetOfTaxGainsLossesFromInvestmentsInEquityInstruments,기타포괄손익-공정가치측정금융자산평가손익,자본 [구성요소]|비지배지분 [구성요소],0,제 29 기,2025,KRW,,0,제 30 기,,,6,11011,fnlttSinglAcntAll,,0,제 31 기
jyp_entertainment,JYP Entertainment,00258689,035900,KRW,FY2025,2025,11011,Annual report,20260318001519,SCE,자본변동표,ifrs-full_OtherComprehensiveIncomeNetOfTaxGainsLossesFromInvestmentsInEquityInstruments,기타포괄손익-공정가치측정금융자산평가손익,자본 [구성요소]|지배기업의 소유주에게 귀속되는 지분 [구성요소],53818584,제 29 기,2025,KRW,,-452814940,제 30 기,,,6,11011,fnlttSinglAcntAll,,-79428020,제 31 기
jyp_entertainment,JYP Entertainment,00258689,035900,KRW,FY2025,2025,11011,Annual report,20260318001519,SCE,자본변동표,ifrs-full_OtherComprehensiveIncomeNetOfTaxGainsLossesFromInvestmentsInEquityInstruments,기타포괄손익-공정가치측정금융자산평가손익,자본 [구성요소]|지배기업의 소유주에게 귀속되는 지분 [구성요소]|기타포괄손익누계액 [구성요소],53818584,제 29 기,2025,KRW,,-452814940,제 30 기,,,6,11011,fnlttSinglAcntAll,,-79428020,제 31 기
jyp_entertainment,JYP Entertainment,00258689,035900,KRW,FY2025,2025,11011,Annual report,20260318001519,SCE,자본변동표,ifrs-full_OtherComprehensiveIncomeNetOfTaxGainsLossesFromInvestmentsInEquityInstruments,기타포괄손익-공정가치측정금융자산평가손익,자본 [구성요소]|지배기업의 소유주에게 귀속되는 지분 [구성요소]|이익잉여금 [구성요소],0,제 29 기,2025,KRW,,0,제 30 기,,,6,11011,fnlttSinglAcntAll,,0,제 31 기
jyp_entertainment,JYP Entertainment,00258689,035900,KRW,FY2025,2025,11011,Annual report,20260318001519,SCE,자본변동표,ifrs-full_OtherComprehensiveIncomeNetOfTaxGainsLossesFromInvestmentsInEquityInstruments,기타포괄손익-공정가치측정금융자산평가손익,자본 [구성요소]|지배기업의 소유주에게 귀속되는 지분 [구성요소]|자본금 [구성요소],0,제 29 기,2025,KRW,,0,제 30 기,,,6,11011,fnlttSinglAcntAll,,0,제 31 기
jyp_entertainment,JYP Entertainment,00258689,035900,KRW,FY2025,2025,11011,Annual report,20260318001519,SCE,자본변동표,ifrs-full_OtherComprehensiveIncomeNetOfTaxGainsLossesFromInvestmentsInEquityInstruments,기타포괄손익-공정가치측정금융자산평가손익,자본 [구성요소]|지배기업의 소유주에게 귀속되는 지분 [구성요소]|자본잉여금 [구성요소],0,제 29 기,2025,KRW,,0,제 30 기,,,6,11011,fnlttSinglAcntAll,,0,제 31 기
jyp_entertainment,JYP Entertainment,00258689,035900,KRW,FY2025,2025,11011,Annual report,20260318001519,SCE,자본변동표,ifrs-full_OtherComprehensiveIncomeNetOfTaxGainsLossesFromInvestmentsInEquityInstruments,기타포괄손익-공정가치측정금융자산평가손익,자본 [구성요소]|지배기업의 소유주에게 귀속되는 지분 [구성요소]|자본조정 [구성요소],0,제 29 기,2025,KRW,,0,제 30 기,,,6,11011,fnlttSinglAcntAll,,0,제 31 기
jyp_entertainment,JYP Entertainment,00258689,035900,KRW,FY2025,2025,11011,Annual report,20260318001519,SCE,자본변동표,ifrs-full_OtherComprehensiveIncomeNetOfTaxGainsLossesOnRemeasurementsOfDefinedBenefitPlans,순확정급여부채의 재측정요소,연결재무제표 [member],0,제 29 기,2025,KRW,,-20556929,제 30 기,,,7,11011,fnlttSinglAcntAll,,62061999,제 31 기
jyp_entertainment,JYP Entertainment,00258689,035900,KRW,FY2025,2025,11011,Annual report,20260318001519,SCE,자본변동표,ifrs-full_OtherComprehensiveIncomeNetOfTaxGainsLossesOnRemeasurementsOfDefinedBenefitPlans,순확정급여부채의 재측정요소,자본 [구성요소]|비지배지분 [구성요소],0,제 29 기,2025,KRW,,0,제 30 기,,,7,11011,fnlttSinglAcntAll,,0,제 31 기
jyp_entertainment,JYP Entertainment,00258689,035900,KRW,FY2025,2025,11011,Annual report,20260318001519,SCE,자본변동표,ifrs-full_OtherComprehensiveIncomeNetOfTaxGainsLossesOnRemeasurementsOfDefinedBenefitPlans,순확정급여부채의 재측정요소,자본 [구성요소]|지배기업의 소유주에게 귀속되는 지분 [구성요소],0,제 29 기,2025,KRW,,-20556929,제 30 기,,,7,11011,fnlttSinglAcntAll,,62061999,제 31 기
jyp_entertainment,JYP Entertainment,00258689,035900,KRW,FY2025,2025,11011,Annual report,20260318001519,SCE,자본변동표,ifrs-full_OtherComprehensiveIncomeNetOfTaxGainsLossesOnRemeasurementsOfDefinedBenefitPlans,순확정급여부채의 재측정요소,자본 [구성요소]|지배기업의 소유주에게 귀속되는 지분 [구성요소]|기타포괄손익누계액 [구성요소],0,제 29 기,2025,KRW,,0,제 30 기,,,7,11011,fnlttSinglAcntAll,,0,제 31 기
jyp_entertainment,JYP Entertainment,00258689,035900,KRW,FY2025,2025,11011,Annual report,20260318001519,SCE,자본변동표,ifrs-full_OtherComprehensiveIncomeNetOfTaxGainsLossesOnRemeasurementsOfDefinedBenefitPlans,순확정급여부채의 재측정요소,자본 [구성요소]|지배기업의 소유주에게 귀속되는 지분 [구성요소]|이익잉여금 [구성요소],0,제 29 기,2025,KRW,,-20556929,제 30 기,,,7,11011,fnlttSinglAcntAll,,62061999,제 31 기
jyp_entertainment,JYP Entertainment,00258689,035900,KRW,FY2025,2025,11011,Annual report,20260318001519,SCE,자본변동표,ifrs-full_OtherComprehensiveIncomeNetOfTaxGainsLossesOnRemeasurementsOfDefinedBenefitPlans,순확정급여부채의 재측정요소,자본 [구성요소]|지배기업의 소유주에게 귀속되는 지분 [구성요소]|자본금 [구성요소],0,제 29 기,2025,KRW,,0,제 30 기,,,7,11011,fnlttSinglAcntAll,,0,제 31 기
jyp_entertainment,JYP Entertainment,00258689,035900,KRW,FY2025,2025,11011,Annual report,20260318001519,SCE,자본변동표,ifrs-full_OtherComprehensiveIncomeNetOfTaxGainsLossesOnRemeasurementsOfDefinedBenefitPlans,순확정급여부채의 재측정요소,자본 [구성요소]|지배기업의 소유주에게 귀속되는 지분 [구성요소]|자본잉여금 [구성요소],0,제 29 기,2025,KRW,,0,제 30 기,,,7,11011,fnlttSinglAcntAll,,0,제 31 기
jyp_entertainment,JYP Entertainment,00258689,035900,KRW,FY2025,2025,11011,Annual report,20260318001519,SCE,자본변동표,ifrs-full_OtherComprehensiveIncomeNetOfTaxGainsLossesOnRemeasurementsOfDefinedBenefitPlans,순확정급여부채의 재측정요소,자본 [구성요소]|지배기업의 소유주에게 귀속되는 지분 [구성요소]|자본조정 [구성요소],0,제 29 기,2025,KRW,,0,제 30 기,,,7,11011,fnlttSinglAcntAll,,0,제 31 기
jyp_entertainment,JYP Entertainment,00258689,035900,KRW,FY2025,2025,11011,Annual report,20260318001519,SCE,자본변동표,ifrs-full_ProfitLoss,당기순이익,연결재무제표 [member],105016740741,제 29 기,2025,KRW,,97714913917,제 30 기,,,8,11011,fnlttSinglAcntAll,,160563476080,제 31 기
jyp_entertainment,JYP Entertainment,00258689,035900,KRW,FY2025,2025,11011,Annual report,20260318001519,SCE,자본변동표,ifrs-full_ProfitLoss,당기순이익,자본 [구성요소]|비지배지분 [구성요소],-450098469,제 29 기,2025,KRW,,-43702862,제 30 기,,,8,11011,fnlttSinglAcntAll,,1557609,제 31 기
jyp_entertainment,JYP Entertainment,00258689,035900,KRW,FY2025,2025,11011,Annual report,20260318001519,SCE,자본변동표,ifrs-full_ProfitLoss,당기순이익,자본 [구성요소]|지배기업의 소유주에게 귀속되는 지분 [구성요소],105466839210,제 29 기,2025,KRW,,97758616779,제 30 기,,,8,11011,fnlttSinglAcntAll,,160561918471,제 31 기
jyp_entertainment,JYP Entertainment,00258689,035900,KRW,FY2025,2025,11011,Annual report,20260318001519,SCE,자본변동표,ifrs-full_ProfitLoss,당기순이익,자본 [구성요소]|지배기업의 소유주에게 귀속되는 지분 [구성요소]|기타포괄손익누계액 [구성요소],0,제 29 기,2025,KRW,,0,제 30 기,,,8,11011,fnlttSinglAcntAll,,0,제 31 기
jyp_entertainment,JYP Entertainment,00258689,035900,KRW,FY2025,2025,11011,Annual report,20260318001519,SCE,자본변동표,ifrs-full_ProfitLoss,당기순이익,자본 [구성요소]|지배기업의 소유주에게 귀속되는 지분 [구성요소]|이익잉여금 [구성요소],105466839210,제 29 기,2025,KRW,,97758616779,제 30 기,,,8,11011,fnlttSinglAcntAll,,160561918471,제 31 기
jyp_entertainment,JYP Entertainment,00258689,035900,KRW,FY2025,2025,11011,Annual report,20260318001519,SCE,자본변동표,ifrs-full_ProfitLoss,당기순이익,자본 [구성요소]|지배기업의 소유주에게 귀속되는 지분 [구성요소]|자본금 [구성요소],0,제 29 기,2025,KRW,,0,제 30 기,,,8,11011,fnlttSinglAcntAll,,0,제 31 기
jyp_entertainment,JYP Entertainment,00258689,035900,KRW,FY2025,2025,11011,Annual report,20260318001519,SCE,자본변동표,ifrs-full_ProfitLoss,당기순이익,자본 [구성요소]|지배기업의 소유주에게 귀속되는 지분 [구성요소]|자본잉여금 [구성요소],0,제 29 기,2025,KRW,,0,제 30 기,,,8,11011,fnlttSinglAcntAll,,0,제 31 기
jyp_entertainment,JYP Entertainment,00258689,035900,KRW,FY2025,2025,11011,Annual report,20260318001519,SCE,자본변동표,ifrs-full_ProfitLoss,당기순이익,자본 [구성요소]|지배기업의 소유주에게 귀속되는 지분 [구성요소]|자본조정 [구성요소],0,제 29 기,2025,KRW,,0,제 30 기,,,8,11011,fnlttSinglAcntAll,,0,제 31 기
jyp_entertainment,JYP Entertainment,00258689,035900,KRW,FY2025,2025,11011,Annual report,20260318001519,SCE,자본변동표,ifrs-full_ShareOfOtherComprehensiveIncomeOfAssociatesAndJointVenturesAccountedForUsingEquityMethodThatWillNotBeReclassifiedToProfitOrLossNetOfTax,관계기업 기타포괄손익 변동에 대한 지분,연결재무제표 [member],-46057357,제 29 기,2025,KRW,,354194845,제 30 기,,,9,11011,fnlttSinglAcntAll,,16262226,제 31 기
jyp_entertainment,JYP Entertainment,00258689,035900,KRW,FY2025,2025,11011,Annual report,20260318001519,SCE,자본변동표,ifrs-full_ShareOfOtherComprehensiveIncomeOfAssociatesAndJointVenturesAccountedForUsingEquityMethodThatWillNotBeReclassifiedToProfitOrLossNetOfTax,관계기업 기타포괄손익 변동에 대한 지분,자본 [구성요소]|비지배지분 [구성요소],0,제 29 기,2025,KRW,,0,제 30 기,,,9,11011,fnlttSinglAcntAll,,0,제 31 기
jyp_entertainment,JYP Entertainment,00258689,035900,KRW,FY2025,2025,11011,Annual report,20260318001519,SCE,자본변동표,ifrs-full_ShareOfOtherComprehensiveIncomeOfAssociatesAndJointVenturesAccountedForUsingEquityMethodThatWillNotBeReclassifiedToProfitOrLossNetOfTax,관계기업 기타포괄손익 변동에 대한 지분,자본 [구성요소]|지배기업의 소유주에게 귀속되는 지분 [구성요소],-46057357,제 29 기,2025,KRW,,354194845,제 30 기,,,9,11011,fnlttSinglAcntAll,,16262226,제 31 기
jyp_entertainment,JYP Entertainment,00258689,035900,KRW,FY2025,2025,11011,Annual report,20260318001519,SCE,자본변동표,ifrs-full_ShareOfOtherComprehensiveIncomeOfAssociatesAndJointVenturesAccountedForUsingEquityMethodThatWillNotBeReclassifiedToProfitOrLossNetOfTax,관계기업 기타포괄손익 변동에 대한 지분,자본 [구성요소]|지배기업의 소유주에게 귀속되는 지분 [구성요소]|기타포괄손익누계액 [구성요소],-46057357,제 29 기,2025,KRW,,354194845,제 30 기,,,9,11011,fnlttSinglAcntAll,,-148728295,제 31 기
jyp_entertainment,JYP Entertainment,00258689,035900,KRW,FY2025,2025,11011,Annual report,20260318001519,SCE,자본변동표,ifrs-full_ShareOfOtherComprehensiveIncomeOfAssociatesAndJointVenturesAccountedForUsingEquityMethodThatWillNotBeReclassifiedToProfitOrLossNetOfTax,관계기업 기타포괄손익 변동에 대한 지분,자본 [구성요소]|지배기업의 소유주에게 귀속되는 지분 [구성요소]|이익잉여금 [구성요소],0,제 29 기,2025,KRW,,0,제 30 기,,,9,11011,fnlttSinglAcntAll,,164990521,제 31 기
jyp_entertainment,JYP Entertainment,00258689,035900,KRW,FY2025,2025,11011,Annual report,20260318001519,SCE,자본변동표,ifrs-full_ShareOfOtherComprehensiveIncomeOfAssociatesAndJointVenturesAccountedForUsingEquityMethodThatWillNotBeReclassifiedToProfitOrLossNetOfTax,관계기업 기타포괄손익 변동에 대한 지분,자본 [구성요소]|지배기업의 소유주에게 귀속되는 지분 [구성요소]|자본금 [구성요소],0,제 29 기,2025,KRW,,0,제 30 기,,,9,11011,fnlttSinglAcntAll,,0,제 31 기
jyp_entertainment,JYP Entertainment,00258689,035900,KRW,FY2025,2025,11011,Annual report,20260318001519,SCE,자본변동표,ifrs-full_ShareOfOtherComprehensiveIncomeOfAssociatesAndJointVenturesAccountedForUsingEquityMethodThatWillNotBeReclassifiedToProfitOrLossNetOfTax,관계기업 기타포괄손익 변동에 대한 지분,자본 [구성요소]|지배기업의 소유주에게 귀속되는 지분 [구성요소]|자본잉여금 [구성요소],0,제 29 기,2025,KRW,,0,제 30 기,,,9,11011,fnlttSinglAcntAll,,0,제 31 기
jyp_entertainment,JYP Entertainment,00258689,035900,KRW,FY2025,2025,11011,Annual report,20260318001519,SCE,자본변동표,ifrs-full_ShareOfOtherComprehensiveIncomeOfAssociatesAndJointVenturesAccountedForUsingEquityMethodThatWillNotBeReclassifiedToProfitOrLossNetOfTax,관계기업 기타포괄손익 변동에 대한 지분,자본 [구성요소]|지배기업의 소유주에게 귀속되는 지분 [구성요소]|자본조정 [구성요소],0,제 29 기,2025,KRW,,0,제 30 기,,,9,11011,fnlttSinglAcntAll,,0,제 31 기
jyp_entertainment,JYP Entertainment,00258689,035900,KRW,FY2025,2025,11011,Annual report,20260318001519,SCE,자본변동표,ifrs-full_Equity,자본총계,연결재무제표 [member],398042670936,제 29 기,2025,KRW,,482881501386,제 30 기,,,10,11011,fnlttSinglAcntAll,,624947719298,제 31 기
jyp_entertainment,JYP Entertainment,00258689,035900,KRW,FY2025,2025,11011,Annual report,20260318001519,SCE,자본변동표,ifrs-full_Equity,자본총계,자본 [구성요소]|비지배지분 [구성요소],4020777010,제 29 기,2025,KRW,,4282511202,제 30 기,,,10,11011,fnlttSinglAcntAll,,4349808036,제 31 기
jyp_entertainment,JYP Entertainment,00258689,035900,KRW,FY2025,2025,11011,Annual report,20260318001519,SCE,자본변동표,ifrs-full_Equity,자본총계,자본 [구성요소]|지배기업의 소유주에게 귀속되는 지분 [구성요소],394021893926,제 29 기,2025,KRW,,478598990184,제 30 기,,,10,11011,fnlttSinglAcntAll,,620597911262,제 31 기
jyp_entertainment,JYP Entertainment,00258689,035900,KRW,FY2025,2025,11011,Annual report,20260318001519,SCE,자본변동표,ifrs-full_Equity,자본총계,자본 [구성요소]|지배기업의 소유주에게 귀속되는 지분 [구성요소]|기타포괄손익누계액 [구성요소],-2386159740,제 29 기,2025,KRW,,2833436534,제 30 기,,,10,11011,fnlttSinglAcntAll,,1736440127,제 31 기
jyp_entertainment,JYP Entertainment,00258689,035900,KRW,FY2025,2025,11011,Annual report,20260318001519,SCE,자본변동표,ifrs-full_Equity,자본총계,자본 [구성요소]|지배기업의 소유주에게 귀속되는 지분 [구성요소]|이익잉여금 [구성요소],310800033061,제 29 기,2025,KRW,,389528327045,제 30 기,,,10,11011,fnlttSinglAcntAll,,532624244530,제 31 기
jyp_entertainment,JYP Entertainment,00258689,035900,KRW,FY2025,2025,11011,Annual report,20260318001519,SCE,자본변동표,ifrs-full_Equity,자본총계,자본 [구성요소]|지배기업의 소유주에게 귀속되는 지분 [구성요소]|자본금 [구성요소],17953451500,제 29 기,2025,KRW,,17960951500,제 30 기,,,10,11011,fnlttSinglAcntAll,,17960951500,제 31 기
jyp_entertainment,JYP Entertainment,00258689,035900,KRW,FY2025,2025,11011,Annual report,20260318001519,SCE,자본변동표,ifrs-full_Equity,자본총계,자본 [구성요소]|지배기업의 소유주에게 귀속되는 지분 [구성요소]|자본잉여금 [구성요소],78164159199,제 29 기,2025,KRW,,79101015199,제 30 기,,,10,11011,fnlttSinglAcntAll,,79101015199,제 31 기
jyp_entertainment,JYP Entertainment,00258689,035900,KRW,FY2025,2025,11011,Annual report,20260318001519,SCE,자본변동표,ifrs-full_Equity,자본총계,자본 [구성요소]|지배기업의 소유주에게 귀속되는 지분 [구성요소]|자본조정 [구성요소],-10509590094,제 29 기,2025,KRW,,-10824740094,제 30 기,,,10,11011,fnlttSinglAcntAll,,-10824740094,제 31 기
jyp_entertainment,JYP Entertainment,00258689,035900,KRW,FY2025,2025,11011,Annual report,20260318001519,SCE,자본변동표,ifrs-full_IncreaseDecreaseThroughTransactionsWithOwners,소유주와의 거래,연결재무제표 [member],-11309238588,제 29 기,2025,KRW,,-18380559866,제 30 기,,,11,11011,fnlttSinglAcntAll,,-17799656018,제 31 기
jyp_entertainment,JYP Entertainment,00258689,035900,KRW,FY2025,2025,11011,Annual report,20260318001519,SCE,자본변동표,ifrs-full_IncreaseDecreaseThroughTransactionsWithOwners,소유주와의 거래,자본 [구성요소]|비지배지분 [구성요소],603808639,제 29 기,2025,KRW,,0,제 30 기,,,11,11011,fnlttSinglAcntAll,,0,제 31 기
jyp_entertainment,JYP Entertainment,00258689,035900,KRW,FY2025,2025,11011,Annual report,20260318001519,SCE,자본변동표,ifrs-full_IncreaseDecreaseThroughTransactionsWithOwners,소유주와의 거래,자본 [구성요소]|지배기업의 소유주에게 귀속되는 지분 [구성요소],-11913047227,제 29 기,2025,KRW,,-18380559866,제 30 기,,,11,11011,fnlttSinglAcntAll,,-17799656018,제 31 기
jyp_entertainment,JYP Entertainment,00258689,035900,KRW,FY2025,2025,11011,Annual report,20260318001519,SCE,자본변동표,ifrs-full_IncreaseDecreaseThroughTransactionsWithOwners,소유주와의 거래,자본 [구성요소]|지배기업의 소유주에게 귀속되는 지분 [구성요소]|기타포괄손익누계액 [구성요소],0,제 29 기,2025,KRW,,0,제 30 기,,,11,11011,fnlttSinglAcntAll,,-106602512,제 31 기
jyp_entertainment,JYP Entertainment,00258689,035900,KRW,FY2025,2025,11011,Annual report,20260318001519,SCE,자본변동표,ifrs-full_IncreaseDecreaseThroughTransactionsWithOwners,소유주와의 거래,자본 [구성요소]|지배기업의 소유주에게 귀속되는 지분 [구성요소]|이익잉여금 [구성요소],-12213183771,제 29 기,2025,KRW,,-19009765866,제 30 기,,,11,11011,fnlttSinglAcntAll,,-17693053506,제 31 기
jyp_entertainment,JYP Entertainment,00258689,035900,KRW,FY2025,2025,11011,Annual report,20260318001519,SCE,자본변동표,ifrs-full_IncreaseDecreaseThroughTransactionsWithOwners,소유주와의 거래,자본 [구성요소]|지배기업의 소유주에게 귀속되는 지분 [구성요소]|자본금 [구성요소],10000000,제 29 기,2025,KRW,,7500000,제 30 기,,,11,11011,fnlttSinglAcntAll,,0,제 31 기
jyp_entertainment,JYP Entertainment,00258689,035900,KRW,FY2025,2025,11011,Annual report,20260318001519,SCE,자본변동표,ifrs-full_IncreaseDecreaseThroughTransactionsWithOwners,소유주와의 거래,자본 [구성요소]|지배기업의 소유주에게 귀속되는 지분 [구성요소]|자본잉여금 [구성요소],1208477000,제 29 기,2025,KRW,,936856000,제 30 기,,,11,11011,fnlttSinglAcntAll,,0,제 31 기
jyp_entertainment,JYP Entertainment,00258689,035900,KRW,FY2025,2025,11011,Annual report,20260318001519,SCE,자본변동표,ifrs-full_IncreaseDecreaseThroughTransactionsWithOwners,소유주와의 거래,자본 [구성요소]|지배기업의 소유주에게 귀속되는 지분 [구성요소]|자본조정 [구성요소],-918340456,제 29 기,2025,KRW,,-315150000,제 30 기,,,11,11011,fnlttSinglAcntAll,,0,제 31 기
jyp_entertainment,JYP Entertainment,00258689,035900,KRW,FY2025,2025,11011,Annual report,20260318001519,SCE,자본변동표,dart_ChangesInConsolidatedCompanies,연결범위의 변동,연결재무제표 [member],603808639,제 29 기,2025,KRW,,0,제 30 기,,,12,11011,fnlttSinglAcntAll,,-106602512,제 31 기
jyp_entertainment,JYP Entertainment,00258689,035900,KRW,FY2025,2025,11011,Annual report,20260318001519,SCE,자본변동표,dart_ChangesInConsolidatedCompanies,연결범위의 변동,자본 [구성요소]|비지배지분 [구성요소],603808639,제 29 기,2025,KRW,,0,제 30 기,,,12,11011,fnlttSinglAcntAll,,0,제 31 기
jyp_entertainment,JYP Entertainment,00258689,035900,KRW,FY2025,2025,11011,Annual report,20260318001519,SCE,자본변동표,dart_ChangesInConsolidatedCompanies,연결범위의 변동,자본 [구성요소]|지배기업의 소유주에게 귀속되는 지분 [구성요소],0,제 29 기,2025,KRW,,0,제 30 기,,,12,11011,fnlttSinglAcntAll,,-106602512,제 31 기
jyp_entertainment,JYP Entertainment,00258689,035900,KRW,FY2025,2025,11011,Annual report,20260318001519,SCE,자본변동표,dart_ChangesInConsolidatedCompanies,연결범위의 변동,자본 [구성요소]|지배기업의 소유주에게 귀속되는 지분 [구성요소]|기타포괄손익누계액 [구성요소],0,제 29 기,2025,KRW,,0,제 30 기,,,12,11011,fnlttSinglAcntAll,,-106602512,제 31 기
jyp_entertainment,JYP Entertainment,00258689,035900,KRW,FY2025,2025,11011,Annual report,20260318001519,SCE,자본변동표,dart_ChangesInConsolidatedCompanies,연결범위의 변동,자본 [구성요소]|지배기업의 소유주에게 귀속되는 지분 [구성요소]|이익잉여금 [구성요소],0,제 29 기,2025,KRW,,0,제 30 기,,,12,11011,fnlttSinglAcntAll,,0,제 31 기
jyp_entertainment,JYP Entertainment,00258689,035900,KRW,FY2025,2025,11011,Annual report,20260318001519,SCE,자본변동표,dart_ChangesInConsolidatedCompanies,연결범위의 변동,자본 [구성요소]|지배기업의 소유주에게 귀속되는 지분 [구성요소]|자본금 [구성요소],0,제 29 기,2025,KRW,,0,제 30 기,,,12,11011,fnlttSinglAcntAll,,0,제 31 기
jyp_entertainment,JYP Entertainment,00258689,035900,KRW,FY2025,2025,11011,Annual report,20260318001519,SCE,자본변동표,dart_ChangesInConsolidatedCompanies,연결범위의 변동,자본 [구성요소]|지배기업의 소유주에게 귀속되는 지분 [구성요소]|자본잉여금 [구성요소],0,제 29 기,2025,KRW,,0,제 30 기,,,12,11011,fnlttSinglAcntAll,,0,제 31 기
jyp_entertainment,JYP Entertainment,00258689,035900,KRW,FY2025,2025,11011,Annual report,20260318001519,SCE,자본변동표,dart_ChangesInConsolidatedCompanies,연결범위의 변동,자본 [구성요소]|지배기업의 소유주에게 귀속되는 지분 [구성요소]|자본조정 [구성요소],0,제 29 기,2025,KRW,,0,제 30 기,,,12,11011,fnlttSinglAcntAll,,0,제 31 기
jyp_entertainment,JYP Entertainment,00258689,035900,KRW,FY2025,2025,11011,Annual report,20260318001519,SCE,자본변동표,dart_PurchaseDispostionOfAssociatesOrJointVenture,관계기업 자본조정 변동에 대한 지분,연결재무제표 [member],-602993333,제 29 기,2025,KRW,,0,제 30 기,,,13,11011,fnlttSinglAcntAll,,0,제 31 기
jyp_entertainment,JYP Entertainment,00258689,035900,KRW,FY2025,2025,11011,Annual report,20260318001519,SCE,자본변동표,dart_PurchaseDispostionOfAssociatesOrJointVenture,관계기업 자본조정 변동에 대한 지분,자본 [구성요소]|비지배지분 [구성요소],0,제 29 기,2025,KRW,,0,제 30 기,,,13,11011,fnlttSinglAcntAll,,0,제 31 기
jyp_entertainment,JYP Entertainment,00258689,035900,KRW,FY2025,2025,11011,Annual report,20260318001519,SCE,자본변동표,dart_PurchaseDispostionOfAssociatesOrJointVenture,관계기업 자본조정 변동에 대한 지분,자본 [구성요소]|지배기업의 소유주에게 귀속되는 지분 [구성요소],-602993333,제 29 기,2025,KRW,,0,제 30 기,,,13,11011,fnlttSinglAcntAll,,0,제 31 기
jyp_entertainment,JYP Entertainment,00258689,035900,KRW,FY2025,2025,11011,Annual report,20260318001519,SCE,자본변동표,dart_PurchaseDispostionOfAssociatesOrJointVenture,관계기업 자본조정 변동에 대한 지분,자본 [구성요소]|지배기업의 소유주에게 귀속되는 지분 [구성요소]|기타포괄손익누계액 [구성요소],0,제 29 기,2025,KRW,,0,제 30 기,,,13,11011,fnlttSinglAcntAll,,0,제 31 기
jyp_entertainment,JYP Entertainment,00258689,035900,KRW,FY2025,2025,11011,Annual report,20260318001519,SCE,자본변동표,dart_PurchaseDispostionOfAssociatesOrJointVenture,관계기업 자본조정 변동에 대한 지분,자본 [구성요소]|지배기업의 소유주에게 귀속되는 지분 [구성요소]|이익잉여금 [구성요소],0,제 29 기,2025,KRW,,0,제 30 기,,,13,11011,fnlttSinglAcntAll,,0,제 31 기
jyp_entertainment,JYP Entertainment,00258689,035900,KRW,FY2025,2025,11011,Annual report,20260318001519,SCE,자본변동표,dart_PurchaseDispostionOfAssociatesOrJointVenture,관계기업 자본조정 변동에 대한 지분,자본 [구성요소]|지배기업의 소유주에게 귀속되는 지분 [구성요소]|자본금 [구성요소],0,제 29 기,2025,KRW,,0,제 30 기,,,13,11011,fnlttSinglAcntAll,,0,제 31 기
jyp_entertainment,JYP Entertainment,00258689,035900,KRW,FY2025,2025,11011,Annual report,20260318001519,SCE,자본변동표,dart_PurchaseDispostionOfAssociatesOrJointVenture,관계기업 자본조정 변동에 대한 지분,자본 [구성요소]|지배기업의 소유주에게 귀속되는 지분 [구성요소]|자본잉여금 [구성요소],0,제 29 기,2025,KRW,,0,제 30 기,,,13,11011,fnlttSinglAcntAll,,0,제 31 기
jyp_entertainment,JYP Entertainment,00258689,035900,KRW,FY2025,2025,11011,Annual report,20260318001519,SCE,자본변동표,dart_PurchaseDispostionOfAssociatesOrJointVenture,관계기업 자본조정 변동에 대한 지분,자본 [구성요소]|지배기업의 소유주에게 귀속되는 지분 [구성요소]|자본조정 [구성요소],-602993333,제 29 기,2025,KRW,,0,제 30 기,,,13,11011,fnlttSinglAcntAll,,0,제 31 기
jyp_entertainment,JYP Entertainment,00258689,035900,KRW,FY2025,2025,11011,Annual report,20260318001519,SCE,자본변동표,-표준계정코드 미사용-,주식선택권의 소멸,연결재무제표 [member],0,제 29 기,2025,KRW,,0,제 30 기,,,14,11011,fnlttSinglAcntAll,,0,제 31 기
jyp_entertainment,JYP Entertainment,00258689,035900,KRW,FY2025,2025,11011,Annual report,20260318001519,SCE,자본변동표,-표준계정코드 미사용-,주식선택권의 소멸,자본 [구성요소]|비지배지분 [구성요소],0,제 29 기,2025,KRW,,0,제 30 기,,,14,11011,fnlttSinglAcntAll,,0,제 31 기
jyp_entertainment,JYP Entertainment,00258689,035900,KRW,FY2025,2025,11011,Annual report,20260318001519,SCE,자본변동표,-표준계정코드 미사용-,주식선택권의 소멸,자본 [구성요소]|지배기업의 소유주에게 귀속되는 지분 [구성요소],0,제 29 기,2025,KRW,,0,제 30 기,,,14,11011,fnlttSinglAcntAll,,0,제 31 기
jyp_entertainment,JYP Entertainment,00258689,035900,KRW,FY2025,2025,11011,Annual report,20260318001519,SCE,자본변동표,-표준계정코드 미사용-,주식선택권의 소멸,자본 [구성요소]|지배기업의 소유주에게 귀속되는 지분 [구성요소]|기타포괄손익누계액 [구성요소],0,제 29 기,2025,KRW,,0,제 30 기,,,14,11011,fnlttSinglAcntAll,,0,제 31 기
jyp_entertainment,JYP Entertainment,00258689,035900,KRW,FY2025,2025,11011,Annual report,20260318001519,SCE,자본변동표,-표준계정코드 미사용-,주식선택권의 소멸,자본 [구성요소]|지배기업의 소유주에게 귀속되는 지분 [구성요소]|이익잉여금 [구성요소],0,제 29 기,2025,KRW,,0,제 30 기,,,14,11011,fnlttSinglAcntAll,,0,제 31 기
jyp_entertainment,JYP Entertainment,00258689,035900,KRW,FY2025,2025,11011,Annual report,20260318001519,SCE,자본변동표,-표준계정코드 미사용-,주식선택권의 소멸,자본 [구성요소]|지배기업의 소유주에게 귀속되는 지분 [구성요소]|자본금 [구성요소],0,제 29 기,2025,KRW,,0,제 30 기,,,14,11011,fnlttSinglAcntAll,,0,제 31 기
jyp_entertainment,JYP Entertainment,00258689,035900,KRW,FY2025,2025,11011,Annual report,20260318001519,SCE,자본변동표,-표준계정코드 미사용-,주식선택권의 소멸,자본 [구성요소]|지배기업의 소유주에게 귀속되는 지분 [구성요소]|자본잉여금 [구성요소],164640002,제 29 기,2025,KRW,,0,제 30 기,,,14,11011,fnlttSinglAcntAll,,0,제 31 기
jyp_entertainment,JYP Entertainment,00258689,035900,KRW,FY2025,2025,11011,Annual report,20260318001519,SCE,자본변동표,-표준계정코드 미사용-,주식선택권의 소멸,자본 [구성요소]|지배기업의 소유주에게 귀속되는 지분 [구성요소]|자본조정 [구성요소],-164640002,제 29 기,2025,KRW,,0,제 30 기,,,14,11011,fnlttSinglAcntAll,,0,제 31 기
jyp_entertainment,JYP Entertainment,00258689,035900,KRW,FY2025,2025,11011,Annual report,20260318001519,SCE,자본변동표,ifrs-full_DividendsPaid,배당금의 지급,연결재무제표 [member],12213183771,제 29 기,2025,KRW,,19009765866,제 30 기,,,15,11011,fnlttSinglAcntAll,,17693053506,제 31 기
jyp_entertainment,JYP Entertainment,00258689,035900,KRW,FY2025,2025,11011,Annual report,20260318001519,SCE,자본변동표,ifrs-full_DividendsPaid,배당금의 지급,자본 [구성요소]|비지배지분 [구성요소],0,제 29 기,2025,KRW,,0,제 30 기,,,15,11011,fnlttSinglAcntAll,,0,제 31 기
jyp_entertainment,JYP Entertainment,00258689,035900,KRW,FY2025,2025,11011,Annual report,20260318001519,SCE,자본변동표,ifrs-full_DividendsPaid,배당금의 지급,자본 [구성요소]|지배기업의 소유주에게 귀속되는 지분 [구성요소],12213183771,제 29 기,2025,KRW,,19009765866,제 30 기,,,15,11011,fnlttSinglAcntAll,,17693053506,제 31 기
jyp_entertainment,JYP Entertainment,00258689,035900,KRW,FY2025,2025,11011,Annual report,20260318001519,SCE,자본변동표,ifrs-full_DividendsPaid,배당금의 지급,자본 [구성요소]|지배기업의 소유주에게 귀속되는 지분 [구성요소]|기타포괄손익누계액 [구성요소],0,제 29 기,2025,KRW,,0,제 30 기,,,15,11011,fnlttSinglAcntAll,,0,제 31 기
jyp_entertainment,JYP Entertainment,00258689,035900,KRW,FY2025,2025,11011,Annual report,20260318001519,SCE,자본변동표,ifrs-full_DividendsPaid,배당금의 지급,자본 [구성요소]|지배기업의 소유주에게 귀속되는 지분 [구성요소]|이익잉여금 [구성요소],12213183771,제 29 기,2025,KRW,,19009765866,제 30 기,,,15,11011,fnlttSinglAcntAll,,17693053506,제 31 기
jyp_entertainment,JYP Entertainment,00258689,035900,KRW,FY2025,2025,11011,Annual report,20260318001519,SCE,자본변동표,ifrs-full_DividendsPaid,배당금의 지급,자본 [구성요소]|지배기업의 소유주에게 귀속되는 지분 [구성요소]|자본금 [구성요소],0,제 29 기,2025,KRW,,0,제 30 기,,,15,11011,fnlttSinglAcntAll,,0,제 31 기
jyp_entertainment,JYP Entertainment,00258689,035900,KRW,FY2025,2025,11011,Annual report,20260318001519,SCE,자본변동표,ifrs-full_DividendsPaid,배당금의 지급,자본 [구성요소]|지배기업의 소유주에게 귀속되는 지분 [구성요소]|자본잉여금 [구성요소],0,제 29 기,2025,KRW,,0,제 30 기,,,15,11011,fnlttSinglAcntAll,,0,제 31 기
jyp_entertainment,JYP Entertainment,00258689,035900,KRW,FY2025,2025,11011,Annual report,20260318001519,SCE,자본변동표,ifrs-full_DividendsPaid,배당금의 지급,자본 [구성요소]|지배기업의 소유주에게 귀속되는 지분 [구성요소]|자본조정 [구성요소],0,제 29 기,2025,KRW,,0,제 30 기,,,15,11011,fnlttSinglAcntAll,,0,제 31 기
jyp_entertainment,JYP Entertainment,00258689,035900,KRW,FY2025,2025,11011,Annual report,20260318001519,SCE,자본변동표,ifrs-full_IncreaseDecreaseThroughExerciseOfOptions,주식선택권의행사,연결재무제표 [member],655327000,제 29 기,2025,KRW,,629206000,제 30 기,,,16,11011,fnlttSinglAcntAll,,0,제 31 기
jyp_entertainment,JYP Entertainment,00258689,035900,KRW,FY2025,2025,11011,Annual report,20260318001519,SCE,자본변동표,ifrs-full_IncreaseDecreaseThroughExerciseOfOptions,주식선택권의행사,자본 [구성요소]|비지배지분 [구성요소],0,제 29 기,2025,KRW,,0,제 30 기,,,16,11011,fnlttSinglAcntAll,,0,제 31 기
jyp_entertainment,JYP Entertainment,00258689,035900,KRW,FY2025,2025,11011,Annual report,20260318001519,SCE,자본변동표,ifrs-full_IncreaseDecreaseThroughExerciseOfOptions,주식선택권의행사,자본 [구성요소]|지배기업의 소유주에게 귀속되는 지분 [구성요소],655327000,제 29 기,2025,KRW,,629206000,제 30 기,,,16,11011,fnlttSinglAcntAll,,0,제 31 기
jyp_entertainment,JYP Entertainment,00258689,035900,KRW,FY2025,2025,11011,Annual report,20260318001519,SCE,자본변동표,ifrs-full_IncreaseDecreaseThroughExerciseOfOptions,주식선택권의행사,자본 [구성요소]|지배기업의 소유주에게 귀속되는 지분 [구성요소]|기타포괄손익누계액 [구성요소],0,제 29 기,2025,KRW,,0,제 30 기,,,16,11011,fnlttSinglAcntAll,,0,제 31 기
jyp_entertainment,JYP Entertainment,00258689,035900,KRW,FY2025,2025,11011,Annual report,20260318001519,SCE,자본변동표,ifrs-full_IncreaseDecreaseThroughExerciseOfOptions,주식선택권의행사,자본 [구성요소]|지배기업의 소유주에게 귀속되는 지분 [구성요소]|이익잉여금 [구성요소],0,제 29 기,2025,KRW,,0,제 30 기,,,16,11011,fnlttSinglAcntAll,,0,제 31 기
jyp_entertainment,JYP Entertainment,00258689,035900,KRW,FY2025,2025,11011,Annual report,20260318001519,SCE,자본변동표,ifrs-full_IncreaseDecreaseThroughExerciseOfOptions,주식선택권의행사,자본 [구성요소]|지배기업의 소유주에게 귀속되는 지분 [구성요소]|자본금 [구성요소],10000000,제 29 기,2025,KRW,,7500000,제 30 기,,,16,11011,fnlttSinglAcntAll,,0,제 31 기
jyp_entertainment,JYP Entertainment,00258689,035900,KRW,FY2025,2025,11011,Annual report,20260318001519,SCE,자본변동표,ifrs-full_IncreaseDecreaseThroughExerciseOfOptions,주식선택권의행사,자본 [구성요소]|지배기업의 소유주에게 귀속되는 지분 [구성요소]|자본잉여금 [구성요소],1043836998,제 29 기,2025,KRW,,936856000,제 30 기,,,16,11011,fnlttSinglAcntAll,,0,제 31 기
jyp_entertainment,JYP Entertainment,00258689,035900,KRW,FY2025,2025,11011,Annual report,20260318001519,SCE,자본변동표,ifrs-full_IncreaseDecreaseThroughExerciseOfOptions,주식선택권의행사,자본 [구성요소]|지배기업의 소유주에게 귀속되는 지분 [구성요소]|자본조정 [구성요소],-398509998,제 29 기,2025,KRW,,-315150000,제 30 기,,,16,11011,fnlttSinglAcntAll,,0,제 31 기
jyp_entertainment,JYP Entertainment,00258689,035900,KRW,FY2025,2025,11011,Annual report,20260318001519,SCE,자본변동표,ifrs-full_IncreaseDecreaseThroughSharebasedPaymentTransactions,주식보상비용,연결재무제표 [member],247802877,제 29 기,2025,KRW,,0,제 30 기,,,17,11011,fnlttSinglAcntAll,,0,제 31 기
jyp_entertainment,JYP Entertainment,00258689,035900,KRW,FY2025,2025,11011,Annual report,20260318001519,SCE,자본변동표,ifrs-full_IncreaseDecreaseThroughSharebasedPaymentTransactions,주식보상비용,자본 [구성요소]|비지배지분 [구성요소],0,제 29 기,2025,KRW,,0,제 30 기,,,17,11011,fnlttSinglAcntAll,,0,제 31 기
jyp_entertainment,JYP Entertainment,00258689,035900,KRW,FY2025,2025,11011,Annual report,20260318001519,SCE,자본변동표,ifrs-full_IncreaseDecreaseThroughSharebasedPaymentTransactions,주식보상비용,자본 [구성요소]|지배기업의 소유주에게 귀속되는 지분 [구성요소],247802877,제 29 기,2025,KRW,,0,제 30 기,,,17,11011,fnlttSinglAcntAll,,0,제 31 기
jyp_entertainment,JYP Entertainment,00258689,035900,KRW,FY2025,2025,11011,Annual report,20260318001519,SCE,자본변동표,ifrs-full_IncreaseDecreaseThroughSharebasedPaymentTransactions,주식보상비용,자본 [구성요소]|지배기업의 소유주에게 귀속되는 지분 [구성요소]|자본조정 [구성요소],247802877,제 29 기,2025,KRW,,0,제 30 기,,,17,11011,fnlttSinglAcntAll,,0,제 31 기
jyp_entertainment,JYP Entertainment,00258689,035900,KRW,FY2025,2025,11011,Annual report,20260318001519,SCE,자본변동표,ifrs-full_IncreaseDecreaseThroughSharebasedPaymentTransactions,주식보상비용,자본 [구성요소]|지배기업의 소유주에게 귀속되는 지분 [구성요소]|이익잉여금 [구성요소],0,제 29 기,2025,KRW,,0,제 30 기,,,17,11011,fnlttSinglAcntAll,,0,제 31 기
jyp_entertainment,JYP Entertainment,00258689,035900,KRW,FY2025,2025,11011,Annual report,20260318001519,SCE,자본변동표,ifrs-full_IncreaseDecreaseThroughSharebasedPaymentTransactions,주식보상비용,자본 [구성요소]|지배기업의 소유주에게 귀속되는 지분 [구성요소]|자본금 [구성요소],0,제 29 기,2025,KRW,,0,제 30 기,,,17,11011,fnlttSinglAcntAll,,0,제 31 기
jyp_entertainment,JYP Entertainment,00258689,035900,KRW,FY2025,2025,11011,Annual report,20260318001519,SCE,자본변동표,ifrs-full_IncreaseDecreaseThroughSharebasedPaymentTransactions,주식보상비용,자본 [구성요소]|지배기업의 소유주에게 귀속되는 지분 [구성요소]|자본잉여금 [구성요소],0,제 29 기,2025,KRW,,0,제 30 기,,,17,11011,fnlttSinglAcntAll,,0,제 31 기
jyp_entertainment,JYP Entertainment,00258689,035900,KRW,FY2025,2025,11011,Annual report,20260318001519,SCE,자본변동표,ifrs-full_IncreaseDecreaseThroughSharebasedPaymentTransactions,주식보상비용,자본 [구성요소]|지배기업의 소유주에게 귀속되는 지분 [구성요소]|기타포괄손익누계액 [구성요소],0,제 29 기,2025,KRW,,0,제 30 기,,,17,11011,fnlttSinglAcntAll,,0,제 31 기
jyp_entertainment,JYP Entertainment,00258689,035900,KRW,Q1_2026,2026,11013,First-quarter report,20260515002272,BS,재무상태표,ifrs-full_Assets,자산총계,-,,,2026,KRW,,851090190178,제 31 기말,,,7,11013,fnlttSinglAcntAll,,873202530582,제 32 기 1분기말
jyp_entertainment,JYP Entertainment,00258689,035900,KRW,Q1_2026,2026,11013,First-quarter report,20260515002272,BS,재무상태표,ifrs-full_CurrentAssets,유동자산,-,,,2026,KRW,,496447845291,제 31 기말,,,8,11013,fnlttSinglAcntAll,,564341362766,제 32 기 1분기말
jyp_entertainment,JYP Entertainment,00258689,035900,KRW,Q1_2026,2026,11013,First-quarter report,20260515002272,BS,재무상태표,ifrs-full_CashAndCashEquivalents,현금및현금성자산,-,,,2026,KRW,,294471835825,제 31 기말,,,9,11013,fnlttSinglAcntAll,,302585347160,제 32 기 1분기말
jyp_entertainment,JYP Entertainment,00258689,035900,KRW,Q1_2026,2026,11013,First-quarter report,20260515002272,BS,재무상태표,ifrs-full_CurrentFinancialAssetsAtFairValueThroughProfitOrLoss,당기손익-공정가치측정금융자산,-,,,2026,KRW,,18136500,제 31 기말,,,10,11013,fnlttSinglAcntAll,,15230100,제 32 기 1분기말
jyp_entertainment,JYP Entertainment,00258689,035900,KRW,Q1_2026,2026,11013,First-quarter report,20260515002272,BS,재무상태표,ifrs-full_CurrentTaxAssets,당기법인세자산,-,,,2026,KRW,,655860,제 31 기말,,,11,11013,fnlttSinglAcntAll,,93070917,제 32 기 1분기말
jyp_entertainment,JYP Entertainment,00258689,035900,KRW,Q1_2026,2026,11013,First-quarter report,20260515002272,BS,재무상태표,ifrs-full_Inventories,재고자산,-,,,2026,KRW,,20168943120,제 31 기말,,,12,11013,fnlttSinglAcntAll,,18437987842,제 32 기 1분기말
jyp_entertainment,JYP Entertainment,00258689,035900,KRW,Q1_2026,2026,11013,First-quarter report,20260515002272,BS,재무상태표,ifrs-full_OtherCurrentAssets,기타유동자산,-,,,2026,KRW,,15355071483,제 31 기말,,,13,11013,fnlttSinglAcntAll,,17089616310,제 32 기 1분기말
jyp_entertainment,JYP Entertainment,00258689,035900,KRW,Q1_2026,2026,11013,First-quarter report,20260515002272,BS,재무상태표,ifrs-full_OtherCurrentFinancialAssets,기타유동금융자산,-,,,2026,KRW,,42915966415,제 31 기말,,,14,11013,fnlttSinglAcntAll,,92986377676,제 32 기 1분기말
jyp_entertainment,JYP Entertainment,00258689,035900,KRW,Q1_2026,2026,11013,First-quarter report,20260515002272,BS,재무상태표,ifrs-full_TradeAndOtherCurrentReceivables,매출채권및기타채권,-,,,2026,KRW,,123517236088,제 31 기말,,,15,11013,fnlttSinglAcntAll,,133133732761,제 32 기 1분기말
jyp_entertainment,JYP Entertainment,00258689,035900,KRW,Q1_2026,2026,11013,First-quarter report,20260515002272,BS,재무상태표,ifrs-full_NoncurrentAssets,비유동자산,-,,,2026,KRW,,354642344887,제 31 기말,,,16,11013,fnlttSinglAcntAll,,308861167816,제 32 기 1분기말
jyp_entertainment,JYP Entertainment,00258689,035900,KRW,Q1_2026,2026,11013,First-quarter report,20260515002272,BS,재무상태표,ifrs-full_DeferredTaxAssets,이연법인세자산,-,,,2026,KRW,,15227897307,제 31 기말,,,17,11013,fnlttSinglAcntAll,,15307631801,제 32 기 1분기말
jyp_entertainment,JYP Entertainment,00258689,035900,KRW,Q1_2026,2026,11013,First-quarter report,20260515002272,BS,재무상태표,ifrs-full_IntangibleAssetsAndGoodwill,무형자산,-,60223871000,제 30 기,2026,KRW,,66897868484,제 31 기말,,,18,11013,fnlttSinglAcntAll,,65130879299,제 32 기 1분기말
jyp_entertainment,JYP Entertainment,00258689,035900,KRW,Q1_2026,2026,11013,First-quarter report,20260515002272,BS,재무상태표,ifrs-full_InvestmentAccountedForUsingEquityMethod,관계기업및공동기업투자,-,,,2026,KRW,,33503305460,제 31 기말,,,19,11013,fnlttSinglAcntAll,,33684158775,제 32 기 1분기말
jyp_entertainment,JYP Entertainment,00258689,035900,KRW,Q1_2026,2026,11013,First-quarter report,20260515002272,BS,재무상태표,ifrs-full_NoncurrentFinancialAssetsAtFairValueThroughOtherComprehensiveIncome,기타포괄손익-공정가치측정금융자산,-,,,2026,KRW,,818931871,제 31 기말,,,20,11013,fnlttSinglAcntAll,,719774320,제 32 기 1분기말
jyp_entertainment,JYP Entertainment,00258689,035900,KRW,Q1_2026,2026,11013,First-quarter report,20260515002272,BS,재무상태표,ifrs-full_NoncurrentFinancialAssetsAtFairValueThroughProfitOrLoss,당기손익-공정가치측정금융자산,-,,,2026,KRW,,24853812533,제 31 기말,,,21,11013,fnlttSinglAcntAll,,25174465733,제 32 기 1분기말
jyp_entertainment,JYP Entertainment,00258689,035900,KRW,Q1_2026,2026,11013,First-quarter report,20260515002272,BS,재무상태표,ifrs-full_OtherNoncurrentAssets,기타비유동자산,-,,,2026,KRW,,8882970,제 31 기말,,,22,11013,fnlttSinglAcntAll,,6734708,제 32 기 1분기말
jyp_entertainment,JYP Entertainment,00258689,035900,KRW,Q1_2026,2026,11013,First-quarter report,20260515002272,BS,재무상태표,ifrs-full_OtherNoncurrentFinancialAssets,기타비유동금융자산,-,,,2026,KRW,,71532982207,제 31 기말,,,23,11013,fnlttSinglAcntAll,,26524895990,제 32 기 1분기말
jyp_entertainment,JYP Entertainment,00258689,035900,KRW,Q1_2026,2026,11013,First-quarter report,20260515002272,BS,재무상태표,ifrs-full_PropertyPlantAndEquipment,유형자산,-,140231006000,제 30 기,2026,KRW,,141798664055,제 31 기말,,,24,11013,fnlttSinglAcntAll,,142312627190,제 32 기 1분기말
jyp_entertainment,JYP Entertainment,00258689,035900,KRW,Q1_2026,2026,11013,First-quarter report,20260515002272,BS,재무상태표,ifrs-full_Equity,자본총계,-,,,2026,KRW,,624947719298,제 31 기말,,,26,11013,fnlttSinglAcntAll,,630310743122,제 32 기 1분기말
jyp_entertainment,JYP Entertainment,00258689,035900,KRW,Q1_2026,2026,11013,First-quarter report,20260515002272,BS,재무상태표,ifrs-full_EquityAttributableToOwnersOfParent,지배기업 소유주지분,-,,,2026,KRW,,620597911262,제 31 기말,,,27,11013,fnlttSinglAcntAll,,625777861602,제 32 기 1분기말
jyp_entertainment,JYP Entertainment,00258689,035900,KRW,Q1_2026,2026,11013,First-quarter report,20260515002272,BS,재무상태표,dart_CapitalAdjustments,자본조정,-,,,2026,KRW,,-10824740094,제 31 기말,,,28,11013,fnlttSinglAcntAll,,-10824740094,제 32 기 1분기말
jyp_entertainment,JYP Entertainment,00258689,035900,KRW,Q1_2026,2026,11013,First-quarter report,20260515002272,BS,재무상태표,dart_CapitalSurplus,자본잉여금,-,,,2026,KRW,,79101015199,제 31 기말,,,29,11013,fnlttSinglAcntAll,,79101015199,제 32 기 1분기말
jyp_entertainment,JYP Entertainment,00258689,035900,KRW,Q1_2026,2026,11013,First-quarter report,20260515002272,BS,재무상태표,dart_OtherComprehensiveIncomeLossAccumulatedAmount,기타포괄손익누계액,-,,,2026,KRW,,1736440127,제 31 기말,,,30,11013,fnlttSinglAcntAll,,3938222095,제 32 기 1분기말
jyp_entertainment,JYP Entertainment,00258689,035900,KRW,Q1_2026,2026,11013,First-quarter report,20260515002272,BS,재무상태표,ifrs-full_IssuedCapital,자본금,-,,,2026,KRW,,17960951500,제 31 기말,,,31,11013,fnlttSinglAcntAll,,17960951500,제 32 기 1분기말
jyp_entertainment,JYP Entertainment,00258689,035900,KRW,Q1_2026,2026,11013,First-quarter report,20260515002272,BS,재무상태표,ifrs-full_RetainedEarnings,이익잉여금,-,,,2026,KRW,,532624244530,제 31 기말,,,32,11013,fnlttSinglAcntAll,,535602412902,제 32 기 1분기말
jyp_entertainment,JYP Entertainment,00258689,035900,KRW,Q1_2026,2026,11013,First-quarter report,20260515002272,BS,재무상태표,ifrs-full_NoncontrollingInterests,비지배지분,-,,,2026,KRW,,4349808036,제 31 기말,,,33,11013,fnlttSinglAcntAll,,4532881520,제 32 기 1분기말
jyp_entertainment,JYP Entertainment,00258689,035900,KRW,Q1_2026,2026,11013,First-quarter report,20260515002272,BS,재무상태표,ifrs-full_EquityAndLiabilities,부채와자본총계,-,,,2026,KRW,,851090190178,제 31 기말,,,34,11013,fnlttSinglAcntAll,,873202530582,제 32 기 1분기말
jyp_entertainment,JYP Entertainment,00258689,035900,KRW,Q1_2026,2026,11013,First-quarter report,20260515002272,BS,재무상태표,ifrs-full_CurrentLiabilities,유동부채,-,,,2026,KRW,,206243158446,제 31 기말,,,36,11013,fnlttSinglAcntAll,,222091394863,제 32 기 1분기말
jyp_entertainment,JYP Entertainment,00258689,035900,KRW,Q1_2026,2026,11013,First-quarter report,20260515002272,BS,재무상태표,ifrs-full_CurrentAdvances,선수금,-,,,2026,KRW,,53683552719,제 31 기말,,,37,11013,fnlttSinglAcntAll,,53148934781,제 32 기 1분기말
jyp_entertainment,JYP Entertainment,00258689,035900,KRW,Q1_2026,2026,11013,First-quarter report,20260515002272,BS,재무상태표,ifrs-full_CurrentTaxLiabilities,당기법인세부채,-,,,2026,KRW,,30777254528,제 31 기말,,,38,11013,fnlttSinglAcntAll,,23211385566,제 32 기 1분기말
jyp_entertainment,JYP Entertainment,00258689,035900,KRW,Q1_2026,2026,11013,First-quarter report,20260515002272,BS,재무상태표,ifrs-full_OtherCurrentFinancialLiabilities,기타유동금융부채,-,,,2026,KRW,,5693077259,제 31 기말,,,39,11013,fnlttSinglAcntAll,,5854422617,제 32 기 1분기말
jyp_entertainment,JYP Entertainment,00258689,035900,KRW,Q1_2026,2026,11013,First-quarter report,20260515002272,BS,재무상태표,ifrs-full_OtherCurrentLiabilities,기타유동부채,-,,,2026,KRW,,43580571725,제 31 기말,,,40,11013,fnlttSinglAcntAll,,28689947920,제 32 기 1분기말
jyp_entertainment,JYP Entertainment,00258689,035900,KRW,Q1_2026,2026,11013,First-quarter report,20260515002272,BS,재무상태표,ifrs-full_OtherShorttermProvisions,유동충당부채,-,,,2026,KRW,,236570763,제 31 기말,,,41,11013,fnlttSinglAcntAll,,151032317,제 32 기 1분기말
jyp_entertainment,JYP Entertainment,00258689,035900,KRW,Q1_2026,2026,11013,First-quarter report,20260515002272,BS,재무상태표,ifrs-full_TradeAndOtherCurrentPayables,매입채무및기타채무,-,,,2026,KRW,,72272131452,제 31 기말,,,42,11013,fnlttSinglAcntAll,,111035671662,제 32 기 1분기말
jyp_entertainment,JYP Entertainment,00258689,035900,KRW,Q1_2026,2026,11013,First-quarter report,20260515002272,BS,재무상태표,ifrs-full_Liabilities,부채총계,-,,,2026,KRW,,226142470880,제 31 기말,,,43,11013,fnlttSinglAcntAll,,242891787460,제 32 기 1분기말
jyp_entertainment,JYP Entertainment,00258689,035900,KRW,Q1_2026,2026,11013,First-quarter report,20260515002272,BS,재무상태표,ifrs-full_NoncurrentLiabilities,비유동부채,-,,,2026,KRW,,19899312434,제 31 기말,,,44,11013,fnlttSinglAcntAll,,20800392597,제 32 기 1분기말
jyp_entertainment,JYP Entertainment,00258689,035900,KRW,Q1_2026,2026,11013,First-quarter report,20260515002272,BS,재무상태표,ifrs-full_DeferredTaxLiabilities,이연법인세부채,-,,,2026,KRW,,6347626694,제 31 기말,,,45,11013,fnlttSinglAcntAll,,6340386744,제 32 기 1분기말
jyp_entertainment,JYP Entertainment,00258689,035900,KRW,Q1_2026,2026,11013,First-quarter report,20260515002272,BS,재무상태표,ifrs-full_NoncurrentRecognisedLiabilitiesDefinedBenefitPlan,순확정급여부채,-,,,2026,KRW,,390002211,제 31 기말,,,46,11013,fnlttSinglAcntAll,,475869356,제 32 기 1분기말
jyp_entertainment,JYP Entertainment,00258689,035900,KRW,Q1_2026,2026,11013,First-quarter report,20260515002272,BS,재무상태표,ifrs-full_OtherLongtermProvisions,비유동충당부채,-,,,2026,KRW,,1884011289,제 31 기말,,,47,11013,fnlttSinglAcntAll,,2334934681,제 32 기 1분기말
jyp_entertainment,JYP Entertainment,00258689,035900,KRW,Q1_2026,2026,11013,First-quarter report,20260515002272,BS,재무상태표,ifrs-full_OtherNoncurrentFinancialLiabilities,기타비유동금융부채,-,,,2026,KRW,,7018179911,제 31 기말,,,48,11013,fnlttSinglAcntAll,,6538527440,제 32 기 1분기말
jyp_entertainment,JYP Entertainment,00258689,035900,KRW,Q1_2026,2026,11013,First-quarter report,20260515002272,BS,재무상태표,ifrs-full_OtherNoncurrentLiabilities,기타비유동부채,-,,,2026,KRW,,4259492329,제 31 기말,,,49,11013,fnlttSinglAcntAll,,5110674376,제 32 기 1분기말
jyp_entertainment,JYP Entertainment,00258689,035900,KRW,Q1_2026,2026,11013,First-quarter report,20260515002272,CIS,포괄손익계산서,dart_OperatingIncomeLoss,영업이익,-,,,2026,KRW,19627728835,,,19627728835,제 31 기 1분기,6,11013,fnlttSinglAcntAll,33374435834,33374435834,제 32 기 1분기
jyp_entertainment,JYP Entertainment,00258689,035900,KRW,Q1_2026,2026,11013,First-quarter report,20260515002272,CIS,포괄손익계산서,dart_OtherGains,기타수익,-,,,2026,KRW,63384042,,,63384042,제 31 기 1분기,7,11013,fnlttSinglAcntAll,1494611940,1494611940,제 32 기 1분기
jyp_entertainment,JYP Entertainment,00258689,035900,KRW,Q1_2026,2026,11013,First-quarter report,20260515002272,CIS,포괄손익계산서,dart_OtherLosses,기타비용,-,,,2026,KRW,898131259,,,898131259,제 31 기 1분기,8,11013,fnlttSinglAcntAll,117565944,117565944,제 32 기 1분기
jyp_entertainment,JYP Entertainment,00258689,035900,KRW,Q1_2026,2026,11013,First-quarter report,20260515002272,CIS,포괄손익계산서,dart_TotalSellingGeneralAdministrativeExpenses,판매비와관리비,-,,,2026,KRW,32065157247,,,32065157247,제 31 기 1분기,9,11013,fnlttSinglAcntAll,38981873595,38981873595,제 32 기 1분기
jyp_entertainment,JYP Entertainment,00258689,035900,KRW,Q1_2026,2026,11013,First-quarter report,20260515002272,CIS,포괄손익계산서,ifrs-full_ComprehensiveIncome,총포괄손익,-,,,2026,KRW,71122009768,,,71122009768,제 31 기 1분기,10,11013,fnlttSinglAcntAll,34420716567,34420716567,제 32 기 1분기
jyp_entertainment,JYP Entertainment,00258689,035900,KRW,Q1_2026,2026,11013,First-quarter report,20260515002272,CIS,포괄손익계산서,ifrs-full_ComprehensiveIncomeAttributableToNoncontrollingInterests,비지배지분,-,,,2026,KRW,-66043051,,,-66043051,제 31 기 1분기,11,11013,fnlttSinglAcntAll,183073484,183073484,제 32 기 1분기
jyp_entertainment,JYP Entertainment,00258689,035900,KRW,Q1_2026,2026,11013,First-quarter report,20260515002272,CIS,포괄손익계산서,ifrs-full_ComprehensiveIncomeAttributableToOwnersOfParent,지배기업소유주지분,-,,,2026,KRW,71188052819,,,71188052819,제 31 기 1분기,12,11013,fnlttSinglAcntAll,34237643083,34237643083,제 32 기 1분기
jyp_entertainment,JYP Entertainment,00258689,035900,KRW,Q1_2026,2026,11013,First-quarter report,20260515002272,CIS,포괄손익계산서,ifrs-full_CostOfSales,매출원가,-,,,2026,KRW,89066424481,,,89066424481,제 31 기 1분기,13,11013,fnlttSinglAcntAll,113603302569,113603302569,제 32 기 1분기
jyp_entertainment,JYP Entertainment,00258689,035900,KRW,Q1_2026,2026,11013,First-quarter report,20260515002272,CIS,포괄손익계산서,ifrs-full_BasicEarningsLossPerShare,기본주당이익,-,,,2026,KRW,2093,,,2093,제 31 기 1분기,15,11013,fnlttSinglAcntAll,967,967,제 32 기 1분기
jyp_entertainment,JYP Entertainment,00258689,035900,KRW,Q1_2026,2026,11013,First-quarter report,20260515002272,CIS,포괄손익계산서,ifrs-full_DilutedEarningsLossPerShare,희석주당이익,-,,,2026,KRW,2093,,,2093,제 31 기 1분기,16,11013,fnlttSinglAcntAll,967,967,제 32 기 1분기
jyp_entertainment,JYP Entertainment,00258689,035900,KRW,Q1_2026,2026,11013,First-quarter report,20260515002272,CIS,포괄손익계산서,ifrs-full_FinanceCosts,금융비용,-,,,2026,KRW,1896238565,,,1896238565,제 31 기 1분기,17,11013,fnlttSinglAcntAll,1144529275,1144529275,제 32 기 1분기
jyp_entertainment,JYP Entertainment,00258689,035900,KRW,Q1_2026,2026,11013,First-quarter report,20260515002272,CIS,포괄손익계산서,ifrs-full_FinanceIncome,금융수익,-,,,2026,KRW,5778228049,,,5778228049,제 31 기 1분기,18,11013,fnlttSinglAcntAll,7834853710,7834853710,제 32 기 1분기
jyp_entertainment,JYP Entertainment,00258689,035900,KRW,Q1_2026,2026,11013,First-quarter report,20260515002272,CIS,포괄손익계산서,ifrs-full_GrossProfit,매출총이익,-,,,2026,KRW,51692886082,,,51692886082,제 31 기 1분기,19,11013,fnlttSinglAcntAll,72356309429,72356309429,제 32 기 1분기
jyp_entertainment,JYP Entertainment,00258689,035900,KRW,Q1_2026,2026,11013,First-quarter report,20260515002272,CIS,포괄손익계산서,ifrs-full_IncomeTaxExpenseContinuingOperations,법인세비용,-,,,2026,KRW,27709013954,,,27709013954,제 31 기 1분기,20,11013,fnlttSinglAcntAll,10656140137,10656140137,제 32 기 1분기
jyp_entertainment,JYP Entertainment,00258689,035900,KRW,Q1_2026,2026,11013,First-quarter report,20260515002272,CIS,포괄손익계산서,ifrs-full_OtherComprehensiveIncome,기타포괄손익,-,,,2026,KRW,1841761814,,,1841761814,제 31 기 1분기,21,11013,fnlttSinglAcntAll,2516186903,2516186903,제 32 기 1분기
jyp_entertainment,JYP Entertainment,00258689,035900,KRW,Q1_2026,2026,11013,First-quarter report,20260515002272,CIS,포괄손익계산서,ifrs-full_OtherComprehensiveIncomeThatWillBeReclassifiedToProfitOrLossNetOfTax,당기손익으로 재분류되는 항목,-,,,2026,KRW,1550176931,,,1550176931,제 31 기 1분기,22,11013,fnlttSinglAcntAll,2779224792,2779224792,제 32 기 1분기
jyp_entertainment,JYP Entertainment,00258689,035900,KRW,Q1_2026,2026,11013,First-quarter report,20260515002272,CIS,포괄손익계산서,ifrs-full_GainsLossesOnExchangeDifferencesOnTranslationNetOfTax,해외사업환산손익,-,,,2026,KRW,1550176931,,,1550176931,제 31 기 1분기,23,11013,fnlttSinglAcntAll,2779224792,2779224792,제 32 기 1분기
jyp_entertainment,JYP Entertainment,00258689,035900,KRW,Q1_2026,2026,11013,First-quarter report,20260515002272,CIS,포괄손익계산서,ifrs-full_OtherComprehensiveIncomeThatWillNotBeReclassifiedToProfitOrLossNetOfTax,당기손익으로 재분류되지 않는항목(세후기타포괄손익),-,,,2026,KRW,291584883,,,291584883,제 31 기 1분기,24,11013,fnlttSinglAcntAll,-263037889,-263037889,제 32 기 1분기
jyp_entertainment,JYP Entertainment,00258689,035900,KRW,Q1_2026,2026,11013,First-quarter report,20260515002272,CIS,포괄손익계산서,ifrs-full_OtherComprehensiveIncomeNetOfTaxGainsLossesFromInvestmentsInEquityInstruments,기타포괄손익-공정가치측정금융자산평가손익,-,,,2026,KRW,-58905695,,,-58905695,제 31 기 1분기,25,11013,fnlttSinglAcntAll,-75161424,-75161424,제 32 기 1분기
jyp_entertainment,JYP Entertainment,00258689,035900,KRW,Q1_2026,2026,11013,First-quarter report,20260515002272,CIS,포괄손익계산서,ifrs-full_ShareOfOtherComprehensiveIncomeOfAssociatesAndJointVenturesAccountedForUsingEquityMethodThatWillNotBeReclassifiedToProfitOrLossNetOfTax,관계기업 기타포괄손익 변동에 대한 지분,-,,,2026,KRW,350490578,,,350490578,제 31 기 1분기,26,11013,fnlttSinglAcntAll,-187876465,-187876465,제 32 기 1분기
jyp_entertainment,JYP Entertainment,00258689,035900,KRW,Q1_2026,2026,11013,First-quarter report,20260515002272,CIS,포괄손익계산서,ifrs-full_ProfitLoss,당기순이익,-,,,2026,KRW,69280247954,,,69280247954,제 31 기 1분기,27,11013,fnlttSinglAcntAll,31904529664,31904529664,제 32 기 1분기
jyp_entertainment,JYP Entertainment,00258689,035900,KRW,Q1_2026,2026,11013,First-quarter report,20260515002272,CIS,포괄손익계산서,ifrs-full_ProfitLossAttributableToNoncontrollingInterests,비지배지분,-,,,2026,KRW,-71576801,,,-71576801,제 31 기 1분기,28,11013,fnlttSinglAcntAll,-131331451,-131331451,제 32 기 1분기
jyp_entertainment,JYP Entertainment,00258689,035900,KRW,Q1_2026,2026,11013,First-quarter report,20260515002272,CIS,포괄손익계산서,ifrs-full_ProfitLossAttributableToOwnersOfParent,지배기업소유주지분,-,,,2026,KRW,69351824755,,,69351824755,제 31 기 1분기,29,11013,fnlttSinglAcntAll,32035861115,32035861115,제 32 기 1분기
jyp_entertainment,JYP Entertainment,00258689,035900,KRW,Q1_2026,2026,11013,First-quarter report,20260515002272,CIS,포괄손익계산서,ifrs-full_ProfitLossBeforeTax,법인세차감전순이익,-,,,2026,KRW,96989261908,,,96989261908,제 31 기 1분기,30,11013,fnlttSinglAcntAll,42560669801,42560669801,제 32 기 1분기
jyp_entertainment,JYP Entertainment,00258689,035900,KRW,Q1_2026,2026,11013,First-quarter report,20260515002272,CIS,포괄손익계산서,ifrs-full_Revenue,매출액,-,,,2026,KRW,140759310563,,,140759310563,제 31 기 1분기,31,11013,fnlttSinglAcntAll,185959611998,185959611998,제 32 기 1분기
jyp_entertainment,JYP Entertainment,00258689,035900,KRW,Q1_2026,2026,11013,First-quarter report,20260515002272,CIS,포괄손익계산서,ifrs-full_ShareOfProfitLossOfAssociatesAndJointVenturesAccountedForUsingEquityMethod,"종속기업, 공동기업및관계기업투자손익",-,,,2026,KRW,74314290806,,,74314290806,제 31 기 1분기,32,11013,fnlttSinglAcntAll,1118863536,1118863536,제 32 기 1분기
jyp_entertainment,JYP Entertainment,00258689,035900,KRW,Q1_2026,2026,11013,First-quarter report,20260515002272,CF,현금흐름표,dart_CashAndCashEquivalentsAtBeginningOfPeriodCf,기초현금및현금성자산,-,,,2026,KRW,,,,190613227749,제 31 기 1분기,2,11013,fnlttSinglAcntAll,,294471835825,제 32 기 1분기
jyp_entertainment,JYP Entertainment,00258689,035900,KRW,Q1_2026,2026,11013,First-quarter report,20260515002272,CF,현금흐름표,dart_CashAndCashEquivalentsAtEndOfPeriodCf,기말현금및현금성자산,-,,,2026,KRW,,,,204442170392,제 31 기 1분기,3,11013,fnlttSinglAcntAll,,302585347160,제 32 기 1분기
jyp_entertainment,JYP Entertainment,00258689,035900,KRW,Q1_2026,2026,11013,First-quarter report,20260515002272,CF,현금흐름표,ifrs-full_CashFlowsFromUsedInFinancingActivities,재무활동현금흐름,-,,,2026,KRW,,,,-1100482716,제 31 기 1분기,8,11013,fnlttSinglAcntAll,,-1238850422,제 32 기 1분기
jyp_entertainment,JYP Entertainment,00258689,035900,KRW,Q1_2026,2026,11013,First-quarter report,20260515002272,CF,현금흐름표,-표준계정코드 미사용-,재무활동으로 인한 현금유입액,-,,,2026,KRW,,,,0,제 31 기 1분기,9,11013,fnlttSinglAcntAll,,0,제 32 기 1분기
jyp_entertainment,JYP Entertainment,00258689,035900,KRW,Q1_2026,2026,11013,First-quarter report,20260515002272,CF,현금흐름표,-표준계정코드 미사용-,재무활동으로 인한 현금유출액,-,,,2026,KRW,,,,1100482716,제 31 기 1분기,10,11013,fnlttSinglAcntAll,,1238850422,제 32 기 1분기
jyp_entertainment,JYP Entertainment,00258689,035900,KRW,Q1_2026,2026,11013,First-quarter report,20260515002272,CF,현금흐름표,-표준계정코드 미사용-,기타유동금융부채의 감소,-,,,2026,KRW,,,,10000000,제 31 기 1분기,11,11013,fnlttSinglAcntAll,,0,제 32 기 1분기
jyp_entertainment,JYP Entertainment,00258689,035900,KRW,Q1_2026,2026,11013,First-quarter report,20260515002272,CF,현금흐름표,ifrs-full_PaymentsOfLeaseLiabilitiesClassifiedAsFinancingActivities,리스부채의감소,-,,,2026,KRW,,,,1090482716,제 31 기 1분기,12,11013,fnlttSinglAcntAll,,1238850422,제 32 기 1분기
jyp_entertainment,JYP Entertainment,00258689,035900,KRW,Q1_2026,2026,11013,First-quarter report,20260515002272,CF,현금흐름표,ifrs-full_CashFlowsFromUsedInInvestingActivities,투자활동현금흐름,-,,,2026,KRW,,,,23031208838,제 31 기 1분기,13,11013,fnlttSinglAcntAll,,-6089116514,제 32 기 1분기
jyp_entertainment,JYP Entertainment,00258689,035900,KRW,Q1_2026,2026,11013,First-quarter report,20260515002272,CF,현금흐름표,ifrs-full_InflowsOfCashFromInvestingActivities,투자활동으로 인한 현금유입액,-,,,2026,KRW,,,,115861287865,제 31 기 1분기,14,11013,fnlttSinglAcntAll,,31016576414,제 32 기 1분기
jyp_entertainment,JYP Entertainment,00258689,035900,KRW,Q1_2026,2026,11013,First-quarter report,20260515002272,CF,현금흐름표,dart_ProceedsFromSalesOfFairValueFinancialAsset,당기손익-공정가치측정금융자산의처분,-,,,2026,KRW,,,,20391048,제 31 기 1분기,15,11013,fnlttSinglAcntAll,,20176456041,제 32 기 1분기
jyp_entertainment,JYP Entertainment,00258689,035900,KRW,Q1_2026,2026,11013,First-quarter report,20260515002272,CF,현금흐름표,dart_ProceedsFromSalesOfOtherCurrentFinancialAssets,기타유동금융자산의감소,-,,,2026,KRW,,,,20253887097,제 31 기 1분기,16,11013,fnlttSinglAcntAll,,10832962686,제 32 기 1분기
jyp_entertainment,JYP Entertainment,00258689,035900,KRW,Q1_2026,2026,11013,First-quarter report,20260515002272,CF,현금흐름표,dart_ProceedsFromSalesOfOtherNonCurrentFinancialAssets,기타비유동금융자산의감소,-,,,2026,KRW,,,,19219720,제 31 기 1분기,17,11013,fnlttSinglAcntAll,,0,제 32 기 1분기
jyp_entertainment,JYP Entertainment,00258689,035900,KRW,Q1_2026,2026,11013,First-quarter report,20260515002272,CF,현금흐름표,-표준계정코드 미사용-,리스채권의 감소,-,,,2026,KRW,,,,0,제 31 기 1분기,18,11013,fnlttSinglAcntAll,,2040349,제 32 기 1분기
jyp_entertainment,JYP Entertainment,00258689,035900,KRW,Q1_2026,2026,11013,First-quarter report,20260515002272,CF,현금흐름표,ifrs-full_ProceedsFromSalesOfInvestmentsAccountedForUsingEquityMethod,관계기업및공동기업투자의처분,-,,,2026,KRW,,,,95567550000,제 31 기 1분기,19,11013,fnlttSinglAcntAll,,0,제 32 기 1분기
jyp_entertainment,JYP Entertainment,00258689,035900,KRW,Q1_2026,2026,11013,First-quarter report,20260515002272,CF,현금흐름표,ifrs-full_ProceedsFromSalesOfPropertyPlantAndEquipmentClassifiedAsInvestingActivities,유형자산의처분,-,,,2026,KRW,,,,240000,제 31 기 1분기,20,11013,fnlttSinglAcntAll,,5117338,제 32 기 1분기
jyp_entertainment,JYP Entertainment,00258689,035900,KRW,Q1_2026,2026,11013,First-quarter report,20260515002272,CF,현금흐름표,ifrs-full_OutflowsOfCashFromInvestingActivities,투자활동으로 인한 현금유출액,-,,,2026,KRW,,,,92830079027,제 31 기 1분기,21,11013,fnlttSinglAcntAll,,37105692928,제 32 기 1분기
jyp_entertainment,JYP Entertainment,00258689,035900,KRW,Q1_2026,2026,11013,First-quarter report,20260515002272,CF,현금흐름표,dart_PurchaseOfFairValueFinancialAsset,당기손익-공정가치측정금융자산의취득,-,,,2026,KRW,,,,56783700,제 31 기 1분기,22,11013,fnlttSinglAcntAll,,20030978600,제 32 기 1분기
jyp_entertainment,JYP Entertainment,00258689,035900,KRW,Q1_2026,2026,11013,First-quarter report,20260515002272,CF,현금흐름표,dart_PurchaseOfOtherCurrentFinancialAssets,기타유동금융자산의증가,-,,,2026,KRW,,,,41617036380,제 31 기 1분기,23,11013,fnlttSinglAcntAll,,10093354929,제 32 기 1분기
jyp_entertainment,JYP Entertainment,00258689,035900,KRW,Q1_2026,2026,11013,First-quarter report,20260515002272,CF,현금흐름표,dart_PurchaseOfOtherNonCurrentFinancialAssets,기타비유동금융자산의증가,-,,,2026,KRW,,,,50232906990,제 31 기 1분기,24,11013,fnlttSinglAcntAll,,5200000000,제 32 기 1분기
jyp_entertainment,JYP Entertainment,00258689,035900,KRW,Q1_2026,2026,11013,First-quarter report,20260515002272,CF,현금흐름표,ifrs-full_PurchaseOfIntangibleAssetsClassifiedAsInvestingActivities,무형자산의 취득,-,,,2026,KRW,,,,507195183,제 31 기 1분기,25,11013,fnlttSinglAcntAll,,298581515,제 32 기 1분기
jyp_entertainment,JYP Entertainment,00258689,035900,KRW,Q1_2026,2026,11013,First-quarter report,20260515002272,CF,현금흐름표,ifrs-full_PurchaseOfPropertyPlantAndEquipmentClassifiedAsInvestingActivities,유형자산의 취득,-,,,2026,KRW,,,,416156774,제 31 기 1분기,26,11013,fnlttSinglAcntAll,,1482777884,제 32 기 1분기
jyp_entertainment,JYP Entertainment,00258689,035900,KRW,Q1_2026,2026,11013,First-quarter report,20260515002272,CF,현금흐름표,ifrs-full_CashFlowsFromUsedInOperatingActivities,영업활동현금흐름,-,,,2026,KRW,,,,-10136446021,제 31 기 1분기,27,11013,fnlttSinglAcntAll,,13142624797,제 32 기 1분기
jyp_entertainment,JYP Entertainment,00258689,035900,KRW,Q1_2026,2026,11013,First-quarter report,20260515002272,CF,현금흐름표,ifrs-full_CashFlowsFromUsedInOperations,영업에서 창출된 현금흐름,-,,,2026,KRW,,,,597493889,제 31 기 1분기,28,11013,fnlttSinglAcntAll,,30018736050,제 32 기 1분기
jyp_entertainment,JYP Entertainment,00258689,035900,KRW,Q1_2026,2026,11013,First-quarter report,20260515002272,CF,현금흐름표,dart_AdjustmentsForAssetsLiabilitiesOfOperatingActivities,영업활동으로 인한 자산 부채의 변동,-,,,2026,KRW,,,,-27270268950,제 31 기 1분기,29,11013,fnlttSinglAcntAll,,-12648498207,제 32 기 1분기
jyp_entertainment,JYP Entertainment,00258689,035900,KRW,Q1_2026,2026,11013,First-quarter report,20260515002272,CF,현금흐름표,dart_AdjustmentsForDecreaseincreaseInOtherNonCurrentNonFinancialAssets,기타비유동자산의감소(증가),-,,,2026,KRW,,,,23004000,제 31 기 1분기,30,11013,fnlttSinglAcntAll,,0,제 32 기 1분기
jyp_entertainment,JYP Entertainment,00258689,035900,KRW,Q1_2026,2026,11013,First-quarter report,20260515002272,CF,현금흐름표,dart_AdjustmentsForIncreaseDecreaseInOtherNonCurrentLiabilities,기타비유동부채의증가(감소),-,,,2026,KRW,,,,170976184,제 31 기 1분기,31,11013,fnlttSinglAcntAll,,1091233932,제 32 기 1분기
jyp_entertainment,JYP Entertainment,00258689,035900,KRW,Q1_2026,2026,11013,First-quarter report,20260515002272,CF,현금흐름표,dart_AdjustmentsForIncreasedecreaseInAdvancesCustomers,선수금의증가(감소),-,,,2026,KRW,,,,21021857704,제 31 기 1분기,32,11013,fnlttSinglAcntAll,,-1142016470,제 32 기 1분기
jyp_entertainment,JYP Entertainment,00258689,035900,KRW,Q1_2026,2026,11013,First-quarter report,20260515002272,CF,현금흐름표,ifrs-full_AdjustmentsForDecreaseIncreaseInInventories,재고자산의감소(증가),-,,,2026,KRW,,,,-2228080488,제 31 기 1분기,33,11013,fnlttSinglAcntAll,,650988012,제 32 기 1분기
jyp_entertainment,JYP Entertainment,00258689,035900,KRW,Q1_2026,2026,11013,First-quarter report,20260515002272,CF,현금흐름표,ifrs-full_AdjustmentsForDecreaseIncreaseInOtherCurrentAssets,기타유동자산의 감소(증가),-,,,2026,KRW,,,,1393332458,제 31 기 1분기,34,11013,fnlttSinglAcntAll,,-1528738913,제 32 기 1분기
jyp_entertainment,JYP Entertainment,00258689,035900,KRW,Q1_2026,2026,11013,First-quarter report,20260515002272,CF,현금흐름표,ifrs-full_AdjustmentsForDecreaseIncreaseInTradeAndOtherReceivables,매출채권및기타채권의감소(증가),-,,,2026,KRW,,,,2809591926,제 31 기 1분기,35,11013,fnlttSinglAcntAll,,-6051643127,제 32 기 1분기
jyp_entertainment,JYP Entertainment,00258689,035900,KRW,Q1_2026,2026,11013,First-quarter report,20260515002272,CF,현금흐름표,ifrs-full_AdjustmentsForIncreaseDecreaseInOtherCurrentLiabilities,기타유동부채의증가(감소),-,,,2026,KRW,,,,-20296985323,제 31 기 1분기,36,11013,fnlttSinglAcntAll,,-13714922577,제 32 기 1분기
jyp_entertainment,JYP Entertainment,00258689,035900,KRW,Q1_2026,2026,11013,First-quarter report,20260515002272,CF,현금흐름표,ifrs-full_AdjustmentsForIncreaseDecreaseInTradeAndOtherPayables,매입채무및기타채무의 증가(감소),-,,,2026,KRW,,,,-30163965411,제 31 기 1분기,37,11013,fnlttSinglAcntAll,,8046600936,제 32 기 1분기
jyp_entertainment,JYP Entertainment,00258689,035900,KRW,Q1_2026,2026,11013,First-quarter report,20260515002272,CF,현금흐름표,ifrs-full_AdjustmentsForReconcileProfitLoss,조정사항,-,,,2026,KRW,,,,-41412485115,제 31 기 1분기,38,11013,fnlttSinglAcntAll,,10762704593,제 32 기 1분기
jyp_entertainment,JYP Entertainment,00258689,035900,KRW,Q1_2026,2026,11013,First-quarter report,20260515002272,CF,현금흐름표,dart_AdjustmentsForBadDebtExpenses,대손상각비,-,,,2026,KRW,,,,284218480,제 31 기 1분기,39,11013,fnlttSinglAcntAll,,89231826,제 32 기 1분기
jyp_entertainment,JYP Entertainment,00258689,035900,KRW,Q1_2026,2026,11013,First-quarter report,20260515002272,CF,현금흐름표,dart_AdjustmentsForGainOnDispositionOfTangibleAssets,유형자산처분이익,-,,,2026,KRW,,,,6362876,제 31 기 1분기,40,11013,fnlttSinglAcntAll,,26777127,제 32 기 1분기
jyp_entertainment,JYP Entertainment,00258689,035900,KRW,Q1_2026,2026,11013,First-quarter report,20260515002272,CF,현금흐름표,dart_AdjustmentsForGainOnForeignExchangeTranslations,외화환산이익,-,,,2026,KRW,,,,2522281716,제 31 기 1분기,41,11013,fnlttSinglAcntAll,,2050019702,제 32 기 1분기
jyp_entertainment,JYP Entertainment,00258689,035900,KRW,Q1_2026,2026,11013,First-quarter report,20260515002272,CF,현금흐름표,dart_AdjustmentsForGainsOnDisposalsOfInvestmentsInAssociates,관계기업투자처분이익,-,,,2026,KRW,,,,73494274364,제 31 기 1분기,42,11013,fnlttSinglAcntAll,,0,제 32 기 1분기
jyp_entertainment,JYP Entertainment,00258689,035900,KRW,Q1_2026,2026,11013,First-quarter report,20260515002272,CF,현금흐름표,dart_AdjustmentsForGainsOnEvaluationOfFairValueFinancialAssets,당기손익-공정가치측정금융자산평가이익,-,,,2026,KRW,,,,391305600,제 31 기 1분기,43,11013,fnlttSinglAcntAll,,327952500,제 32 기 1분기
jyp_entertainment,JYP Entertainment,00258689,035900,KRW,Q1_2026,2026,11013,First-quarter report,20260515002272,CF,현금흐름표,dart_AdjustmentsForInterestExpenses,이자비용,-,,,2026,KRW,,,,44938415,제 31 기 1분기,44,11013,fnlttSinglAcntAll,,46402888,제 32 기 1분기
jyp_entertainment,JYP Entertainment,00258689,035900,KRW,Q1_2026,2026,11013,First-quarter report,20260515002272,CF,현금흐름표,dart_AdjustmentsForLossesOfAssociatesAndJointVenturesAccountedForUsingEquityMethod,지분법손실,-,,,2026,KRW,,,,121092938,제 31 기 1분기,45,11013,fnlttSinglAcntAll,,57404775,제 32 기 1분기
jyp_entertainment,JYP Entertainment,00258689,035900,KRW,Q1_2026,2026,11013,First-quarter report,20260515002272,CF,현금흐름표,dart_AdjustmentsForLossesOnAbandonmentOfPropertyPlantAndEquipment,유형자산폐기손실,-,,,2026,KRW,,,,0,제 31 기 1분기,46,11013,fnlttSinglAcntAll,,122501,제 32 기 1분기
jyp_entertainment,JYP Entertainment,00258689,035900,KRW,Q1_2026,2026,11013,First-quarter report,20260515002272,CF,현금흐름표,dart_AdjustmentsForLossesOnDispositionOfPropertyPlantAndEquipment,유형자산처분손실,-,,,2026,KRW,,,,10,제 31 기 1분기,47,11013,fnlttSinglAcntAll,,0,제 32 기 1분기
jyp_entertainment,JYP Entertainment,00258689,035900,KRW,Q1_2026,2026,11013,First-quarter report,20260515002272,CF,현금흐름표,dart_AdjustmentsForLossesOnEvaluationOfFairValueFinancialAssets,당기손익-공정가치측정금융자산평가손실,-,,,2026,KRW,,,,9636300,제 31 기 1분기,48,11013,fnlttSinglAcntAll,,0,제 32 기 1분기
jyp_entertainment,JYP Entertainment,00258689,035900,KRW,Q1_2026,2026,11013,First-quarter report,20260515002272,CF,현금흐름표,dart_AdjustmentsForLossesOnForeignExchangeTranslations,외화환산손실,-,,,2026,KRW,,,,177836218,제 31 기 1분기,49,11013,fnlttSinglAcntAll,,282162298,제 32 기 1분기
jyp_entertainment,JYP Entertainment,00258689,035900,KRW,Q1_2026,2026,11013,First-quarter report,20260515002272,CF,현금흐름표,dart_AdjustmentsForOtherBadDebtExpenses,기타의 대손상각비,-,,,2026,KRW,,,,35060391,제 31 기 1분기,50,11013,fnlttSinglAcntAll,,0,제 32 기 1분기
jyp_entertainment,JYP Entertainment,00258689,035900,KRW,Q1_2026,2026,11013,First-quarter report,20260515002272,CF,현금흐름표,dart_AdjustmentsForProfitsOfAssociatesAndJointVenturesAccountedForUsingEquityMethod,지분법이익,-,,,2026,KRW,,,,941109380,제 31 기 1분기,51,11013,fnlttSinglAcntAll,,1176268311,제 32 기 1분기
jyp_entertainment,JYP Entertainment,00258689,035900,KRW,Q1_2026,2026,11013,First-quarter report,20260515002272,CF,현금흐름표,dart_AdjustmentsForProvisionForSeveranceIndemnities,퇴직급여,-,,,2026,KRW,,,,61474260,제 31 기 1분기,52,11013,fnlttSinglAcntAll,,72430312,제 32 기 1분기
jyp_entertainment,JYP Entertainment,00258689,035900,KRW,Q1_2026,2026,11013,First-quarter report,20260515002272,CF,현금흐름표,dart_AdjustmentsForReversalAllowanceAccountForCreditLossesOfFinancialAssets,손실충당금 환입,-,,,2026,KRW,,,,125865,제 31 기 1분기,53,11013,fnlttSinglAcntAll,,2545787,제 32 기 1분기
jyp_entertainment,JYP Entertainment,00258689,035900,KRW,Q1_2026,2026,11013,First-quarter report,20260515002272,CF,현금흐름표,dart_AdjustmentsForWritedownsOfInventories,재고자산평가손실,-,,,2026,KRW,,,,2782036380,제 31 기 1분기,54,11013,fnlttSinglAcntAll,,1126465436,제 32 기 1분기
jyp_entertainment,JYP Entertainment,00258689,035900,KRW,Q1_2026,2026,11013,First-quarter report,20260515002272,CF,현금흐름표,-표준계정코드 미사용-,당기손익-공정가치측정금융자산처분이익,-,,,2026,KRW,,,,27537066,제 31 기 1분기,55,11013,fnlttSinglAcntAll,,135271741,제 32 기 1분기
jyp_entertainment,JYP Entertainment,00258689,035900,KRW,Q1_2026,2026,11013,First-quarter report,20260515002272,CF,현금흐름표,-표준계정코드 미사용-,무형자산폐기손실,-,,,2026,KRW,,,,0,제 31 기 1분기,56,11013,fnlttSinglAcntAll,,1323469,제 32 기 1분기
jyp_entertainment,JYP Entertainment,00258689,035900,KRW,Q1_2026,2026,11013,First-quarter report,20260515002272,CF,현금흐름표,ifrs-full_AdjustmentsForAmortisationExpense,무형자산상각비,-,,,2026,KRW,,,,2631405440,제 31 기 1분기,57,11013,fnlttSinglAcntAll,,2476818415,제 32 기 1분기
jyp_entertainment,JYP Entertainment,00258689,035900,KRW,Q1_2026,2026,11013,First-quarter report,20260515002272,CF,현금흐름표,ifrs-full_AdjustmentsForDepreciationExpense,감가상각비,-,,,2026,KRW,,,,2684040305,제 31 기 1분기,58,11013,fnlttSinglAcntAll,,2978063320,제 32 기 1분기
jyp_entertainment,JYP Entertainment,00258689,035900,KRW,Q1_2026,2026,11013,First-quarter report,20260515002272,CF,현금흐름표,ifrs-full_AdjustmentsForIncomeTaxExpense,법인세비용,-,,,2026,KRW,,,,27709013954,제 31 기 1분기,59,11013,fnlttSinglAcntAll,,10656140137,제 32 기 1분기
jyp_entertainment,JYP Entertainment,00258689,035900,KRW,Q1_2026,2026,11013,First-quarter report,20260515002272,CF,현금흐름표,ifrs-full_AdjustmentsForInterestIncome,이자수익,-,,,2026,KRW,,,,578369259,제 31 기 1분기,60,11013,fnlttSinglAcntAll,,1900576990,제 32 기 1분기
jyp_entertainment,JYP Entertainment,00258689,035900,KRW,Q1_2026,2026,11013,First-quarter report,20260515002272,CF,현금흐름표,ifrs-full_OtherAdjustmentsToReconcileProfitLoss,기타증감,-,,,2026,KRW,,,,8127920,제 31 기 1분기,61,11013,fnlttSinglAcntAll,,-1404448626,제 32 기 1분기
jyp_entertainment,JYP Entertainment,00258689,035900,KRW,Q1_2026,2026,11013,First-quarter report,20260515002272,CF,현금흐름표,ifrs-full_ProfitLoss,당기순이익,-,,,2026,KRW,,,,69280247954,제 31 기 1분기,62,11013,fnlttSinglAcntAll,,31904529664,제 32 기 1분기
jyp_entertainment,JYP Entertainment,00258689,035900,KRW,Q1_2026,2026,11013,First-quarter report,20260515002272,CF,현금흐름표,ifrs-full_DividendsReceivedClassifiedAsOperatingActivities,배당금의수취,-,,,2026,KRW,,,,0,제 31 기 1분기,63,11013,fnlttSinglAcntAll,,0,제 32 기 1분기
jyp_entertainment,JYP Entertainment,00258689,035900,KRW,Q1_2026,2026,11013,First-quarter report,20260515002272,CF,현금흐름표,ifrs-full_IncomeTaxesPaidRefundClassifiedAsOperatingActivities,법인세의납부,-,,,2026,KRW,,,,11637980953,제 31 기 1분기,64,11013,fnlttSinglAcntAll,,18358419320,제 32 기 1분기
jyp_entertainment,JYP Entertainment,00258689,035900,KRW,Q1_2026,2026,11013,First-quarter report,20260515002272,CF,현금흐름표,ifrs-full_InterestPaidClassifiedAsOperatingActivities,이자의지급,-,,,2026,KRW,,,,103614173,제 31 기 1분기,65,11013,fnlttSinglAcntAll,,86896000,제 32 기 1분기
jyp_entertainment,JYP Entertainment,00258689,035900,KRW,Q1_2026,2026,11013,First-quarter report,20260515002272,CF,현금흐름표,ifrs-full_InterestReceivedClassifiedAsOperatingActivities,이자의수취,-,,,2026,KRW,,,,1007655216,제 31 기 1분기,66,11013,fnlttSinglAcntAll,,1569204067,제 32 기 1분기
jyp_entertainment,JYP Entertainment,00258689,035900,KRW,Q1_2026,2026,11013,First-quarter report,20260515002272,CF,현금흐름표,ifrs-full_EffectOfExchangeRateChangesOnCashAndCashEquivalents,현금및현금성자산에대한환율변동효과,-,,,2026,KRW,,,,2034662542,제 31 기 1분기,67,11013,fnlttSinglAcntAll,,2298853474,제 32 기 1분기
jyp_entertainment,JYP Entertainment,00258689,035900,KRW,Q1_2026,2026,11013,First-quarter report,20260515002272,CF,현금흐름표,ifrs-full_IncreaseDecreaseInCashAndCashEquivalentsBeforeEffectOfExchangeRateChanges,현금및현금성자산의증가(감소),-,,,2026,KRW,,,,11794280101,제 31 기 1분기,68,11013,fnlttSinglAcntAll,,5814657861,제 32 기 1분기
jyp_entertainment,JYP Entertainment,00258689,035900,KRW,Q1_2026,2026,11013,First-quarter report,20260515002272,SCE,자본변동표,dart_EquityAtBeginningOfPeriod,기초자본,자본 [구성요소]|지배기업의 소유주에게 귀속되는 지분 [구성요소],,,2026,KRW,,,,478598990184,제 31 기 1분기,3,11013,fnlttSinglAcntAll,,620597911262,제 32 기 1분기
jyp_entertainment,JYP Entertainment,00258689,035900,KRW,Q1_2026,2026,11013,First-quarter report,20260515002272,SCE,자본변동표,dart_EquityAtBeginningOfPeriod,기초자본,자본 [구성요소]|비지배지분 [구성요소],,,2026,KRW,,,,4282511202,제 31 기 1분기,3,11013,fnlttSinglAcntAll,,4349808036,제 32 기 1분기
jyp_entertainment,JYP Entertainment,00258689,035900,KRW,Q1_2026,2026,11013,First-quarter report,20260515002272,SCE,자본변동표,dart_EquityAtBeginningOfPeriod,기초자본,자본 [구성요소]|지배기업의 소유주에게 귀속되는 지분 [구성요소]|자본조정 [구성요소],,,2026,KRW,,,,-10824740094,제 31 기 1분기,3,11013,fnlttSinglAcntAll,,-10824740094,제 32 기 1분기
jyp_entertainment,JYP Entertainment,00258689,035900,KRW,Q1_2026,2026,11013,First-quarter report,20260515002272,SCE,자본변동표,dart_EquityAtBeginningOfPeriod,기초자본,자본 [구성요소]|지배기업의 소유주에게 귀속되는 지분 [구성요소]|자본잉여금 [구성요소],,,2026,KRW,,,,79101015199,제 31 기 1분기,3,11013,fnlttSinglAcntAll,,79101015199,제 32 기 1분기
jyp_entertainment,JYP Entertainment,00258689,035900,KRW,Q1_2026,2026,11013,First-quarter report,20260515002272,SCE,자본변동표,dart_EquityAtBeginningOfPeriod,기초자본,자본 [구성요소]|지배기업의 소유주에게 귀속되는 지분 [구성요소]|자본금 [구성요소],,,2026,KRW,,,,17960951500,제 31 기 1분기,3,11013,fnlttSinglAcntAll,,17960951500,제 32 기 1분기
jyp_entertainment,JYP Entertainment,00258689,035900,KRW,Q1_2026,2026,11013,First-quarter report,20260515002272,SCE,자본변동표,dart_EquityAtBeginningOfPeriod,기초자본,자본 [구성요소]|지배기업의 소유주에게 귀속되는 지분 [구성요소]|이익잉여금 [구성요소],,,2026,KRW,,,,389528327045,제 31 기 1분기,3,11013,fnlttSinglAcntAll,,532624244530,제 32 기 1분기
jyp_entertainment,JYP Entertainment,00258689,035900,KRW,Q1_2026,2026,11013,First-quarter report,20260515002272,SCE,자본변동표,dart_EquityAtBeginningOfPeriod,기초자본,자본 [구성요소]|지배기업의 소유주에게 귀속되는 지분 [구성요소]|기타포괄손익누계액 [구성요소],,,2026,KRW,,,,2833436534,제 31 기 1분기,3,11013,fnlttSinglAcntAll,,1736440127,제 32 기 1분기
jyp_entertainment,JYP Entertainment,00258689,035900,KRW,Q1_2026,2026,11013,First-quarter report,20260515002272,SCE,자본변동표,dart_EquityAtBeginningOfPeriod,기초자본,연결재무제표 [member],,,2026,KRW,,,,482881501386,제 31 기 1분기,3,11013,fnlttSinglAcntAll,,624947719298,제 32 기 1분기
jyp_entertainment,JYP Entertainment,00258689,035900,KRW,Q1_2026,2026,11013,First-quarter report,20260515002272,SCE,자본변동표,ifrs-full_ComprehensiveIncome,총포괄손익,연결재무제표 [member],,,2026,KRW,,,,71122009768,제 31 기 1분기,4,11013,fnlttSinglAcntAll,,34420716567,제 32 기 1분기
jyp_entertainment,JYP Entertainment,00258689,035900,KRW,Q1_2026,2026,11013,First-quarter report,20260515002272,SCE,자본변동표,ifrs-full_ComprehensiveIncome,총포괄손익,자본 [구성요소]|지배기업의 소유주에게 귀속되는 지분 [구성요소]|자본잉여금 [구성요소],,,2026,KRW,,,,0,제 31 기 1분기,4,11013,fnlttSinglAcntAll,,0,제 32 기 1분기
jyp_entertainment,JYP Entertainment,00258689,035900,KRW,Q1_2026,2026,11013,First-quarter report,20260515002272,SCE,자본변동표,ifrs-full_ComprehensiveIncome,총포괄손익,자본 [구성요소]|지배기업의 소유주에게 귀속되는 지분 [구성요소]|자본금 [구성요소],,,2026,KRW,,,,0,제 31 기 1분기,4,11013,fnlttSinglAcntAll,,0,제 32 기 1분기
jyp_entertainment,JYP Entertainment,00258689,035900,KRW,Q1_2026,2026,11013,First-quarter report,20260515002272,SCE,자본변동표,ifrs-full_ComprehensiveIncome,총포괄손익,자본 [구성요소]|지배기업의 소유주에게 귀속되는 지분 [구성요소]|이익잉여금 [구성요소],,,2026,KRW,,,,69533453758,제 31 기 1분기,4,11013,fnlttSinglAcntAll,,32035861115,제 32 기 1분기
jyp_entertainment,JYP Entertainment,00258689,035900,KRW,Q1_2026,2026,11013,First-quarter report,20260515002272,SCE,자본변동표,ifrs-full_ComprehensiveIncome,총포괄손익,자본 [구성요소]|지배기업의 소유주에게 귀속되는 지분 [구성요소]|기타포괄손익누계액 [구성요소],,,2026,KRW,,,,1654599061,제 31 기 1분기,4,11013,fnlttSinglAcntAll,,2201781968,제 32 기 1분기
jyp_entertainment,JYP Entertainment,00258689,035900,KRW,Q1_2026,2026,11013,First-quarter report,20260515002272,SCE,자본변동표,ifrs-full_ComprehensiveIncome,총포괄손익,자본 [구성요소]|지배기업의 소유주에게 귀속되는 지분 [구성요소],,,2026,KRW,,,,71188052819,제 31 기 1분기,4,11013,fnlttSinglAcntAll,,34237643083,제 32 기 1분기
jyp_entertainment,JYP Entertainment,00258689,035900,KRW,Q1_2026,2026,11013,First-quarter report,20260515002272,SCE,자본변동표,ifrs-full_ComprehensiveIncome,총포괄손익,자본 [구성요소]|비지배지분 [구성요소],,,2026,KRW,,,,-66043051,제 31 기 1분기,4,11013,fnlttSinglAcntAll,,183073484,제 32 기 1분기
jyp_entertainment,JYP Entertainment,00258689,035900,KRW,Q1_2026,2026,11013,First-quarter report,20260515002272,SCE,자본변동표,ifrs-full_ComprehensiveIncome,총포괄손익,자본 [구성요소]|지배기업의 소유주에게 귀속되는 지분 [구성요소]|자본조정 [구성요소],,,2026,KRW,,,,0,제 31 기 1분기,4,11013,fnlttSinglAcntAll,,0,제 32 기 1분기
jyp_entertainment,JYP Entertainment,00258689,035900,KRW,Q1_2026,2026,11013,First-quarter report,20260515002272,SCE,자본변동표,ifrs-full_OtherComprehensiveIncomeNetOfTaxExchangeDifferencesOnTranslation,해외사업환산손익,자본 [구성요소]|지배기업의 소유주에게 귀속되는 지분 [구성요소],,,2026,KRW,,,,1544643181,제 31 기 1분기,5,11013,fnlttSinglAcntAll,,2464819857,제 32 기 1분기
jyp_entertainment,JYP Entertainment,00258689,035900,KRW,Q1_2026,2026,11013,First-quarter report,20260515002272,SCE,자본변동표,ifrs-full_OtherComprehensiveIncomeNetOfTaxExchangeDifferencesOnTranslation,해외사업환산손익,자본 [구성요소]|비지배지분 [구성요소],,,2026,KRW,,,,5533750,제 31 기 1분기,5,11013,fnlttSinglAcntAll,,314404935,제 32 기 1분기
jyp_entertainment,JYP Entertainment,00258689,035900,KRW,Q1_2026,2026,11013,First-quarter report,20260515002272,SCE,자본변동표,ifrs-full_OtherComprehensiveIncomeNetOfTaxExchangeDifferencesOnTranslation,해외사업환산손익,연결재무제표 [member],,,2026,KRW,,,,1550176931,제 31 기 1분기,5,11013,fnlttSinglAcntAll,,2779224792,제 32 기 1분기
jyp_entertainment,JYP Entertainment,00258689,035900,KRW,Q1_2026,2026,11013,First-quarter report,20260515002272,SCE,자본변동표,ifrs-full_OtherComprehensiveIncomeNetOfTaxExchangeDifferencesOnTranslation,해외사업환산손익,자본 [구성요소]|지배기업의 소유주에게 귀속되는 지분 [구성요소]|기타포괄손익누계액 [구성요소],,,2026,KRW,,,,1544643181,제 31 기 1분기,5,11013,fnlttSinglAcntAll,,2464819857,제 32 기 1분기
jyp_entertainment,JYP Entertainment,00258689,035900,KRW,Q1_2026,2026,11013,First-quarter report,20260515002272,SCE,자본변동표,ifrs-full_OtherComprehensiveIncomeNetOfTaxExchangeDifferencesOnTranslation,해외사업환산손익,자본 [구성요소]|지배기업의 소유주에게 귀속되는 지분 [구성요소]|자본조정 [구성요소],,,2026,KRW,,,,0,제 31 기 1분기,5,11013,fnlttSinglAcntAll,,0,제 32 기 1분기
jyp_entertainment,JYP Entertainment,00258689,035900,KRW,Q1_2026,2026,11013,First-quarter report,20260515002272,SCE,자본변동표,ifrs-full_OtherComprehensiveIncomeNetOfTaxExchangeDifferencesOnTranslation,해외사업환산손익,자본 [구성요소]|지배기업의 소유주에게 귀속되는 지분 [구성요소]|자본잉여금 [구성요소],,,2026,KRW,,,,0,제 31 기 1분기,5,11013,fnlttSinglAcntAll,,0,제 32 기 1분기
jyp_entertainment,JYP Entertainment,00258689,035900,KRW,Q1_2026,2026,11013,First-quarter report,20260515002272,SCE,자본변동표,ifrs-full_OtherComprehensiveIncomeNetOfTaxExchangeDifferencesOnTranslation,해외사업환산손익,자본 [구성요소]|지배기업의 소유주에게 귀속되는 지분 [구성요소]|자본금 [구성요소],,,2026,KRW,,,,0,제 31 기 1분기,5,11013,fnlttSinglAcntAll,,0,제 32 기 1분기
jyp_entertainment,JYP Entertainment,00258689,035900,KRW,Q1_2026,2026,11013,First-quarter report,20260515002272,SCE,자본변동표,ifrs-full_OtherComprehensiveIncomeNetOfTaxExchangeDifferencesOnTranslation,해외사업환산손익,자본 [구성요소]|지배기업의 소유주에게 귀속되는 지분 [구성요소]|이익잉여금 [구성요소],,,2026,KRW,,,,0,제 31 기 1분기,5,11013,fnlttSinglAcntAll,,0,제 32 기 1분기
jyp_entertainment,JYP Entertainment,00258689,035900,KRW,Q1_2026,2026,11013,First-quarter report,20260515002272,SCE,자본변동표,ifrs-full_OtherComprehensiveIncomeNetOfTaxGainsLossesFromInvestmentsInEquityInstruments,기타포괄손익-공정가치측정금융자산평가손익,연결재무제표 [member],,,2026,KRW,,,,-58905695,제 31 기 1분기,6,11013,fnlttSinglAcntAll,,-75161424,제 32 기 1분기
jyp_entertainment,JYP Entertainment,00258689,035900,KRW,Q1_2026,2026,11013,First-quarter report,20260515002272,SCE,자본변동표,ifrs-full_OtherComprehensiveIncomeNetOfTaxGainsLossesFromInvestmentsInEquityInstruments,기타포괄손익-공정가치측정금융자산평가손익,자본 [구성요소]|비지배지분 [구성요소],,,2026,KRW,,,,0,제 31 기 1분기,6,11013,fnlttSinglAcntAll,,0,제 32 기 1분기
jyp_entertainment,JYP Entertainment,00258689,035900,KRW,Q1_2026,2026,11013,First-quarter report,20260515002272,SCE,자본변동표,ifrs-full_OtherComprehensiveIncomeNetOfTaxGainsLossesFromInvestmentsInEquityInstruments,기타포괄손익-공정가치측정금융자산평가손익,자본 [구성요소]|지배기업의 소유주에게 귀속되는 지분 [구성요소]|자본조정 [구성요소],,,2026,KRW,,,,0,제 31 기 1분기,6,11013,fnlttSinglAcntAll,,0,제 32 기 1분기
jyp_entertainment,JYP Entertainment,00258689,035900,KRW,Q1_2026,2026,11013,First-quarter report,20260515002272,SCE,자본변동표,ifrs-full_OtherComprehensiveIncomeNetOfTaxGainsLossesFromInvestmentsInEquityInstruments,기타포괄손익-공정가치측정금융자산평가손익,자본 [구성요소]|지배기업의 소유주에게 귀속되는 지분 [구성요소]|자본잉여금 [구성요소],,,2026,KRW,,,,0,제 31 기 1분기,6,11013,fnlttSinglAcntAll,,0,제 32 기 1분기
jyp_entertainment,JYP Entertainment,00258689,035900,KRW,Q1_2026,2026,11013,First-quarter report,20260515002272,SCE,자본변동표,ifrs-full_OtherComprehensiveIncomeNetOfTaxGainsLossesFromInvestmentsInEquityInstruments,기타포괄손익-공정가치측정금융자산평가손익,자본 [구성요소]|지배기업의 소유주에게 귀속되는 지분 [구성요소]|자본금 [구성요소],,,2026,KRW,,,,0,제 31 기 1분기,6,11013,fnlttSinglAcntAll,,0,제 32 기 1분기
jyp_entertainment,JYP Entertainment,00258689,035900,KRW,Q1_2026,2026,11013,First-quarter report,20260515002272,SCE,자본변동표,ifrs-full_OtherComprehensiveIncomeNetOfTaxGainsLossesFromInvestmentsInEquityInstruments,기타포괄손익-공정가치측정금융자산평가손익,자본 [구성요소]|지배기업의 소유주에게 귀속되는 지분 [구성요소]|이익잉여금 [구성요소],,,2026,KRW,,,,0,제 31 기 1분기,6,11013,fnlttSinglAcntAll,,0,제 32 기 1분기
jyp_entertainment,JYP Entertainment,00258689,035900,KRW,Q1_2026,2026,11013,First-quarter report,20260515002272,SCE,자본변동표,ifrs-full_OtherComprehensiveIncomeNetOfTaxGainsLossesFromInvestmentsInEquityInstruments,기타포괄손익-공정가치측정금융자산평가손익,자본 [구성요소]|지배기업의 소유주에게 귀속되는 지분 [구성요소]|기타포괄손익누계액 [구성요소],,,2026,KRW,,,,-58905695,제 31 기 1분기,6,11013,fnlttSinglAcntAll,,-75161424,제 32 기 1분기
jyp_entertainment,JYP Entertainment,00258689,035900,KRW,Q1_2026,2026,11013,First-quarter report,20260515002272,SCE,자본변동표,ifrs-full_OtherComprehensiveIncomeNetOfTaxGainsLossesFromInvestmentsInEquityInstruments,기타포괄손익-공정가치측정금융자산평가손익,자본 [구성요소]|지배기업의 소유주에게 귀속되는 지분 [구성요소],,,2026,KRW,,,,-58905695,제 31 기 1분기,6,11013,fnlttSinglAcntAll,,-75161424,제 32 기 1분기
jyp_entertainment,JYP Entertainment,00258689,035900,KRW,Q1_2026,2026,11013,First-quarter report,20260515002272,SCE,자본변동표,ifrs-full_ProfitLoss,당기순이익,연결재무제표 [member],,,2026,KRW,,,,69280247954,제 31 기 1분기,7,11013,fnlttSinglAcntAll,,31904529664,제 32 기 1분기
jyp_entertainment,JYP Entertainment,00258689,035900,KRW,Q1_2026,2026,11013,First-quarter report,20260515002272,SCE,자본변동표,ifrs-full_ProfitLoss,당기순이익,자본 [구성요소]|지배기업의 소유주에게 귀속되는 지분 [구성요소]|기타포괄손익누계액 [구성요소],,,2026,KRW,,,,0,제 31 기 1분기,7,11013,fnlttSinglAcntAll,,0,제 32 기 1분기
jyp_entertainment,JYP Entertainment,00258689,035900,KRW,Q1_2026,2026,11013,First-quarter report,20260515002272,SCE,자본변동표,ifrs-full_ProfitLoss,당기순이익,자본 [구성요소]|지배기업의 소유주에게 귀속되는 지분 [구성요소]|이익잉여금 [구성요소],,,2026,KRW,,,,69351824755,제 31 기 1분기,7,11013,fnlttSinglAcntAll,,32035861115,제 32 기 1분기
jyp_entertainment,JYP Entertainment,00258689,035900,KRW,Q1_2026,2026,11013,First-quarter report,20260515002272,SCE,자본변동표,ifrs-full_ProfitLoss,당기순이익,자본 [구성요소]|지배기업의 소유주에게 귀속되는 지분 [구성요소]|자본금 [구성요소],,,2026,KRW,,,,0,제 31 기 1분기,7,11013,fnlttSinglAcntAll,,0,제 32 기 1분기
jyp_entertainment,JYP Entertainment,00258689,035900,KRW,Q1_2026,2026,11013,First-quarter report,20260515002272,SCE,자본변동표,ifrs-full_ProfitLoss,당기순이익,자본 [구성요소]|지배기업의 소유주에게 귀속되는 지분 [구성요소]|자본잉여금 [구성요소],,,2026,KRW,,,,0,제 31 기 1분기,7,11013,fnlttSinglAcntAll,,0,제 32 기 1분기
jyp_entertainment,JYP Entertainment,00258689,035900,KRW,Q1_2026,2026,11013,First-quarter report,20260515002272,SCE,자본변동표,ifrs-full_ProfitLoss,당기순이익,자본 [구성요소]|지배기업의 소유주에게 귀속되는 지분 [구성요소],,,2026,KRW,,,,69351824755,제 31 기 1분기,7,11013,fnlttSinglAcntAll,,32035861115,제 32 기 1분기
jyp_entertainment,JYP Entertainment,00258689,035900,KRW,Q1_2026,2026,11013,First-quarter report,20260515002272,SCE,자본변동표,ifrs-full_ProfitLoss,당기순이익,자본 [구성요소]|비지배지분 [구성요소],,,2026,KRW,,,,-71576801,제 31 기 1분기,7,11013,fnlttSinglAcntAll,,-131331451,제 32 기 1분기
jyp_entertainment,JYP Entertainment,00258689,035900,KRW,Q1_2026,2026,11013,First-quarter report,20260515002272,SCE,자본변동표,ifrs-full_ProfitLoss,당기순이익,자본 [구성요소]|지배기업의 소유주에게 귀속되는 지분 [구성요소]|자본조정 [구성요소],,,2026,KRW,,,,0,제 31 기 1분기,7,11013,fnlttSinglAcntAll,,0,제 32 기 1분기
jyp_entertainment,JYP Entertainment,00258689,035900,KRW,Q1_2026,2026,11013,First-quarter report,20260515002272,SCE,자본변동표,ifrs-full_ShareOfOtherComprehensiveIncomeOfAssociatesAndJointVenturesAccountedForUsingEquityMethodThatWillNotBeReclassifiedToProfitOrLossNetOfTax,관계기업 기타포괄손익 변동에 대한 지분,연결재무제표 [member],,,2026,KRW,,,,350490578,제 31 기 1분기,8,11013,fnlttSinglAcntAll,,-187876465,제 32 기 1분기
jyp_entertainment,JYP Entertainment,00258689,035900,KRW,Q1_2026,2026,11013,First-quarter report,20260515002272,SCE,자본변동표,ifrs-full_ShareOfOtherComprehensiveIncomeOfAssociatesAndJointVenturesAccountedForUsingEquityMethodThatWillNotBeReclassifiedToProfitOrLossNetOfTax,관계기업 기타포괄손익 변동에 대한 지분,자본 [구성요소]|비지배지분 [구성요소],,,2026,KRW,,,,0,제 31 기 1분기,8,11013,fnlttSinglAcntAll,,0,제 32 기 1분기
jyp_entertainment,JYP Entertainment,00258689,035900,KRW,Q1_2026,2026,11013,First-quarter report,20260515002272,SCE,자본변동표,ifrs-full_ShareOfOtherComprehensiveIncomeOfAssociatesAndJointVenturesAccountedForUsingEquityMethodThatWillNotBeReclassifiedToProfitOrLossNetOfTax,관계기업 기타포괄손익 변동에 대한 지분,자본 [구성요소]|지배기업의 소유주에게 귀속되는 지분 [구성요소],,,2026,KRW,,,,350490578,제 31 기 1분기,8,11013,fnlttSinglAcntAll,,-187876465,제 32 기 1분기
jyp_entertainment,JYP Entertainment,00258689,035900,KRW,Q1_2026,2026,11013,First-quarter report,20260515002272,SCE,자본변동표,ifrs-full_ShareOfOtherComprehensiveIncomeOfAssociatesAndJointVenturesAccountedForUsingEquityMethodThatWillNotBeReclassifiedToProfitOrLossNetOfTax,관계기업 기타포괄손익 변동에 대한 지분,자본 [구성요소]|지배기업의 소유주에게 귀속되는 지분 [구성요소]|기타포괄손익누계액 [구성요소],,,2026,KRW,,,,168861575,제 31 기 1분기,8,11013,fnlttSinglAcntAll,,-187876465,제 32 기 1분기
jyp_entertainment,JYP Entertainment,00258689,035900,KRW,Q1_2026,2026,11013,First-quarter report,20260515002272,SCE,자본변동표,ifrs-full_ShareOfOtherComprehensiveIncomeOfAssociatesAndJointVenturesAccountedForUsingEquityMethodThatWillNotBeReclassifiedToProfitOrLossNetOfTax,관계기업 기타포괄손익 변동에 대한 지분,자본 [구성요소]|지배기업의 소유주에게 귀속되는 지분 [구성요소]|이익잉여금 [구성요소],,,2026,KRW,,,,181629003,제 31 기 1분기,8,11013,fnlttSinglAcntAll,,0,제 32 기 1분기
jyp_entertainment,JYP Entertainment,00258689,035900,KRW,Q1_2026,2026,11013,First-quarter report,20260515002272,SCE,자본변동표,ifrs-full_ShareOfOtherComprehensiveIncomeOfAssociatesAndJointVenturesAccountedForUsingEquityMethodThatWillNotBeReclassifiedToProfitOrLossNetOfTax,관계기업 기타포괄손익 변동에 대한 지분,자본 [구성요소]|지배기업의 소유주에게 귀속되는 지분 [구성요소]|자본금 [구성요소],,,2026,KRW,,,,0,제 31 기 1분기,8,11013,fnlttSinglAcntAll,,0,제 32 기 1분기
jyp_entertainment,JYP Entertainment,00258689,035900,KRW,Q1_2026,2026,11013,First-quarter report,20260515002272,SCE,자본변동표,ifrs-full_ShareOfOtherComprehensiveIncomeOfAssociatesAndJointVenturesAccountedForUsingEquityMethodThatWillNotBeReclassifiedToProfitOrLossNetOfTax,관계기업 기타포괄손익 변동에 대한 지분,자본 [구성요소]|지배기업의 소유주에게 귀속되는 지분 [구성요소]|자본잉여금 [구성요소],,,2026,KRW,,,,0,제 31 기 1분기,8,11013,fnlttSinglAcntAll,,0,제 32 기 1분기
jyp_entertainment,JYP Entertainment,00258689,035900,KRW,Q1_2026,2026,11013,First-quarter report,20260515002272,SCE,자본변동표,ifrs-full_ShareOfOtherComprehensiveIncomeOfAssociatesAndJointVenturesAccountedForUsingEquityMethodThatWillNotBeReclassifiedToProfitOrLossNetOfTax,관계기업 기타포괄손익 변동에 대한 지분,자본 [구성요소]|지배기업의 소유주에게 귀속되는 지분 [구성요소]|자본조정 [구성요소],,,2026,KRW,,,,0,제 31 기 1분기,8,11013,fnlttSinglAcntAll,,0,제 32 기 1분기
jyp_entertainment,JYP Entertainment,00258689,035900,KRW,Q1_2026,2026,11013,First-quarter report,20260515002272,SCE,자본변동표,ifrs-full_Equity,자본총계,자본 [구성요소]|지배기업의 소유주에게 귀속되는 지분 [구성요소]|자본조정 [구성요소],,,2026,KRW,,,,-10824740094,제 31 기 1분기,9,11013,fnlttSinglAcntAll,,-10824740094,제 32 기 1분기
jyp_entertainment,JYP Entertainment,00258689,035900,KRW,Q1_2026,2026,11013,First-quarter report,20260515002272,SCE,자본변동표,ifrs-full_Equity,자본총계,자본 [구성요소]|지배기업의 소유주에게 귀속되는 지분 [구성요소]|자본잉여금 [구성요소],,,2026,KRW,,,,79101015199,제 31 기 1분기,9,11013,fnlttSinglAcntAll,,79101015199,제 32 기 1분기
jyp_entertainment,JYP Entertainment,00258689,035900,KRW,Q1_2026,2026,11013,First-quarter report,20260515002272,SCE,자본변동표,ifrs-full_Equity,자본총계,자본 [구성요소]|지배기업의 소유주에게 귀속되는 지분 [구성요소]|자본금 [구성요소],,,2026,KRW,,,,17960951500,제 31 기 1분기,9,11013,fnlttSinglAcntAll,,17960951500,제 32 기 1분기
jyp_entertainment,JYP Entertainment,00258689,035900,KRW,Q1_2026,2026,11013,First-quarter report,20260515002272,SCE,자본변동표,ifrs-full_Equity,자본총계,자본 [구성요소]|지배기업의 소유주에게 귀속되는 지분 [구성요소]|이익잉여금 [구성요소],,,2026,KRW,,,,441368727297,제 31 기 1분기,9,11013,fnlttSinglAcntAll,,535602412902,제 32 기 1분기
jyp_entertainment,JYP Entertainment,00258689,035900,KRW,Q1_2026,2026,11013,First-quarter report,20260515002272,SCE,자본변동표,ifrs-full_Equity,자본총계,자본 [구성요소]|지배기업의 소유주에게 귀속되는 지분 [구성요소]|기타포괄손익누계액 [구성요소],,,2026,KRW,,,,4488035595,제 31 기 1분기,9,11013,fnlttSinglAcntAll,,3938222095,제 32 기 1분기
jyp_entertainment,JYP Entertainment,00258689,035900,KRW,Q1_2026,2026,11013,First-quarter report,20260515002272,SCE,자본변동표,ifrs-full_Equity,자본총계,자본 [구성요소]|지배기업의 소유주에게 귀속되는 지분 [구성요소],,,2026,KRW,,,,532093989497,제 31 기 1분기,9,11013,fnlttSinglAcntAll,,625777861602,제 32 기 1분기
jyp_entertainment,JYP Entertainment,00258689,035900,KRW,Q1_2026,2026,11013,First-quarter report,20260515002272,SCE,자본변동표,ifrs-full_Equity,자본총계,자본 [구성요소]|비지배지분 [구성요소],,,2026,KRW,,,,4216468151,제 31 기 1분기,9,11013,fnlttSinglAcntAll,,4532881520,제 32 기 1분기
jyp_entertainment,JYP Entertainment,00258689,035900,KRW,Q1_2026,2026,11013,First-quarter report,20260515002272,SCE,자본변동표,ifrs-full_Equity,자본총계,연결재무제표 [member],,,2026,KRW,,624947719298,,536310457648,제 31 기 1분기,9,11013,fnlttSinglAcntAll,,630310743122,제 32 기 1분기
jyp_entertainment,JYP Entertainment,00258689,035900,KRW,Q1_2026,2026,11013,First-quarter report,20260515002272,SCE,자본변동표,ifrs-full_IncreaseDecreaseThroughTransactionsWithOwners,소유주와의 거래,자본 [구성요소]|지배기업의 소유주에게 귀속되는 지분 [구성요소]|자본잉여금 [구성요소],,,2026,KRW,,,,0,제 31 기 1분기,10,11013,fnlttSinglAcntAll,,0,제 32 기 1분기
jyp_entertainment,JYP Entertainment,00258689,035900,KRW,Q1_2026,2026,11013,First-quarter report,20260515002272,SCE,자본변동표,ifrs-full_IncreaseDecreaseThroughTransactionsWithOwners,소유주와의 거래,자본 [구성요소]|지배기업의 소유주에게 귀속되는 지분 [구성요소]|자본조정 [구성요소],,,2026,KRW,,,,0,제 31 기 1분기,10,11013,fnlttSinglAcntAll,,0,제 32 기 1분기
jyp_entertainment,JYP Entertainment,00258689,035900,KRW,Q1_2026,2026,11013,First-quarter report,20260515002272,SCE,자본변동표,ifrs-full_IncreaseDecreaseThroughTransactionsWithOwners,소유주와의 거래,자본 [구성요소]|지배기업의 소유주에게 귀속되는 지분 [구성요소]|자본금 [구성요소],,,2026,KRW,,,,0,제 31 기 1분기,10,11013,fnlttSinglAcntAll,,0,제 32 기 1분기
jyp_entertainment,JYP Entertainment,00258689,035900,KRW,Q1_2026,2026,11013,First-quarter report,20260515002272,SCE,자본변동표,ifrs-full_IncreaseDecreaseThroughTransactionsWithOwners,소유주와의 거래,자본 [구성요소]|지배기업의 소유주에게 귀속되는 지분 [구성요소]|이익잉여금 [구성요소],,,2026,KRW,,,,-17693053506,제 31 기 1분기,10,11013,fnlttSinglAcntAll,,-29057692743,제 32 기 1분기
jyp_entertainment,JYP Entertainment,00258689,035900,KRW,Q1_2026,2026,11013,First-quarter report,20260515002272,SCE,자본변동표,ifrs-full_IncreaseDecreaseThroughTransactionsWithOwners,소유주와의 거래,자본 [구성요소]|지배기업의 소유주에게 귀속되는 지분 [구성요소]|기타포괄손익누계액 [구성요소],,,2026,KRW,,,,0,제 31 기 1분기,10,11013,fnlttSinglAcntAll,,0,제 32 기 1분기
jyp_entertainment,JYP Entertainment,00258689,035900,KRW,Q1_2026,2026,11013,First-quarter report,20260515002272,SCE,자본변동표,ifrs-full_IncreaseDecreaseThroughTransactionsWithOwners,소유주와의 거래,자본 [구성요소]|지배기업의 소유주에게 귀속되는 지분 [구성요소],,,2026,KRW,,,,-17693053506,제 31 기 1분기,10,11013,fnlttSinglAcntAll,,-29057692743,제 32 기 1분기
jyp_entertainment,JYP Entertainment,00258689,035900,KRW,Q1_2026,2026,11013,First-quarter report,20260515002272,SCE,자본변동표,ifrs-full_IncreaseDecreaseThroughTransactionsWithOwners,소유주와의 거래,자본 [구성요소]|비지배지분 [구성요소],,,2026,KRW,,,,0,제 31 기 1분기,10,11013,fnlttSinglAcntAll,,0,제 32 기 1분기
jyp_entertainment,JYP Entertainment,00258689,035900,KRW,Q1_2026,2026,11013,First-quarter report,20260515002272,SCE,자본변동표,ifrs-full_IncreaseDecreaseThroughTransactionsWithOwners,소유주와의 거래,연결재무제표 [member],,,2026,KRW,,,,-17693053506,제 31 기 1분기,10,11013,fnlttSinglAcntAll,,-29057692743,제 32 기 1분기
jyp_entertainment,JYP Entertainment,00258689,035900,KRW,Q1_2026,2026,11013,First-quarter report,20260515002272,SCE,자본변동표,ifrs-full_DividendsPaid,배당금의 지급,연결재무제표 [member],,,2026,KRW,,,,17693053506,제 31 기 1분기,11,11013,fnlttSinglAcntAll,,29057692743,제 32 기 1분기
jyp_entertainment,JYP Entertainment,00258689,035900,KRW,Q1_2026,2026,11013,First-quarter report,20260515002272,SCE,자본변동표,ifrs-full_DividendsPaid,배당금의 지급,자본 [구성요소]|비지배지분 [구성요소],,,2026,KRW,,,,0,제 31 기 1분기,11,11013,fnlttSinglAcntAll,,0,제 32 기 1분기
jyp_entertainment,JYP Entertainment,00258689,035900,KRW,Q1_2026,2026,11013,First-quarter report,20260515002272,SCE,자본변동표,ifrs-full_DividendsPaid,배당금의 지급,자본 [구성요소]|지배기업의 소유주에게 귀속되는 지분 [구성요소],,,2026,KRW,,,,17693053506,제 31 기 1분기,11,11013,fnlttSinglAcntAll,,29057692743,제 32 기 1분기
jyp_entertainment,JYP Entertainment,00258689,035900,KRW,Q1_2026,2026,11013,First-quarter report,20260515002272,SCE,자본변동표,ifrs-full_DividendsPaid,배당금의 지급,자본 [구성요소]|지배기업의 소유주에게 귀속되는 지분 [구성요소]|기타포괄손익누계액 [구성요소],,,2026,KRW,,,,0,제 31 기 1분기,11,11013,fnlttSinglAcntAll,,0,제 32 기 1분기
jyp_entertainment,JYP Entertainment,00258689,035900,KRW,Q1_2026,2026,11013,First-quarter report,20260515002272,SCE,자본변동표,ifrs-full_DividendsPaid,배당금의 지급,자본 [구성요소]|지배기업의 소유주에게 귀속되는 지분 [구성요소]|이익잉여금 [구성요소],,,2026,KRW,,,,17693053506,제 31 기 1분기,11,11013,fnlttSinglAcntAll,,29057692743,제 32 기 1분기
jyp_entertainment,JYP Entertainment,00258689,035900,KRW,Q1_2026,2026,11013,First-quarter report,20260515002272,SCE,자본변동표,ifrs-full_DividendsPaid,배당금의 지급,자본 [구성요소]|지배기업의 소유주에게 귀속되는 지분 [구성요소]|자본금 [구성요소],,,2026,KRW,,,,0,제 31 기 1분기,11,11013,fnlttSinglAcntAll,,0,제 32 기 1분기
jyp_entertainment,JYP Entertainment,00258689,035900,KRW,Q1_2026,2026,11013,First-quarter report,20260515002272,SCE,자본변동표,ifrs-full_DividendsPaid,배당금의 지급,자본 [구성요소]|지배기업의 소유주에게 귀속되는 지분 [구성요소]|자본잉여금 [구성요소],,,2026,KRW,,,,0,제 31 기 1분기,11,11013,fnlttSinglAcntAll,,0,제 32 기 1분기
jyp_entertainment,JYP Entertainment,00258689,035900,KRW,Q1_2026,2026,11013,First-quarter report,20260515002272,SCE,자본변동표,ifrs-full_DividendsPaid,배당금의 지급,자본 [구성요소]|지배기업의 소유주에게 귀속되는 지분 [구성요소]|자본조정 [구성요소],,,2026,KRW,,,,0,제 31 기 1분기,11,11013,fnlttSinglAcntAll,,0,제 32 기 1분기
yg_entertainment,YG Entertainment,00613318,122870,KRW,FY2025,2025,11011,Annual report,20260323001610,BS,재무상태표,ifrs-full_Assets,자산총계,-,742203534745,제 26 기,2025,KRW,,734324597111,제 27 기,,,7,11011,fnlttSinglAcntAll,,838779404539,제 28 기
yg_entertainment,YG Entertainment,00613318,122870,KRW,FY2025,2025,11011,Annual report,20260323001610,BS,재무상태표,ifrs-full_CurrentAssets,유동자산,-,341155416879,제 26 기,2025,KRW,,302925155159,제 27 기,,,8,11011,fnlttSinglAcntAll,,446199537509,제 28 기
yg_entertainment,YG Entertainment,00613318,122870,KRW,FY2025,2025,11011,Annual report,20260323001610,BS,재무상태표,dart_ReceivablesAgentNet,대행미수금,-,4266647464,제 26 기,2025,KRW,,10220885010,제 27 기,,,9,11011,fnlttSinglAcntAll,,9341897966,제 28 기
yg_entertainment,YG Entertainment,00613318,122870,KRW,FY2025,2025,11011,Annual report,20260323001610,BS,재무상태표,ifrs-full_CashAndCashEquivalents,현금및현금성자산,-,96860476702,제 26 기,2025,KRW,,86702986093,제 27 기,,,10,11011,fnlttSinglAcntAll,,168219905571,제 28 기
yg_entertainment,YG Entertainment,00613318,122870,KRW,FY2025,2025,11011,Annual report,20260323001610,BS,재무상태표,ifrs-full_CurrentPrepayments,선급금,-,3097835262,제 26 기,2025,KRW,,3047485222,제 27 기,,,11,11011,fnlttSinglAcntAll,,6258984875,제 28 기
yg_entertainment,YG Entertainment,00613318,122870,KRW,FY2025,2025,11011,Annual report,20260323001610,BS,재무상태표,ifrs-full_CurrentTradeReceivables,매출채권,-,66247234220,제 26 기,2025,KRW,,69392153854,제 27 기,,,12,11011,fnlttSinglAcntAll,,91583382123,제 28 기
yg_entertainment,YG Entertainment,00613318,122870,KRW,FY2025,2025,11011,Annual report,20260323001610,BS,재무상태표,ifrs-full_Inventories,재고자산,-,17233524788,제 26 기,2025,KRW,,9598965816,제 27 기,,,13,11011,fnlttSinglAcntAll,,21005093420,제 28 기
yg_entertainment,YG Entertainment,00613318,122870,KRW,FY2025,2025,11011,Annual report,20260323001610,BS,재무상태표,ifrs-full_OtherCurrentAssets,기타유동자산,-,16413365501,제 26 기,2025,KRW,,7975247694,제 27 기,,,14,11011,fnlttSinglAcntAll,,13106890143,제 28 기
yg_entertainment,YG Entertainment,00613318,122870,KRW,FY2025,2025,11011,Annual report,20260323001610,BS,재무상태표,ifrs-full_OtherCurrentFinancialAssets,기타유동금융자산,-,9928235833,제 26 기,2025,KRW,,9739540686,제 27 기,,,15,11011,fnlttSinglAcntAll,,18417244062,제 28 기
yg_entertainment,YG Entertainment,00613318,122870,KRW,FY2025,2025,11011,Annual report,20260323001610,BS,재무상태표,ifrs-full_ShorttermDepositsNotClassifiedAsCashEquivalents,단기금융자산,-,127108097109,제 26 기,2025,KRW,,106247890784,제 27 기,,,16,11011,fnlttSinglAcntAll,,118266139349,제 28 기
yg_entertainment,YG Entertainment,00613318,122870,KRW,FY2025,2025,11011,Annual report,20260323001610,BS,재무상태표,ifrs-full_NoncurrentAssets,비유동자산,-,394631318008,제 26 기,2025,KRW,,431399441952,제 27 기,,,17,11011,fnlttSinglAcntAll,,392579867030,제 28 기
yg_entertainment,YG Entertainment,00613318,122870,KRW,FY2025,2025,11011,Annual report,20260323001610,BS,재무상태표,dart_LongTermDepositsNotClassifiedAsCashEquivalents,장기금융자산,-,91481114821,제 26 기,2025,KRW,,119559466270,제 27 기,,,18,11011,fnlttSinglAcntAll,,113628796602,제 28 기
yg_entertainment,YG Entertainment,00613318,122870,KRW,FY2025,2025,11011,Annual report,20260323001610,BS,재무상태표,ifrs-full_DeferredTaxAssets,이연법인세자산,-,12191443423,제 26 기,2025,KRW,,12550802967,제 27 기,,,19,11011,fnlttSinglAcntAll,,18017398446,제 28 기
yg_entertainment,YG Entertainment,00613318,122870,KRW,FY2025,2025,11011,Annual report,20260323001610,BS,재무상태표,ifrs-full_IntangibleAssetsAndGoodwill,무형자산,-,47082657725,제 26 기,2025,KRW,,47382577696,제 27 기,,,20,11011,fnlttSinglAcntAll,,34692548888,제 28 기
yg_entertainment,YG Entertainment,00613318,122870,KRW,FY2025,2025,11011,Annual report,20260323001610,BS,재무상태표,ifrs-full_InvestmentAccountedForUsingEquityMethod,공동기업및관계기업투자,-,45702667998,제 26 기,2025,KRW,,50183745638,제 27 기,,,21,11011,fnlttSinglAcntAll,,43830974690,제 28 기
yg_entertainment,YG Entertainment,00613318,122870,KRW,FY2025,2025,11011,Annual report,20260323001610,BS,재무상태표,ifrs-full_InvestmentProperty,투자부동산,-,10134832881,제 26 기,2025,KRW,,0,제 27 기,,,22,11011,fnlttSinglAcntAll,,1058664511,제 28 기
yg_entertainment,YG Entertainment,00613318,122870,KRW,FY2025,2025,11011,Annual report,20260323001610,BS,재무상태표,ifrs-full_OtherNoncurrentFinancialAssets,기타비유동금융자산,-,8639201869,제 26 기,2025,KRW,,13279960956,제 27 기,,,23,11011,fnlttSinglAcntAll,,5954302054,제 28 기
yg_entertainment,YG Entertainment,00613318,122870,KRW,FY2025,2025,11011,Annual report,20260323001610,BS,재무상태표,ifrs-full_PropertyPlantAndEquipment,유형자산,-,179399399291,제 26 기,2025,KRW,,188442888425,제 27 기,,,24,11011,fnlttSinglAcntAll,,175397181839,제 28 기
yg_entertainment,YG Entertainment,00613318,122870,KRW,FY2025,2025,11011,Annual report,20260323001610,BS,재무상태표,ifrs-full_NoncurrentAssetsOrDisposalGroupsClassifiedAsHeldForSale,매각예정으로 분류된 처분집단의 자산,-,6416799858,제 26 기,2025,KRW,,0,제 27 기,,,25,11011,fnlttSinglAcntAll,,0,제 28 기
yg_entertainment,YG Entertainment,00613318,122870,KRW,FY2025,2025,11011,Annual report,20260323001610,BS,재무상태표,ifrs-full_Equity,자본총계,-,585158756834,제 26 기,2025,KRW,,603250105509,제 27 기,,,27,11011,fnlttSinglAcntAll,,650845160180,제 28 기
yg_entertainment,YG Entertainment,00613318,122870,KRW,FY2025,2025,11011,Annual report,20260323001610,BS,재무상태표,ifrs-full_EquityAttributableToOwnersOfParent,지배기업 소유주 지분,-,466661983251,제 26 기,2025,KRW,,483138204107,제 27 기,,,28,11011,fnlttSinglAcntAll,,513544973528,제 28 기
yg_entertainment,YG Entertainment,00613318,122870,KRW,FY2025,2025,11011,Annual report,20260323001610,BS,재무상태표,dart_CapitalAdjustments,자본조정,-,17539740135,제 26 기,2025,KRW,,17272280968,제 27 기,,,29,11011,fnlttSinglAcntAll,,18356154073,제 28 기
yg_entertainment,YG Entertainment,00613318,122870,KRW,FY2025,2025,11011,Annual report,20260323001610,BS,재무상태표,dart_CapitalSurplus,자본잉여금,-,226520232170,제 26 기,2025,KRW,,226654189170,제 27 기,,,30,11011,fnlttSinglAcntAll,,226709396543,제 28 기
yg_entertainment,YG Entertainment,00613318,122870,KRW,FY2025,2025,11011,Annual report,20260323001610,BS,재무상태표,dart_OtherComprehensiveIncomeLossAccumulatedAmount,기타포괄손익누계액,-,-2979857662,제 26 기,2025,KRW,,341665662,제 27 기,,,31,11011,fnlttSinglAcntAll,,529232463,제 28 기
yg_entertainment,YG Entertainment,00613318,122870,KRW,FY2025,2025,11011,Annual report,20260323001610,BS,재무상태표,ifrs-full_IssuedCapital,자본금,-,9503776500,제 26 기,2025,KRW,,9505716500,제 27 기,,,32,11011,fnlttSinglAcntAll,,9505716500,제 28 기
yg_entertainment,YG Entertainment,00613318,122870,KRW,FY2025,2025,11011,Annual report,20260323001610,BS,재무상태표,ifrs-full_RetainedEarnings,이익잉여금,-,216078092108,제 26 기,2025,KRW,,229364351807,제 27 기,,,33,11011,fnlttSinglAcntAll,,258444473949,제 28 기
yg_entertainment,YG Entertainment,00613318,122870,KRW,FY2025,2025,11011,Annual report,20260323001610,BS,재무상태표,ifrs-full_NoncontrollingInterests,비지배지분,-,118496773583,제 26 기,2025,KRW,,120111901402,제 27 기,,,34,11011,fnlttSinglAcntAll,,137300186652,제 28 기
yg_entertainment,YG Entertainment,00613318,122870,KRW,FY2025,2025,11011,Annual report,20260323001610,BS,재무상태표,ifrs-full_EquityAndLiabilities,자본과부채총계,-,742203534745,제 26 기,2025,KRW,,734324597111,제 27 기,,,35,11011,fnlttSinglAcntAll,,838779404539,제 28 기
yg_entertainment,YG Entertainment,00613318,122870,KRW,FY2025,2025,11011,Annual report,20260323001610,BS,재무상태표,ifrs-full_CurrentLiabilities,유동부채,-,141893103401,제 26 기,2025,KRW,,110480349761,제 27 기,,,37,11011,fnlttSinglAcntAll,,170900054358,제 28 기
yg_entertainment,YG Entertainment,00613318,122870,KRW,FY2025,2025,11011,Annual report,20260323001610,BS,재무상태표,dart_ShortTermIncomeReceivedInAdvance,선수수익,-,22895717769,제 26 기,2025,KRW,,10356761096,제 27 기,,,38,11011,fnlttSinglAcntAll,,15781447928,제 28 기
yg_entertainment,YG Entertainment,00613318,122870,KRW,FY2025,2025,11011,Annual report,20260323001610,BS,재무상태표,-표준계정코드 미사용-,유동성장기차입부채,-,8256912003,제 26 기,2025,KRW,,834272582,제 27 기,,,39,11011,fnlttSinglAcntAll,,829409336,제 28 기
yg_entertainment,YG Entertainment,00613318,122870,KRW,FY2025,2025,11011,Annual report,20260323001610,BS,재무상태표,ifrs-full_CurrentAdvances,선수금,-,1931548977,제 26 기,2025,KRW,,2118256556,제 27 기,,,40,11011,fnlttSinglAcntAll,,13792985178,제 28 기
yg_entertainment,YG Entertainment,00613318,122870,KRW,FY2025,2025,11011,Annual report,20260323001610,BS,재무상태표,ifrs-full_CurrentLeaseLiabilities,단기리스부채,-,3845510849,제 26 기,2025,KRW,,5567969664,제 27 기,,,41,11011,fnlttSinglAcntAll,,4805218340,제 28 기
yg_entertainment,YG Entertainment,00613318,122870,KRW,FY2025,2025,11011,Annual report,20260323001610,BS,재무상태표,ifrs-full_CurrentTaxLiabilities,당기법인세부채,-,8356359830,제 26 기,2025,KRW,,1784875291,제 27 기,,,42,11011,fnlttSinglAcntAll,,9803143841,제 28 기
yg_entertainment,YG Entertainment,00613318,122870,KRW,FY2025,2025,11011,Annual report,20260323001610,BS,재무상태표,ifrs-full_OtherCurrentLiabilities,기타유동부채,-,8372943168,제 26 기,2025,KRW,,3516395666,제 27 기,,,43,11011,fnlttSinglAcntAll,,8400672333,제 28 기
yg_entertainment,YG Entertainment,00613318,122870,KRW,FY2025,2025,11011,Annual report,20260323001610,BS,재무상태표,ifrs-full_TradeAndOtherCurrentPayables,매입채무및기타금융부채,-,88234110805,제 26 기,2025,KRW,,86301818906,제 27 기,,,44,11011,fnlttSinglAcntAll,,117487177402,제 28 기
yg_entertainment,YG Entertainment,00613318,122870,KRW,FY2025,2025,11011,Annual report,20260323001610,BS,재무상태표,ifrs-full_Liabilities,부채총계,-,157044777911,제 26 기,2025,KRW,,131074491602,제 27 기,,,45,11011,fnlttSinglAcntAll,,187934244359,제 28 기
yg_entertainment,YG Entertainment,00613318,122870,KRW,FY2025,2025,11011,Annual report,20260323001610,BS,재무상태표,ifrs-full_LiabilitiesIncludedInDisposalGroupsClassifiedAsHeldForSale,매각예정으로 분류된 처분집단의 부채,-,5428878617,제 26 기,2025,KRW,,0,제 27 기,,,46,11011,fnlttSinglAcntAll,,0,제 28 기
yg_entertainment,YG Entertainment,00613318,122870,KRW,FY2025,2025,11011,Annual report,20260323001610,BS,재무상태표,ifrs-full_NoncurrentLiabilities,비유동부채,-,9722795893,제 26 기,2025,KRW,,20594141841,제 27 기,,,47,11011,fnlttSinglAcntAll,,17034190001,제 28 기
yg_entertainment,YG Entertainment,00613318,122870,KRW,FY2025,2025,11011,Annual report,20260323001610,BS,재무상태표,ifrs-full_DeferredTaxLiabilities,이연법인세부채,-,766522758,제 26 기,2025,KRW,,410487756,제 27 기,,,48,11011,fnlttSinglAcntAll,,676490578,제 28 기
yg_entertainment,YG Entertainment,00613318,122870,KRW,FY2025,2025,11011,Annual report,20260323001610,BS,재무상태표,ifrs-full_NoncurrentLeaseLiabilities,장기리스부채,-,3272411196,제 26 기,2025,KRW,,5419817090,제 27 기,,,49,11011,fnlttSinglAcntAll,,1011880330,제 28 기
yg_entertainment,YG Entertainment,00613318,122870,KRW,FY2025,2025,11011,Annual report,20260323001610,BS,재무상태표,ifrs-full_NoncurrentPortionOfNoncurrentLoansReceived,장기차입부채,-,0,제 26 기,2025,KRW,,7112041967,제 27 기,,,50,11011,fnlttSinglAcntAll,,6139477421,제 28 기
yg_entertainment,YG Entertainment,00613318,122870,KRW,FY2025,2025,11011,Annual report,20260323001610,BS,재무상태표,ifrs-full_OtherNoncurrentFinancialLiabilities,기타비유동금융부채,-,3602776221,제 26 기,2025,KRW,,5930579657,제 27 기,,,51,11011,fnlttSinglAcntAll,,6396402498,제 28 기
yg_entertainment,YG Entertainment,00613318,122870,KRW,FY2025,2025,11011,Annual report,20260323001610,BS,재무상태표,ifrs-full_OtherNoncurrentLiabilities,기타비유동부채,-,2081085718,제 26 기,2025,KRW,,1721215371,제 27 기,,,52,11011,fnlttSinglAcntAll,,2809939174,제 28 기
yg_entertainment,YG Entertainment,00613318,122870,KRW,FY2025,2025,11011,Annual report,20260323001610,CIS,포괄손익계산서,dart_NonOperatingProfitLoss,영업외손익,-,8151747096,제 26 기,2025,KRW,,26795907594,제 27 기,,,6,11011,fnlttSinglAcntAll,,3682619801,제 28 기
yg_entertainment,YG Entertainment,00613318,122870,KRW,FY2025,2025,11011,Annual report,20260323001610,CIS,포괄손익계산서,dart_OtherGains,기타수익,-,4100488297,제 26 기,2025,KRW,,16115259645,제 27 기,,,7,11011,fnlttSinglAcntAll,,4443794244,제 28 기
yg_entertainment,YG Entertainment,00613318,122870,KRW,FY2025,2025,11011,Annual report,20260323001610,CIS,포괄손익계산서,dart_OtherLosses,기타비용,-,1924541417,제 26 기,2025,KRW,,3867135843,제 27 기,,,8,11011,fnlttSinglAcntAll,,7843011068,제 28 기
yg_entertainment,YG Entertainment,00613318,122870,KRW,FY2025,2025,11011,Annual report,20260323001610,CIS,포괄손익계산서,ifrs-full_FinanceCosts,금융비용,-,13157724748,제 26 기,2025,KRW,,4311136566,제 27 기,,,9,11011,fnlttSinglAcntAll,,11194573571,제 28 기
yg_entertainment,YG Entertainment,00613318,122870,KRW,FY2025,2025,11011,Annual report,20260323001610,CIS,포괄손익계산서,ifrs-full_FinanceIncome,금융수익,-,19133524964,제 26 기,2025,KRW,,18858920358,제 27 기,,,10,11011,fnlttSinglAcntAll,,18276410196,제 28 기
yg_entertainment,YG Entertainment,00613318,122870,KRW,FY2025,2025,11011,Annual report,20260323001610,CIS,포괄손익계산서,dart_OperatingIncomeLoss,영업이익(손실),-,86932081062,제 26 기,2025,KRW,,-20558087283,제 27 기,,,11,11011,fnlttSinglAcntAll,,71341515441,제 28 기
yg_entertainment,YG Entertainment,00613318,122870,KRW,FY2025,2025,11011,Annual report,20260323001610,CIS,포괄손익계산서,dart_OtherOperatingExpense,기타영업비용,-,4825767509,제 26 기,2025,KRW,,7637427031,제 27 기,,,12,11011,fnlttSinglAcntAll,,2392695981,제 28 기
yg_entertainment,YG Entertainment,00613318,122870,KRW,FY2025,2025,11011,Annual report,20260323001610,CIS,포괄손익계산서,dart_OtherOperatingIncome,기타영업수익,-,12236135446,제 26 기,2025,KRW,,5710426910,제 27 기,,,13,11011,fnlttSinglAcntAll,,21581857083,제 28 기
yg_entertainment,YG Entertainment,00613318,122870,KRW,FY2025,2025,11011,Annual report,20260323001610,CIS,포괄손익계산서,dart_TotalSellingGeneralAdministrativeExpenses,판매비와관리비,-,106445639111,제 26 기,2025,KRW,,118103879660,제 27 기,,,14,11011,fnlttSinglAcntAll,,134451881016,제 28 기
yg_entertainment,YG Entertainment,00613318,122870,KRW,FY2025,2025,11011,Annual report,20260323001610,CIS,포괄손익계산서,ifrs-full_ComprehensiveIncome,총포괄이익,-,76042081421,제 26 기,2025,KRW,,23434990920,제 27 기,,,15,11011,fnlttSinglAcntAll,,50459460468,제 28 기
yg_entertainment,YG Entertainment,00613318,122870,KRW,FY2025,2025,11011,Annual report,20260323001610,CIS,포괄손익계산서,ifrs-full_ComprehensiveIncomeAttributableToNoncontrollingInterests,비지배지분,-,14639995375,제 26 기,2025,KRW,,1594120333,제 27 기,,,17,11011,fnlttSinglAcntAll,,16555052025,제 28 기
yg_entertainment,YG Entertainment,00613318,122870,KRW,FY2025,2025,11011,Annual report,20260323001610,CIS,포괄손익계산서,ifrs-full_ComprehensiveIncomeAttributableToOwnersOfParent,지배주주지분,-,61402086046,제 26 기,2025,KRW,,21840870587,제 27 기,,,18,11011,fnlttSinglAcntAll,,33904408443,제 28 기
yg_entertainment,YG Entertainment,00613318,122870,KRW,FY2025,2025,11011,Annual report,20260323001610,CIS,포괄손익계산서,ifrs-full_CostOfSales,매출원가,-,383227726506,제 26 기,2025,KRW,,265476191665,제 27 기,,,19,11011,fnlttSinglAcntAll,,358800026633,제 28 기
yg_entertainment,YG Entertainment,00613318,122870,KRW,FY2025,2025,11011,Annual report,20260323001610,CIS,포괄손익계산서,ifrs-full_BasicEarningsLossPerShare,기본주당손익,-,3310,제 26 기,2025,KRW,,999,제 27 기,,,21,11011,fnlttSinglAcntAll,,1990,제 28 기
yg_entertainment,YG Entertainment,00613318,122870,KRW,FY2025,2025,11011,Annual report,20260323001610,CIS,포괄손익계산서,ifrs-full_BasicEarningsLossPerShareFromContinuingOperations,계속영업 기본주당이익,-,3317,제 26 기,2025,KRW,,999,제 27 기,,,22,11011,fnlttSinglAcntAll,,1990,제 28 기
yg_entertainment,YG Entertainment,00613318,122870,KRW,FY2025,2025,11011,Annual report,20260323001610,CIS,포괄손익계산서,ifrs-full_BasicEarningsLossPerShareFromDiscontinuedOperations,중단영업 기본주당손실,-,-7,제 26 기,2025,KRW,,0,제 27 기,,,23,11011,fnlttSinglAcntAll,,0,제 28 기
yg_entertainment,YG Entertainment,00613318,122870,KRW,FY2025,2025,11011,Annual report,20260323001610,CIS,포괄손익계산서,ifrs-full_DilutedEarningsLossPerShare,희석주당손익,-,3308,제 26 기,2025,KRW,,999,제 27 기,,,24,11011,fnlttSinglAcntAll,,1988,제 28 기
yg_entertainment,YG Entertainment,00613318,122870,KRW,FY2025,2025,11011,Annual report,20260323001610,CIS,포괄손익계산서,ifrs-full_DilutedEarningsLossPerShareFromContinuingOperations,계속영업 희석주당이익,-,3315,제 26 기,2025,KRW,,999,제 27 기,,,25,11011,fnlttSinglAcntAll,,1988,제 28 기
yg_entertainment,YG Entertainment,00613318,122870,KRW,FY2025,2025,11011,Annual report,20260323001610,CIS,포괄손익계산서,ifrs-full_DilutedEarningsLossPerShareFromDiscontinuedOperations,중단영업 희석주당손실,-,-7,제 26 기,2025,KRW,,0,제 27 기,,,26,11011,fnlttSinglAcntAll,,0,제 28 기
yg_entertainment,YG Entertainment,00613318,122870,KRW,FY2025,2025,11011,Annual report,20260323001610,CIS,포괄손익계산서,ifrs-full_GrossProfit,매출총이익,-,185967352236,제 26 기,2025,KRW,,99472792498,제 27 기,,,27,11011,fnlttSinglAcntAll,,186604235355,제 28 기
yg_entertainment,YG Entertainment,00613318,122870,KRW,FY2025,2025,11011,Annual report,20260323001610,CIS,포괄손익계산서,ifrs-full_IncomeTaxExpenseContinuingOperations,계속영업 법인세비용,-,15463977313,제 26 기,2025,KRW,,8792758547,제 27 기,,,28,11011,fnlttSinglAcntAll,,21478946166,제 28 기
yg_entertainment,YG Entertainment,00613318,122870,KRW,FY2025,2025,11011,Annual report,20260323001610,CIS,포괄손익계산서,ifrs-full_OtherComprehensiveIncome,기타포괄손익,-,-942176827,제 26 기,2025,KRW,,3405372582,제 27 기,,,29,11011,fnlttSinglAcntAll,,-3285177345,제 28 기
yg_entertainment,YG Entertainment,00613318,122870,KRW,FY2025,2025,11011,Annual report,20260323001610,CIS,포괄손익계산서,ifrs-full_OtherComprehensiveIncomeThatWillBeReclassifiedToProfitOrLossNetOfTax,후속적으로 당기손익으로 재분류될 수 있는 항목,-,-198574123,제 26 기,2025,KRW,,3405372582,제 27 기,,,30,11011,fnlttSinglAcntAll,,-2282650683,제 28 기
yg_entertainment,YG Entertainment,00613318,122870,KRW,FY2025,2025,11011,Annual report,20260323001610,CIS,포괄손익계산서,ifrs-full_GainsLossesOnExchangeDifferencesOnTranslationNetOfTax,해외사업장환산외환차이,-,-826213024,제 26 기,2025,KRW,,1691381412,제 27 기,,,31,11011,fnlttSinglAcntAll,,-880321281,제 28 기
yg_entertainment,YG Entertainment,00613318,122870,KRW,FY2025,2025,11011,Annual report,20260323001610,CIS,포괄손익계산서,ifrs-full_GainsLossesOnFinancialAssetsMeasuredAtFairValueThroughOtherComprehensiveIncomeNetOfTax,기타포괄손익-공정가치채무상품 평가손익,-,1159702112,제 26 기,2025,KRW,,865472588,제 27 기,,,32,11011,fnlttSinglAcntAll,,-1030432609,제 28 기
yg_entertainment,YG Entertainment,00613318,122870,KRW,FY2025,2025,11011,Annual report,20260323001610,CIS,포괄손익계산서,ifrs-full_ShareOfOtherComprehensiveIncomeOfAssociatesAndJointVenturesAccountedForUsingEquityMethodThatWillBeReclassifiedToProfitOrLossNetOfTax,지분법자본변동,-,-532063211,제 26 기,2025,KRW,,848518582,제 27 기,,,33,11011,fnlttSinglAcntAll,,-371896793,제 28 기
yg_entertainment,YG Entertainment,00613318,122870,KRW,FY2025,2025,11011,Annual report,20260323001610,CIS,포괄손익계산서,ifrs-full_OtherComprehensiveIncomeThatWillNotBeReclassifiedToProfitOrLossNetOfTax,후속적으로 당기손익으로 재분류될 수 없는 항목,-,-743602704,제 26 기,2025,KRW,,0,제 27 기,,,34,11011,fnlttSinglAcntAll,,-1002526662,제 28 기
yg_entertainment,YG Entertainment,00613318,122870,KRW,FY2025,2025,11011,Annual report,20260323001610,CIS,포괄손익계산서,ifrs-full_OtherComprehensiveIncomeNetOfTaxGainsLossesFromInvestmentsInEquityInstruments,기타포괄손익-공정가치지분상품 평가손익,-,-743602704,제 26 기,2025,KRW,,0,제 27 기,,,35,11011,fnlttSinglAcntAll,,-1002526662,제 28 기
yg_entertainment,YG Entertainment,00613318,122870,KRW,FY2025,2025,11011,Annual report,20260323001610,CIS,포괄손익계산서,ifrs-full_ProfitLoss,연결당기순이익(손실),-,76984258248,제 26 기,2025,KRW,,20029618338,제 27 기,,,36,11011,fnlttSinglAcntAll,,53744637813,제 28 기
yg_entertainment,YG Entertainment,00613318,122870,KRW,FY2025,2025,11011,Annual report,20260323001610,CIS,포괄손익계산서,ifrs-full_ProfitLossAttributableToNoncontrollingInterests,비지배지분,-,15646953456,제 26 기,2025,KRW,,1510271075,제 27 기,,,38,11011,fnlttSinglAcntAll,,16844748402,제 28 기
yg_entertainment,YG Entertainment,00613318,122870,KRW,FY2025,2025,11011,Annual report,20260323001610,CIS,포괄손익계산서,ifrs-full_ProfitLossFromContinuingOperationsAttributableToNoncontrollingInterests,계속영업이익,-,16266102347,제 26 기,2025,KRW,,1510271075,제 27 기,,,39,11011,fnlttSinglAcntAll,,16844748402,제 28 기
yg_entertainment,YG Entertainment,00613318,122870,KRW,FY2025,2025,11011,Annual report,20260323001610,CIS,포괄손익계산서,ifrs-full_ProfitLossFromDiscontinuedOperationsAttributableToNoncontrollingInterests,중단영업손실,-,-619148891,제 26 기,2025,KRW,,0,제 27 기,,,40,11011,fnlttSinglAcntAll,,0,제 28 기
yg_entertainment,YG Entertainment,00613318,122870,KRW,FY2025,2025,11011,Annual report,20260323001610,CIS,포괄손익계산서,ifrs-full_ProfitLossAttributableToOwnersOfParent,지배주주지분,-,61337304792,제 26 기,2025,KRW,,18519347263,제 27 기,,,41,11011,fnlttSinglAcntAll,,36899889411,제 28 기
yg_entertainment,YG Entertainment,00613318,122870,KRW,FY2025,2025,11011,Annual report,20260323001610,CIS,포괄손익계산서,ifrs-full_IncomeFromContinuingOperationsAttributableToOwnersOfParent,계속영업이익,-,61461450126,제 26 기,2025,KRW,,18519347263,제 27 기,,,42,11011,fnlttSinglAcntAll,,36899889411,제 28 기
yg_entertainment,YG Entertainment,00613318,122870,KRW,FY2025,2025,11011,Annual report,20260323001610,CIS,포괄손익계산서,ifrs-full_IncomeFromDiscontinuedOperationsAttributableToOwnersOfParent,중단영업손실,-,-124145334,제 26 기,2025,KRW,,0,제 27 기,,,43,11011,fnlttSinglAcntAll,,0,제 28 기
yg_entertainment,YG Entertainment,00613318,122870,KRW,FY2025,2025,11011,Annual report,20260323001610,CIS,포괄손익계산서,ifrs-full_ProfitLossBeforeTax,법인세비용차감전순이익,-,93191529786,제 26 기,2025,KRW,,28822376885,제 27 기,,,44,11011,fnlttSinglAcntAll,,75223583979,제 28 기
yg_entertainment,YG Entertainment,00613318,122870,KRW,FY2025,2025,11011,Annual report,20260323001610,CIS,포괄손익계산서,ifrs-full_ProfitLossFromContinuingOperations,계속영업이익,-,77727552473,제 26 기,2025,KRW,,20029618338,제 27 기,,,45,11011,fnlttSinglAcntAll,,53744637813,제 28 기
yg_entertainment,YG Entertainment,00613318,122870,KRW,FY2025,2025,11011,Annual report,20260323001610,CIS,포괄손익계산서,ifrs-full_ProfitLossFromDiscontinuedOperations,중단영업손실,-,-743294225,제 26 기,2025,KRW,,0,제 27 기,,,46,11011,fnlttSinglAcntAll,,0,제 28 기
yg_entertainment,YG Entertainment,00613318,122870,KRW,FY2025,2025,11011,Annual report,20260323001610,CIS,포괄손익계산서,ifrs-full_Revenue,매출액,-,569195078742,제 26 기,2025,KRW,,364948984163,제 27 기,,,47,11011,fnlttSinglAcntAll,,545404261988,제 28 기
yg_entertainment,YG Entertainment,00613318,122870,KRW,FY2025,2025,11011,Annual report,20260323001610,CIS,포괄손익계산서,ifrs-full_ShareOfProfitLossOfAssociatesAndJointVenturesAccountedForUsingEquityMethod,공동기업및관계기업투자손익,-,-1892298372,제 26 기,2025,KRW,,22584556574,제 27 기,,,48,11011,fnlttSinglAcntAll,,199448737,제 28 기
yg_entertainment,YG Entertainment,00613318,122870,KRW,FY2025,2025,11011,Annual report,20260323001610,CF,현금흐름표,dart_CashAndCashEquivalentsAtBeginningOfPeriodCf,기초의 현금및현금성자산,-,80205457490,제 26 기,2025,KRW,,96860476702,제 27 기,,,2,11011,fnlttSinglAcntAll,,86702986093,제 28 기
yg_entertainment,YG Entertainment,00613318,122870,KRW,FY2025,2025,11011,Annual report,20260323001610,CF,현금흐름표,dart_CashAndCashEquivalentsAtEndOfPeriodCf,기말의 현금및현금성자산,-,96860476702,제 26 기,2025,KRW,,86702986093,제 27 기,,,3,11011,fnlttSinglAcntAll,,168219905571,제 28 기
yg_entertainment,YG Entertainment,00613318,122870,KRW,FY2025,2025,11011,Annual report,20260323001610,CF,현금흐름표,-표준계정코드 미사용-,매각예정처분자산집단으로 분류된 현금및현금성자산의 변동,-,-397079023,제 26 기,2025,KRW,,1099200752,제 27 기,,,8,11011,fnlttSinglAcntAll,,0,제 28 기
yg_entertainment,YG Entertainment,00613318,122870,KRW,FY2025,2025,11011,Annual report,20260323001610,CF,현금흐름표,ifrs-full_CashFlowsFromUsedInFinancingActivities,재무활동현금흐름,-,-6302941279,제 26 기,2025,KRW,,-12300497924,제 27 기,,,9,11011,fnlttSinglAcntAll,,-11889284236,제 28 기
yg_entertainment,YG Entertainment,00613318,122870,KRW,FY2025,2025,11011,Annual report,20260323001610,CF,현금흐름표,-표준계정코드 미사용-,재무활동으로 인한 현금유입액,-,3922447294,제 26 기,2025,KRW,,187739405,제 27 기,,,10,11011,fnlttSinglAcntAll,,1736586267,제 28 기
yg_entertainment,YG Entertainment,00613318,122870,KRW,FY2025,2025,11011,Annual report,20260323001610,CF,현금흐름표,dart_AdjustmentsForIncreaseInFinancialLiabilitiesDesignatedAtFairValueThroughProfitOrLossClassifiedAsFinancingActivities,당기손익-공정가치측정금융부채의 발행,-,1068757500,제 26 기,2025,KRW,,0,제 27 기,,,11,11011,fnlttSinglAcntAll,,0,제 28 기
yg_entertainment,YG Entertainment,00613318,122870,KRW,FY2025,2025,11011,Annual report,20260323001610,CF,현금흐름표,dart_ProceedsFromExerciseOfShareOptions,주식선택권의 행사,-,818041000,제 26 기,2025,KRW,,98571400,제 27 기,,,12,11011,fnlttSinglAcntAll,,1736586267,제 28 기
yg_entertainment,YG Entertainment,00613318,122870,KRW,FY2025,2025,11011,Annual report,20260323001610,CF,현금흐름표,dart_ProceedsFromShortTermBorrowings,단기차입금의 차입,-,0,제 26 기,2025,KRW,,89168005,제 27 기,,,13,11011,fnlttSinglAcntAll,,0,제 28 기
yg_entertainment,YG Entertainment,00613318,122870,KRW,FY2025,2025,11011,Annual report,20260323001610,CF,현금흐름표,ifrs-full_ProceedsFromChangesInOwnershipInterestsInSubsidiaries,종속기업지분의 변동,-,2035648794,제 26 기,2025,KRW,,0,제 27 기,,,14,11011,fnlttSinglAcntAll,,0,제 28 기
yg_entertainment,YG Entertainment,00613318,122870,KRW,FY2025,2025,11011,Annual report,20260323001610,CF,현금흐름표,-표준계정코드 미사용-,재무활동으로 인한 현금유출액,-,9826282742,제 26 기,2025,KRW,,12488237329,제 27 기,,,15,11011,fnlttSinglAcntAll,,13625870503,제 28 기
yg_entertainment,YG Entertainment,00613318,122870,KRW,FY2025,2025,11011,Annual report,20260323001610,CF,현금흐름표,dart_PaymentsOfFinanceLeaseLiabilitiesClassifiedAsFinancingActivities,리스부채의 상환,-,4781720808,제 26 기,2025,KRW,,6021828522,제 27 기,,,16,11011,fnlttSinglAcntAll,,5954349214,제 28 기
yg_entertainment,YG Entertainment,00613318,122870,KRW,FY2025,2025,11011,Annual report,20260323001610,CF,현금흐름표,dart_RepaymentOfConvertibleBonds,전환우선주 상환,-,0,제 26 기,2025,KRW,,0,제 27 기,,,17,11011,fnlttSinglAcntAll,,584240500,제 28 기
yg_entertainment,YG Entertainment,00613318,122870,KRW,FY2025,2025,11011,Annual report,20260323001610,CF,현금흐름표,-표준계정코드 미사용-,비지배지분부채의 감소,-,0,제 26 기,2025,KRW,,165000000,제 27 기,,,18,11011,fnlttSinglAcntAll,,1266300000,제 28 기
yg_entertainment,YG Entertainment,00613318,122870,KRW,FY2025,2025,11011,Annual report,20260323001610,CF,현금흐름표,-표준계정코드 미사용-,유동성장기차입금의 상환,-,416862434,제 26 기,2025,KRW,,305147832,제 27 기,,,19,11011,fnlttSinglAcntAll,,847020789,제 28 기
yg_entertainment,YG Entertainment,00613318,122870,KRW,FY2025,2025,11011,Annual report,20260323001610,CF,현금흐름표,ifrs-full_DividendsPaidClassifiedAsFinancingActivities,배당금의 지급,-,4627699500,제 26 기,2025,KRW,,5996260975,제 27 기,,,20,11011,fnlttSinglAcntAll,,4636719500,제 28 기
yg_entertainment,YG Entertainment,00613318,122870,KRW,FY2025,2025,11011,Annual report,20260323001610,CF,현금흐름표,ifrs-full_PaymentsFromChangesInOwnershipInterestsInSubsidiaries,비지배지분의 증가(감소),-,0,제 26 기,2025,KRW,,0,제 27 기,,,21,11011,fnlttSinglAcntAll,,337240500,제 28 기
yg_entertainment,YG Entertainment,00613318,122870,KRW,FY2025,2025,11011,Annual report,20260323001610,CF,현금흐름표,ifrs-full_CashFlowsFromUsedInFinancingActivitiesDiscontinuedOperations,중단영업으로 인한 순현금흐름,-,-399105831,제 26 기,2025,KRW,,0,제 27 기,,,22,11011,fnlttSinglAcntAll,,0,제 28 기
yg_entertainment,YG Entertainment,00613318,122870,KRW,FY2025,2025,11011,Annual report,20260323001610,CF,현금흐름표,ifrs-full_CashFlowsFromUsedInInvestingActivities,투자활동현금흐름,-,-69709783145,제 26 기,2025,KRW,,628239911,제 27 기,,,23,11011,fnlttSinglAcntAll,,3066232423,제 28 기
yg_entertainment,YG Entertainment,00613318,122870,KRW,FY2025,2025,11011,Annual report,20260323001610,CF,현금흐름표,ifrs-full_CashFlowsFromUsedInInvestingActivitiesDiscontinuedOperations,중단영업으로 인한 순현금흐름,-,3456657109,제 26 기,2025,KRW,,0,제 27 기,,,24,11011,fnlttSinglAcntAll,,0,제 28 기
yg_entertainment,YG Entertainment,00613318,122870,KRW,FY2025,2025,11011,Annual report,20260323001610,CF,현금흐름표,ifrs-full_InflowsOfCashFromInvestingActivities,투자활동으로 인한 현금유입액,-,776034905866,제 26 기,2025,KRW,,865620582958,제 27 기,,,25,11011,fnlttSinglAcntAll,,746781357343,제 28 기
yg_entertainment,YG Entertainment,00613318,122870,KRW,FY2025,2025,11011,Annual report,20260323001610,CF,현금흐름표,dart_DecreaseInGuaranteeDeposits,보증금의 감소,-,1537560000,제 26 기,2025,KRW,,4480293684,제 27 기,,,26,11011,fnlttSinglAcntAll,,4640280000,제 28 기
yg_entertainment,YG Entertainment,00613318,122870,KRW,FY2025,2025,11011,Annual report,20260323001610,CF,현금흐름표,dart_DecreaseInLoans,대여금의 감소,-,475647352,제 26 기,2025,KRW,,629427824,제 27 기,,,27,11011,fnlttSinglAcntAll,,581545625,제 28 기
yg_entertainment,YG Entertainment,00613318,122870,KRW,FY2025,2025,11011,Annual report,20260323001610,CF,현금흐름표,dart_IncreaseInGuaranteeDepositsAsFinancialActivities,임대보증금의 증가,-,10000000,제 26 기,2025,KRW,,0,제 27 기,,,28,11011,fnlttSinglAcntAll,,500000000,제 28 기
yg_entertainment,YG Entertainment,00613318,122870,KRW,FY2025,2025,11011,Annual report,20260323001610,CF,현금흐름표,dart_ProceedsFromDisposalOfFinancialAssetsAtFairValueThroughProfitOrLossClassifiedAsInvestingActivities,당기손익-공정가치측정금융자산의 처분,-,74189357111,제 26 기,2025,KRW,,22200702379,제 27 기,,,29,11011,fnlttSinglAcntAll,,79744938995,제 28 기
yg_entertainment,YG Entertainment,00613318,122870,KRW,FY2025,2025,11011,Annual report,20260323001610,CF,현금흐름표,dart_ProceedsFromSalesOfFinancialAssetsAtAmortisedCostClassifiedAsInvestingActivities,상각후원가 금융자산의 감소,-,680259515317,제 26 기,2025,KRW,,801909049901,제 27 기,,,30,11011,fnlttSinglAcntAll,,645658698705,제 28 기
yg_entertainment,YG Entertainment,00613318,122870,KRW,FY2025,2025,11011,Annual report,20260323001610,CF,현금흐름표,dart_ProceedsFromSalesOfFinancialAssetsAtFairValueThroughOtherComprehensiveIncome,기타포괄손익-공정가치측정금융자산의처분,-,0,제 26 기,2025,KRW,,0,제 27 기,,,31,11011,fnlttSinglAcntAll,,975919650,제 28 기
yg_entertainment,YG Entertainment,00613318,122870,KRW,FY2025,2025,11011,Annual report,20260323001610,CF,현금흐름표,dart_ProceedsFromSalesOfNonCurrentAssetsOrDisposalGroupsClassifiedAsHeldForSale,매각예정자산의 처분,-,11092452882,제 26 기,2025,KRW,,0,제 27 기,,,32,11011,fnlttSinglAcntAll,,0,제 28 기
yg_entertainment,YG Entertainment,00613318,122870,KRW,FY2025,2025,11011,Annual report,20260323001610,CF,현금흐름표,-표준계정코드 미사용-,리스채권의 감소,-,73920845,제 26 기,2025,KRW,,36202000,제 27 기,,,33,11011,fnlttSinglAcntAll,,114144000,제 28 기
yg_entertainment,YG Entertainment,00613318,122870,KRW,FY2025,2025,11011,Annual report,20260323001610,CF,현금흐름표,ifrs-full_CashFlowsFromLosingControlOfSubsidiariesOrOtherBusinessesClassifiedAsInvestingActivities,연결범위의 변동,-,239925649,제 26 기,2025,KRW,,1625367141,제 27 기,,,34,11011,fnlttSinglAcntAll,,0,제 28 기
yg_entertainment,YG Entertainment,00613318,122870,KRW,FY2025,2025,11011,Annual report,20260323001610,CF,현금흐름표,ifrs-full_ProceedsFromSalesOfIntangibleAssetsClassifiedAsInvestingActivities,무형자산의 처분,-,3407398813,제 26 기,2025,KRW,,1337063882,제 27 기,,,35,11011,fnlttSinglAcntAll,,1910659419,제 28 기
yg_entertainment,YG Entertainment,00613318,122870,KRW,FY2025,2025,11011,Annual report,20260323001610,CF,현금흐름표,ifrs-full_ProceedsFromSalesOfInvestmentsAccountedForUsingEquityMethod,공동기업및관계기업투자의 처분,-,4337950159,제 26 기,2025,KRW,,31269946975,제 27 기,,,36,11011,fnlttSinglAcntAll,,11967125492,제 28 기
yg_entertainment,YG Entertainment,00613318,122870,KRW,FY2025,2025,11011,Annual report,20260323001610,CF,현금흐름표,ifrs-full_ProceedsFromSalesOfPropertyPlantAndEquipmentClassifiedAsInvestingActivities,유형자산의 처분,-,411177738,제 26 기,2025,KRW,,2132529172,제 27 기,,,37,11011,fnlttSinglAcntAll,,688045457,제 28 기
yg_entertainment,YG Entertainment,00613318,122870,KRW,FY2025,2025,11011,Annual report,20260323001610,CF,현금흐름표,ifrs-full_OutflowsOfCashFromInvestingActivities,투자활동으로 인한 현금유출액,-,849201346120,제 26 기,2025,KRW,,864992343047,제 27 기,,,38,11011,fnlttSinglAcntAll,,743715124920,제 28 기
yg_entertainment,YG Entertainment,00613318,122870,KRW,FY2025,2025,11011,Annual report,20260323001610,CF,현금흐름표,dart_DecreaseInGuaranteeDepositsAsFinancialActivities,임대보증금의 감소,-,0,제 26 기,2025,KRW,,510000000,제 27 기,,,39,11011,fnlttSinglAcntAll,,0,제 28 기
yg_entertainment,YG Entertainment,00613318,122870,KRW,FY2025,2025,11011,Annual report,20260323001610,CF,현금흐름표,dart_IncreaseInGuaranteeDeposits,보증금의 증가,-,3263532938,제 26 기,2025,KRW,,8504104950,제 27 기,,,40,11011,fnlttSinglAcntAll,,1586212000,제 28 기
yg_entertainment,YG Entertainment,00613318,122870,KRW,FY2025,2025,11011,Annual report,20260323001610,CF,현금흐름표,dart_IncreaseInLoans,대여금의 증가,-,475563000,제 26 기,2025,KRW,,671084502,제 27 기,,,41,11011,fnlttSinglAcntAll,,358937000,제 28 기
yg_entertainment,YG Entertainment,00613318,122870,KRW,FY2025,2025,11011,Annual report,20260323001610,CF,현금흐름표,dart_PurchaseOfFairValueFinancialAsset,당기손익-공정가치측정금융자산의 취득,-,60885374728,제 26 기,2025,KRW,,51180686161,제 27 기,,,42,11011,fnlttSinglAcntAll,,32116261474,제 28 기
yg_entertainment,YG Entertainment,00613318,122870,KRW,FY2025,2025,11011,Annual report,20260323001610,CF,현금흐름표,dart_PurchaseOfFinancialAssetsAtAmortisedCostClassifiedAsInvestingActivities,상각후원가측정금융자산의 증가,-,705300138124,제 26 기,2025,KRW,,770349338640,제 27 기,,,43,11011,fnlttSinglAcntAll,,683883537358,제 28 기
yg_entertainment,YG Entertainment,00613318,122870,KRW,FY2025,2025,11011,Annual report,20260323001610,CF,현금흐름표,dart_PurchaseOfFinancialAssetsAtFairValueThroughOtherComprehensiveIncome,기타포괄손익-공정가치측정금융자산의 취득,-,17209338835,제 26 기,2025,KRW,,2713,제 27 기,,,44,11011,fnlttSinglAcntAll,,7627922407,제 28 기
yg_entertainment,YG Entertainment,00613318,122870,KRW,FY2025,2025,11011,Annual report,20260323001610,CF,현금흐름표,ifrs-full_CashFlowsUsedInObtainingControlOfSubsidiariesOrOtherBusinessesClassifiedAsInvestingActivities,연결범위의 변동,-,0,제 26 기,2025,KRW,,0,제 27 기,,,45,11011,fnlttSinglAcntAll,,3551045327,제 28 기
yg_entertainment,YG Entertainment,00613318,122870,KRW,FY2025,2025,11011,Annual report,20260323001610,CF,현금흐름표,ifrs-full_PurchaseOfIntangibleAssetsClassifiedAsInvestingActivities,무형자산의 취득,-,45414202965,제 26 기,2025,KRW,,16360546661,제 27 기,,,46,11011,fnlttSinglAcntAll,,1567969467,제 28 기
yg_entertainment,YG Entertainment,00613318,122870,KRW,FY2025,2025,11011,Annual report,20260323001610,CF,현금흐름표,ifrs-full_PurchaseOfInterestsInInvestmentsAccountedForUsingEquityMethod,공동기업및관계기업투자의 취득,-,5092043742,제 26 기,2025,KRW,,10290730000,제 27 기,,,47,11011,fnlttSinglAcntAll,,5910000000,제 28 기
yg_entertainment,YG Entertainment,00613318,122870,KRW,FY2025,2025,11011,Annual report,20260323001610,CF,현금흐름표,ifrs-full_PurchaseOfInvestmentProperty,투자부동산의 취득,-,0,제 26 기,2025,KRW,,0,제 27 기,,,48,11011,fnlttSinglAcntAll,,1074331840,제 28 기
yg_entertainment,YG Entertainment,00613318,122870,KRW,FY2025,2025,11011,Annual report,20260323001610,CF,현금흐름표,ifrs-full_PurchaseOfPropertyPlantAndEquipmentClassifiedAsInvestingActivities,유형자산의 취득,-,11561151788,제 26 기,2025,KRW,,7125849420,제 27 기,,,49,11011,fnlttSinglAcntAll,,6038908047,제 28 기
yg_entertainment,YG Entertainment,00613318,122870,KRW,FY2025,2025,11011,Annual report,20260323001610,CF,현금흐름표,ifrs-full_CashFlowsFromUsedInOperatingActivities,영업활동현금흐름,-,93596369913,제 26 기,2025,KRW,,48805135,제 27 기,,,50,11011,fnlttSinglAcntAll,,90908918011,제 28 기
yg_entertainment,YG Entertainment,00613318,122870,KRW,FY2025,2025,11011,Annual report,20260323001610,CF,현금흐름표,dart_CashReceiptsFromDiscontinuedOperations,중단영업으로 인한 현금유입,-,1053152371,제 26 기,2025,KRW,,0,제 27 기,,,51,11011,fnlttSinglAcntAll,,0,제 28 기
yg_entertainment,YG Entertainment,00613318,122870,KRW,FY2025,2025,11011,Annual report,20260323001610,CF,현금흐름표,dart_NetCashflowsFromUsedInOperations,영업에서 창출된 현금흐름,-,99268074758,제 26 기,2025,KRW,,10197946191,제 27 기,,,52,11011,fnlttSinglAcntAll,,102024026563,제 28 기
yg_entertainment,YG Entertainment,00613318,122870,KRW,FY2025,2025,11011,Annual report,20260323001610,CF,현금흐름표,dart_AdjustmentsForAssetsLiabilitiesOfOperatingActivities,영업활동자산부채의증감,-,-9758477325,제 26 기,2025,KRW,,-19764892340,제 27 기,,,53,11011,fnlttSinglAcntAll,,10785819298,제 28 기
yg_entertainment,YG Entertainment,00613318,122870,KRW,FY2025,2025,11011,Annual report,20260323001610,CF,현금흐름표,ifrs-full_AdjustmentsForReconcileProfitLoss,비현금항목의 조정,-,31298999610,제 26 기,2025,KRW,,9933220193,제 27 기,,,54,11011,fnlttSinglAcntAll,,37493569452,제 28 기
yg_entertainment,YG Entertainment,00613318,122870,KRW,FY2025,2025,11011,Annual report,20260323001610,CF,현금흐름표,ifrs-full_ProfitLossFromContinuingOperations,계속영업이익,-,77727552473,제 26 기,2025,KRW,,20029618338,제 27 기,,,55,11011,fnlttSinglAcntAll,,53744637813,제 28 기
yg_entertainment,YG Entertainment,00613318,122870,KRW,FY2025,2025,11011,Annual report,20260323001610,CF,현금흐름표,ifrs-full_DividendsReceivedClassifiedAsOperatingActivities,배당금의 수취,-,199813075,제 26 기,2025,KRW,,268307175,제 27 기,,,56,11011,fnlttSinglAcntAll,,663375790,제 28 기
yg_entertainment,YG Entertainment,00613318,122870,KRW,FY2025,2025,11011,Annual report,20260323001610,CF,현금흐름표,ifrs-full_IncomeTaxesPaidRefundClassifiedAsOperatingActivities,법인세의 납부,-,14283409253,제 26 기,2025,KRW,,16285257807,제 27 기,,,57,11011,fnlttSinglAcntAll,,17626410795,제 28 기
yg_entertainment,YG Entertainment,00613318,122870,KRW,FY2025,2025,11011,Annual report,20260323001610,CF,현금흐름표,ifrs-full_InterestPaidClassifiedAsOperatingActivities,이자의 지급,-,134387979,제 26 기,2025,KRW,,255209686,제 27 기,,,58,11011,fnlttSinglAcntAll,,111207361,제 28 기
yg_entertainment,YG Entertainment,00613318,122870,KRW,FY2025,2025,11011,Annual report,20260323001610,CF,현금흐름표,ifrs-full_InterestReceivedClassifiedAsOperatingActivities,이자의 수취,-,7493126941,제 26 기,2025,KRW,,6123019262,제 27 기,,,59,11011,fnlttSinglAcntAll,,5959133814,제 28 기
yg_entertainment,YG Entertainment,00613318,122870,KRW,FY2025,2025,11011,Annual report,20260323001610,CF,현금흐름표,ifrs-full_EffectOfExchangeRateChangesOnCashAndCashEquivalents,현금및현금성자산의 환율변동효과,-,-531547254,제 26 기,2025,KRW,,366761517,제 27 기,,,60,11011,fnlttSinglAcntAll,,-568946720,제 28 기
yg_entertainment,YG Entertainment,00613318,122870,KRW,FY2025,2025,11011,Annual report,20260323001610,CF,현금흐름표,ifrs-full_IncreaseDecreaseInCashAndCashEquivalents,현금및현금성자산의 순증감,-,17052098235,제 26 기,2025,KRW,,-11256691361,제 27 기,,,61,11011,fnlttSinglAcntAll,,81516919478,제 28 기
yg_entertainment,YG Entertainment,00613318,122870,KRW,FY2025,2025,11011,Annual report,20260323001610,CF,현금흐름표,ifrs-full_IncreaseDecreaseInCashAndCashEquivalentsBeforeEffectOfExchangeRateChanges,현금및현금성자산의 증감,-,17583645489,제 26 기,2025,KRW,,-11623452878,제 27 기,,,62,11011,fnlttSinglAcntAll,,82085866198,제 28 기
yg_entertainment,YG Entertainment,00613318,122870,KRW,FY2025,2025,11011,Annual report,20260323001610,SCE,자본변동표,dart_EquityAtBeginningOfPeriod,기초자본,연결재무제표 [member],526288054590,제 26 기,2025,KRW,,585158756834,제 27 기,,,3,11011,fnlttSinglAcntAll,,603250105509,제 28 기
yg_entertainment,YG Entertainment,00613318,122870,KRW,FY2025,2025,11011,Annual report,20260323001610,SCE,자본변동표,dart_EquityAtBeginningOfPeriod,기초자본,자본 [구성요소]|비지배지분 [구성요소],116638472600,제 26 기,2025,KRW,,118496773583,제 27 기,,,3,11011,fnlttSinglAcntAll,,120111901402,제 28 기
yg_entertainment,YG Entertainment,00613318,122870,KRW,FY2025,2025,11011,Annual report,20260323001610,SCE,자본변동표,dart_EquityAtBeginningOfPeriod,기초자본,자본 [구성요소]|지배기업의 소유주에게 귀속되는 지분 [구성요소],409649581990,제 26 기,2025,KRW,,466661983251,제 27 기,,,3,11011,fnlttSinglAcntAll,,483138204107,제 28 기
yg_entertainment,YG Entertainment,00613318,122870,KRW,FY2025,2025,11011,Annual report,20260323001610,SCE,자본변동표,dart_EquityAtBeginningOfPeriod,기초자본,자본 [구성요소]|지배기업의 소유주에게 귀속되는 지분 [구성요소]|기타자본구성요소 [구성요소],17639970494,제 26 기,2025,KRW,,17539740135,제 27 기,,,3,11011,fnlttSinglAcntAll,,17272280968,제 28 기
yg_entertainment,YG Entertainment,00613318,122870,KRW,FY2025,2025,11011,Annual report,20260323001610,SCE,자본변동표,dart_EquityAtBeginningOfPeriod,기초자본,자본 [구성요소]|지배기업의 소유주에게 귀속되는 지분 [구성요소]|기타포괄손익누계액 [구성요소],-2972670358,제 26 기,2025,KRW,,-2979857662,제 27 기,,,3,11011,fnlttSinglAcntAll,,341665662,제 28 기
yg_entertainment,YG Entertainment,00613318,122870,KRW,FY2025,2025,11011,Annual report,20260323001610,SCE,자본변동표,dart_EquityAtBeginningOfPeriod,기초자본,자본 [구성요소]|지배기업의 소유주에게 귀속되는 지분 [구성요소]|이익잉여금 [구성요소],160086078184,제 26 기,2025,KRW,,216078092108,제 27 기,,,3,11011,fnlttSinglAcntAll,,229364351807,제 28 기
yg_entertainment,YG Entertainment,00613318,122870,KRW,FY2025,2025,11011,Annual report,20260323001610,SCE,자본변동표,dart_EquityAtBeginningOfPeriod,기초자본,자본 [구성요소]|지배기업의 소유주에게 귀속되는 지분 [구성요소]|자본금 [구성요소],9487676500,제 26 기,2025,KRW,,9503776500,제 27 기,,,3,11011,fnlttSinglAcntAll,,9505716500,제 28 기
yg_entertainment,YG Entertainment,00613318,122870,KRW,FY2025,2025,11011,Annual report,20260323001610,SCE,자본변동표,dart_EquityAtBeginningOfPeriod,기초자본,자본 [구성요소]|지배기업의 소유주에게 귀속되는 지분 [구성요소]|자본잉여금 [구성요소],225408527170,제 26 기,2025,KRW,,226520232170,제 27 기,,,3,11011,fnlttSinglAcntAll,,226654189170,제 28 기
yg_entertainment,YG Entertainment,00613318,122870,KRW,FY2025,2025,11011,Annual report,20260323001610,SCE,자본변동표,ifrs-full_ComprehensiveIncome,총포괄이익,연결재무제표 [member],76042081421,제 26 기,2025,KRW,,23434990920,제 27 기,,,4,11011,fnlttSinglAcntAll,,50459460468,제 28 기
yg_entertainment,YG Entertainment,00613318,122870,KRW,FY2025,2025,11011,Annual report,20260323001610,SCE,자본변동표,ifrs-full_ComprehensiveIncome,총포괄이익,자본 [구성요소]|비지배지분 [구성요소],14639995375,제 26 기,2025,KRW,,1594120333,제 27 기,,,4,11011,fnlttSinglAcntAll,,16555052025,제 28 기
yg_entertainment,YG Entertainment,00613318,122870,KRW,FY2025,2025,11011,Annual report,20260323001610,SCE,자본변동표,ifrs-full_ComprehensiveIncome,총포괄이익,자본 [구성요소]|지배기업의 소유주에게 귀속되는 지분 [구성요소],61402086046,제 26 기,2025,KRW,,21840870587,제 27 기,,,4,11011,fnlttSinglAcntAll,,33904408443,제 28 기
yg_entertainment,YG Entertainment,00613318,122870,KRW,FY2025,2025,11011,Annual report,20260323001610,SCE,자본변동표,ifrs-full_ComprehensiveIncome,총포괄이익,자본 [구성요소]|지배기업의 소유주에게 귀속되는 지분 [구성요소]|기타자본구성요소 [구성요소],0,제 26 기,2025,KRW,,0,제 27 기,,,4,11011,fnlttSinglAcntAll,,0,제 28 기
yg_entertainment,YG Entertainment,00613318,122870,KRW,FY2025,2025,11011,Annual report,20260323001610,SCE,자본변동표,ifrs-full_ComprehensiveIncome,총포괄이익,자본 [구성요소]|지배기업의 소유주에게 귀속되는 지분 [구성요소]|기타포괄손익누계액 [구성요소],-7187304,제 26 기,2025,KRW,,3321523324,제 27 기,,,4,11011,fnlttSinglAcntAll,,-2995480968,제 28 기
yg_entertainment,YG Entertainment,00613318,122870,KRW,FY2025,2025,11011,Annual report,20260323001610,SCE,자본변동표,ifrs-full_ComprehensiveIncome,총포괄이익,자본 [구성요소]|지배기업의 소유주에게 귀속되는 지분 [구성요소]|이익잉여금 [구성요소],61409273350,제 26 기,2025,KRW,,18519347263,제 27 기,,,4,11011,fnlttSinglAcntAll,,36899889411,제 28 기
yg_entertainment,YG Entertainment,00613318,122870,KRW,FY2025,2025,11011,Annual report,20260323001610,SCE,자본변동표,ifrs-full_ComprehensiveIncome,총포괄이익,자본 [구성요소]|지배기업의 소유주에게 귀속되는 지분 [구성요소]|자본금 [구성요소],0,제 26 기,2025,KRW,,0,제 27 기,,,4,11011,fnlttSinglAcntAll,,0,제 28 기
yg_entertainment,YG Entertainment,00613318,122870,KRW,FY2025,2025,11011,Annual report,20260323001610,SCE,자본변동표,ifrs-full_ComprehensiveIncome,총포괄이익,자본 [구성요소]|지배기업의 소유주에게 귀속되는 지분 [구성요소]|자본잉여금 [구성요소],0,제 26 기,2025,KRW,,0,제 27 기,,,4,11011,fnlttSinglAcntAll,,0,제 28 기
yg_entertainment,YG Entertainment,00613318,122870,KRW,FY2025,2025,11011,Annual report,20260323001610,SCE,자본변동표,-표준계정코드 미사용-,지분법자본변동차이,연결재무제표 [member],-537259266,제 26 기,2025,KRW,,848518582,제 27 기,,,5,11011,fnlttSinglAcntAll,,-371896793,제 28 기
yg_entertainment,YG Entertainment,00613318,122870,KRW,FY2025,2025,11011,Annual report,20260323001610,SCE,자본변동표,-표준계정코드 미사용-,지분법자본변동차이,자본 [구성요소]|비지배지분 [구성요소],-488092704,제 26 기,2025,KRW,,83849258,제 27 기,,,5,11011,fnlttSinglAcntAll,,-296878883,제 28 기
yg_entertainment,YG Entertainment,00613318,122870,KRW,FY2025,2025,11011,Annual report,20260323001610,SCE,자본변동표,-표준계정코드 미사용-,지분법자본변동차이,자본 [구성요소]|지배기업의 소유주에게 귀속되는 지분 [구성요소],-49166562,제 26 기,2025,KRW,,764669324,제 27 기,,,5,11011,fnlttSinglAcntAll,,-75017910,제 28 기
yg_entertainment,YG Entertainment,00613318,122870,KRW,FY2025,2025,11011,Annual report,20260323001610,SCE,자본변동표,-표준계정코드 미사용-,지분법자본변동차이,자본 [구성요소]|지배기업의 소유주에게 귀속되는 지분 [구성요소]|기타자본구성요소 [구성요소],0,제 26 기,2025,KRW,,0,제 27 기,,,5,11011,fnlttSinglAcntAll,,0,제 28 기
yg_entertainment,YG Entertainment,00613318,122870,KRW,FY2025,2025,11011,Annual report,20260323001610,SCE,자본변동표,-표준계정코드 미사용-,지분법자본변동차이,자본 [구성요소]|지배기업의 소유주에게 귀속되는 지분 [구성요소]|기타포괄손익누계액 [구성요소],-49166562,제 26 기,2025,KRW,,764669324,제 27 기,,,5,11011,fnlttSinglAcntAll,,-75017910,제 28 기
yg_entertainment,YG Entertainment,00613318,122870,KRW,FY2025,2025,11011,Annual report,20260323001610,SCE,자본변동표,-표준계정코드 미사용-,지분법자본변동차이,자본 [구성요소]|지배기업의 소유주에게 귀속되는 지분 [구성요소]|이익잉여금 [구성요소],0,제 26 기,2025,KRW,,0,제 27 기,,,5,11011,fnlttSinglAcntAll,,0,제 28 기
yg_entertainment,YG Entertainment,00613318,122870,KRW,FY2025,2025,11011,Annual report,20260323001610,SCE,자본변동표,-표준계정코드 미사용-,지분법자본변동차이,자본 [구성요소]|지배기업의 소유주에게 귀속되는 지분 [구성요소]|자본금 [구성요소],0,제 26 기,2025,KRW,,0,제 27 기,,,5,11011,fnlttSinglAcntAll,,0,제 28 기
yg_entertainment,YG Entertainment,00613318,122870,KRW,FY2025,2025,11011,Annual report,20260323001610,SCE,자본변동표,-표준계정코드 미사용-,지분법자본변동차이,자본 [구성요소]|지배기업의 소유주에게 귀속되는 지분 [구성요소]|자본잉여금 [구성요소],0,제 26 기,2025,KRW,,0,제 27 기,,,5,11011,fnlttSinglAcntAll,,0,제 28 기
yg_entertainment,YG Entertainment,00613318,122870,KRW,FY2025,2025,11011,Annual report,20260323001610,SCE,자본변동표,-표준계정코드 미사용-,지분법자본변동차이 재분류,자본 [구성요소]|지배기업의 소유주에게 귀속되는 지분 [구성요소]|자본잉여금 [구성요소],0,제 26 기,2025,KRW,,0,제 27 기,,,6,11011,fnlttSinglAcntAll,,0,제 28 기
yg_entertainment,YG Entertainment,00613318,122870,KRW,FY2025,2025,11011,Annual report,20260323001610,SCE,자본변동표,-표준계정코드 미사용-,지분법자본변동차이 재분류,연결재무제표 [member],5196055,제 26 기,2025,KRW,,0,제 27 기,,,6,11011,fnlttSinglAcntAll,,0,제 28 기
yg_entertainment,YG Entertainment,00613318,122870,KRW,FY2025,2025,11011,Annual report,20260323001610,SCE,자본변동표,-표준계정코드 미사용-,지분법자본변동차이 재분류,자본 [구성요소]|비지배지분 [구성요소],0,제 26 기,2025,KRW,,0,제 27 기,,,6,11011,fnlttSinglAcntAll,,0,제 28 기
yg_entertainment,YG Entertainment,00613318,122870,KRW,FY2025,2025,11011,Annual report,20260323001610,SCE,자본변동표,-표준계정코드 미사용-,지분법자본변동차이 재분류,자본 [구성요소]|지배기업의 소유주에게 귀속되는 지분 [구성요소],5196055,제 26 기,2025,KRW,,0,제 27 기,,,6,11011,fnlttSinglAcntAll,,0,제 28 기
yg_entertainment,YG Entertainment,00613318,122870,KRW,FY2025,2025,11011,Annual report,20260323001610,SCE,자본변동표,-표준계정코드 미사용-,지분법자본변동차이 재분류,자본 [구성요소]|지배기업의 소유주에게 귀속되는 지분 [구성요소]|기타자본구성요소 [구성요소],0,제 26 기,2025,KRW,,0,제 27 기,,,6,11011,fnlttSinglAcntAll,,0,제 28 기
yg_entertainment,YG Entertainment,00613318,122870,KRW,FY2025,2025,11011,Annual report,20260323001610,SCE,자본변동표,-표준계정코드 미사용-,지분법자본변동차이 재분류,자본 [구성요소]|지배기업의 소유주에게 귀속되는 지분 [구성요소]|기타포괄손익누계액 [구성요소],-66772503,제 26 기,2025,KRW,,0,제 27 기,,,6,11011,fnlttSinglAcntAll,,0,제 28 기
yg_entertainment,YG Entertainment,00613318,122870,KRW,FY2025,2025,11011,Annual report,20260323001610,SCE,자본변동표,-표준계정코드 미사용-,지분법자본변동차이 재분류,자본 [구성요소]|지배기업의 소유주에게 귀속되는 지분 [구성요소]|이익잉여금 [구성요소],71968558,제 26 기,2025,KRW,,0,제 27 기,,,6,11011,fnlttSinglAcntAll,,0,제 28 기
yg_entertainment,YG Entertainment,00613318,122870,KRW,FY2025,2025,11011,Annual report,20260323001610,SCE,자본변동표,-표준계정코드 미사용-,지분법자본변동차이 재분류,자본 [구성요소]|지배기업의 소유주에게 귀속되는 지분 [구성요소]|자본금 [구성요소],0,제 26 기,2025,KRW,,0,제 27 기,,,6,11011,fnlttSinglAcntAll,,0,제 28 기
yg_entertainment,YG Entertainment,00613318,122870,KRW,FY2025,2025,11011,Annual report,20260323001610,SCE,자본변동표,ifrs-full_GainsLossesOnExchangeDifferencesOnTranslationNetOfTax,해외사업장환산외환차이,자본 [구성요소]|지배기업의 소유주에게 귀속되는 지분 [구성요소]|자본잉여금 [구성요소],0,제 26 기,2025,KRW,,0,제 27 기,,,7,11011,fnlttSinglAcntAll,,0,제 28 기
yg_entertainment,YG Entertainment,00613318,122870,KRW,FY2025,2025,11011,Annual report,20260323001610,SCE,자본변동표,ifrs-full_GainsLossesOnExchangeDifferencesOnTranslationNetOfTax,해외사업장환산외환차이,자본 [구성요소]|지배기업의 소유주에게 귀속되는 지분 [구성요소]|자본금 [구성요소],0,제 26 기,2025,KRW,,0,제 27 기,,,7,11011,fnlttSinglAcntAll,,0,제 28 기
yg_entertainment,YG Entertainment,00613318,122870,KRW,FY2025,2025,11011,Annual report,20260323001610,SCE,자본변동표,ifrs-full_GainsLossesOnExchangeDifferencesOnTranslationNetOfTax,해외사업장환산외환차이,자본 [구성요소]|지배기업의 소유주에게 귀속되는 지분 [구성요소]|이익잉여금 [구성요소],0,제 26 기,2025,KRW,,0,제 27 기,,,7,11011,fnlttSinglAcntAll,,0,제 28 기
yg_entertainment,YG Entertainment,00613318,122870,KRW,FY2025,2025,11011,Annual report,20260323001610,SCE,자본변동표,ifrs-full_GainsLossesOnExchangeDifferencesOnTranslationNetOfTax,해외사업장환산외환차이,자본 [구성요소]|지배기업의 소유주에게 귀속되는 지분 [구성요소]|기타포괄손익누계액 [구성요소],-826213024,제 26 기,2025,KRW,,1691381412,제 27 기,,,7,11011,fnlttSinglAcntAll,,-880321281,제 28 기
yg_entertainment,YG Entertainment,00613318,122870,KRW,FY2025,2025,11011,Annual report,20260323001610,SCE,자본변동표,ifrs-full_GainsLossesOnExchangeDifferencesOnTranslationNetOfTax,해외사업장환산외환차이,자본 [구성요소]|지배기업의 소유주에게 귀속되는 지분 [구성요소]|기타자본구성요소 [구성요소],0,제 26 기,2025,KRW,,0,제 27 기,,,7,11011,fnlttSinglAcntAll,,0,제 28 기
yg_entertainment,YG Entertainment,00613318,122870,KRW,FY2025,2025,11011,Annual report,20260323001610,SCE,자본변동표,ifrs-full_GainsLossesOnExchangeDifferencesOnTranslationNetOfTax,해외사업장환산외환차이,자본 [구성요소]|지배기업의 소유주에게 귀속되는 지분 [구성요소],-826213024,제 26 기,2025,KRW,,1691381412,제 27 기,,,7,11011,fnlttSinglAcntAll,,-880321281,제 28 기
yg_entertainment,YG Entertainment,00613318,122870,KRW,FY2025,2025,11011,Annual report,20260323001610,SCE,자본변동표,ifrs-full_GainsLossesOnExchangeDifferencesOnTranslationNetOfTax,해외사업장환산외환차이,연결재무제표 [member],-826213024,제 26 기,2025,KRW,,1691381412,제 27 기,,,7,11011,fnlttSinglAcntAll,,-880321281,제 28 기
yg_entertainment,YG Entertainment,00613318,122870,KRW,FY2025,2025,11011,Annual report,20260323001610,SCE,자본변동표,ifrs-full_GainsLossesOnExchangeDifferencesOnTranslationNetOfTax,해외사업장환산외환차이,자본 [구성요소]|비지배지분 [구성요소],0,제 26 기,2025,KRW,,0,제 27 기,,,7,11011,fnlttSinglAcntAll,,0,제 28 기
yg_entertainment,YG Entertainment,00613318,122870,KRW,FY2025,2025,11011,Annual report,20260323001610,SCE,자본변동표,ifrs-full_GainsLossesOnFinancialAssetsMeasuredAtFairValueThroughOtherComprehensiveIncomeNetOfTax,기타포괄손익-공정가치채무상품 평가손익,자본 [구성요소]|지배기업의 소유주에게 귀속되는 지분 [구성요소]|자본금 [구성요소],0,제 26 기,2025,KRW,,0,제 27 기,,,8,11011,fnlttSinglAcntAll,,0,제 28 기
yg_entertainment,YG Entertainment,00613318,122870,KRW,FY2025,2025,11011,Annual report,20260323001610,SCE,자본변동표,ifrs-full_GainsLossesOnFinancialAssetsMeasuredAtFairValueThroughOtherComprehensiveIncomeNetOfTax,기타포괄손익-공정가치채무상품 평가손익,자본 [구성요소]|지배기업의 소유주에게 귀속되는 지분 [구성요소]|이익잉여금 [구성요소],0,제 26 기,2025,KRW,,0,제 27 기,,,8,11011,fnlttSinglAcntAll,,0,제 28 기
yg_entertainment,YG Entertainment,00613318,122870,KRW,FY2025,2025,11011,Annual report,20260323001610,SCE,자본변동표,ifrs-full_GainsLossesOnFinancialAssetsMeasuredAtFairValueThroughOtherComprehensiveIncomeNetOfTax,기타포괄손익-공정가치채무상품 평가손익,자본 [구성요소]|지배기업의 소유주에게 귀속되는 지분 [구성요소]|기타포괄손익누계액 [구성요소],1159702112,제 26 기,2025,KRW,,865472588,제 27 기,,,8,11011,fnlttSinglAcntAll,,-1030432609,제 28 기
yg_entertainment,YG Entertainment,00613318,122870,KRW,FY2025,2025,11011,Annual report,20260323001610,SCE,자본변동표,ifrs-full_GainsLossesOnFinancialAssetsMeasuredAtFairValueThroughOtherComprehensiveIncomeNetOfTax,기타포괄손익-공정가치채무상품 평가손익,자본 [구성요소]|지배기업의 소유주에게 귀속되는 지분 [구성요소]|자본잉여금 [구성요소],0,제 26 기,2025,KRW,,0,제 27 기,,,8,11011,fnlttSinglAcntAll,,0,제 28 기
yg_entertainment,YG Entertainment,00613318,122870,KRW,FY2025,2025,11011,Annual report,20260323001610,SCE,자본변동표,ifrs-full_GainsLossesOnFinancialAssetsMeasuredAtFairValueThroughOtherComprehensiveIncomeNetOfTax,기타포괄손익-공정가치채무상품 평가손익,자본 [구성요소]|지배기업의 소유주에게 귀속되는 지분 [구성요소]|기타자본구성요소 [구성요소],0,제 26 기,2025,KRW,,0,제 27 기,,,8,11011,fnlttSinglAcntAll,,0,제 28 기
yg_entertainment,YG Entertainment,00613318,122870,KRW,FY2025,2025,11011,Annual report,20260323001610,SCE,자본변동표,ifrs-full_GainsLossesOnFinancialAssetsMeasuredAtFairValueThroughOtherComprehensiveIncomeNetOfTax,기타포괄손익-공정가치채무상품 평가손익,자본 [구성요소]|지배기업의 소유주에게 귀속되는 지분 [구성요소],1159702112,제 26 기,2025,KRW,,865472588,제 27 기,,,8,11011,fnlttSinglAcntAll,,-1030432609,제 28 기
yg_entertainment,YG Entertainment,00613318,122870,KRW,FY2025,2025,11011,Annual report,20260323001610,SCE,자본변동표,ifrs-full_GainsLossesOnFinancialAssetsMeasuredAtFairValueThroughOtherComprehensiveIncomeNetOfTax,기타포괄손익-공정가치채무상품 평가손익,자본 [구성요소]|비지배지분 [구성요소],0,제 26 기,2025,KRW,,0,제 27 기,,,8,11011,fnlttSinglAcntAll,,0,제 28 기
yg_entertainment,YG Entertainment,00613318,122870,KRW,FY2025,2025,11011,Annual report,20260323001610,SCE,자본변동표,ifrs-full_GainsLossesOnFinancialAssetsMeasuredAtFairValueThroughOtherComprehensiveIncomeNetOfTax,기타포괄손익-공정가치채무상품 평가손익,연결재무제표 [member],1159702112,제 26 기,2025,KRW,,865472588,제 27 기,,,8,11011,fnlttSinglAcntAll,,-1030432609,제 28 기
yg_entertainment,YG Entertainment,00613318,122870,KRW,FY2025,2025,11011,Annual report,20260323001610,SCE,자본변동표,ifrs-full_OtherComprehensiveIncomeNetOfTaxGainsLossesFromInvestmentsInEquityInstruments,기타포괄손익-공정가치지분상품 평가손익,연결재무제표 [member],-743602704,제 26 기,2025,KRW,,0,제 27 기,,,9,11011,fnlttSinglAcntAll,,-1002526662,제 28 기
yg_entertainment,YG Entertainment,00613318,122870,KRW,FY2025,2025,11011,Annual report,20260323001610,SCE,자본변동표,ifrs-full_OtherComprehensiveIncomeNetOfTaxGainsLossesFromInvestmentsInEquityInstruments,기타포괄손익-공정가치지분상품 평가손익,자본 [구성요소]|비지배지분 [구성요소],-518865377,제 26 기,2025,KRW,,0,제 27 기,,,9,11011,fnlttSinglAcntAll,,7182506,제 28 기
yg_entertainment,YG Entertainment,00613318,122870,KRW,FY2025,2025,11011,Annual report,20260323001610,SCE,자본변동표,ifrs-full_OtherComprehensiveIncomeNetOfTaxGainsLossesFromInvestmentsInEquityInstruments,기타포괄손익-공정가치지분상품 평가손익,자본 [구성요소]|지배기업의 소유주에게 귀속되는 지분 [구성요소],-224737327,제 26 기,2025,KRW,,0,제 27 기,,,9,11011,fnlttSinglAcntAll,,-1009709168,제 28 기
yg_entertainment,YG Entertainment,00613318,122870,KRW,FY2025,2025,11011,Annual report,20260323001610,SCE,자본변동표,ifrs-full_OtherComprehensiveIncomeNetOfTaxGainsLossesFromInvestmentsInEquityInstruments,기타포괄손익-공정가치지분상품 평가손익,자본 [구성요소]|지배기업의 소유주에게 귀속되는 지분 [구성요소]|기타포괄손익누계액 [구성요소],-224737327,제 26 기,2025,KRW,,0,제 27 기,,,9,11011,fnlttSinglAcntAll,,-1009709168,제 28 기
yg_entertainment,YG Entertainment,00613318,122870,KRW,FY2025,2025,11011,Annual report,20260323001610,SCE,자본변동표,ifrs-full_OtherComprehensiveIncomeNetOfTaxGainsLossesFromInvestmentsInEquityInstruments,기타포괄손익-공정가치지분상품 평가손익,자본 [구성요소]|지배기업의 소유주에게 귀속되는 지분 [구성요소]|이익잉여금 [구성요소],0,제 26 기,2025,KRW,,0,제 27 기,,,9,11011,fnlttSinglAcntAll,,0,제 28 기
yg_entertainment,YG Entertainment,00613318,122870,KRW,FY2025,2025,11011,Annual report,20260323001610,SCE,자본변동표,ifrs-full_OtherComprehensiveIncomeNetOfTaxGainsLossesFromInvestmentsInEquityInstruments,기타포괄손익-공정가치지분상품 평가손익,자본 [구성요소]|지배기업의 소유주에게 귀속되는 지분 [구성요소]|자본금 [구성요소],0,제 26 기,2025,KRW,,0,제 27 기,,,9,11011,fnlttSinglAcntAll,,0,제 28 기
yg_entertainment,YG Entertainment,00613318,122870,KRW,FY2025,2025,11011,Annual report,20260323001610,SCE,자본변동표,ifrs-full_OtherComprehensiveIncomeNetOfTaxGainsLossesFromInvestmentsInEquityInstruments,기타포괄손익-공정가치지분상품 평가손익,자본 [구성요소]|지배기업의 소유주에게 귀속되는 지분 [구성요소]|자본잉여금 [구성요소],0,제 26 기,2025,KRW,,0,제 27 기,,,9,11011,fnlttSinglAcntAll,,0,제 28 기
yg_entertainment,YG Entertainment,00613318,122870,KRW,FY2025,2025,11011,Annual report,20260323001610,SCE,자본변동표,ifrs-full_OtherComprehensiveIncomeNetOfTaxGainsLossesFromInvestmentsInEquityInstruments,기타포괄손익-공정가치지분상품 평가손익,자본 [구성요소]|지배기업의 소유주에게 귀속되는 지분 [구성요소]|기타자본구성요소 [구성요소],0,제 26 기,2025,KRW,,0,제 27 기,,,9,11011,fnlttSinglAcntAll,,0,제 28 기
yg_entertainment,YG Entertainment,00613318,122870,KRW,FY2025,2025,11011,Annual report,20260323001610,SCE,자본변동표,ifrs-full_ProfitLoss,연결당기순이익(손실),연결재무제표 [member],76984258248,제 26 기,2025,KRW,,20029618338,제 27 기,,,10,11011,fnlttSinglAcntAll,,53744637813,제 28 기
yg_entertainment,YG Entertainment,00613318,122870,KRW,FY2025,2025,11011,Annual report,20260323001610,SCE,자본변동표,ifrs-full_ProfitLoss,연결당기순이익(손실),자본 [구성요소]|비지배지분 [구성요소],15646953456,제 26 기,2025,KRW,,1510271075,제 27 기,,,10,11011,fnlttSinglAcntAll,,16844748402,제 28 기
yg_entertainment,YG Entertainment,00613318,122870,KRW,FY2025,2025,11011,Annual report,20260323001610,SCE,자본변동표,ifrs-full_ProfitLoss,연결당기순이익(손실),자본 [구성요소]|지배기업의 소유주에게 귀속되는 지분 [구성요소],61337304792,제 26 기,2025,KRW,,18519347263,제 27 기,,,10,11011,fnlttSinglAcntAll,,36899889411,제 28 기
yg_entertainment,YG Entertainment,00613318,122870,KRW,FY2025,2025,11011,Annual report,20260323001610,SCE,자본변동표,ifrs-full_ProfitLoss,연결당기순이익(손실),자본 [구성요소]|지배기업의 소유주에게 귀속되는 지분 [구성요소]|기타자본구성요소 [구성요소],0,제 26 기,2025,KRW,,0,제 27 기,,,10,11011,fnlttSinglAcntAll,,0,제 28 기
yg_entertainment,YG Entertainment,00613318,122870,KRW,FY2025,2025,11011,Annual report,20260323001610,SCE,자본변동표,ifrs-full_ProfitLoss,연결당기순이익(손실),자본 [구성요소]|지배기업의 소유주에게 귀속되는 지분 [구성요소]|기타포괄손익누계액 [구성요소],0,제 26 기,2025,KRW,,0,제 27 기,,,10,11011,fnlttSinglAcntAll,,0,제 28 기
yg_entertainment,YG Entertainment,00613318,122870,KRW,FY2025,2025,11011,Annual report,20260323001610,SCE,자본변동표,ifrs-full_ProfitLoss,연결당기순이익(손실),자본 [구성요소]|지배기업의 소유주에게 귀속되는 지분 [구성요소]|이익잉여금 [구성요소],61337304792,제 26 기,2025,KRW,,18519347263,제 27 기,,,10,11011,fnlttSinglAcntAll,,36899889411,제 28 기
yg_entertainment,YG Entertainment,00613318,122870,KRW,FY2025,2025,11011,Annual report,20260323001610,SCE,자본변동표,ifrs-full_ProfitLoss,연결당기순이익(손실),자본 [구성요소]|지배기업의 소유주에게 귀속되는 지분 [구성요소]|자본금 [구성요소],0,제 26 기,2025,KRW,,0,제 27 기,,,10,11011,fnlttSinglAcntAll,,0,제 28 기
yg_entertainment,YG Entertainment,00613318,122870,KRW,FY2025,2025,11011,Annual report,20260323001610,SCE,자본변동표,ifrs-full_ProfitLoss,연결당기순이익(손실),자본 [구성요소]|지배기업의 소유주에게 귀속되는 지분 [구성요소]|자본잉여금 [구성요소],0,제 26 기,2025,KRW,,0,제 27 기,,,10,11011,fnlttSinglAcntAll,,0,제 28 기
yg_entertainment,YG Entertainment,00613318,122870,KRW,FY2025,2025,11011,Annual report,20260323001610,SCE,자본변동표,ifrs-full_Equity,자본총계,연결재무제표 [member],585158756834,제 26 기,2025,KRW,,603250105509,제 27 기,,,11,11011,fnlttSinglAcntAll,,650845160180,제 28 기
yg_entertainment,YG Entertainment,00613318,122870,KRW,FY2025,2025,11011,Annual report,20260323001610,SCE,자본변동표,ifrs-full_Equity,자본총계,자본 [구성요소]|비지배지분 [구성요소],118496773583,제 26 기,2025,KRW,,120111901402,제 27 기,,,11,11011,fnlttSinglAcntAll,,137300186652,제 28 기
yg_entertainment,YG Entertainment,00613318,122870,KRW,FY2025,2025,11011,Annual report,20260323001610,SCE,자본변동표,ifrs-full_Equity,자본총계,자본 [구성요소]|지배기업의 소유주에게 귀속되는 지분 [구성요소],466661983251,제 26 기,2025,KRW,,483138204107,제 27 기,,,11,11011,fnlttSinglAcntAll,,513544973528,제 28 기
yg_entertainment,YG Entertainment,00613318,122870,KRW,FY2025,2025,11011,Annual report,20260323001610,SCE,자본변동표,ifrs-full_Equity,자본총계,자본 [구성요소]|지배기업의 소유주에게 귀속되는 지분 [구성요소]|기타자본구성요소 [구성요소],17539740135,제 26 기,2025,KRW,,17272280968,제 27 기,,,11,11011,fnlttSinglAcntAll,,18356154073,제 28 기
yg_entertainment,YG Entertainment,00613318,122870,KRW,FY2025,2025,11011,Annual report,20260323001610,SCE,자본변동표,ifrs-full_Equity,자본총계,자본 [구성요소]|지배기업의 소유주에게 귀속되는 지분 [구성요소]|기타포괄손익누계액 [구성요소],-2979857662,제 26 기,2025,KRW,,341665662,제 27 기,,,11,11011,fnlttSinglAcntAll,,529232463,제 28 기
yg_entertainment,YG Entertainment,00613318,122870,KRW,FY2025,2025,11011,Annual report,20260323001610,SCE,자본변동표,ifrs-full_Equity,자본총계,자본 [구성요소]|지배기업의 소유주에게 귀속되는 지분 [구성요소]|이익잉여금 [구성요소],216078092108,제 26 기,2025,KRW,,229364351807,제 27 기,,,11,11011,fnlttSinglAcntAll,,258444473949,제 28 기
yg_entertainment,YG Entertainment,00613318,122870,KRW,FY2025,2025,11011,Annual report,20260323001610,SCE,자본변동표,ifrs-full_Equity,자본총계,자본 [구성요소]|지배기업의 소유주에게 귀속되는 지분 [구성요소]|자본금 [구성요소],9503776500,제 26 기,2025,KRW,,9505716500,제 27 기,,,11,11011,fnlttSinglAcntAll,,9505716500,제 28 기
yg_entertainment,YG Entertainment,00613318,122870,KRW,FY2025,2025,11011,Annual report,20260323001610,SCE,자본변동표,ifrs-full_Equity,자본총계,자본 [구성요소]|지배기업의 소유주에게 귀속되는 지분 [구성요소]|자본잉여금 [구성요소],226520232170,제 26 기,2025,KRW,,226654189170,제 27 기,,,11,11011,fnlttSinglAcntAll,,226709396543,제 28 기
yg_entertainment,YG Entertainment,00613318,122870,KRW,FY2025,2025,11011,Annual report,20260323001610,SCE,자본변동표,ifrs-full_IncreaseDecreaseThroughTransactionsWithOwners,자본에 직접반영된 소유주와의 거래 등,자본 [구성요소]|지배기업의 소유주에게 귀속되는 지분 [구성요소]|기타자본구성요소 [구성요소],-100230359,제 26 기,2025,KRW,,-267459167,제 27 기,,,12,11011,fnlttSinglAcntAll,,1083873105,제 28 기
yg_entertainment,YG Entertainment,00613318,122870,KRW,FY2025,2025,11011,Annual report,20260323001610,SCE,자본변동표,ifrs-full_IncreaseDecreaseThroughTransactionsWithOwners,자본에 직접반영된 소유주와의 거래 등,자본 [구성요소]|지배기업의 소유주에게 귀속되는 지분 [구성요소],-4389684785,제 26 기,2025,KRW,,-5364649731,제 27 기,,,12,11011,fnlttSinglAcntAll,,-3497639022,제 28 기
yg_entertainment,YG Entertainment,00613318,122870,KRW,FY2025,2025,11011,Annual report,20260323001610,SCE,자본변동표,ifrs-full_IncreaseDecreaseThroughTransactionsWithOwners,자본에 직접반영된 소유주와의 거래 등,자본 [구성요소]|비지배지분 [구성요소],-12781694392,제 26 기,2025,KRW,,21007486,제 27 기,,,12,11011,fnlttSinglAcntAll,,633233225,제 28 기
yg_entertainment,YG Entertainment,00613318,122870,KRW,FY2025,2025,11011,Annual report,20260323001610,SCE,자본변동표,ifrs-full_IncreaseDecreaseThroughTransactionsWithOwners,자본에 직접반영된 소유주와의 거래 등,자본 [구성요소]|지배기업의 소유주에게 귀속되는 지분 [구성요소]|기타포괄손익누계액 [구성요소],0,제 26 기,2025,KRW,,0,제 27 기,,,12,11011,fnlttSinglAcntAll,,3183047769,제 28 기
yg_entertainment,YG Entertainment,00613318,122870,KRW,FY2025,2025,11011,Annual report,20260323001610,SCE,자본변동표,ifrs-full_IncreaseDecreaseThroughTransactionsWithOwners,자본에 직접반영된 소유주와의 거래 등,자본 [구성요소]|지배기업의 소유주에게 귀속되는 지분 [구성요소]|이익잉여금 [구성요소],-5417259426,제 26 기,2025,KRW,,-5233087564,제 27 기,,,12,11011,fnlttSinglAcntAll,,-7819767269,제 28 기
yg_entertainment,YG Entertainment,00613318,122870,KRW,FY2025,2025,11011,Annual report,20260323001610,SCE,자본변동표,ifrs-full_IncreaseDecreaseThroughTransactionsWithOwners,자본에 직접반영된 소유주와의 거래 등,자본 [구성요소]|지배기업의 소유주에게 귀속되는 지분 [구성요소]|자본금 [구성요소],16100000,제 26 기,2025,KRW,,1940000,제 27 기,,,12,11011,fnlttSinglAcntAll,,0,제 28 기
yg_entertainment,YG Entertainment,00613318,122870,KRW,FY2025,2025,11011,Annual report,20260323001610,SCE,자본변동표,ifrs-full_IncreaseDecreaseThroughTransactionsWithOwners,자본에 직접반영된 소유주와의 거래 등,자본 [구성요소]|지배기업의 소유주에게 귀속되는 지분 [구성요소]|자본잉여금 [구성요소],1111705000,제 26 기,2025,KRW,,133957000,제 27 기,,,12,11011,fnlttSinglAcntAll,,55207373,제 28 기
yg_entertainment,YG Entertainment,00613318,122870,KRW,FY2025,2025,11011,Annual report,20260323001610,SCE,자본변동표,ifrs-full_IncreaseDecreaseThroughTransactionsWithOwners,자본에 직접반영된 소유주와의 거래 등,연결재무제표 [member],-17171379177,제 26 기,2025,KRW,,-5343642245,제 27 기,,,12,11011,fnlttSinglAcntAll,,-2864405797,제 28 기
yg_entertainment,YG Entertainment,00613318,122870,KRW,FY2025,2025,11011,Annual report,20260323001610,SCE,자본변동표,dart_ChangesInConsolidatedCompanies,연결범위변동,자본 [구성요소]|지배기업의 소유주에게 귀속되는 지분 [구성요소]|이익잉여금 [구성요소],-789559926,제 26 기,2025,KRW,,329811836,제 27 기,,,13,11011,fnlttSinglAcntAll,,0,제 28 기
yg_entertainment,YG Entertainment,00613318,122870,KRW,FY2025,2025,11011,Annual report,20260323001610,SCE,자본변동표,dart_ChangesInConsolidatedCompanies,연결범위변동,자본 [구성요소]|지배기업의 소유주에게 귀속되는 지분 [구성요소]|자본금 [구성요소],0,제 26 기,2025,KRW,,0,제 27 기,,,13,11011,fnlttSinglAcntAll,,0,제 28 기
yg_entertainment,YG Entertainment,00613318,122870,KRW,FY2025,2025,11011,Annual report,20260323001610,SCE,자본변동표,dart_ChangesInConsolidatedCompanies,연결범위변동,자본 [구성요소]|지배기업의 소유주에게 귀속되는 지분 [구성요소]|자본잉여금 [구성요소],0,제 26 기,2025,KRW,,0,제 27 기,,,13,11011,fnlttSinglAcntAll,,0,제 28 기
yg_entertainment,YG Entertainment,00613318,122870,KRW,FY2025,2025,11011,Annual report,20260323001610,SCE,자본변동표,dart_ChangesInConsolidatedCompanies,연결범위변동,자본 [구성요소]|지배기업의 소유주에게 귀속되는 지분 [구성요소]|기타포괄손익누계액 [구성요소],0,제 26 기,2025,KRW,,0,제 27 기,,,13,11011,fnlttSinglAcntAll,,0,제 28 기
yg_entertainment,YG Entertainment,00613318,122870,KRW,FY2025,2025,11011,Annual report,20260323001610,SCE,자본변동표,dart_ChangesInConsolidatedCompanies,연결범위변동,연결재무제표 [member],-789559926,제 26 기,2025,KRW,,221299154,제 27 기,,,13,11011,fnlttSinglAcntAll,,0,제 28 기
yg_entertainment,YG Entertainment,00613318,122870,KRW,FY2025,2025,11011,Annual report,20260323001610,SCE,자본변동표,dart_ChangesInConsolidatedCompanies,연결범위변동,자본 [구성요소]|비지배지분 [구성요소],-550933054,제 26 기,2025,KRW,,121620885,제 27 기,,,13,11011,fnlttSinglAcntAll,,0,제 28 기
yg_entertainment,YG Entertainment,00613318,122870,KRW,FY2025,2025,11011,Annual report,20260323001610,SCE,자본변동표,dart_ChangesInConsolidatedCompanies,연결범위변동,자본 [구성요소]|지배기업의 소유주에게 귀속되는 지분 [구성요소],-238626872,제 26 기,2025,KRW,,99678269,제 27 기,,,13,11011,fnlttSinglAcntAll,,0,제 28 기
yg_entertainment,YG Entertainment,00613318,122870,KRW,FY2025,2025,11011,Annual report,20260323001610,SCE,자본변동표,dart_ChangesInConsolidatedCompanies,연결범위변동,자본 [구성요소]|지배기업의 소유주에게 귀속되는 지분 [구성요소]|기타자본구성요소 [구성요소],550933054,제 26 기,2025,KRW,,-230133567,제 27 기,,,13,11011,fnlttSinglAcntAll,,0,제 28 기
yg_entertainment,YG Entertainment,00613318,122870,KRW,FY2025,2025,11011,Annual report,20260323001610,SCE,자본변동표,dart_TransferOfAmountRecognisedInOtherComprehensiveIncomeAndAccumulatedInEquityRelatingToDisposalOfInvestmentsInEquityInstruments,기타포괄손익-공정가치측정 금융자산의 처분으로 인한 재분류,자본 [구성요소]|비지배지분 [구성요소],0,제 26 기,2025,KRW,,0,제 27 기,,,14,11011,fnlttSinglAcntAll,,0,제 28 기
yg_entertainment,YG Entertainment,00613318,122870,KRW,FY2025,2025,11011,Annual report,20260323001610,SCE,자본변동표,dart_TransferOfAmountRecognisedInOtherComprehensiveIncomeAndAccumulatedInEquityRelatingToDisposalOfInvestmentsInEquityInstruments,기타포괄손익-공정가치측정 금융자산의 처분으로 인한 재분류,자본 [구성요소]|지배기업의 소유주에게 귀속되는 지분 [구성요소],0,제 26 기,2025,KRW,,0,제 27 기,,,14,11011,fnlttSinglAcntAll,,0,제 28 기
yg_entertainment,YG Entertainment,00613318,122870,KRW,FY2025,2025,11011,Annual report,20260323001610,SCE,자본변동표,dart_TransferOfAmountRecognisedInOtherComprehensiveIncomeAndAccumulatedInEquityRelatingToDisposalOfInvestmentsInEquityInstruments,기타포괄손익-공정가치측정 금융자산의 처분으로 인한 재분류,자본 [구성요소]|지배기업의 소유주에게 귀속되는 지분 [구성요소]|기타자본구성요소 [구성요소],0,제 26 기,2025,KRW,,0,제 27 기,,,14,11011,fnlttSinglAcntAll,,0,제 28 기
yg_entertainment,YG Entertainment,00613318,122870,KRW,FY2025,2025,11011,Annual report,20260323001610,SCE,자본변동표,dart_TransferOfAmountRecognisedInOtherComprehensiveIncomeAndAccumulatedInEquityRelatingToDisposalOfInvestmentsInEquityInstruments,기타포괄손익-공정가치측정 금융자산의 처분으로 인한 재분류,자본 [구성요소]|지배기업의 소유주에게 귀속되는 지분 [구성요소]|자본잉여금 [구성요소],0,제 26 기,2025,KRW,,0,제 27 기,,,14,11011,fnlttSinglAcntAll,,0,제 28 기
yg_entertainment,YG Entertainment,00613318,122870,KRW,FY2025,2025,11011,Annual report,20260323001610,SCE,자본변동표,dart_TransferOfAmountRecognisedInOtherComprehensiveIncomeAndAccumulatedInEquityRelatingToDisposalOfInvestmentsInEquityInstruments,기타포괄손익-공정가치측정 금융자산의 처분으로 인한 재분류,자본 [구성요소]|지배기업의 소유주에게 귀속되는 지분 [구성요소]|자본금 [구성요소],0,제 26 기,2025,KRW,,0,제 27 기,,,14,11011,fnlttSinglAcntAll,,0,제 28 기
yg_entertainment,YG Entertainment,00613318,122870,KRW,FY2025,2025,11011,Annual report,20260323001610,SCE,자본변동표,dart_TransferOfAmountRecognisedInOtherComprehensiveIncomeAndAccumulatedInEquityRelatingToDisposalOfInvestmentsInEquityInstruments,기타포괄손익-공정가치측정 금융자산의 처분으로 인한 재분류,자본 [구성요소]|지배기업의 소유주에게 귀속되는 지분 [구성요소]|이익잉여금 [구성요소],0,제 26 기,2025,KRW,,0,제 27 기,,,14,11011,fnlttSinglAcntAll,,-3183047769,제 28 기
yg_entertainment,YG Entertainment,00613318,122870,KRW,FY2025,2025,11011,Annual report,20260323001610,SCE,자본변동표,dart_TransferOfAmountRecognisedInOtherComprehensiveIncomeAndAccumulatedInEquityRelatingToDisposalOfInvestmentsInEquityInstruments,기타포괄손익-공정가치측정 금융자산의 처분으로 인한 재분류,자본 [구성요소]|지배기업의 소유주에게 귀속되는 지분 [구성요소]|기타포괄손익누계액 [구성요소],0,제 26 기,2025,KRW,,0,제 27 기,,,14,11011,fnlttSinglAcntAll,,3183047769,제 28 기
yg_entertainment,YG Entertainment,00613318,122870,KRW,FY2025,2025,11011,Annual report,20260323001610,SCE,자본변동표,dart_TransferOfAmountRecognisedInOtherComprehensiveIncomeAndAccumulatedInEquityRelatingToDisposalOfInvestmentsInEquityInstruments,기타포괄손익-공정가치측정 금융자산의 처분으로 인한 재분류,연결재무제표 [member],0,제 26 기,2025,KRW,,0,제 27 기,,,14,11011,fnlttSinglAcntAll,,0,제 28 기
yg_entertainment,YG Entertainment,00613318,122870,KRW,FY2025,2025,11011,Annual report,20260323001610,SCE,자본변동표,ifrs-full_DividendsPaid,배당,자본 [구성요소]|지배기업의 소유주에게 귀속되는 지분 [구성요소]|자본금 [구성요소],0,제 26 기,2025,KRW,,0,제 27 기,,,15,11011,fnlttSinglAcntAll,,0,제 28 기
yg_entertainment,YG Entertainment,00613318,122870,KRW,FY2025,2025,11011,Annual report,20260323001610,SCE,자본변동표,ifrs-full_DividendsPaid,배당,자본 [구성요소]|지배기업의 소유주에게 귀속되는 지분 [구성요소]|자본잉여금 [구성요소],0,제 26 기,2025,KRW,,0,제 27 기,,,15,11011,fnlttSinglAcntAll,,0,제 28 기
yg_entertainment,YG Entertainment,00613318,122870,KRW,FY2025,2025,11011,Annual report,20260323001610,SCE,자본변동표,ifrs-full_DividendsPaid,배당,자본 [구성요소]|지배기업의 소유주에게 귀속되는 지분 [구성요소]|이익잉여금 [구성요소],4627699500,제 26 기,2025,KRW,,5562899400,제 27 기,,,15,11011,fnlttSinglAcntAll,,4636719500,제 28 기
yg_entertainment,YG Entertainment,00613318,122870,KRW,FY2025,2025,11011,Annual report,20260323001610,SCE,자본변동표,ifrs-full_DividendsPaid,배당,자본 [구성요소]|지배기업의 소유주에게 귀속되는 지분 [구성요소]|기타포괄손익누계액 [구성요소],0,제 26 기,2025,KRW,,0,제 27 기,,,15,11011,fnlttSinglAcntAll,,0,제 28 기
yg_entertainment,YG Entertainment,00613318,122870,KRW,FY2025,2025,11011,Annual report,20260323001610,SCE,자본변동표,ifrs-full_DividendsPaid,배당,자본 [구성요소]|지배기업의 소유주에게 귀속되는 지분 [구성요소]|기타자본구성요소 [구성요소],0,제 26 기,2025,KRW,,0,제 27 기,,,15,11011,fnlttSinglAcntAll,,0,제 28 기
yg_entertainment,YG Entertainment,00613318,122870,KRW,FY2025,2025,11011,Annual report,20260323001610,SCE,자본변동표,ifrs-full_DividendsPaid,배당,자본 [구성요소]|지배기업의 소유주에게 귀속되는 지분 [구성요소],4627699500,제 26 기,2025,KRW,,5562899400,제 27 기,,,15,11011,fnlttSinglAcntAll,,4636719500,제 28 기
yg_entertainment,YG Entertainment,00613318,122870,KRW,FY2025,2025,11011,Annual report,20260323001610,SCE,자본변동표,ifrs-full_DividendsPaid,배당,자본 [구성요소]|비지배지분 [구성요소],0,제 26 기,2025,KRW,,433361575,제 27 기,,,15,11011,fnlttSinglAcntAll,,0,제 28 기
yg_entertainment,YG Entertainment,00613318,122870,KRW,FY2025,2025,11011,Annual report,20260323001610,SCE,자본변동표,ifrs-full_DividendsPaid,배당,연결재무제표 [member],4627699500,제 26 기,2025,KRW,,5996260975,제 27 기,,,15,11011,fnlttSinglAcntAll,,4636719500,제 28 기
yg_entertainment,YG Entertainment,00613318,122870,KRW,FY2025,2025,11011,Annual report,20260323001610,SCE,자본변동표,ifrs-full_IncreaseDecreaseThroughChangesInOwnershipInterestsInSubsidiariesThatDoNotResultInLossOfControl,종속기업지분변동,자본 [구성요소]|비지배지분 [구성요소],-13163445283,제 26 기,2025,KRW,,0,제 27 기,,,16,11011,fnlttSinglAcntAll,,534470330,제 28 기
yg_entertainment,YG Entertainment,00613318,122870,KRW,FY2025,2025,11011,Annual report,20260323001610,SCE,자본변동표,ifrs-full_IncreaseDecreaseThroughChangesInOwnershipInterestsInSubsidiariesThatDoNotResultInLossOfControl,종속기업지분변동,자본 [구성요소]|지배기업의 소유주에게 귀속되는 지분 [구성요소],-341399413,제 26 기,2025,KRW,,0,제 27 기,,,16,11011,fnlttSinglAcntAll,,617875437,제 28 기
yg_entertainment,YG Entertainment,00613318,122870,KRW,FY2025,2025,11011,Annual report,20260323001610,SCE,자본변동표,ifrs-full_IncreaseDecreaseThroughChangesInOwnershipInterestsInSubsidiariesThatDoNotResultInLossOfControl,종속기업지분변동,자본 [구성요소]|지배기업의 소유주에게 귀속되는 지분 [구성요소]|기타자본구성요소 [구성요소],-341399413,제 26 기,2025,KRW,,0,제 27 기,,,16,11011,fnlttSinglAcntAll,,562668064,제 28 기
yg_entertainment,YG Entertainment,00613318,122870,KRW,FY2025,2025,11011,Annual report,20260323001610,SCE,자본변동표,ifrs-full_IncreaseDecreaseThroughChangesInOwnershipInterestsInSubsidiariesThatDoNotResultInLossOfControl,종속기업지분변동,자본 [구성요소]|지배기업의 소유주에게 귀속되는 지분 [구성요소]|기타포괄손익누계액 [구성요소],0,제 26 기,2025,KRW,,0,제 27 기,,,16,11011,fnlttSinglAcntAll,,0,제 28 기
yg_entertainment,YG Entertainment,00613318,122870,KRW,FY2025,2025,11011,Annual report,20260323001610,SCE,자본변동표,ifrs-full_IncreaseDecreaseThroughChangesInOwnershipInterestsInSubsidiariesThatDoNotResultInLossOfControl,종속기업지분변동,자본 [구성요소]|지배기업의 소유주에게 귀속되는 지분 [구성요소]|이익잉여금 [구성요소],0,제 26 기,2025,KRW,,0,제 27 기,,,16,11011,fnlttSinglAcntAll,,0,제 28 기
yg_entertainment,YG Entertainment,00613318,122870,KRW,FY2025,2025,11011,Annual report,20260323001610,SCE,자본변동표,ifrs-full_IncreaseDecreaseThroughChangesInOwnershipInterestsInSubsidiariesThatDoNotResultInLossOfControl,종속기업지분변동,자본 [구성요소]|지배기업의 소유주에게 귀속되는 지분 [구성요소]|자본금 [구성요소],0,제 26 기,2025,KRW,,0,제 27 기,,,16,11011,fnlttSinglAcntAll,,0,제 28 기
yg_entertainment,YG Entertainment,00613318,122870,KRW,FY2025,2025,11011,Annual report,20260323001610,SCE,자본변동표,ifrs-full_IncreaseDecreaseThroughChangesInOwnershipInterestsInSubsidiariesThatDoNotResultInLossOfControl,종속기업지분변동,자본 [구성요소]|지배기업의 소유주에게 귀속되는 지분 [구성요소]|자본잉여금 [구성요소],0,제 26 기,2025,KRW,,0,제 27 기,,,16,11011,fnlttSinglAcntAll,,55207373,제 28 기
yg_entertainment,YG Entertainment,00613318,122870,KRW,FY2025,2025,11011,Annual report,20260323001610,SCE,자본변동표,ifrs-full_IncreaseDecreaseThroughChangesInOwnershipInterestsInSubsidiariesThatDoNotResultInLossOfControl,종속기업지분변동,연결재무제표 [member],-13504844696,제 26 기,2025,KRW,,0,제 27 기,,,16,11011,fnlttSinglAcntAll,,1152345767,제 28 기
yg_entertainment,YG Entertainment,00613318,122870,KRW,FY2025,2025,11011,Annual report,20260323001610,SCE,자본변동표,ifrs-full_IncreaseDecreaseThroughExerciseOfWarrantsEquity,주식선택권의 행사,연결재무제표 [member],818041000,제 26 기,2025,KRW,,98571400,제 27 기,,,17,11011,fnlttSinglAcntAll,,0,제 28 기
yg_entertainment,YG Entertainment,00613318,122870,KRW,FY2025,2025,11011,Annual report,20260323001610,SCE,자본변동표,ifrs-full_IncreaseDecreaseThroughExerciseOfWarrantsEquity,주식선택권의 행사,자본 [구성요소]|비지배지분 [구성요소],0,제 26 기,2025,KRW,,0,제 27 기,,,17,11011,fnlttSinglAcntAll,,0,제 28 기
yg_entertainment,YG Entertainment,00613318,122870,KRW,FY2025,2025,11011,Annual report,20260323001610,SCE,자본변동표,ifrs-full_IncreaseDecreaseThroughExerciseOfWarrantsEquity,주식선택권의 행사,자본 [구성요소]|지배기업의 소유주에게 귀속되는 지분 [구성요소],818041000,제 26 기,2025,KRW,,98571400,제 27 기,,,17,11011,fnlttSinglAcntAll,,0,제 28 기
yg_entertainment,YG Entertainment,00613318,122870,KRW,FY2025,2025,11011,Annual report,20260323001610,SCE,자본변동표,ifrs-full_IncreaseDecreaseThroughExerciseOfWarrantsEquity,주식선택권의 행사,자본 [구성요소]|지배기업의 소유주에게 귀속되는 지분 [구성요소]|기타자본구성요소 [구성요소],-309764000,제 26 기,2025,KRW,,-37325600,제 27 기,,,17,11011,fnlttSinglAcntAll,,0,제 28 기
yg_entertainment,YG Entertainment,00613318,122870,KRW,FY2025,2025,11011,Annual report,20260323001610,SCE,자본변동표,ifrs-full_IncreaseDecreaseThroughExerciseOfWarrantsEquity,주식선택권의 행사,자본 [구성요소]|지배기업의 소유주에게 귀속되는 지분 [구성요소]|기타포괄손익누계액 [구성요소],0,제 26 기,2025,KRW,,0,제 27 기,,,17,11011,fnlttSinglAcntAll,,0,제 28 기
yg_entertainment,YG Entertainment,00613318,122870,KRW,FY2025,2025,11011,Annual report,20260323001610,SCE,자본변동표,ifrs-full_IncreaseDecreaseThroughExerciseOfWarrantsEquity,주식선택권의 행사,자본 [구성요소]|지배기업의 소유주에게 귀속되는 지분 [구성요소]|이익잉여금 [구성요소],0,제 26 기,2025,KRW,,0,제 27 기,,,17,11011,fnlttSinglAcntAll,,0,제 28 기
yg_entertainment,YG Entertainment,00613318,122870,KRW,FY2025,2025,11011,Annual report,20260323001610,SCE,자본변동표,ifrs-full_IncreaseDecreaseThroughExerciseOfWarrantsEquity,주식선택권의 행사,자본 [구성요소]|지배기업의 소유주에게 귀속되는 지분 [구성요소]|자본잉여금 [구성요소],1111705000,제 26 기,2025,KRW,,133957000,제 27 기,,,17,11011,fnlttSinglAcntAll,,0,제 28 기
yg_entertainment,YG Entertainment,00613318,122870,KRW,FY2025,2025,11011,Annual report,20260323001610,SCE,자본변동표,ifrs-full_IncreaseDecreaseThroughExerciseOfWarrantsEquity,주식선택권의 행사,자본 [구성요소]|지배기업의 소유주에게 귀속되는 지분 [구성요소]|자본금 [구성요소],16100000,제 26 기,2025,KRW,,1940000,제 27 기,,,17,11011,fnlttSinglAcntAll,,0,제 28 기
yg_entertainment,YG Entertainment,00613318,122870,KRW,FY2025,2025,11011,Annual report,20260323001610,SCE,자본변동표,ifrs-full_IncreaseDecreaseThroughSharebasedPaymentTransactions,주식보상비용,연결재무제표 [member],932683945,제 26 기,2025,KRW,,332748176,제 27 기,,,18,11011,fnlttSinglAcntAll,,619967936,제 28 기
yg_entertainment,YG Entertainment,00613318,122870,KRW,FY2025,2025,11011,Annual report,20260323001610,SCE,자본변동표,ifrs-full_IncreaseDecreaseThroughSharebasedPaymentTransactions,주식보상비용,자본 [구성요소]|비지배지분 [구성요소],932683945,제 26 기,2025,KRW,,332748176,제 27 기,,,18,11011,fnlttSinglAcntAll,,98762895,제 28 기
yg_entertainment,YG Entertainment,00613318,122870,KRW,FY2025,2025,11011,Annual report,20260323001610,SCE,자본변동표,ifrs-full_IncreaseDecreaseThroughSharebasedPaymentTransactions,주식보상비용,자본 [구성요소]|지배기업의 소유주에게 귀속되는 지분 [구성요소],0,제 26 기,2025,KRW,,0,제 27 기,,,18,11011,fnlttSinglAcntAll,,521205041,제 28 기
yg_entertainment,YG Entertainment,00613318,122870,KRW,FY2025,2025,11011,Annual report,20260323001610,SCE,자본변동표,ifrs-full_IncreaseDecreaseThroughSharebasedPaymentTransactions,주식보상비용,자본 [구성요소]|지배기업의 소유주에게 귀속되는 지분 [구성요소]|기타자본구성요소 [구성요소],0,제 26 기,2025,KRW,,0,제 27 기,,,18,11011,fnlttSinglAcntAll,,521205041,제 28 기
yg_entertainment,YG Entertainment,00613318,122870,KRW,FY2025,2025,11011,Annual report,20260323001610,SCE,자본변동표,ifrs-full_IncreaseDecreaseThroughSharebasedPaymentTransactions,주식보상비용,자본 [구성요소]|지배기업의 소유주에게 귀속되는 지분 [구성요소]|기타포괄손익누계액 [구성요소],0,제 26 기,2025,KRW,,0,제 27 기,,,18,11011,fnlttSinglAcntAll,,0,제 28 기
yg_entertainment,YG Entertainment,00613318,122870,KRW,FY2025,2025,11011,Annual report,20260323001610,SCE,자본변동표,ifrs-full_IncreaseDecreaseThroughSharebasedPaymentTransactions,주식보상비용,자본 [구성요소]|지배기업의 소유주에게 귀속되는 지분 [구성요소]|이익잉여금 [구성요소],0,제 26 기,2025,KRW,,0,제 27 기,,,18,11011,fnlttSinglAcntAll,,0,제 28 기
yg_entertainment,YG Entertainment,00613318,122870,KRW,FY2025,2025,11011,Annual report,20260323001610,SCE,자본변동표,ifrs-full_IncreaseDecreaseThroughSharebasedPaymentTransactions,주식보상비용,자본 [구성요소]|지배기업의 소유주에게 귀속되는 지분 [구성요소]|자본금 [구성요소],0,제 26 기,2025,KRW,,0,제 27 기,,,18,11011,fnlttSinglAcntAll,,0,제 28 기
yg_entertainment,YG Entertainment,00613318,122870,KRW,FY2025,2025,11011,Annual report,20260323001610,SCE,자본변동표,ifrs-full_IncreaseDecreaseThroughSharebasedPaymentTransactions,주식보상비용,자본 [구성요소]|지배기업의 소유주에게 귀속되는 지분 [구성요소]|자본잉여금 [구성요소],0,제 26 기,2025,KRW,,0,제 27 기,,,18,11011,fnlttSinglAcntAll,,0,제 28 기
yg_entertainment,YG Entertainment,00613318,122870,KRW,Q1_2026,2026,11013,First-quarter report,20260515002248,BS,재무상태표,ifrs-full_Assets,자산총계,-,,,2026,KRW,,838779404539,제 28 기말,,,7,11013,fnlttSinglAcntAll,,866968656193,제 29 기 1분기말
yg_entertainment,YG Entertainment,00613318,122870,KRW,Q1_2026,2026,11013,First-quarter report,20260515002248,BS,재무상태표,ifrs-full_CurrentAssets,유동자산,-,,,2026,KRW,,446199537509,제 28 기말,,,8,11013,fnlttSinglAcntAll,,468716853953,제 29 기 1분기말
yg_entertainment,YG Entertainment,00613318,122870,KRW,Q1_2026,2026,11013,First-quarter report,20260515002248,BS,재무상태표,dart_ReceivablesAgentNet,대행미수금,-,,,2026,KRW,,9341897966,제 28 기말,,,9,11013,fnlttSinglAcntAll,,33143882351,제 29 기 1분기말
yg_entertainment,YG Entertainment,00613318,122870,KRW,Q1_2026,2026,11013,First-quarter report,20260515002248,BS,재무상태표,ifrs-full_CashAndCashEquivalents,현금및현금성자산,-,,,2026,KRW,,168219905571,제 28 기말,,,10,11013,fnlttSinglAcntAll,,192704386404,제 29 기 1분기말
yg_entertainment,YG Entertainment,00613318,122870,KRW,Q1_2026,2026,11013,First-quarter report,20260515002248,BS,재무상태표,ifrs-full_CurrentPrepayments,선급금,-,,,2026,KRW,,6258984875,제 28 기말,,,11,11013,fnlttSinglAcntAll,,7410625749,제 29 기 1분기말
yg_entertainment,YG Entertainment,00613318,122870,KRW,Q1_2026,2026,11013,First-quarter report,20260515002248,BS,재무상태표,ifrs-full_CurrentTradeReceivables,매출채권,-,,,2026,KRW,,91583382123,제 28 기말,,,12,11013,fnlttSinglAcntAll,,104727550152,제 29 기 1분기말
yg_entertainment,YG Entertainment,00613318,122870,KRW,Q1_2026,2026,11013,First-quarter report,20260515002248,BS,재무상태표,ifrs-full_Inventories,재고자산,-,,,2026,KRW,,21005093420,제 28 기말,,,13,11013,fnlttSinglAcntAll,,16388010164,제 29 기 1분기말
yg_entertainment,YG Entertainment,00613318,122870,KRW,Q1_2026,2026,11013,First-quarter report,20260515002248,BS,재무상태표,ifrs-full_OtherCurrentAssets,기타유동자산,-,,,2026,KRW,,13106890143,제 28 기말,,,14,11013,fnlttSinglAcntAll,,8639771530,제 29 기 1분기말
yg_entertainment,YG Entertainment,00613318,122870,KRW,Q1_2026,2026,11013,First-quarter report,20260515002248,BS,재무상태표,ifrs-full_OtherCurrentFinancialAssets,기타유동금융자산,-,,,2026,KRW,,18417244062,제 28 기말,,,15,11013,fnlttSinglAcntAll,,16922827953,제 29 기 1분기말
yg_entertainment,YG Entertainment,00613318,122870,KRW,Q1_2026,2026,11013,First-quarter report,20260515002248,BS,재무상태표,ifrs-full_ShorttermDepositsNotClassifiedAsCashEquivalents,단기금융자산,-,,,2026,KRW,,118266139349,제 28 기말,,,16,11013,fnlttSinglAcntAll,,88779799650,제 29 기 1분기말
yg_entertainment,YG Entertainment,00613318,122870,KRW,Q1_2026,2026,11013,First-quarter report,20260515002248,BS,재무상태표,ifrs-full_NoncurrentAssets,비유동자산,-,,,2026,KRW,,392579867030,제 28 기말,,,17,11013,fnlttSinglAcntAll,,398251802240,제 29 기 1분기말
yg_entertainment,YG Entertainment,00613318,122870,KRW,Q1_2026,2026,11013,First-quarter report,20260515002248,BS,재무상태표,dart_LongTermDepositsNotClassifiedAsCashEquivalents,장기금융자산,-,,,2026,KRW,,113628796602,제 28 기말,,,18,11013,fnlttSinglAcntAll,,121876717913,제 29 기 1분기말
yg_entertainment,YG Entertainment,00613318,122870,KRW,Q1_2026,2026,11013,First-quarter report,20260515002248,BS,재무상태표,ifrs-full_DeferredTaxAssets,이연법인세자산,-,,,2026,KRW,,18017398446,제 28 기말,,,19,11013,fnlttSinglAcntAll,,17573116710,제 29 기 1분기말
yg_entertainment,YG Entertainment,00613318,122870,KRW,Q1_2026,2026,11013,First-quarter report,20260515002248,BS,재무상태표,ifrs-full_IntangibleAssetsAndGoodwill,무형자산,-,,,2026,KRW,,34692548888,제 28 기말,,,20,11013,fnlttSinglAcntAll,,31420600755,제 29 기 1분기말
yg_entertainment,YG Entertainment,00613318,122870,KRW,Q1_2026,2026,11013,First-quarter report,20260515002248,BS,재무상태표,ifrs-full_InvestmentAccountedForUsingEquityMethod,공동기업및관계기업투자,-,,,2026,KRW,,43830974690,제 28 기말,,,21,11013,fnlttSinglAcntAll,,41675497353,제 29 기 1분기말
yg_entertainment,YG Entertainment,00613318,122870,KRW,Q1_2026,2026,11013,First-quarter report,20260515002248,BS,재무상태표,ifrs-full_InvestmentProperty,투자부동산,-,,,2026,KRW,,1058664511,제 28 기말,,,22,11013,fnlttSinglAcntAll,,1051949938,제 29 기 1분기말
yg_entertainment,YG Entertainment,00613318,122870,KRW,Q1_2026,2026,11013,First-quarter report,20260515002248,BS,재무상태표,ifrs-full_OtherNoncurrentFinancialAssets,기타비유동금융자산,-,,,2026,KRW,,5954302054,제 28 기말,,,23,11013,fnlttSinglAcntAll,,6531718557,제 29 기 1분기말
yg_entertainment,YG Entertainment,00613318,122870,KRW,Q1_2026,2026,11013,First-quarter report,20260515002248,BS,재무상태표,ifrs-full_PropertyPlantAndEquipment,유형자산,-,,,2026,KRW,,175397181839,제 28 기말,,,24,11013,fnlttSinglAcntAll,,178122201014,제 29 기 1분기말
yg_entertainment,YG Entertainment,00613318,122870,KRW,Q1_2026,2026,11013,First-quarter report,20260515002248,BS,재무상태표,ifrs-full_Equity,자본총계,-,,,2026,KRW,,650845160180,제 28 기말,,,26,11013,fnlttSinglAcntAll,,653734649613,제 29 기 1분기말
yg_entertainment,YG Entertainment,00613318,122870,KRW,Q1_2026,2026,11013,First-quarter report,20260515002248,BS,재무상태표,ifrs-full_EquityAttributableToOwnersOfParent,지배기업 소유주 지분,-,,,2026,KRW,,513544973528,제 28 기말,,,27,11013,fnlttSinglAcntAll,,512736966214,제 29 기 1분기말
yg_entertainment,YG Entertainment,00613318,122870,KRW,Q1_2026,2026,11013,First-quarter report,20260515002248,BS,재무상태표,dart_CapitalAdjustments,자본조정,-,,,2026,KRW,,18356154073,제 28 기말,,,28,11013,fnlttSinglAcntAll,,18427062213,제 29 기 1분기말
yg_entertainment,YG Entertainment,00613318,122870,KRW,Q1_2026,2026,11013,First-quarter report,20260515002248,BS,재무상태표,dart_CapitalSurplus,자본잉여금,-,,,2026,KRW,,226709396543,제 28 기말,,,29,11013,fnlttSinglAcntAll,,226709396543,제 29 기 1분기말
yg_entertainment,YG Entertainment,00613318,122870,KRW,Q1_2026,2026,11013,First-quarter report,20260515002248,BS,재무상태표,dart_OtherComprehensiveIncomeLossAccumulatedAmount,기타포괄손익누계액,-,,,2026,KRW,,529232463,제 28 기말,,,30,11013,fnlttSinglAcntAll,,432908725,제 29 기 1분기말
yg_entertainment,YG Entertainment,00613318,122870,KRW,Q1_2026,2026,11013,First-quarter report,20260515002248,BS,재무상태표,ifrs-full_IssuedCapital,자본금,-,,,2026,KRW,,9505716500,제 28 기말,,,31,11013,fnlttSinglAcntAll,,9505716500,제 29 기 1분기말
yg_entertainment,YG Entertainment,00613318,122870,KRW,Q1_2026,2026,11013,First-quarter report,20260515002248,BS,재무상태표,ifrs-full_RetainedEarnings,이익잉여금,-,,,2026,KRW,,258444473949,제 28 기말,,,32,11013,fnlttSinglAcntAll,,257661882233,제 29 기 1분기말
yg_entertainment,YG Entertainment,00613318,122870,KRW,Q1_2026,2026,11013,First-quarter report,20260515002248,BS,재무상태표,ifrs-full_NoncontrollingInterests,비지배지분,-,,,2026,KRW,,137300186652,제 28 기말,,,33,11013,fnlttSinglAcntAll,,140997683399,제 29 기 1분기말
yg_entertainment,YG Entertainment,00613318,122870,KRW,Q1_2026,2026,11013,First-quarter report,20260515002248,BS,재무상태표,ifrs-full_EquityAndLiabilities,자본과부채총계,-,,,2026,KRW,,838779404539,제 28 기말,,,34,11013,fnlttSinglAcntAll,,866968656193,제 29 기 1분기말
yg_entertainment,YG Entertainment,00613318,122870,KRW,Q1_2026,2026,11013,First-quarter report,20260515002248,BS,재무상태표,ifrs-full_CurrentLiabilities,유동부채,-,,,2026,KRW,,170900054358,제 28 기말,,,36,11013,fnlttSinglAcntAll,,195023906543,제 29 기 1분기말
yg_entertainment,YG Entertainment,00613318,122870,KRW,Q1_2026,2026,11013,First-quarter report,20260515002248,BS,재무상태표,dart_ShortTermIncomeReceivedInAdvance,선수수익,-,,,2026,KRW,,15781447928,제 28 기말,,,37,11013,fnlttSinglAcntAll,,14264374275,제 29 기 1분기말
yg_entertainment,YG Entertainment,00613318,122870,KRW,Q1_2026,2026,11013,First-quarter report,20260515002248,BS,재무상태표,-표준계정코드 미사용-,유동성장기차입부채,-,,,2026,KRW,,829409336,제 28 기말,,,38,11013,fnlttSinglAcntAll,,858777931,제 29 기 1분기말
yg_entertainment,YG Entertainment,00613318,122870,KRW,Q1_2026,2026,11013,First-quarter report,20260515002248,BS,재무상태표,ifrs-full_CurrentAdvances,선수금,-,,,2026,KRW,,13792985178,제 28 기말,,,39,11013,fnlttSinglAcntAll,,2961963428,제 29 기 1분기말
yg_entertainment,YG Entertainment,00613318,122870,KRW,Q1_2026,2026,11013,First-quarter report,20260515002248,BS,재무상태표,ifrs-full_CurrentLeaseLiabilities,단기리스부채,-,,,2026,KRW,,4805218340,제 28 기말,,,40,11013,fnlttSinglAcntAll,,4494439023,제 29 기 1분기말
yg_entertainment,YG Entertainment,00613318,122870,KRW,Q1_2026,2026,11013,First-quarter report,20260515002248,BS,재무상태표,ifrs-full_CurrentTaxLiabilities,당기법인세부채,-,,,2026,KRW,,9803143841,제 28 기말,,,41,11013,fnlttSinglAcntAll,,3555196809,제 29 기 1분기말
yg_entertainment,YG Entertainment,00613318,122870,KRW,Q1_2026,2026,11013,First-quarter report,20260515002248,BS,재무상태표,ifrs-full_OtherCurrentLiabilities,기타유동부채,-,,,2026,KRW,,8400672333,제 28 기말,,,42,11013,fnlttSinglAcntAll,,7505181077,제 29 기 1분기말
yg_entertainment,YG Entertainment,00613318,122870,KRW,Q1_2026,2026,11013,First-quarter report,20260515002248,BS,재무상태표,ifrs-full_TradeAndOtherCurrentPayables,매입채무및기타금융부채,-,,,2026,KRW,,117487177402,제 28 기말,,,43,11013,fnlttSinglAcntAll,,161383974000,제 29 기 1분기말
yg_entertainment,YG Entertainment,00613318,122870,KRW,Q1_2026,2026,11013,First-quarter report,20260515002248,BS,재무상태표,ifrs-full_Liabilities,부채총계,-,,,2026,KRW,,187934244359,제 28 기말,,,44,11013,fnlttSinglAcntAll,,213234006580,제 29 기 1분기말
yg_entertainment,YG Entertainment,00613318,122870,KRW,Q1_2026,2026,11013,First-quarter report,20260515002248,BS,재무상태표,ifrs-full_NoncurrentLiabilities,비유동부채,-,,,2026,KRW,,17034190001,제 28 기말,,,45,11013,fnlttSinglAcntAll,,18210100037,제 29 기 1분기말
yg_entertainment,YG Entertainment,00613318,122870,KRW,Q1_2026,2026,11013,First-quarter report,20260515002248,BS,재무상태표,ifrs-full_DeferredTaxLiabilities,이연법인세부채,-,,,2026,KRW,,676490578,제 28 기말,,,46,11013,fnlttSinglAcntAll,,741950068,제 29 기 1분기말
yg_entertainment,YG Entertainment,00613318,122870,KRW,Q1_2026,2026,11013,First-quarter report,20260515002248,BS,재무상태표,ifrs-full_NoncurrentLeaseLiabilities,장기리스부채,-,,,2026,KRW,,1011880330,제 28 기말,,,47,11013,fnlttSinglAcntAll,,687941803,제 29 기 1분기말
yg_entertainment,YG Entertainment,00613318,122870,KRW,Q1_2026,2026,11013,First-quarter report,20260515002248,BS,재무상태표,ifrs-full_NoncurrentPortionOfNoncurrentLoansReceived,장기차입부채,-,,,2026,KRW,,6139477421,제 28 기말,,,48,11013,fnlttSinglAcntAll,,6117996191,제 29 기 1분기말
yg_entertainment,YG Entertainment,00613318,122870,KRW,Q1_2026,2026,11013,First-quarter report,20260515002248,BS,재무상태표,ifrs-full_OtherNoncurrentFinancialLiabilities,기타비유동금융부채,-,,,2026,KRW,,6396402498,제 28 기말,,,49,11013,fnlttSinglAcntAll,,8443295690,제 29 기 1분기말
yg_entertainment,YG Entertainment,00613318,122870,KRW,Q1_2026,2026,11013,First-quarter report,20260515002248,BS,재무상태표,ifrs-full_OtherNoncurrentLiabilities,기타비유동부채,-,,,2026,KRW,,2809939174,제 28 기말,,,50,11013,fnlttSinglAcntAll,,2218916285,제 29 기 1분기말
yg_entertainment,YG Entertainment,00613318,122870,KRW,Q1_2026,2026,11013,First-quarter report,20260515002248,CIS,포괄손익계산서,dart_NonOperatingProfitLoss,영업외손익,-,,,2026,KRW,3193683031,,,3193683031,제 28 기 1분기,6,11013,fnlttSinglAcntAll,-2647429479,-2647429479,제 29 기 1분기
yg_entertainment,YG Entertainment,00613318,122870,KRW,Q1_2026,2026,11013,First-quarter report,20260515002248,CIS,포괄손익계산서,dart_OtherGains,기타수익,-,,,2026,KRW,1284082474,,,1284082474,제 28 기 1분기,7,11013,fnlttSinglAcntAll,417301699,417301699,제 29 기 1분기
yg_entertainment,YG Entertainment,00613318,122870,KRW,Q1_2026,2026,11013,First-quarter report,20260515002248,CIS,포괄손익계산서,dart_OtherLosses,기타비용,-,,,2026,KRW,1713259394,,,1713259394,제 28 기 1분기,8,11013,fnlttSinglAcntAll,283436559,283436559,제 29 기 1분기
yg_entertainment,YG Entertainment,00613318,122870,KRW,Q1_2026,2026,11013,First-quarter report,20260515002248,CIS,포괄손익계산서,ifrs-full_FinanceCosts,금융비용,-,,,2026,KRW,1572871267,,,1572871267,제 28 기 1분기,9,11013,fnlttSinglAcntAll,7950602359,7950602359,제 29 기 1분기
yg_entertainment,YG Entertainment,00613318,122870,KRW,Q1_2026,2026,11013,First-quarter report,20260515002248,CIS,포괄손익계산서,ifrs-full_FinanceIncome,금융수익,-,,,2026,KRW,5195731218,,,5195731218,제 28 기 1분기,10,11013,fnlttSinglAcntAll,5169307740,5169307740,제 29 기 1분기
yg_entertainment,YG Entertainment,00613318,122870,KRW,Q1_2026,2026,11013,First-quarter report,20260515002248,CIS,포괄손익계산서,dart_OperatingIncomeLoss,영업이익(손실),-,,,2026,KRW,9524641977,,,9524641977,제 28 기 1분기,11,11013,fnlttSinglAcntAll,19417938822,19417938822,제 29 기 1분기
yg_entertainment,YG Entertainment,00613318,122870,KRW,Q1_2026,2026,11013,First-quarter report,20260515002248,CIS,포괄손익계산서,dart_OtherOperatingExpense,기타영업비용,-,,,2026,KRW,1055577120,,,1055577120,제 28 기 1분기,12,11013,fnlttSinglAcntAll,512731475,512731475,제 29 기 1분기
yg_entertainment,YG Entertainment,00613318,122870,KRW,Q1_2026,2026,11013,First-quarter report,20260515002248,CIS,포괄손익계산서,dart_OtherOperatingIncome,기타영업수익,-,,,2026,KRW,5259190533,,,5259190533,제 28 기 1분기,13,11013,fnlttSinglAcntAll,1918777526,1918777526,제 29 기 1분기
yg_entertainment,YG Entertainment,00613318,122870,KRW,Q1_2026,2026,11013,First-quarter report,20260515002248,CIS,포괄손익계산서,dart_TotalSellingGeneralAdministrativeExpenses,판매비와관리비,-,,,2026,KRW,30579391942,,,30579391942,제 28 기 1분기,14,11013,fnlttSinglAcntAll,31872981627,31872981627,제 29 기 1분기
yg_entertainment,YG Entertainment,00613318,122870,KRW,Q1_2026,2026,11013,First-quarter report,20260515002248,CIS,포괄손익계산서,ifrs-full_ComprehensiveIncome,총포괄이익,-,,,2026,KRW,11882066950,,,11882066950,제 28 기 1분기,15,11013,fnlttSinglAcntAll,9717434273,9717434273,제 29 기 1분기
yg_entertainment,YG Entertainment,00613318,122870,KRW,Q1_2026,2026,11013,First-quarter report,20260515002248,CIS,포괄손익계산서,ifrs-full_ComprehensiveIncomeAttributableToNoncontrollingInterests,비지배지분,-,,,2026,KRW,4733596864,,,4733596864,제 28 기 1분기,17,11013,fnlttSinglAcntAll,5032286327,5032286327,제 29 기 1분기
yg_entertainment,YG Entertainment,00613318,122870,KRW,Q1_2026,2026,11013,First-quarter report,20260515002248,CIS,포괄손익계산서,ifrs-full_ComprehensiveIncomeAttributableToOwnersOfParent,지배주주지분,-,,,2026,KRW,7148470086,,,7148470086,제 28 기 1분기,18,11013,fnlttSinglAcntAll,4685147946,4685147946,제 29 기 1분기
yg_entertainment,YG Entertainment,00613318,122870,KRW,Q1_2026,2026,11013,First-quarter report,20260515002248,CIS,포괄손익계산서,ifrs-full_CostOfSales,매출원가,-,,,2026,KRW,64255597774,,,64255597774,제 28 기 1분기,19,11013,fnlttSinglAcntAll,97234122449,97234122449,제 29 기 1분기
yg_entertainment,YG Entertainment,00613318,122870,KRW,Q1_2026,2026,11013,First-quarter report,20260515002248,CIS,포괄손익계산서,ifrs-full_BasicEarningsLossPerShare,기본주당이익,-,,,2026,KRW,279,,,279,제 28 기 1분기,21,11013,fnlttSinglAcntAll,258,258,제 29 기 1분기
yg_entertainment,YG Entertainment,00613318,122870,KRW,Q1_2026,2026,11013,First-quarter report,20260515002248,CIS,포괄손익계산서,ifrs-full_DilutedEarningsLossPerShare,희석주당이익,-,,,2026,KRW,279,,,279,제 28 기 1분기,22,11013,fnlttSinglAcntAll,258,258,제 29 기 1분기
yg_entertainment,YG Entertainment,00613318,122870,KRW,Q1_2026,2026,11013,First-quarter report,20260515002248,CIS,포괄손익계산서,ifrs-full_GrossProfit,매출총이익,-,,,2026,KRW,35900420506,,,35900420506,제 28 기 1분기,23,11013,fnlttSinglAcntAll,49884874398,49884874398,제 29 기 1분기
yg_entertainment,YG Entertainment,00613318,122870,KRW,Q1_2026,2026,11013,First-quarter report,20260515002248,CIS,포괄손익계산서,ifrs-full_IncomeTaxExpenseContinuingOperations,법인세비용,-,,,2026,KRW,2439932341,,,2439932341,제 28 기 1분기,24,11013,fnlttSinglAcntAll,8022228523,8022228523,제 29 기 1분기
yg_entertainment,YG Entertainment,00613318,122870,KRW,Q1_2026,2026,11013,First-quarter report,20260515002248,CIS,포괄손익계산서,ifrs-full_OtherComprehensiveIncome,기타포괄손익,-,,,2026,KRW,1653697929,,,1653697929,제 28 기 1분기,25,11013,fnlttSinglAcntAll,-45360540,-45360540,제 29 기 1분기
yg_entertainment,YG Entertainment,00613318,122870,KRW,Q1_2026,2026,11013,First-quarter report,20260515002248,CIS,포괄손익계산서,ifrs-full_OtherComprehensiveIncomeThatWillBeReclassifiedToProfitOrLossNetOfTax,후속적으로 당기손익으로 재분류될 수 있는 항목,-,,,2026,KRW,1653697929,,,1653697929,제 28 기 1분기,26,11013,fnlttSinglAcntAll,-45360540,-45360540,제 29 기 1분기
yg_entertainment,YG Entertainment,00613318,122870,KRW,Q1_2026,2026,11013,First-quarter report,20260515002248,CIS,포괄손익계산서,ifrs-full_GainsLossesOnExchangeDifferencesOnTranslationNetOfTax,해외사업장환산외환차이,-,,,2026,KRW,1190282401,,,1190282401,제 28 기 1분기,27,11013,fnlttSinglAcntAll,1628983886,1628983886,제 29 기 1분기
yg_entertainment,YG Entertainment,00613318,122870,KRW,Q1_2026,2026,11013,First-quarter report,20260515002248,CIS,포괄손익계산서,ifrs-full_GainsLossesOnFinancialAssetsMeasuredAtFairValueThroughOtherComprehensiveIncomeNetOfTax,기타포괄손익-공정가치채무상품 평가손익,-,,,2026,KRW,901016000,,,901016000,제 28 기 1분기,28,11013,fnlttSinglAcntAll,-1894910988,-1894910988,제 29 기 1분기
yg_entertainment,YG Entertainment,00613318,122870,KRW,Q1_2026,2026,11013,First-quarter report,20260515002248,CIS,포괄손익계산서,ifrs-full_ShareOfOtherComprehensiveIncomeOfAssociatesAndJointVenturesAccountedForUsingEquityMethodThatWillBeReclassifiedToProfitOrLossNetOfTax,지분법자본변동,-,,,2026,KRW,-437600472,,,-437600472,제 28 기 1분기,29,11013,fnlttSinglAcntAll,220566562,220566562,제 29 기 1분기
yg_entertainment,YG Entertainment,00613318,122870,KRW,Q1_2026,2026,11013,First-quarter report,20260515002248,CIS,포괄손익계산서,ifrs-full_OtherComprehensiveIncomeThatWillNotBeReclassifiedToProfitOrLossNetOfTax,후속적으로 당기손익으로 재분류될 수 없는 항목,-,,,2026,KRW,0,,,0,제 28 기 1분기,30,11013,fnlttSinglAcntAll,0,0,제 29 기 1분기
yg_entertainment,YG Entertainment,00613318,122870,KRW,Q1_2026,2026,11013,First-quarter report,20260515002248,CIS,포괄손익계산서,ifrs-full_OtherComprehensiveIncomeNetOfTaxGainsLossesFromInvestmentsInEquityInstruments,기타포괄손익-공정가치지분상품 평가손익,-,,,2026,KRW,0,,,0,제 28 기 1분기,31,11013,fnlttSinglAcntAll,0,0,제 29 기 1분기
yg_entertainment,YG Entertainment,00613318,122870,KRW,Q1_2026,2026,11013,First-quarter report,20260515002248,CIS,포괄손익계산서,ifrs-full_ProfitLoss,연결분기순이익,-,,,2026,KRW,10228369021,,,10228369021,제 28 기 1분기,32,11013,fnlttSinglAcntAll,9762794813,9762794813,제 29 기 1분기
yg_entertainment,YG Entertainment,00613318,122870,KRW,Q1_2026,2026,11013,First-quarter report,20260515002248,CIS,포괄손익계산서,ifrs-full_ProfitLossAttributableToNoncontrollingInterests,비지배지분,-,,,2026,KRW,5047555237,,,5047555237,제 28 기 1분기,34,11013,fnlttSinglAcntAll,4981323129,4981323129,제 29 기 1분기
yg_entertainment,YG Entertainment,00613318,122870,KRW,Q1_2026,2026,11013,First-quarter report,20260515002248,CIS,포괄손익계산서,ifrs-full_ProfitLossAttributableToOwnersOfParent,지배주주지분,-,,,2026,KRW,5180813784,,,5180813784,제 28 기 1분기,35,11013,fnlttSinglAcntAll,4781471684,4781471684,제 29 기 1분기
yg_entertainment,YG Entertainment,00613318,122870,KRW,Q1_2026,2026,11013,First-quarter report,20260515002248,CIS,포괄손익계산서,ifrs-full_ProfitLossBeforeTax,법인세비용차감전순이익,-,,,2026,KRW,12668301362,,,12668301362,제 28 기 1분기,36,11013,fnlttSinglAcntAll,17785023336,17785023336,제 29 기 1분기
yg_entertainment,YG Entertainment,00613318,122870,KRW,Q1_2026,2026,11013,First-quarter report,20260515002248,CIS,포괄손익계산서,ifrs-full_Revenue,매출액,-,,,2026,KRW,100156018280,,,100156018280,제 28 기 1분기,37,11013,fnlttSinglAcntAll,147118996847,147118996847,제 29 기 1분기
yg_entertainment,YG Entertainment,00613318,122870,KRW,Q1_2026,2026,11013,First-quarter report,20260515002248,CIS,포괄손익계산서,ifrs-full_ShareOfProfitLossOfAssociatesAndJointVenturesAccountedForUsingEquityMethod,공동기업및관계기업투자손익,-,,,2026,KRW,-50023646,,,-50023646,제 28 기 1분기,38,11013,fnlttSinglAcntAll,1014513993,1014513993,제 29 기 1분기
yg_entertainment,YG Entertainment,00613318,122870,KRW,Q1_2026,2026,11013,First-quarter report,20260515002248,CF,현금흐름표,dart_CashAndCashEquivalentsAtBeginningOfPeriodCf,기초의 현금 및 현금성자산,-,,,2026,KRW,,,,86702986093,제 28 기 1분기,2,11013,fnlttSinglAcntAll,,168219905571,제 29 기 1분기
yg_entertainment,YG Entertainment,00613318,122870,KRW,Q1_2026,2026,11013,First-quarter report,20260515002248,CF,현금흐름표,dart_CashAndCashEquivalentsAtEndOfPeriodCf,분기말의 현금 및 현금성자산,-,,,2026,KRW,,,,106906425348,제 28 기 1분기,3,11013,fnlttSinglAcntAll,,192704386404,제 29 기 1분기
yg_entertainment,YG Entertainment,00613318,122870,KRW,Q1_2026,2026,11013,First-quarter report,20260515002248,CF,현금흐름표,ifrs-full_CashFlowsFromUsedInFinancingActivities,재무활동현금흐름,-,,,2026,KRW,,,,-2038390010,제 28 기 1분기,8,11013,fnlttSinglAcntAll,,-1753624055,제 29 기 1분기
yg_entertainment,YG Entertainment,00613318,122870,KRW,Q1_2026,2026,11013,First-quarter report,20260515002248,CF,현금흐름표,-표준계정코드 미사용-,재무활동으로 인한 현금유입액,-,,,2026,KRW,,,,0,제 28 기 1분기,9,11013,fnlttSinglAcntAll,,0,제 29 기 1분기
yg_entertainment,YG Entertainment,00613318,122870,KRW,Q1_2026,2026,11013,First-quarter report,20260515002248,CF,현금흐름표,-표준계정코드 미사용-,재무활동으로 인한 현금유출액,-,,,2026,KRW,,,,2038390010,제 28 기 1분기,10,11013,fnlttSinglAcntAll,,1753624055,제 29 기 1분기
yg_entertainment,YG Entertainment,00613318,122870,KRW,Q1_2026,2026,11013,First-quarter report,20260515002248,CF,현금흐름표,dart_PaymentsOfFinanceLeaseLiabilitiesClassifiedAsFinancingActivities,리스부채의 상환,-,,,2026,KRW,,,,1634770139,제 28 기 1분기,11,11013,fnlttSinglAcntAll,,1543612846,제 29 기 1분기
yg_entertainment,YG Entertainment,00613318,122870,KRW,Q1_2026,2026,11013,First-quarter report,20260515002248,CF,현금흐름표,-표준계정코드 미사용-,유동성장기차입금의 상환,-,,,2026,KRW,,,,211619871,제 28 기 1분기,12,11013,fnlttSinglAcntAll,,210011209,제 29 기 1분기
yg_entertainment,YG Entertainment,00613318,122870,KRW,Q1_2026,2026,11013,First-quarter report,20260515002248,CF,현금흐름표,ifrs-full_ProceedsFromChangesInOwnershipInterestsInSubsidiaries,종속기업지분의 변동,-,,,2026,KRW,,,,-192000000,제 28 기 1분기,13,11013,fnlttSinglAcntAll,,0,제 29 기 1분기
yg_entertainment,YG Entertainment,00613318,122870,KRW,Q1_2026,2026,11013,First-quarter report,20260515002248,CF,현금흐름표,ifrs-full_CashFlowsFromUsedInInvestingActivities,투자활동현금흐름,-,,,2026,KRW,,,,13826661010,제 28 기 1분기,14,11013,fnlttSinglAcntAll,,14815079762,제 29 기 1분기
yg_entertainment,YG Entertainment,00613318,122870,KRW,Q1_2026,2026,11013,First-quarter report,20260515002248,CF,현금흐름표,ifrs-full_InflowsOfCashFromInvestingActivities,투자활동으로 인한 현금유입액,-,,,2026,KRW,,,,144955884178,제 28 기 1분기,15,11013,fnlttSinglAcntAll,,144803857238,제 29 기 1분기
yg_entertainment,YG Entertainment,00613318,122870,KRW,Q1_2026,2026,11013,First-quarter report,20260515002248,CF,현금흐름표,dart_DecreaseInGuaranteeDeposits,보증금의 감소,-,,,2026,KRW,,,,1800000000,제 28 기 1분기,16,11013,fnlttSinglAcntAll,,2323000000,제 29 기 1분기
yg_entertainment,YG Entertainment,00613318,122870,KRW,Q1_2026,2026,11013,First-quarter report,20260515002248,CF,현금흐름표,dart_DecreaseInLoans,대여금의 감소,-,,,2026,KRW,,,,192163185,제 28 기 1분기,17,11013,fnlttSinglAcntAll,,51530475,제 29 기 1분기
yg_entertainment,YG Entertainment,00613318,122870,KRW,Q1_2026,2026,11013,First-quarter report,20260515002248,CF,현금흐름표,dart_ProceedsFromDisposalOfFinancialAssetsAtFairValueThroughProfitOrLossClassifiedAsInvestingActivities,당기손익-공정가치측정금융자산의 처분,-,,,2026,KRW,,,,24903071915,제 28 기 1분기,18,11013,fnlttSinglAcntAll,,6899542948,제 29 기 1분기
yg_entertainment,YG Entertainment,00613318,122870,KRW,Q1_2026,2026,11013,First-quarter report,20260515002248,CF,현금흐름표,dart_ProceedsFromSalesOfFinancialAssetsAtAmortisedCostClassifiedAsInvestingActivities,상각후원가 금융자산의 감소,-,,,2026,KRW,,,,115858690000,제 28 기 1분기,19,11013,fnlttSinglAcntAll,,129755373389,제 29 기 1분기
yg_entertainment,YG Entertainment,00613318,122870,KRW,Q1_2026,2026,11013,First-quarter report,20260515002248,CF,현금흐름표,-표준계정코드 미사용-,리스채권의 감소,-,,,2026,KRW,,,,28536000,제 28 기 1분기,20,11013,fnlttSinglAcntAll,,28536000,제 29 기 1분기
yg_entertainment,YG Entertainment,00613318,122870,KRW,Q1_2026,2026,11013,First-quarter report,20260515002248,CF,현금흐름표,ifrs-full_CashFlowsFromLosingControlOfSubsidiariesOrOtherBusinessesClassifiedAsInvestingActivities,연결범위의 변동,-,,,2026,KRW,,,,0,제 28 기 1분기,21,11013,fnlttSinglAcntAll,,2120000000,제 29 기 1분기
yg_entertainment,YG Entertainment,00613318,122870,KRW,Q1_2026,2026,11013,First-quarter report,20260515002248,CF,현금흐름표,ifrs-full_ProceedsFromSalesOfIntangibleAssetsClassifiedAsInvestingActivities,무형자산의 처분,-,,,2026,KRW,,,,773816189,제 28 기 1분기,22,11013,fnlttSinglAcntAll,,71711371,제 29 기 1분기
yg_entertainment,YG Entertainment,00613318,122870,KRW,Q1_2026,2026,11013,First-quarter report,20260515002248,CF,현금흐름표,ifrs-full_ProceedsFromSalesOfInvestmentsAccountedForUsingEquityMethod,공동기업및관계기업투자의 처분,-,,,2026,KRW,,,,1044152345,제 28 기 1분기,23,11013,fnlttSinglAcntAll,,3511125371,제 29 기 1분기
yg_entertainment,YG Entertainment,00613318,122870,KRW,Q1_2026,2026,11013,First-quarter report,20260515002248,CF,현금흐름표,ifrs-full_ProceedsFromSalesOfPropertyPlantAndEquipmentClassifiedAsInvestingActivities,유형자산의 처분,-,,,2026,KRW,,,,355454544,제 28 기 1분기,24,11013,fnlttSinglAcntAll,,43037684,제 29 기 1분기
yg_entertainment,YG Entertainment,00613318,122870,KRW,Q1_2026,2026,11013,First-quarter report,20260515002248,CF,현금흐름표,ifrs-full_OutflowsOfCashFromInvestingActivities,투자활동으로 인한 현금유출액,-,,,2026,KRW,,,,131129223168,제 28 기 1분기,25,11013,fnlttSinglAcntAll,,129988777476,제 29 기 1분기
yg_entertainment,YG Entertainment,00613318,122870,KRW,Q1_2026,2026,11013,First-quarter report,20260515002248,CF,현금흐름표,dart_IncreaseInGuaranteeDeposits,보증금의 증가,-,,,2026,KRW,,,,1495000000,제 28 기 1분기,26,11013,fnlttSinglAcntAll,,192188415,제 29 기 1분기
yg_entertainment,YG Entertainment,00613318,122870,KRW,Q1_2026,2026,11013,First-quarter report,20260515002248,CF,현금흐름표,dart_IncreaseInLoans,대여금의 증가,-,,,2026,KRW,,,,76968500,제 28 기 1분기,27,11013,fnlttSinglAcntAll,,25000000,제 29 기 1분기
yg_entertainment,YG Entertainment,00613318,122870,KRW,Q1_2026,2026,11013,First-quarter report,20260515002248,CF,현금흐름표,dart_PurchaseOfFairValueFinancialAsset,당기손익-공정가치측정금융자산의 취득,-,,,2026,KRW,,,,5291150370,제 28 기 1분기,28,11013,fnlttSinglAcntAll,,14870207600,제 29 기 1분기
yg_entertainment,YG Entertainment,00613318,122870,KRW,Q1_2026,2026,11013,First-quarter report,20260515002248,CF,현금흐름표,dart_PurchaseOfFinancialAssetsAtAmortisedCostClassifiedAsInvestingActivities,상각후원가측정금융자산의 증가,-,,,2026,KRW,,,,120653159242,제 28 기 1분기,29,11013,fnlttSinglAcntAll,,109075587382,제 29 기 1분기
yg_entertainment,YG Entertainment,00613318,122870,KRW,Q1_2026,2026,11013,First-quarter report,20260515002248,CF,현금흐름표,ifrs-full_CashFlowsUsedInObtainingControlOfSubsidiariesOrOtherBusinessesClassifiedAsInvestingActivities,연결범위의 변동,-,,,2026,KRW,,,,353779883,제 28 기 1분기,30,11013,fnlttSinglAcntAll,,0,제 29 기 1분기
yg_entertainment,YG Entertainment,00613318,122870,KRW,Q1_2026,2026,11013,First-quarter report,20260515002248,CF,현금흐름표,ifrs-full_PurchaseOfIntangibleAssetsClassifiedAsInvestingActivities,무형자산의 취득,-,,,2026,KRW,,,,728836374,제 28 기 1분기,31,11013,fnlttSinglAcntAll,,1107410992,제 29 기 1분기
yg_entertainment,YG Entertainment,00613318,122870,KRW,Q1_2026,2026,11013,First-quarter report,20260515002248,CF,현금흐름표,ifrs-full_PurchaseOfInterestsInInvestmentsAccountedForUsingEquityMethod,공동기업및관계기업투자의 취득,-,,,2026,KRW,,,,760000000,제 28 기 1분기,32,11013,fnlttSinglAcntAll,,100000000,제 29 기 1분기
yg_entertainment,YG Entertainment,00613318,122870,KRW,Q1_2026,2026,11013,First-quarter report,20260515002248,CF,현금흐름표,ifrs-full_PurchaseOfPropertyPlantAndEquipmentClassifiedAsInvestingActivities,유형자산의 취득,-,,,2026,KRW,,,,1770328799,제 28 기 1분기,33,11013,fnlttSinglAcntAll,,4618383087,제 29 기 1분기
yg_entertainment,YG Entertainment,00613318,122870,KRW,Q1_2026,2026,11013,First-quarter report,20260515002248,CF,현금흐름표,ifrs-full_CashFlowsFromUsedInOperatingActivities,영업활동현금흐름,-,,,2026,KRW,,,,7739888385,제 28 기 1분기,34,11013,fnlttSinglAcntAll,,10346383084,제 29 기 1분기
yg_entertainment,YG Entertainment,00613318,122870,KRW,Q1_2026,2026,11013,First-quarter report,20260515002248,CF,현금흐름표,dart_NetCashflowsFromUsedInOperations,영업에서 창출된 현금흐름,-,,,2026,KRW,,,,9455319390,제 28 기 1분기,35,11013,fnlttSinglAcntAll,,22871834469,제 29 기 1분기
yg_entertainment,YG Entertainment,00613318,122870,KRW,Q1_2026,2026,11013,First-quarter report,20260515002248,CF,현금흐름표,dart_AdjustmentsForAssetsLiabilitiesOfOperatingActivities,영업활동자산부채의 증감,-,,,2026,KRW,,,,-4455684648,제 28 기 1분기,36,11013,fnlttSinglAcntAll,,-4042310325,제 29 기 1분기
yg_entertainment,YG Entertainment,00613318,122870,KRW,Q1_2026,2026,11013,First-quarter report,20260515002248,CF,현금흐름표,ifrs-full_AdjustmentsForReconcileProfitLoss,비현금항목의 조정,-,,,2026,KRW,,,,3682635017,제 28 기 1분기,37,11013,fnlttSinglAcntAll,,17151349981,제 29 기 1분기
yg_entertainment,YG Entertainment,00613318,122870,KRW,Q1_2026,2026,11013,First-quarter report,20260515002248,CF,현금흐름표,ifrs-full_ProfitLoss,연결분기순이익,-,,,2026,KRW,,,,10228369021,제 28 기 1분기,38,11013,fnlttSinglAcntAll,,9762794813,제 29 기 1분기
yg_entertainment,YG Entertainment,00613318,122870,KRW,Q1_2026,2026,11013,First-quarter report,20260515002248,CF,현금흐름표,ifrs-full_IncomeTaxesPaidRefundClassifiedAsOperatingActivities,법인세의 납부,-,,,2026,KRW,,,,3273391429,제 28 기 1분기,39,11013,fnlttSinglAcntAll,,13937419945,제 29 기 1분기
yg_entertainment,YG Entertainment,00613318,122870,KRW,Q1_2026,2026,11013,First-quarter report,20260515002248,CF,현금흐름표,ifrs-full_InterestPaidClassifiedAsOperatingActivities,이자의 지급,-,,,2026,KRW,,,,28644451,제 28 기 1분기,40,11013,fnlttSinglAcntAll,,25044658,제 29 기 1분기
yg_entertainment,YG Entertainment,00613318,122870,KRW,Q1_2026,2026,11013,First-quarter report,20260515002248,CF,현금흐름표,ifrs-full_InterestReceivedClassifiedAsOperatingActivities,이자의 수취,-,,,2026,KRW,,,,1586604875,제 28 기 1분기,41,11013,fnlttSinglAcntAll,,1437013218,제 29 기 1분기
yg_entertainment,YG Entertainment,00613318,122870,KRW,Q1_2026,2026,11013,First-quarter report,20260515002248,CF,현금흐름표,ifrs-full_EffectOfExchangeRateChangesOnCashAndCashEquivalents,현금 및 현금성자산의 환율변동효과,-,,,2026,KRW,,,,675279870,제 28 기 1분기,42,11013,fnlttSinglAcntAll,,1076642042,제 29 기 1분기
yg_entertainment,YG Entertainment,00613318,122870,KRW,Q1_2026,2026,11013,First-quarter report,20260515002248,CF,현금흐름표,ifrs-full_IncreaseDecreaseInCashAndCashEquivalents,현금 및 현금성자산의 순 증감,-,,,2026,KRW,,,,20203439255,제 28 기 1분기,43,11013,fnlttSinglAcntAll,,24484480833,제 29 기 1분기
yg_entertainment,YG Entertainment,00613318,122870,KRW,Q1_2026,2026,11013,First-quarter report,20260515002248,CF,현금흐름표,ifrs-full_IncreaseDecreaseInCashAndCashEquivalentsBeforeEffectOfExchangeRateChanges,현금 및 현금성자산의 증감,-,,,2026,KRW,,,,19528159385,제 28 기 1분기,44,11013,fnlttSinglAcntAll,,23407838791,제 29 기 1분기
yg_entertainment,YG Entertainment,00613318,122870,KRW,Q1_2026,2026,11013,First-quarter report,20260515002248,SCE,자본변동표,dart_EquityAtBeginningOfPeriod,기초자본,자본 [구성요소]|지배기업 소유주 지분|연결이익잉여금,,,2026,KRW,,,,229364351807,제 28 기 1분기,3,11013,fnlttSinglAcntAll,,258444473949,제 29 기 1분기
yg_entertainment,YG Entertainment,00613318,122870,KRW,Q1_2026,2026,11013,First-quarter report,20260515002248,SCE,자본변동표,dart_EquityAtBeginningOfPeriod,기초자본,자본 [구성요소]|지배기업 소유주 지분|연결자본잉여금,,,2026,KRW,,,,226654189170,제 28 기 1분기,3,11013,fnlttSinglAcntAll,,226709396543,제 29 기 1분기
yg_entertainment,YG Entertainment,00613318,122870,KRW,Q1_2026,2026,11013,First-quarter report,20260515002248,SCE,자본변동표,dart_EquityAtBeginningOfPeriod,기초자본,자본 [구성요소]|지배기업 소유주 지분|연결자본조정,,,2026,KRW,,,,17272280968,제 28 기 1분기,3,11013,fnlttSinglAcntAll,,18356154073,제 29 기 1분기
yg_entertainment,YG Entertainment,00613318,122870,KRW,Q1_2026,2026,11013,First-quarter report,20260515002248,SCE,자본변동표,dart_EquityAtBeginningOfPeriod,기초자본,자본 [구성요소]|지배기업 소유주 지분|연결기타포괄손익누계액,,,2026,KRW,,,,341665662,제 28 기 1분기,3,11013,fnlttSinglAcntAll,,529232463,제 29 기 1분기
yg_entertainment,YG Entertainment,00613318,122870,KRW,Q1_2026,2026,11013,First-quarter report,20260515002248,SCE,자본변동표,dart_EquityAtBeginningOfPeriod,기초자본,자본 [구성요소]|지배기업 소유주 지분,,,2026,KRW,,,,483138204107,제 28 기 1분기,3,11013,fnlttSinglAcntAll,,513544973528,제 29 기 1분기
yg_entertainment,YG Entertainment,00613318,122870,KRW,Q1_2026,2026,11013,First-quarter report,20260515002248,SCE,자본변동표,dart_EquityAtBeginningOfPeriod,기초자본,자본 [구성요소]|비지배지분 [구성요소],,,2026,KRW,,,,120111901402,제 28 기 1분기,3,11013,fnlttSinglAcntAll,,137300186652,제 29 기 1분기
yg_entertainment,YG Entertainment,00613318,122870,KRW,Q1_2026,2026,11013,First-quarter report,20260515002248,SCE,자본변동표,dart_EquityAtBeginningOfPeriod,기초자본,연결재무제표 [member],,,2026,KRW,,,,603250105509,제 28 기 1분기,3,11013,fnlttSinglAcntAll,,650845160180,제 29 기 1분기
yg_entertainment,YG Entertainment,00613318,122870,KRW,Q1_2026,2026,11013,First-quarter report,20260515002248,SCE,자본변동표,dart_EquityAtBeginningOfPeriod,기초자본,자본 [구성요소]|지배기업 소유주 지분|자본금 [구성요소],,,2026,KRW,,,,9505716500,제 28 기 1분기,3,11013,fnlttSinglAcntAll,,9505716500,제 29 기 1분기
yg_entertainment,YG Entertainment,00613318,122870,KRW,Q1_2026,2026,11013,First-quarter report,20260515002248,SCE,자본변동표,ifrs-full_ComprehensiveIncome,총포괄이익,자본 [구성요소]|지배기업 소유주 지분|연결자본잉여금,,,2026,KRW,,,,0,제 28 기 1분기,4,11013,fnlttSinglAcntAll,,0,제 29 기 1분기
yg_entertainment,YG Entertainment,00613318,122870,KRW,Q1_2026,2026,11013,First-quarter report,20260515002248,SCE,자본변동표,ifrs-full_ComprehensiveIncome,총포괄이익,자본 [구성요소]|지배기업 소유주 지분|연결자본조정,,,2026,KRW,,,,0,제 28 기 1분기,4,11013,fnlttSinglAcntAll,,0,제 29 기 1분기
yg_entertainment,YG Entertainment,00613318,122870,KRW,Q1_2026,2026,11013,First-quarter report,20260515002248,SCE,자본변동표,ifrs-full_ComprehensiveIncome,총포괄이익,자본 [구성요소]|지배기업 소유주 지분|자본금 [구성요소],,,2026,KRW,,,,0,제 28 기 1분기,4,11013,fnlttSinglAcntAll,,0,제 29 기 1분기
yg_entertainment,YG Entertainment,00613318,122870,KRW,Q1_2026,2026,11013,First-quarter report,20260515002248,SCE,자본변동표,ifrs-full_ComprehensiveIncome,총포괄이익,자본 [구성요소]|지배기업 소유주 지분|연결이익잉여금,,,2026,KRW,,,,5180813784,제 28 기 1분기,4,11013,fnlttSinglAcntAll,,4781471684,제 29 기 1분기
yg_entertainment,YG Entertainment,00613318,122870,KRW,Q1_2026,2026,11013,First-quarter report,20260515002248,SCE,자본변동표,ifrs-full_ComprehensiveIncome,총포괄이익,연결재무제표 [member],,,2026,KRW,,,,11882066950,제 28 기 1분기,4,11013,fnlttSinglAcntAll,,9717434273,제 29 기 1분기
yg_entertainment,YG Entertainment,00613318,122870,KRW,Q1_2026,2026,11013,First-quarter report,20260515002248,SCE,자본변동표,ifrs-full_ComprehensiveIncome,총포괄이익,자본 [구성요소]|비지배지분 [구성요소],,,2026,KRW,,,,4733596864,제 28 기 1분기,4,11013,fnlttSinglAcntAll,,5032286327,제 29 기 1분기
yg_entertainment,YG Entertainment,00613318,122870,KRW,Q1_2026,2026,11013,First-quarter report,20260515002248,SCE,자본변동표,ifrs-full_ComprehensiveIncome,총포괄이익,자본 [구성요소]|지배기업 소유주 지분,,,2026,KRW,,,,7148470086,제 28 기 1분기,4,11013,fnlttSinglAcntAll,,4685147946,제 29 기 1분기
yg_entertainment,YG Entertainment,00613318,122870,KRW,Q1_2026,2026,11013,First-quarter report,20260515002248,SCE,자본변동표,ifrs-full_ComprehensiveIncome,총포괄이익,자본 [구성요소]|지배기업 소유주 지분|연결기타포괄손익누계액,,,2026,KRW,,,,1967656302,제 28 기 1분기,4,11013,fnlttSinglAcntAll,,-96323738,제 29 기 1분기
yg_entertainment,YG Entertainment,00613318,122870,KRW,Q1_2026,2026,11013,First-quarter report,20260515002248,SCE,자본변동표,ifrs-full_GainsLossesOnExchangeDifferencesOnTranslationNetOfTax,해외사업장환산외환차이,자본 [구성요소]|비지배지분 [구성요소],,,2026,KRW,,,,0,제 28 기 1분기,5,11013,fnlttSinglAcntAll,,0,제 29 기 1분기
yg_entertainment,YG Entertainment,00613318,122870,KRW,Q1_2026,2026,11013,First-quarter report,20260515002248,SCE,자본변동표,ifrs-full_GainsLossesOnExchangeDifferencesOnTranslationNetOfTax,해외사업장환산외환차이,자본 [구성요소]|지배기업 소유주 지분,,,2026,KRW,,,,1190282401,제 28 기 1분기,5,11013,fnlttSinglAcntAll,,1628983886,제 29 기 1분기
yg_entertainment,YG Entertainment,00613318,122870,KRW,Q1_2026,2026,11013,First-quarter report,20260515002248,SCE,자본변동표,ifrs-full_GainsLossesOnExchangeDifferencesOnTranslationNetOfTax,해외사업장환산외환차이,자본 [구성요소]|지배기업 소유주 지분|연결기타포괄손익누계액,,,2026,KRW,,,,1190282401,제 28 기 1분기,5,11013,fnlttSinglAcntAll,,1628983886,제 29 기 1분기
yg_entertainment,YG Entertainment,00613318,122870,KRW,Q1_2026,2026,11013,First-quarter report,20260515002248,SCE,자본변동표,ifrs-full_GainsLossesOnExchangeDifferencesOnTranslationNetOfTax,해외사업장환산외환차이,자본 [구성요소]|지배기업 소유주 지분|자본금 [구성요소],,,2026,KRW,,,,0,제 28 기 1분기,5,11013,fnlttSinglAcntAll,,0,제 29 기 1분기
yg_entertainment,YG Entertainment,00613318,122870,KRW,Q1_2026,2026,11013,First-quarter report,20260515002248,SCE,자본변동표,ifrs-full_GainsLossesOnExchangeDifferencesOnTranslationNetOfTax,해외사업장환산외환차이,자본 [구성요소]|지배기업 소유주 지분|연결자본조정,,,2026,KRW,,,,0,제 28 기 1분기,5,11013,fnlttSinglAcntAll,,0,제 29 기 1분기
yg_entertainment,YG Entertainment,00613318,122870,KRW,Q1_2026,2026,11013,First-quarter report,20260515002248,SCE,자본변동표,ifrs-full_GainsLossesOnExchangeDifferencesOnTranslationNetOfTax,해외사업장환산외환차이,자본 [구성요소]|지배기업 소유주 지분|연결자본잉여금,,,2026,KRW,,,,0,제 28 기 1분기,5,11013,fnlttSinglAcntAll,,0,제 29 기 1분기
yg_entertainment,YG Entertainment,00613318,122870,KRW,Q1_2026,2026,11013,First-quarter report,20260515002248,SCE,자본변동표,ifrs-full_GainsLossesOnExchangeDifferencesOnTranslationNetOfTax,해외사업장환산외환차이,자본 [구성요소]|지배기업 소유주 지분|연결이익잉여금,,,2026,KRW,,,,0,제 28 기 1분기,5,11013,fnlttSinglAcntAll,,0,제 29 기 1분기
yg_entertainment,YG Entertainment,00613318,122870,KRW,Q1_2026,2026,11013,First-quarter report,20260515002248,SCE,자본변동표,ifrs-full_GainsLossesOnExchangeDifferencesOnTranslationNetOfTax,해외사업장환산외환차이,연결재무제표 [member],,,2026,KRW,,,,1190282401,제 28 기 1분기,5,11013,fnlttSinglAcntAll,,1628983886,제 29 기 1분기
yg_entertainment,YG Entertainment,00613318,122870,KRW,Q1_2026,2026,11013,First-quarter report,20260515002248,SCE,자본변동표,ifrs-full_GainsLossesOnFinancialAssetsMeasuredAtFairValueThroughOtherComprehensiveIncomeNetOfTax,기타포괄손익-공정가치채무상품 평가손익,자본 [구성요소]|지배기업 소유주 지분|연결자본조정,,,2026,KRW,,,,0,제 28 기 1분기,6,11013,fnlttSinglAcntAll,,0,제 29 기 1분기
yg_entertainment,YG Entertainment,00613318,122870,KRW,Q1_2026,2026,11013,First-quarter report,20260515002248,SCE,자본변동표,ifrs-full_GainsLossesOnFinancialAssetsMeasuredAtFairValueThroughOtherComprehensiveIncomeNetOfTax,기타포괄손익-공정가치채무상품 평가손익,자본 [구성요소]|지배기업 소유주 지분|자본금 [구성요소],,,2026,KRW,,,,0,제 28 기 1분기,6,11013,fnlttSinglAcntAll,,0,제 29 기 1분기
yg_entertainment,YG Entertainment,00613318,122870,KRW,Q1_2026,2026,11013,First-quarter report,20260515002248,SCE,자본변동표,ifrs-full_GainsLossesOnFinancialAssetsMeasuredAtFairValueThroughOtherComprehensiveIncomeNetOfTax,기타포괄손익-공정가치채무상품 평가손익,자본 [구성요소]|지배기업 소유주 지분|연결자본잉여금,,,2026,KRW,,,,0,제 28 기 1분기,6,11013,fnlttSinglAcntAll,,0,제 29 기 1분기
yg_entertainment,YG Entertainment,00613318,122870,KRW,Q1_2026,2026,11013,First-quarter report,20260515002248,SCE,자본변동표,ifrs-full_GainsLossesOnFinancialAssetsMeasuredAtFairValueThroughOtherComprehensiveIncomeNetOfTax,기타포괄손익-공정가치채무상품 평가손익,자본 [구성요소]|지배기업 소유주 지분|연결이익잉여금,,,2026,KRW,,,,0,제 28 기 1분기,6,11013,fnlttSinglAcntAll,,0,제 29 기 1분기
yg_entertainment,YG Entertainment,00613318,122870,KRW,Q1_2026,2026,11013,First-quarter report,20260515002248,SCE,자본변동표,ifrs-full_GainsLossesOnFinancialAssetsMeasuredAtFairValueThroughOtherComprehensiveIncomeNetOfTax,기타포괄손익-공정가치채무상품 평가손익,자본 [구성요소]|지배기업 소유주 지분|연결기타포괄손익누계액,,,2026,KRW,,,,901016000,제 28 기 1분기,6,11013,fnlttSinglAcntAll,,-1894910988,제 29 기 1분기
yg_entertainment,YG Entertainment,00613318,122870,KRW,Q1_2026,2026,11013,First-quarter report,20260515002248,SCE,자본변동표,ifrs-full_GainsLossesOnFinancialAssetsMeasuredAtFairValueThroughOtherComprehensiveIncomeNetOfTax,기타포괄손익-공정가치채무상품 평가손익,자본 [구성요소]|지배기업 소유주 지분,,,2026,KRW,,,,901016000,제 28 기 1분기,6,11013,fnlttSinglAcntAll,,-1894910988,제 29 기 1분기
yg_entertainment,YG Entertainment,00613318,122870,KRW,Q1_2026,2026,11013,First-quarter report,20260515002248,SCE,자본변동표,ifrs-full_GainsLossesOnFinancialAssetsMeasuredAtFairValueThroughOtherComprehensiveIncomeNetOfTax,기타포괄손익-공정가치채무상품 평가손익,자본 [구성요소]|비지배지분 [구성요소],,,2026,KRW,,,,0,제 28 기 1분기,6,11013,fnlttSinglAcntAll,,0,제 29 기 1분기
yg_entertainment,YG Entertainment,00613318,122870,KRW,Q1_2026,2026,11013,First-quarter report,20260515002248,SCE,자본변동표,ifrs-full_GainsLossesOnFinancialAssetsMeasuredAtFairValueThroughOtherComprehensiveIncomeNetOfTax,기타포괄손익-공정가치채무상품 평가손익,연결재무제표 [member],,,2026,KRW,,,,901016000,제 28 기 1분기,6,11013,fnlttSinglAcntAll,,-1894910988,제 29 기 1분기
yg_entertainment,YG Entertainment,00613318,122870,KRW,Q1_2026,2026,11013,First-quarter report,20260515002248,SCE,자본변동표,ifrs-full_ProfitLoss,연결분기순이익,연결재무제표 [member],,,2026,KRW,,,,10228369021,제 28 기 1분기,7,11013,fnlttSinglAcntAll,,9762794813,제 29 기 1분기
yg_entertainment,YG Entertainment,00613318,122870,KRW,Q1_2026,2026,11013,First-quarter report,20260515002248,SCE,자본변동표,ifrs-full_ProfitLoss,연결분기순이익,자본 [구성요소]|비지배지분 [구성요소],,,2026,KRW,,,,5047555237,제 28 기 1분기,7,11013,fnlttSinglAcntAll,,4981323129,제 29 기 1분기
yg_entertainment,YG Entertainment,00613318,122870,KRW,Q1_2026,2026,11013,First-quarter report,20260515002248,SCE,자본변동표,ifrs-full_ProfitLoss,연결분기순이익,자본 [구성요소]|지배기업 소유주 지분,,,2026,KRW,,,,5180813784,제 28 기 1분기,7,11013,fnlttSinglAcntAll,,4781471684,제 29 기 1분기
yg_entertainment,YG Entertainment,00613318,122870,KRW,Q1_2026,2026,11013,First-quarter report,20260515002248,SCE,자본변동표,ifrs-full_ProfitLoss,연결분기순이익,자본 [구성요소]|지배기업 소유주 지분|연결기타포괄손익누계액,,,2026,KRW,,,,0,제 28 기 1분기,7,11013,fnlttSinglAcntAll,,0,제 29 기 1분기
yg_entertainment,YG Entertainment,00613318,122870,KRW,Q1_2026,2026,11013,First-quarter report,20260515002248,SCE,자본변동표,ifrs-full_ProfitLoss,연결분기순이익,자본 [구성요소]|지배기업 소유주 지분|연결이익잉여금,,,2026,KRW,,,,5180813784,제 28 기 1분기,7,11013,fnlttSinglAcntAll,,4781471684,제 29 기 1분기
yg_entertainment,YG Entertainment,00613318,122870,KRW,Q1_2026,2026,11013,First-quarter report,20260515002248,SCE,자본변동표,ifrs-full_ProfitLoss,연결분기순이익,자본 [구성요소]|지배기업 소유주 지분|연결자본잉여금,,,2026,KRW,,,,0,제 28 기 1분기,7,11013,fnlttSinglAcntAll,,0,제 29 기 1분기
yg_entertainment,YG Entertainment,00613318,122870,KRW,Q1_2026,2026,11013,First-quarter report,20260515002248,SCE,자본변동표,ifrs-full_ProfitLoss,연결분기순이익,자본 [구성요소]|지배기업 소유주 지분|연결자본조정,,,2026,KRW,,,,0,제 28 기 1분기,7,11013,fnlttSinglAcntAll,,0,제 29 기 1분기
yg_entertainment,YG Entertainment,00613318,122870,KRW,Q1_2026,2026,11013,First-quarter report,20260515002248,SCE,자본변동표,ifrs-full_ProfitLoss,연결분기순이익,자본 [구성요소]|지배기업 소유주 지분|자본금 [구성요소],,,2026,KRW,,,,0,제 28 기 1분기,7,11013,fnlttSinglAcntAll,,0,제 29 기 1분기
yg_entertainment,YG Entertainment,00613318,122870,KRW,Q1_2026,2026,11013,First-quarter report,20260515002248,SCE,자본변동표,ifrs-full_ShareOfOtherComprehensiveIncomeOfAssociatesAndJointVenturesAccountedForUsingEquityMethodThatWillBeReclassifiedToProfitOrLossNetOfTax,지분법자본변동,자본 [구성요소]|지배기업 소유주 지분|연결자본조정,,,2026,KRW,,,,0,제 28 기 1분기,8,11013,fnlttSinglAcntAll,,0,제 29 기 1분기
yg_entertainment,YG Entertainment,00613318,122870,KRW,Q1_2026,2026,11013,First-quarter report,20260515002248,SCE,자본변동표,ifrs-full_ShareOfOtherComprehensiveIncomeOfAssociatesAndJointVenturesAccountedForUsingEquityMethodThatWillBeReclassifiedToProfitOrLossNetOfTax,지분법자본변동,자본 [구성요소]|지배기업 소유주 지분|자본금 [구성요소],,,2026,KRW,,,,0,제 28 기 1분기,8,11013,fnlttSinglAcntAll,,0,제 29 기 1분기
yg_entertainment,YG Entertainment,00613318,122870,KRW,Q1_2026,2026,11013,First-quarter report,20260515002248,SCE,자본변동표,ifrs-full_ShareOfOtherComprehensiveIncomeOfAssociatesAndJointVenturesAccountedForUsingEquityMethodThatWillBeReclassifiedToProfitOrLossNetOfTax,지분법자본변동,자본 [구성요소]|지배기업 소유주 지분|연결자본잉여금,,,2026,KRW,,,,0,제 28 기 1분기,8,11013,fnlttSinglAcntAll,,0,제 29 기 1분기
yg_entertainment,YG Entertainment,00613318,122870,KRW,Q1_2026,2026,11013,First-quarter report,20260515002248,SCE,자본변동표,ifrs-full_ShareOfOtherComprehensiveIncomeOfAssociatesAndJointVenturesAccountedForUsingEquityMethodThatWillBeReclassifiedToProfitOrLossNetOfTax,지분법자본변동,자본 [구성요소]|지배기업 소유주 지분|연결이익잉여금,,,2026,KRW,,,,0,제 28 기 1분기,8,11013,fnlttSinglAcntAll,,0,제 29 기 1분기
yg_entertainment,YG Entertainment,00613318,122870,KRW,Q1_2026,2026,11013,First-quarter report,20260515002248,SCE,자본변동표,ifrs-full_ShareOfOtherComprehensiveIncomeOfAssociatesAndJointVenturesAccountedForUsingEquityMethodThatWillBeReclassifiedToProfitOrLossNetOfTax,지분법자본변동,자본 [구성요소]|지배기업 소유주 지분|연결기타포괄손익누계액,,,2026,KRW,,,,-123642099,제 28 기 1분기,8,11013,fnlttSinglAcntAll,,169603364,제 29 기 1분기
yg_entertainment,YG Entertainment,00613318,122870,KRW,Q1_2026,2026,11013,First-quarter report,20260515002248,SCE,자본변동표,ifrs-full_ShareOfOtherComprehensiveIncomeOfAssociatesAndJointVenturesAccountedForUsingEquityMethodThatWillBeReclassifiedToProfitOrLossNetOfTax,지분법자본변동,자본 [구성요소]|지배기업 소유주 지분,,,2026,KRW,,,,-123642099,제 28 기 1분기,8,11013,fnlttSinglAcntAll,,169603364,제 29 기 1분기
yg_entertainment,YG Entertainment,00613318,122870,KRW,Q1_2026,2026,11013,First-quarter report,20260515002248,SCE,자본변동표,ifrs-full_ShareOfOtherComprehensiveIncomeOfAssociatesAndJointVenturesAccountedForUsingEquityMethodThatWillBeReclassifiedToProfitOrLossNetOfTax,지분법자본변동,자본 [구성요소]|비지배지분 [구성요소],,,2026,KRW,,,,-313958373,제 28 기 1분기,8,11013,fnlttSinglAcntAll,,50963198,제 29 기 1분기
yg_entertainment,YG Entertainment,00613318,122870,KRW,Q1_2026,2026,11013,First-quarter report,20260515002248,SCE,자본변동표,ifrs-full_ShareOfOtherComprehensiveIncomeOfAssociatesAndJointVenturesAccountedForUsingEquityMethodThatWillBeReclassifiedToProfitOrLossNetOfTax,지분법자본변동,연결재무제표 [member],,,2026,KRW,,,,-437600472,제 28 기 1분기,8,11013,fnlttSinglAcntAll,,220566562,제 29 기 1분기
yg_entertainment,YG Entertainment,00613318,122870,KRW,Q1_2026,2026,11013,First-quarter report,20260515002248,SCE,자본변동표,ifrs-full_Equity,자본총계,연결재무제표 [member],,,2026,KRW,,650845160180,,610624855537,제 28 기 1분기,9,11013,fnlttSinglAcntAll,,653734649613,제 29 기 1분기
yg_entertainment,YG Entertainment,00613318,122870,KRW,Q1_2026,2026,11013,First-quarter report,20260515002248,SCE,자본변동표,ifrs-full_Equity,자본총계,자본 [구성요소]|비지배지분 [구성요소],,,2026,KRW,,,,124960472904,제 28 기 1분기,9,11013,fnlttSinglAcntAll,,140997683399,제 29 기 1분기
yg_entertainment,YG Entertainment,00613318,122870,KRW,Q1_2026,2026,11013,First-quarter report,20260515002248,SCE,자본변동표,ifrs-full_Equity,자본총계,자본 [구성요소]|지배기업 소유주 지분,,,2026,KRW,,,,485664382633,제 28 기 1분기,9,11013,fnlttSinglAcntAll,,512736966214,제 29 기 1분기
yg_entertainment,YG Entertainment,00613318,122870,KRW,Q1_2026,2026,11013,First-quarter report,20260515002248,SCE,자본변동표,ifrs-full_Equity,자본총계,자본 [구성요소]|지배기업 소유주 지분|연결기타포괄손익누계액,,,2026,KRW,,,,2309321964,제 28 기 1분기,9,11013,fnlttSinglAcntAll,,432908725,제 29 기 1분기
yg_entertainment,YG Entertainment,00613318,122870,KRW,Q1_2026,2026,11013,First-quarter report,20260515002248,SCE,자본변동표,ifrs-full_Equity,자본총계,자본 [구성요소]|지배기업 소유주 지분|연결이익잉여금,,,2026,KRW,,,,229931679663,제 28 기 1분기,9,11013,fnlttSinglAcntAll,,257661882233,제 29 기 1분기
yg_entertainment,YG Entertainment,00613318,122870,KRW,Q1_2026,2026,11013,First-quarter report,20260515002248,SCE,자본변동표,ifrs-full_Equity,자본총계,자본 [구성요소]|지배기업 소유주 지분|연결자본잉여금,226654189170,제 27 기,2026,KRW,,226709396543,,226654189170,제 28 기 1분기,9,11013,fnlttSinglAcntAll,,226709396543,제 29 기 1분기
yg_entertainment,YG Entertainment,00613318,122870,KRW,Q1_2026,2026,11013,First-quarter report,20260515002248,SCE,자본변동표,ifrs-full_Equity,자본총계,자본 [구성요소]|지배기업 소유주 지분|연결자본조정,,,2026,KRW,,,,17263475336,제 28 기 1분기,9,11013,fnlttSinglAcntAll,,18427062213,제 29 기 1분기
yg_entertainment,YG Entertainment,00613318,122870,KRW,Q1_2026,2026,11013,First-quarter report,20260515002248,SCE,자본변동표,ifrs-full_Equity,자본총계,자본 [구성요소]|지배기업 소유주 지분|자본금 [구성요소],,,2026,KRW,,,,9505716500,제 28 기 1분기,9,11013,fnlttSinglAcntAll,,9505716500,제 29 기 1분기
yg_entertainment,YG Entertainment,00613318,122870,KRW,Q1_2026,2026,11013,First-quarter report,20260515002248,SCE,자본변동표,ifrs-full_IncreaseDecreaseThroughTransactionsWithOwners,자본에 직접 반영된 소유주와의 거래 등,연결재무제표 [member],,,2026,KRW,,,,-4507316922,제 28 기 1분기,10,11013,fnlttSinglAcntAll,,-6827944840,제 29 기 1분기
yg_entertainment,YG Entertainment,00613318,122870,KRW,Q1_2026,2026,11013,First-quarter report,20260515002248,SCE,자본변동표,ifrs-full_IncreaseDecreaseThroughTransactionsWithOwners,자본에 직접 반영된 소유주와의 거래 등,자본 [구성요소]|비지배지분 [구성요소],,,2026,KRW,,,,114974638,제 28 기 1분기,10,11013,fnlttSinglAcntAll,,-1334789580,제 29 기 1분기
yg_entertainment,YG Entertainment,00613318,122870,KRW,Q1_2026,2026,11013,First-quarter report,20260515002248,SCE,자본변동표,ifrs-full_IncreaseDecreaseThroughTransactionsWithOwners,자본에 직접 반영된 소유주와의 거래 등,자본 [구성요소]|지배기업 소유주 지분,,,2026,KRW,,,,-4622291560,제 28 기 1분기,10,11013,fnlttSinglAcntAll,,-5493155260,제 29 기 1분기
yg_entertainment,YG Entertainment,00613318,122870,KRW,Q1_2026,2026,11013,First-quarter report,20260515002248,SCE,자본변동표,ifrs-full_IncreaseDecreaseThroughTransactionsWithOwners,자본에 직접 반영된 소유주와의 거래 등,자본 [구성요소]|지배기업 소유주 지분|연결기타포괄손익누계액,,,2026,KRW,,,,0,제 28 기 1분기,10,11013,fnlttSinglAcntAll,,0,제 29 기 1분기
yg_entertainment,YG Entertainment,00613318,122870,KRW,Q1_2026,2026,11013,First-quarter report,20260515002248,SCE,자본변동표,ifrs-full_IncreaseDecreaseThroughTransactionsWithOwners,자본에 직접 반영된 소유주와의 거래 등,자본 [구성요소]|지배기업 소유주 지분|연결이익잉여금,,,2026,KRW,,,,-4613485928,제 28 기 1분기,10,11013,fnlttSinglAcntAll,,-5564063400,제 29 기 1분기
yg_entertainment,YG Entertainment,00613318,122870,KRW,Q1_2026,2026,11013,First-quarter report,20260515002248,SCE,자본변동표,ifrs-full_IncreaseDecreaseThroughTransactionsWithOwners,자본에 직접 반영된 소유주와의 거래 등,자본 [구성요소]|지배기업 소유주 지분|연결자본잉여금,,,2026,KRW,,,,0,제 28 기 1분기,10,11013,fnlttSinglAcntAll,,0,제 29 기 1분기
yg_entertainment,YG Entertainment,00613318,122870,KRW,Q1_2026,2026,11013,First-quarter report,20260515002248,SCE,자본변동표,ifrs-full_IncreaseDecreaseThroughTransactionsWithOwners,자본에 직접 반영된 소유주와의 거래 등,자본 [구성요소]|지배기업 소유주 지분|연결자본조정,,,2026,KRW,,,,-8805632,제 28 기 1분기,10,11013,fnlttSinglAcntAll,,70908140,제 29 기 1분기
yg_entertainment,YG Entertainment,00613318,122870,KRW,Q1_2026,2026,11013,First-quarter report,20260515002248,SCE,자본변동표,ifrs-full_IncreaseDecreaseThroughTransactionsWithOwners,자본에 직접 반영된 소유주와의 거래 등,자본 [구성요소]|지배기업 소유주 지분|자본금 [구성요소],,,2026,KRW,,,,0,제 28 기 1분기,10,11013,fnlttSinglAcntAll,,0,제 29 기 1분기
yg_entertainment,YG Entertainment,00613318,122870,KRW,Q1_2026,2026,11013,First-quarter report,20260515002248,SCE,자본변동표,dart_ChangesInConsolidatedCompanies,연결범위변동,자본 [구성요소]|지배기업 소유주 지분,,,2026,KRW,,,,7021829,제 28 기 1분기,11,11013,fnlttSinglAcntAll,,0,제 29 기 1분기
yg_entertainment,YG Entertainment,00613318,122870,KRW,Q1_2026,2026,11013,First-quarter report,20260515002248,SCE,자본변동표,dart_ChangesInConsolidatedCompanies,연결범위변동,자본 [구성요소]|비지배지분 [구성요소],,,2026,KRW,,,,16211743,제 28 기 1분기,11,11013,fnlttSinglAcntAll,,0,제 29 기 1분기
yg_entertainment,YG Entertainment,00613318,122870,KRW,Q1_2026,2026,11013,First-quarter report,20260515002248,SCE,자본변동표,dart_ChangesInConsolidatedCompanies,연결범위변동,연결재무제표 [member],,,2026,KRW,,,,23233572,제 28 기 1분기,11,11013,fnlttSinglAcntAll,,0,제 29 기 1분기
yg_entertainment,YG Entertainment,00613318,122870,KRW,Q1_2026,2026,11013,First-quarter report,20260515002248,SCE,자본변동표,dart_ChangesInConsolidatedCompanies,연결범위변동,자본 [구성요소]|지배기업 소유주 지분|연결기타포괄손익누계액,,,2026,KRW,,,,0,제 28 기 1분기,11,11013,fnlttSinglAcntAll,,0,제 29 기 1분기
yg_entertainment,YG Entertainment,00613318,122870,KRW,Q1_2026,2026,11013,First-quarter report,20260515002248,SCE,자본변동표,dart_ChangesInConsolidatedCompanies,연결범위변동,자본 [구성요소]|지배기업 소유주 지분|연결이익잉여금,,,2026,KRW,,,,23233572,제 28 기 1분기,11,11013,fnlttSinglAcntAll,,0,제 29 기 1분기
yg_entertainment,YG Entertainment,00613318,122870,KRW,Q1_2026,2026,11013,First-quarter report,20260515002248,SCE,자본변동표,dart_ChangesInConsolidatedCompanies,연결범위변동,자본 [구성요소]|지배기업 소유주 지분|연결자본잉여금,,,2026,KRW,,,,0,제 28 기 1분기,11,11013,fnlttSinglAcntAll,,0,제 29 기 1분기
yg_entertainment,YG Entertainment,00613318,122870,KRW,Q1_2026,2026,11013,First-quarter report,20260515002248,SCE,자본변동표,dart_ChangesInConsolidatedCompanies,연결범위변동,자본 [구성요소]|지배기업 소유주 지분|연결자본조정,,,2026,KRW,,,,-16211743,제 28 기 1분기,11,11013,fnlttSinglAcntAll,,0,제 29 기 1분기
yg_entertainment,YG Entertainment,00613318,122870,KRW,Q1_2026,2026,11013,First-quarter report,20260515002248,SCE,자본변동표,dart_ChangesInConsolidatedCompanies,연결범위변동,자본 [구성요소]|지배기업 소유주 지분|자본금 [구성요소],,,2026,KRW,,,,0,제 28 기 1분기,11,11013,fnlttSinglAcntAll,,0,제 29 기 1분기
yg_entertainment,YG Entertainment,00613318,122870,KRW,Q1_2026,2026,11013,First-quarter report,20260515002248,SCE,자본변동표,ifrs-full_DividendsPaid,배당,자본 [구성요소]|지배기업 소유주 지분,,,2026,KRW,,,,4636719500,제 28 기 1분기,12,11013,fnlttSinglAcntAll,,5564063400,제 29 기 1분기
yg_entertainment,YG Entertainment,00613318,122870,KRW,Q1_2026,2026,11013,First-quarter report,20260515002248,SCE,자본변동표,ifrs-full_DividendsPaid,배당,자본 [구성요소]|비지배지분 [구성요소],,,2026,KRW,,,,0,제 28 기 1분기,12,11013,fnlttSinglAcntAll,,1334789580,제 29 기 1분기
yg_entertainment,YG Entertainment,00613318,122870,KRW,Q1_2026,2026,11013,First-quarter report,20260515002248,SCE,자본변동표,ifrs-full_DividendsPaid,배당,연결재무제표 [member],,,2026,KRW,,,,4636719500,제 28 기 1분기,12,11013,fnlttSinglAcntAll,,6898852980,제 29 기 1분기
yg_entertainment,YG Entertainment,00613318,122870,KRW,Q1_2026,2026,11013,First-quarter report,20260515002248,SCE,자본변동표,ifrs-full_DividendsPaid,배당,자본 [구성요소]|지배기업 소유주 지분|연결기타포괄손익누계액,,,2026,KRW,,,,0,제 28 기 1분기,12,11013,fnlttSinglAcntAll,,0,제 29 기 1분기
yg_entertainment,YG Entertainment,00613318,122870,KRW,Q1_2026,2026,11013,First-quarter report,20260515002248,SCE,자본변동표,ifrs-full_DividendsPaid,배당,자본 [구성요소]|지배기업 소유주 지분|자본금 [구성요소],,,2026,KRW,,,,0,제 28 기 1분기,12,11013,fnlttSinglAcntAll,,0,제 29 기 1분기
yg_entertainment,YG Entertainment,00613318,122870,KRW,Q1_2026,2026,11013,First-quarter report,20260515002248,SCE,자본변동표,ifrs-full_DividendsPaid,배당,자본 [구성요소]|지배기업 소유주 지분|연결자본조정,,,2026,KRW,,,,0,제 28 기 1분기,12,11013,fnlttSinglAcntAll,,0,제 29 기 1분기
yg_entertainment,YG Entertainment,00613318,122870,KRW,Q1_2026,2026,11013,First-quarter report,20260515002248,SCE,자본변동표,ifrs-full_DividendsPaid,배당,자본 [구성요소]|지배기업 소유주 지분|연결자본잉여금,,,2026,KRW,,,,0,제 28 기 1분기,12,11013,fnlttSinglAcntAll,,0,제 29 기 1분기
yg_entertainment,YG Entertainment,00613318,122870,KRW,Q1_2026,2026,11013,First-quarter report,20260515002248,SCE,자본변동표,ifrs-full_DividendsPaid,배당,자본 [구성요소]|지배기업 소유주 지분|연결이익잉여금,,,2026,KRW,,,,4636719500,제 28 기 1분기,12,11013,fnlttSinglAcntAll,,5564063400,제 29 기 1분기
yg_entertainment,YG Entertainment,00613318,122870,KRW,Q1_2026,2026,11013,First-quarter report,20260515002248,SCE,자본변동표,ifrs-full_IncreaseDecreaseThroughSharebasedPaymentTransactions,주식보상비용,연결재무제표 [member],,,2026,KRW,,,,106169006,제 28 기 1분기,13,11013,fnlttSinglAcntAll,,70908140,제 29 기 1분기
yg_entertainment,YG Entertainment,00613318,122870,KRW,Q1_2026,2026,11013,First-quarter report,20260515002248,SCE,자본변동표,ifrs-full_IncreaseDecreaseThroughSharebasedPaymentTransactions,주식보상비용,자본 [구성요소]|비지배지분 [구성요소],,,2026,KRW,,,,98762895,제 28 기 1분기,13,11013,fnlttSinglAcntAll,,0,제 29 기 1분기
yg_entertainment,YG Entertainment,00613318,122870,KRW,Q1_2026,2026,11013,First-quarter report,20260515002248,SCE,자본변동표,ifrs-full_IncreaseDecreaseThroughSharebasedPaymentTransactions,주식보상비용,자본 [구성요소]|지배기업 소유주 지분,,,2026,KRW,,,,7406111,제 28 기 1분기,13,11013,fnlttSinglAcntAll,,70908140,제 29 기 1분기
yg_entertainment,YG Entertainment,00613318,122870,KRW,Q1_2026,2026,11013,First-quarter report,20260515002248,SCE,자본변동표,ifrs-full_IncreaseDecreaseThroughSharebasedPaymentTransactions,주식보상비용,자본 [구성요소]|지배기업 소유주 지분|연결자본조정,,,2026,KRW,,,,7406111,제 28 기 1분기,13,11013,fnlttSinglAcntAll,,70908140,제 29 기 1분기
yg_entertainment,YG Entertainment,00613318,122870,KRW,Q1_2026,2026,11013,First-quarter report,20260515002248,SCE,자본변동표,ifrs-full_IncreaseDecreaseThroughSharebasedPaymentTransactions,주식보상비용,자본 [구성요소]|지배기업 소유주 지분|연결자본잉여금,,,2026,KRW,,,,0,제 28 기 1분기,13,11013,fnlttSinglAcntAll,,0,제 29 기 1분기
yg_entertainment,YG Entertainment,00613318,122870,KRW,Q1_2026,2026,11013,First-quarter report,20260515002248,SCE,자본변동표,ifrs-full_IncreaseDecreaseThroughSharebasedPaymentTransactions,주식보상비용,자본 [구성요소]|지배기업 소유주 지분|연결이익잉여금,,,2026,KRW,,,,0,제 28 기 1분기,13,11013,fnlttSinglAcntAll,,0,제 29 기 1분기
yg_entertainment,YG Entertainment,00613318,122870,KRW,Q1_2026,2026,11013,First-quarter report,20260515002248,SCE,자본변동표,ifrs-full_IncreaseDecreaseThroughSharebasedPaymentTransactions,주식보상비용,자본 [구성요소]|지배기업 소유주 지분|연결기타포괄손익누계액,,,2026,KRW,,,,0,제 28 기 1분기,13,11013,fnlttSinglAcntAll,,0,제 29 기 1분기
yg_entertainment,YG Entertainment,00613318,122870,KRW,Q1_2026,2026,11013,First-quarter report,20260515002248,SCE,자본변동표,ifrs-full_IncreaseDecreaseThroughSharebasedPaymentTransactions,주식보상비용,자본 [구성요소]|지배기업 소유주 지분|자본금 [구성요소],,,2026,KRW,,,,0,제 28 기 1분기,13,11013,fnlttSinglAcntAll,,0,제 29 기 1분기
