company_id,company_name,corp_code,stock_code,reporting_currency,period_label,business_year,report_code,report_name,rcept_no,sj_div,sj_nm,account_id,account_nm,account_detail,bfefrmtrm_amount,bfefrmtrm_nm,bsns_year,currency,frmtrm_add_amount,frmtrm_amount,frmtrm_nm,frmtrm_q_amount,frmtrm_q_nm,ord,reprt_code,source_endpoint,thstrm_add_amount,thstrm_amount,thstrm_nm
shift_up,SHIFT UP,01384787,462870,KRW,FY2025,2025,11011,Annual report,20260318001672,BS,재무상태표,ifrs-full_Assets,자산총계,-,203918102465,제 11 기,2025,KRW,,803831909889,제 12 기,,,7,11011,fnlttSinglAcntAll,,1083335531792,제 13 기
shift_up,SHIFT UP,01384787,462870,KRW,FY2025,2025,11011,Annual report,20260318001672,BS,재무상태표,ifrs-full_CurrentAssets,유동자산,-,177200980837,제 11 기,2025,KRW,,768171881980,제 12 기,,,8,11011,fnlttSinglAcntAll,,781867400801,제 13 기
shift_up,SHIFT UP,01384787,462870,KRW,FY2025,2025,11011,Annual report,20260318001672,BS,재무상태표,ifrs-full_CashAndCashEquivalents,현금및현금성자산,-,116136433406,제 11 기,2025,KRW,,289250436994,제 12 기,,,9,11011,fnlttSinglAcntAll,,110121105321,제 13 기
shift_up,SHIFT UP,01384787,462870,KRW,FY2025,2025,11011,Annual report,20260318001672,BS,재무상태표,ifrs-full_CurrentFinancialAssetsAtAmortisedCost,상각후원가측정금융자산(유동),-,0,제 11 기,2025,KRW,,101650000000,제 12 기,,,10,11011,fnlttSinglAcntAll,,213880719205,제 13 기
shift_up,SHIFT UP,01384787,462870,KRW,FY2025,2025,11011,Annual report,20260318001672,BS,재무상태표,ifrs-full_CurrentFinancialAssetsAtFairValueThroughProfitOrLoss,당기손익-공정가치측정금융자산(유동),-,0,제 11 기,2025,KRW,,256438849713,제 12 기,,,11,11011,fnlttSinglAcntAll,,272051525556,제 13 기
shift_up,SHIFT UP,01384787,462870,KRW,FY2025,2025,11011,Annual report,20260318001672,BS,재무상태표,ifrs-full_CurrentTradeReceivables,매출채권,-,59892458011,제 11 기,2025,KRW,,102306130959,제 12 기,,,12,11011,fnlttSinglAcntAll,,130250520677,제 13 기
shift_up,SHIFT UP,01384787,462870,KRW,FY2025,2025,11011,Annual report,20260318001672,BS,재무상태표,ifrs-full_OtherCurrentAssets,기타유동자산,-,326938964,제 11 기,2025,KRW,,7131732692,제 12 기,,,13,11011,fnlttSinglAcntAll,,4766834550,제 13 기
shift_up,SHIFT UP,01384787,462870,KRW,FY2025,2025,11011,Annual report,20260318001672,BS,재무상태표,ifrs-full_OtherCurrentFinancialAssets,기타유동금융자산,-,845150456,제 11 기,2025,KRW,,11394731622,제 12 기,,,14,11011,fnlttSinglAcntAll,,50796695492,제 13 기
shift_up,SHIFT UP,01384787,462870,KRW,FY2025,2025,11011,Annual report,20260318001672,BS,재무상태표,ifrs-full_NoncurrentAssets,비유동자산,-,26717121628,제 11 기,2025,KRW,,35660027909,제 12 기,,,15,11011,fnlttSinglAcntAll,,301468130991,제 13 기
shift_up,SHIFT UP,01384787,462870,KRW,FY2025,2025,11011,Annual report,20260318001672,BS,재무상태표,ifrs-full_DeferredTaxAssets,이연법인세자산,-,13532448118,제 11 기,2025,KRW,,2784943199,제 12 기,,,16,11011,fnlttSinglAcntAll,,0,제 13 기
shift_up,SHIFT UP,01384787,462870,KRW,FY2025,2025,11011,Annual report,20260318001672,BS,재무상태표,ifrs-full_IntangibleAssetsOtherThanGoodwill,무형자산,-,575646307,제 11 기,2025,KRW,,2969191667,제 12 기,,,17,11011,fnlttSinglAcntAll,,1652005771,제 13 기
shift_up,SHIFT UP,01384787,462870,KRW,FY2025,2025,11011,Annual report,20260318001672,BS,재무상태표,ifrs-full_InvestmentAccountedForUsingEquityMethod,지분법적용 투자지분,-,0,제 11 기,2025,KRW,,0,제 12 기,,,18,11011,fnlttSinglAcntAll,,92379440472,제 13 기
shift_up,SHIFT UP,01384787,462870,KRW,FY2025,2025,11011,Annual report,20260318001672,BS,재무상태표,ifrs-full_NoncurrentFinancialAssetsAtAmortisedCost,상각후원가로 측정하는 비유동 금융자산,-,0,제 11 기,2025,KRW,,0,제 12 기,,,19,11011,fnlttSinglAcntAll,,15100000000,제 13 기
shift_up,SHIFT UP,01384787,462870,KRW,FY2025,2025,11011,Annual report,20260318001672,BS,재무상태표,ifrs-full_NoncurrentFinancialAssetsAtFairValueThroughOtherComprehensiveIncome,기타포괄손익-공정가치측정금융자산(비유동),-,0,제 11 기,2025,KRW,,13636808600,제 12 기,,,20,11011,fnlttSinglAcntAll,,31901945600,제 13 기
shift_up,SHIFT UP,01384787,462870,KRW,FY2025,2025,11011,Annual report,20260318001672,BS,재무상태표,ifrs-full_NoncurrentFinancialAssetsAtFairValueThroughProfitOrLoss,당기손익-공정가치측정금융자산(비유동),-,250649161,제 11 기,2025,KRW,,0,제 12 기,,,21,11011,fnlttSinglAcntAll,,30463382470,제 13 기
shift_up,SHIFT UP,01384787,462870,KRW,FY2025,2025,11011,Annual report,20260318001672,BS,재무상태표,ifrs-full_NoncurrentRecognisedAssetsDefinedBenefitPlan,비유동 순확정급여자산,-,19970123,제 11 기,2025,KRW,,221440456,제 12 기,,,22,11011,fnlttSinglAcntAll,,95339332,제 13 기
shift_up,SHIFT UP,01384787,462870,KRW,FY2025,2025,11011,Annual report,20260318001672,BS,재무상태표,ifrs-full_OtherNoncurrentAssets,기타비유동자산,-,0,제 11 기,2025,KRW,,0,제 12 기,,,23,11011,fnlttSinglAcntAll,,7249798946,제 13 기
shift_up,SHIFT UP,01384787,462870,KRW,FY2025,2025,11011,Annual report,20260318001672,BS,재무상태표,ifrs-full_OtherNoncurrentFinancialAssets,기타비유동금융자산,-,1526350081,제 11 기,2025,KRW,,2258421553,제 12 기,,,24,11011,fnlttSinglAcntAll,,53023284537,제 13 기
shift_up,SHIFT UP,01384787,462870,KRW,FY2025,2025,11011,Annual report,20260318001672,BS,재무상태표,ifrs-full_PropertyPlantAndEquipment,유형자산,-,941314607,제 11 기,2025,KRW,,2710752973,제 12 기,,,25,11011,fnlttSinglAcntAll,,4052558729,제 13 기
shift_up,SHIFT UP,01384787,462870,KRW,FY2025,2025,11011,Annual report,20260318001672,BS,재무상태표,ifrs-full_RightofuseAssets,사용권자산,-,9870743231,제 11 기,2025,KRW,,11078469461,제 12 기,,,26,11011,fnlttSinglAcntAll,,65550375134,제 13 기
shift_up,SHIFT UP,01384787,462870,KRW,FY2025,2025,11011,Annual report,20260318001672,BS,재무상태표,ifrs-full_Equity,자본총계,-,181058284745,제 11 기,2025,KRW,,764404135605,제 12 기,,,28,11011,fnlttSinglAcntAll,,921190987215,제 13 기
shift_up,SHIFT UP,01384787,462870,KRW,FY2025,2025,11011,Annual report,20260318001672,BS,재무상태표,ifrs-full_EquityAttributableToOwnersOfParent,지배기업의 소유주에게 귀속되는 지분,-,181058284745,제 11 기,2025,KRW,,764404135605,제 12 기,,,29,11011,fnlttSinglAcntAll,,921190987215,제 13 기
shift_up,SHIFT UP,01384787,462870,KRW,FY2025,2025,11011,Annual report,20260318001672,BS,재무상태표,dart_CapitalSurplus,자본잉여금,-,95895518998,제 11 기,2025,KRW,,527436611274,제 12 기,,,30,11011,fnlttSinglAcntAll,,532236026702,제 13 기
shift_up,SHIFT UP,01384787,462870,KRW,FY2025,2025,11011,Annual report,20260318001672,BS,재무상태표,dart_ElementsOfOtherStockholdersEquity,기타자본구성요소,-,4202445287,제 11 기,2025,KRW,,6281126370,제 12 기,,,31,11011,fnlttSinglAcntAll,,-47013111746,제 13 기
shift_up,SHIFT UP,01384787,462870,KRW,FY2025,2025,11011,Annual report,20260318001672,BS,재무상태표,dart_OtherComprehensiveIncomeLossAccumulatedAmount,기타포괄손익누계액,-,-53244210,제 11 기,2025,KRW,,-51231401,제 12 기,,,32,11011,fnlttSinglAcntAll,,13674651200,제 13 기
shift_up,SHIFT UP,01384787,462870,KRW,FY2025,2025,11011,Annual report,20260318001672,BS,재무상태표,ifrs-full_IssuedCapital,자본금,-,9916152000,제 11 기,2025,KRW,,11666944000,제 12 기,,,33,11011,fnlttSinglAcntAll,,11792288000,제 13 기
shift_up,SHIFT UP,01384787,462870,KRW,FY2025,2025,11011,Annual report,20260318001672,BS,재무상태표,ifrs-full_RetainedEarnings,이익잉여금,-,71097412670,제 11 기,2025,KRW,,219070685362,제 12 기,,,34,11011,fnlttSinglAcntAll,,410501133059,제 13 기
shift_up,SHIFT UP,01384787,462870,KRW,FY2025,2025,11011,Annual report,20260318001672,BS,재무상태표,ifrs-full_NoncontrollingInterests,비지배지분,-,0,제 11 기,2025,KRW,,0,제 12 기,,,35,11011,fnlttSinglAcntAll,,0,제 13 기
shift_up,SHIFT UP,01384787,462870,KRW,FY2025,2025,11011,Annual report,20260318001672,BS,재무상태표,ifrs-full_EquityAndLiabilities,부채와 자본 총계,-,203918102465,제 11 기,2025,KRW,,803831909889,제 12 기,,,36,11011,fnlttSinglAcntAll,,1083335531792,제 13 기
shift_up,SHIFT UP,01384787,462870,KRW,FY2025,2025,11011,Annual report,20260318001672,BS,재무상태표,ifrs-full_CurrentLiabilities,유동부채,-,11198987853,제 11 기,2025,KRW,,28585967115,제 12 기,,,38,11011,fnlttSinglAcntAll,,95496738878,제 13 기
shift_up,SHIFT UP,01384787,462870,KRW,FY2025,2025,11011,Annual report,20260318001672,BS,재무상태표,dart_CurrentPortionOfConvertibleRedeemablePreferredStockLiabilities,전환상환우선주부채(유동),-,694891568,제 11 기,2025,KRW,,0,제 12 기,,,39,11011,fnlttSinglAcntAll,,0,제 13 기
shift_up,SHIFT UP,01384787,462870,KRW,FY2025,2025,11011,Annual report,20260318001672,BS,재무상태표,ifrs-full_CurrentLeaseLiabilities,유동리스부채,-,2072080093,제 11 기,2025,KRW,,2844075253,제 12 기,,,40,11011,fnlttSinglAcntAll,,3935637435,제 13 기
shift_up,SHIFT UP,01384787,462870,KRW,FY2025,2025,11011,Annual report,20260318001672,BS,재무상태표,ifrs-full_CurrentTaxLiabilities,미지급법인세,-,1715422815,제 11 기,2025,KRW,,8475844959,제 12 기,,,41,11011,fnlttSinglAcntAll,,25341632836,제 13 기
shift_up,SHIFT UP,01384787,462870,KRW,FY2025,2025,11011,Annual report,20260318001672,BS,재무상태표,ifrs-full_OtherCurrentFinancialLiabilities,기타유동금융부채,-,3451213947,제 11 기,2025,KRW,,5359556260,제 12 기,,,42,11011,fnlttSinglAcntAll,,56842294190,제 13 기
shift_up,SHIFT UP,01384787,462870,KRW,FY2025,2025,11011,Annual report,20260318001672,BS,재무상태표,ifrs-full_OtherCurrentLiabilities,기타유동부채,-,3265379430,제 11 기,2025,KRW,,11906490643,제 12 기,,,43,11011,fnlttSinglAcntAll,,9377174417,제 13 기
shift_up,SHIFT UP,01384787,462870,KRW,FY2025,2025,11011,Annual report,20260318001672,BS,재무상태표,ifrs-full_Liabilities,부채총계,-,22859817720,제 11 기,2025,KRW,,39427774284,제 12 기,,,44,11011,fnlttSinglAcntAll,,162144544577,제 13 기
shift_up,SHIFT UP,01384787,462870,KRW,FY2025,2025,11011,Annual report,20260318001672,BS,재무상태표,ifrs-full_NoncurrentLiabilities,비유동부채,-,11660829867,제 11 기,2025,KRW,,10841807169,제 12 기,,,45,11011,fnlttSinglAcntAll,,66647805699,제 13 기
shift_up,SHIFT UP,01384787,462870,KRW,FY2025,2025,11011,Annual report,20260318001672,BS,재무상태표,-표준계정코드 미사용-,전환우선주부채(비유동),-,2520461017,제 11 기,2025,KRW,,0,제 12 기,,,46,11011,fnlttSinglAcntAll,,0,제 13 기
shift_up,SHIFT UP,01384787,462870,KRW,FY2025,2025,11011,Annual report,20260318001672,BS,재무상태표,-표준계정코드 미사용-,비지배지분금융부채,-,0,제 11 기,2025,KRW,,0,제 12 기,,,47,11011,fnlttSinglAcntAll,,207033632,제 13 기
shift_up,SHIFT UP,01384787,462870,KRW,FY2025,2025,11011,Annual report,20260318001672,BS,재무상태표,ifrs-full_DeferredTaxLiabilities,이연법인세부채,-,0,제 11 기,2025,KRW,,0,제 12 기,,,48,11011,fnlttSinglAcntAll,,1458722503,제 13 기
shift_up,SHIFT UP,01384787,462870,KRW,FY2025,2025,11011,Annual report,20260318001672,BS,재무상태표,ifrs-full_NoncurrentLeaseLiabilities,비유동리스부채,-,7344191574,제 11 기,2025,KRW,,8308187425,제 12 기,,,49,11011,fnlttSinglAcntAll,,59327270576,제 13 기
shift_up,SHIFT UP,01384787,462870,KRW,FY2025,2025,11011,Annual report,20260318001672,BS,재무상태표,ifrs-full_OtherLongtermProvisions,비유동충당부채,-,327748035,제 11 기,2025,KRW,,460078514,제 12 기,,,50,11011,fnlttSinglAcntAll,,1407943415,제 13 기
shift_up,SHIFT UP,01384787,462870,KRW,FY2025,2025,11011,Annual report,20260318001672,BS,재무상태표,ifrs-full_OtherNoncurrentLiabilities,기타비유동부채,-,1468429241,제 11 기,2025,KRW,,2073541230,제 12 기,,,51,11011,fnlttSinglAcntAll,,4246835573,제 13 기
shift_up,SHIFT UP,01384787,462870,KRW,FY2025,2025,11011,Annual report,20260318001672,CIS,포괄손익계산서,dart_NonOperatingExpense,영업외비용,-,4337112848,제 11 기,2025,KRW,,7940780716,제 12 기,,,6,11011,fnlttSinglAcntAll,,21887514250,제 13 기
shift_up,SHIFT UP,01384787,462870,KRW,FY2025,2025,11011,Annual report,20260318001672,CIS,포괄손익계산서,dart_OtherLosses,기타비용,-,3172413520,제 11 기,2025,KRW,,5718481805,제 12 기,,,7,11011,fnlttSinglAcntAll,,12797610986,제 13 기
shift_up,SHIFT UP,01384787,462870,KRW,FY2025,2025,11011,Annual report,20260318001672,CIS,포괄손익계산서,ifrs-full_FinanceCosts,금융비용,-,1164699328,제 11 기,2025,KRW,,2222298911,제 12 기,,,8,11011,fnlttSinglAcntAll,,9089903264,제 13 기
shift_up,SHIFT UP,01384787,462870,KRW,FY2025,2025,11011,Annual report,20260318001672,CIS,포괄손익계산서,dart_NonOperatingIncome,영업외수익,-,7623818677,제 11 기,2025,KRW,,34053189526,제 12 기,,,9,11011,fnlttSinglAcntAll,,58674626804,제 13 기
shift_up,SHIFT UP,01384787,462870,KRW,FY2025,2025,11011,Annual report,20260318001672,CIS,포괄손익계산서,dart_OtherGains,기타수익,-,5339288849,제 11 기,2025,KRW,,13101816221,제 12 기,,,10,11011,fnlttSinglAcntAll,,10831185547,제 13 기
shift_up,SHIFT UP,01384787,462870,KRW,FY2025,2025,11011,Annual report,20260318001672,CIS,포괄손익계산서,ifrs-full_FinanceIncome,금융수익,-,2284529828,제 11 기,2025,KRW,,20951373305,제 12 기,,,11,11011,fnlttSinglAcntAll,,47843441257,제 13 기
shift_up,SHIFT UP,01384787,462870,KRW,FY2025,2025,11011,Annual report,20260318001672,CIS,포괄손익계산서,dart_OperatingIncomeLoss,영업이익,-,111062581629,제 11 기,2025,KRW,,152676273166,제 12 기,,,12,11011,fnlttSinglAcntAll,,181417657557,제 13 기
shift_up,SHIFT UP,01384787,462870,KRW,FY2025,2025,11011,Annual report,20260318001672,CIS,포괄손익계산서,dart_ProfitsOfAssociatesAndJointVenturesAccountedForUsingEquityMethod,지분법이익,-,0,제 11 기,2025,KRW,,0,제 12 기,,,13,11011,fnlttSinglAcntAll,,14841291526,제 13 기
shift_up,SHIFT UP,01384787,462870,KRW,FY2025,2025,11011,Annual report,20260318001672,CIS,포괄손익계산서,ifrs-full_ComprehensiveIncome,총포괄손익,-,106619127401,제 11 기,2025,KRW,,147975285501,제 12 기,,,14,11011,fnlttSinglAcntAll,,205156330298,제 13 기
shift_up,SHIFT UP,01384787,462870,KRW,FY2025,2025,11011,Annual report,20260318001672,CIS,포괄손익계산서,ifrs-full_ComprehensiveIncomeAttributableToNoncontrollingInterests,"포괄손익, 비지배지분",-,0,제 11 기,2025,KRW,,0,제 12 기,,,15,11011,fnlttSinglAcntAll,,0,제 13 기
shift_up,SHIFT UP,01384787,462870,KRW,FY2025,2025,11011,Annual report,20260318001672,CIS,포괄손익계산서,ifrs-full_ComprehensiveIncomeAttributableToOwnersOfParent,"포괄손익, 지배기업의 소유주에게 귀속되는 지분",-,106619127401,제 11 기,2025,KRW,,147975285501,제 12 기,,,16,11011,fnlttSinglAcntAll,,205156330298,제 13 기
shift_up,SHIFT UP,01384787,462870,KRW,FY2025,2025,11011,Annual report,20260318001672,CIS,포괄손익계산서,ifrs-full_BasicEarningsLossPerShare,기본주당이익,-,3004,제 11 기,2025,KRW,,2734,제 12 기,,,18,11011,fnlttSinglAcntAll,,3293,제 13 기
shift_up,SHIFT UP,01384787,462870,KRW,FY2025,2025,11011,Annual report,20260318001672,CIS,포괄손익계산서,ifrs-full_DilutedEarningsLossPerShare,희석주당이익,-,2042,제 11 기,2025,KRW,,2659,제 12 기,,,19,11011,fnlttSinglAcntAll,,3260,제 13 기
shift_up,SHIFT UP,01384787,462870,KRW,FY2025,2025,11011,Annual report,20260318001672,CIS,포괄손익계산서,ifrs-full_IncomeTaxExpenseContinuingOperations,법인세비용,-,7658709139,제 11 기,2025,KRW,,30815409284,제 12 기,,,20,11011,fnlttSinglAcntAll,,41615613940,제 13 기
shift_up,SHIFT UP,01384787,462870,KRW,FY2025,2025,11011,Annual report,20260318001672,CIS,포괄손익계산서,ifrs-full_OperatingExpense,영업비용,-,57531586735,제 11 기,2025,KRW,,71408372450,제 12 기,,,21,11011,fnlttSinglAcntAll,,113128279882,제 13 기
shift_up,SHIFT UP,01384787,462870,KRW,FY2025,2025,11011,Annual report,20260318001672,CIS,포괄손익계산서,ifrs-full_OtherComprehensiveIncome,법인세차감후 기타포괄손익,-,-71450918,제 11 기,2025,KRW,,2012809,제 12 기,,,22,11011,fnlttSinglAcntAll,,13725882601,제 13 기
shift_up,SHIFT UP,01384787,462870,KRW,FY2025,2025,11011,Annual report,20260318001672,CIS,포괄손익계산서,ifrs-full_OtherComprehensiveIncomeThatWillNotBeReclassifiedToProfitOrLossNetOfTax,당기손익으로 재분류되지 않는 항목,-,-71450918,제 11 기,2025,KRW,,2012809,제 12 기,,,23,11011,fnlttSinglAcntAll,,13725882601,제 13 기
shift_up,SHIFT UP,01384787,462870,KRW,FY2025,2025,11011,Annual report,20260318001672,CIS,포괄손익계산서,ifrs-full_OtherComprehensiveIncomeNetOfTaxFinancialAssetsMeasuredAtFairValueThroughOtherComprehensiveIncome,"세후기타포괄손익, 기타포괄손익-공정가치로 측정되는 금융자산",-,0,제 11 기,2025,KRW,,0,제 12 기,,,24,11011,fnlttSinglAcntAll,,13844973846,제 13 기
shift_up,SHIFT UP,01384787,462870,KRW,FY2025,2025,11011,Annual report,20260318001672,CIS,포괄손익계산서,ifrs-full_OtherComprehensiveIncomeNetOfTaxGainsLossesOnRemeasurementsOfDefinedBenefitPlans,순확정급여부채의 재측정요소,-,-71450918,제 11 기,2025,KRW,,2012809,제 12 기,,,25,11011,fnlttSinglAcntAll,,-119091245,제 13 기
shift_up,SHIFT UP,01384787,462870,KRW,FY2025,2025,11011,Annual report,20260318001672,CIS,포괄손익계산서,ifrs-full_ProfitLoss,당기순이익,-,106690578319,제 11 기,2025,KRW,,147973272692,제 12 기,,,26,11011,fnlttSinglAcntAll,,191430447697,제 13 기
shift_up,SHIFT UP,01384787,462870,KRW,FY2025,2025,11011,Annual report,20260318001672,CIS,포괄손익계산서,ifrs-full_ProfitLossAttributableToNoncontrollingInterests,비지배지분에 귀속되는 당기순이익(손실),-,0,제 11 기,2025,KRW,,0,제 12 기,,,27,11011,fnlttSinglAcntAll,,0,제 13 기
shift_up,SHIFT UP,01384787,462870,KRW,FY2025,2025,11011,Annual report,20260318001672,CIS,포괄손익계산서,ifrs-full_ProfitLossAttributableToOwnersOfParent,지배기업의 소유주에게 귀속되는 당기순이익(손실),-,106690578319,제 11 기,2025,KRW,,147973272692,제 12 기,,,28,11011,fnlttSinglAcntAll,,191430447697,제 13 기
shift_up,SHIFT UP,01384787,462870,KRW,FY2025,2025,11011,Annual report,20260318001672,CIS,포괄손익계산서,ifrs-full_ProfitLossBeforeTax,법인세비용차감전이익,-,114349287458,제 11 기,2025,KRW,,178788681976,제 12 기,,,29,11011,fnlttSinglAcntAll,,233046061637,제 13 기
shift_up,SHIFT UP,01384787,462870,KRW,FY2025,2025,11011,Annual report,20260318001672,CIS,포괄손익계산서,ifrs-full_Revenue,영업수익,-,168594168364,제 11 기,2025,KRW,,224084645616,제 12 기,,,30,11011,fnlttSinglAcntAll,,294545937439,제 13 기
shift_up,SHIFT UP,01384787,462870,KRW,FY2025,2025,11011,Annual report,20260318001672,CF,현금흐름표,dart_CashAndCashEquivalentsAtBeginningOfPeriodCf,기초 현금및현금성자산,-,12415800550,제 11 기,2025,KRW,,116136433406,제 12 기,,,2,11011,fnlttSinglAcntAll,,289250436994,제 13 기
shift_up,SHIFT UP,01384787,462870,KRW,FY2025,2025,11011,Annual report,20260318001672,CF,현금흐름표,dart_CashAndCashEquivalentsAtEndOfPeriodCf,기말 현금및현금성자산,-,116136433406,제 11 기,2025,KRW,,289250436994,제 12 기,,,3,11011,fnlttSinglAcntAll,,110121105321,제 13 기
shift_up,SHIFT UP,01384787,462870,KRW,FY2025,2025,11011,Annual report,20260318001672,CF,현금흐름표,ifrs-full_CashFlowsFromUsedInFinancingActivities,재무활동으로 인한 현금흐름,-,-468591464,제 11 기,2025,KRW,,426868629972,제 12 기,,,8,11011,fnlttSinglAcntAll,,-51430807298,제 13 기
shift_up,SHIFT UP,01384787,462870,KRW,FY2025,2025,11011,Annual report,20260318001672,CF,현금흐름표,dart_AcquisitionOfTreasuryShares,자기주식의 취득으로 인한 현금의 유출,-,0,제 11 기,2025,KRW,,0,제 12 기,,,9,11011,fnlttSinglAcntAll,,49973057100,제 13 기
shift_up,SHIFT UP,01384787,462870,KRW,FY2025,2025,11011,Annual report,20260318001672,CF,현금흐름표,dart_DecreaseInGuaranteeDepositsAsFinancialActivities,임대보증금의 감소,-,29000000,제 11 기,2025,KRW,,0,제 12 기,,,10,11011,fnlttSinglAcntAll,,0,제 13 기
shift_up,SHIFT UP,01384787,462870,KRW,FY2025,2025,11011,Annual report,20260318001672,CF,현금흐름표,dart_ProceedsFromExerciseOfShareOptions,주식매수선택권의 행사,-,419005500,제 11 기,2025,KRW,,68400000,제 12 기,,,11,11011,fnlttSinglAcntAll,,328574480,제 13 기
shift_up,SHIFT UP,01384787,462870,KRW,FY2025,2025,11011,Annual report,20260318001672,CF,현금흐름표,dart_ProceedsFromPaidinCapitalIncrease,유상증자,-,0,제 11 기,2025,KRW,,435000000000,제 12 기,,,12,11011,fnlttSinglAcntAll,,0,제 13 기
shift_up,SHIFT UP,01384787,462870,KRW,FY2025,2025,11011,Annual report,20260318001672,CF,현금흐름표,-표준계정코드 미사용-,비지배지분금융부채 취득,-,0,제 11 기,2025,KRW,,0,제 12 기,,,13,11011,fnlttSinglAcntAll,,220000000,제 13 기
shift_up,SHIFT UP,01384787,462870,KRW,FY2025,2025,11011,Annual report,20260318001672,CF,현금흐름표,-표준계정코드 미사용-,비지배지분금융부채 상환,-,0,제 11 기,2025,KRW,,0,제 12 기,,,14,11011,fnlttSinglAcntAll,,14160844,제 13 기
shift_up,SHIFT UP,01384787,462870,KRW,FY2025,2025,11011,Annual report,20260318001672,CF,현금흐름표,ifrs-full_PaymentsForShareIssueCosts,주식발행비용,-,49000330,제 11 기,2025,KRW,,6794062788,제 12 기,,,15,11011,fnlttSinglAcntAll,,6723024,제 13 기
shift_up,SHIFT UP,01384787,462870,KRW,FY2025,2025,11011,Annual report,20260318001672,CF,현금흐름표,ifrs-full_PaymentsOfLeaseLiabilitiesClassifiedAsFinancingActivities,리스부채의 상환,-,809596634,제 11 기,2025,KRW,,1405707240,제 12 기,,,16,11011,fnlttSinglAcntAll,,1985440810,제 13 기
shift_up,SHIFT UP,01384787,462870,KRW,FY2025,2025,11011,Annual report,20260318001672,CF,현금흐름표,ifrs-full_CashFlowsFromUsedInInvestingActivities,투자활동으로 인한 현금흐름,-,3897734649,제 11 기,2025,KRW,,-368297272713,제 12 기,,,17,11011,fnlttSinglAcntAll,,-283227434687,제 13 기
shift_up,SHIFT UP,01384787,462870,KRW,FY2025,2025,11011,Annual report,20260318001672,CF,현금흐름표,dart_AdjustmentsForDecreaseIncreaseInDerivativeAssets,파생상품자산의 감소(증가),-,0,제 11 기,2025,KRW,,0,제 12 기,,,18,11011,fnlttSinglAcntAll,,714528266,제 13 기
shift_up,SHIFT UP,01384787,462870,KRW,FY2025,2025,11011,Annual report,20260318001672,CF,현금흐름표,dart_AdjustmentsForDecreaseIncreaseInFinanceLeaseReceivable,장기금융리스채권의 감소,-,17940000,제 11 기,2025,KRW,,0,제 12 기,,,19,11011,fnlttSinglAcntAll,,0,제 13 기
shift_up,SHIFT UP,01384787,462870,KRW,FY2025,2025,11011,Annual report,20260318001672,CF,현금흐름표,dart_DecreaseInGuaranteeDeposits,장기임차보증금의 감소,-,2131500000,제 11 기,2025,KRW,,0,제 12 기,,,20,11011,fnlttSinglAcntAll,,0,제 13 기
shift_up,SHIFT UP,01384787,462870,KRW,FY2025,2025,11011,Annual report,20260318001672,CF,현금흐름표,dart_IncreaseInGuaranteeDeposits,장기임차보증금의 증가,-,1662000000,제 11 기,2025,KRW,,772560000,제 12 기,,,21,11011,fnlttSinglAcntAll,,7089000000,제 13 기
shift_up,SHIFT UP,01384787,462870,KRW,FY2025,2025,11011,Annual report,20260318001672,CF,현금흐름표,dart_ProceedsFromSalesOfFinancialAssetsAtAmortisedCostClassifiedAsInvestingActivities,상각후원가측정금융자산의처분 - 투자활동,-,0,제 11 기,2025,KRW,,0,제 12 기,,,22,11011,fnlttSinglAcntAll,,153182000000,제 13 기
shift_up,SHIFT UP,01384787,462870,KRW,FY2025,2025,11011,Annual report,20260318001672,CF,현금흐름표,dart_ProceedsFromSalesOfLongTermLoansAndReceivables,장기대여금의 감소,-,15000000,제 11 기,2025,KRW,,185710140,제 12 기,,,23,11011,fnlttSinglAcntAll,,129262574,제 13 기
shift_up,SHIFT UP,01384787,462870,KRW,FY2025,2025,11011,Annual report,20260318001672,CF,현금흐름표,dart_ProceedsFromSalesOfShortTermLoansAndReceivables,단기대여금의 감소,-,5000000,제 11 기,2025,KRW,,4136338,제 12 기,,,24,11011,fnlttSinglAcntAll,,9196998,제 13 기
shift_up,SHIFT UP,01384787,462870,KRW,FY2025,2025,11011,Annual report,20260318001672,CF,현금흐름표,dart_PurchaseOfFinancialAssetsAtAmortisedCostClassifiedAsInvestingActivities,상각후원가측정금융자산의취득 - 투자활동,-,0,제 11 기,2025,KRW,,101650000000,제 12 기,,,25,11011,fnlttSinglAcntAll,,280512719205,제 13 기
shift_up,SHIFT UP,01384787,462870,KRW,FY2025,2025,11011,Annual report,20260318001672,CF,현금흐름표,dart_PurchaseOfFinancialAssetsAtFairValueThroughOtherComprehensiveIncome,기타포괄손익-공정가치측정금융자산의 순증감,-,0,제 11 기,2025,KRW,,13636808600,제 12 기,,,26,11011,fnlttSinglAcntAll,,0,제 13 기
shift_up,SHIFT UP,01384787,462870,KRW,FY2025,2025,11011,Annual report,20260318001672,CF,현금흐름표,dart_PurchaseOfLongTermLoansAndReceivables,장기대여금의 증가,-,490000000,제 11 기,2025,KRW,,350000000,제 12 기,,,27,11011,fnlttSinglAcntAll,,46500000000,제 13 기
shift_up,SHIFT UP,01384787,462870,KRW,FY2025,2025,11011,Annual report,20260318001672,CF,현금흐름표,dart_PurchaseOfNonCurrentAssetsOrDisposalGroupsClassifiedAsHeldForSaleOrAsHeldForDistributionToOwners,자산집단의 취득,-,0,제 11 기,2025,KRW,,-74420884,제 12 기,,,28,11011,fnlttSinglAcntAll,,0,제 13 기
shift_up,SHIFT UP,01384787,462870,KRW,FY2025,2025,11011,Annual report,20260318001672,CF,현금흐름표,dart_PurchaseOfNonCurrentFairValueFinancialAsset,비유동당기손익인식금융자산의 취득,-,0,제 11 기,2025,KRW,,0,제 12 기,,,29,11011,fnlttSinglAcntAll,,30463382470,제 13 기
shift_up,SHIFT UP,01384787,462870,KRW,FY2025,2025,11011,Annual report,20260318001672,CF,현금흐름표,dart_PurchaseOfShortTermLoansAndReceivables,단기대여금의 증가,-,605000000,제 11 기,2025,KRW,,10000000,제 12 기,,,30,11011,fnlttSinglAcntAll,,10000000,제 13 기
shift_up,SHIFT UP,01384787,462870,KRW,FY2025,2025,11011,Annual report,20260318001672,CF,현금흐름표,-표준계정코드 미사용-,유동성장기임차보증금의 감소,-,30000000,제 11 기,2025,KRW,,100000000,제 12 기,,,31,11011,fnlttSinglAcntAll,,0,제 13 기
shift_up,SHIFT UP,01384787,462870,KRW,FY2025,2025,11011,Annual report,20260318001672,CF,현금흐름표,-표준계정코드 미사용-,유동성장기대여금의 감소,-,101631476,제 11 기,2025,KRW,,153897120,제 12 기,,,32,11011,fnlttSinglAcntAll,,146454407,제 13 기
shift_up,SHIFT UP,01384787,462870,KRW,FY2025,2025,11011,Annual report,20260318001672,CF,현금흐름표,-표준계정코드 미사용-,파생상품부채의 처분,-,214200000,제 11 기,2025,KRW,,0,제 12 기,,,33,11011,fnlttSinglAcntAll,,0,제 13 기
shift_up,SHIFT UP,01384787,462870,KRW,FY2025,2025,11011,Annual report,20260318001672,CF,현금흐름표,-표준계정코드 미사용-,기타보증금의 증가,-,200000,제 11 기,2025,KRW,,0,제 12 기,,,34,11011,fnlttSinglAcntAll,,0,제 13 기
shift_up,SHIFT UP,01384787,462870,KRW,FY2025,2025,11011,Annual report,20260318001672,CF,현금흐름표,-표준계정코드 미사용-,당기손익-공정가치측정금융자산의 순증감,-,5442462241,제 11 기,2025,KRW,,-246296421469,제 12 기,,,35,11011,fnlttSinglAcntAll,,8395664511,제 13 기
shift_up,SHIFT UP,01384787,462870,KRW,FY2025,2025,11011,Annual report,20260318001672,CF,현금흐름표,-표준계정코드 미사용-,사용권자산의 취득,-,0,제 11 기,2025,KRW,,0,제 12 기,,,36,11011,fnlttSinglAcntAll,,31197183,제 13 기
shift_up,SHIFT UP,01384787,462870,KRW,FY2025,2025,11011,Annual report,20260318001672,CF,현금흐름표,ifrs-full_ProceedsFromSalesOfIntangibleAssetsClassifiedAsInvestingActivities,무형자산의 처분,-,5350397,제 11 기,2025,KRW,,0,제 12 기,,,37,11011,fnlttSinglAcntAll,,0,제 13 기
shift_up,SHIFT UP,01384787,462870,KRW,FY2025,2025,11011,Annual report,20260318001672,CF,현금흐름표,ifrs-full_ProceedsFromSalesOfPropertyPlantAndEquipmentClassifiedAsInvestingActivities,유형자산의 처분,-,0,제 11 기,2025,KRW,,0,제 12 기,,,38,11011,fnlttSinglAcntAll,,12860948,제 13 기
shift_up,SHIFT UP,01384787,462870,KRW,FY2025,2025,11011,Annual report,20260318001672,CF,현금흐름표,ifrs-full_PurchaseOfIntangibleAssetsClassifiedAsInvestingActivities,무형자산의 취득,-,571549682,제 11 기,2025,KRW,,3444351621,제 12 기,,,39,11011,fnlttSinglAcntAll,,53459519,제 13 기
shift_up,SHIFT UP,01384787,462870,KRW,FY2025,2025,11011,Annual report,20260318001672,CF,현금흐름표,ifrs-full_PurchaseOfInterestsInAssociates,관계기업 투자지분의 취득,-,0,제 11 기,2025,KRW,,0,제 12 기,,,40,11011,fnlttSinglAcntAll,,78600000000,제 13 기
shift_up,SHIFT UP,01384787,462870,KRW,FY2025,2025,11011,Annual report,20260318001672,CF,현금흐름표,ifrs-full_PurchaseOfPropertyPlantAndEquipmentClassifiedAsInvestingActivities,유형자산의 취득,-,308199783,제 11 기,2025,KRW,,2655295505,제 12 기,,,41,11011,fnlttSinglAcntAll,,2557644014,제 13 기
shift_up,SHIFT UP,01384787,462870,KRW,FY2025,2025,11011,Annual report,20260318001672,CF,현금흐름표,ifrs-full_CashFlowsFromUsedInOperatingActivities,영업활동으로 인한 현금흐름,-,100440073002,제 11 기,2025,KRW,,114147196598,제 12 기,,,42,11011,fnlttSinglAcntAll,,157169089142,제 13 기
shift_up,SHIFT UP,01384787,462870,KRW,FY2025,2025,11011,Annual report,20260318001672,CF,현금흐름표,ifrs-full_CashFlowsFromUsedInOperations,영업으로부터 창출된 현금흐름,-,110555047870,제 11 기,2025,KRW,,119790104520,제 12 기,,,43,11011,fnlttSinglAcntAll,,173741594125,제 13 기
shift_up,SHIFT UP,01384787,462870,KRW,FY2025,2025,11011,Annual report,20260318001672,CF,현금흐름표,ifrs-full_DividendsReceivedClassifiedAsOperatingActivities,배당금의 수취,-,0,제 11 기,2025,KRW,,1434252137,제 12 기,,,44,11011,fnlttSinglAcntAll,,188783027,제 13 기
shift_up,SHIFT UP,01384787,462870,KRW,FY2025,2025,11011,Annual report,20260318001672,CF,현금흐름표,ifrs-full_IncomeTaxesPaidRefundClassifiedAsOperatingActivities,법인세 납부,-,10621533949,제 11 기,2025,KRW,,13517808092,제 12 기,,,45,11011,fnlttSinglAcntAll,,24864917545,제 13 기
shift_up,SHIFT UP,01384787,462870,KRW,FY2025,2025,11011,Annual report,20260318001672,CF,현금흐름표,ifrs-full_InterestPaidClassifiedAsOperatingActivities,이자의 지급,-,568658266,제 11 기,2025,KRW,,1154500651,제 12 기,,,46,11011,fnlttSinglAcntAll,,1292648210,제 13 기
shift_up,SHIFT UP,01384787,462870,KRW,FY2025,2025,11011,Annual report,20260318001672,CF,현금흐름표,ifrs-full_InterestReceivedClassifiedAsOperatingActivities,이자의 수취,-,1075217347,제 11 기,2025,KRW,,7595148684,제 12 기,,,47,11011,fnlttSinglAcntAll,,9396277745,제 13 기
shift_up,SHIFT UP,01384787,462870,KRW,FY2025,2025,11011,Annual report,20260318001672,CF,현금흐름표,ifrs-full_EffectOfExchangeRateChangesOnCashAndCashEquivalents,외화표시 현금및현금성자산의 환율변동효과,-,-148583331,제 11 기,2025,KRW,,395449731,제 12 기,,,48,11011,fnlttSinglAcntAll,,-1640178830,제 13 기
shift_up,SHIFT UP,01384787,462870,KRW,FY2025,2025,11011,Annual report,20260318001672,CF,현금흐름표,ifrs-full_IncreaseDecreaseInCashAndCashEquivalentsBeforeEffectOfExchangeRateChanges,현금및현금성자산의 증감,-,103869216187,제 11 기,2025,KRW,,172718553857,제 12 기,,,49,11011,fnlttSinglAcntAll,,-177489152843,제 13 기
shift_up,SHIFT UP,01384787,462870,KRW,FY2025,2025,11011,Annual report,20260318001672,SCE,자본변동표,dart_EquityAtBeginningOfPeriod,기초자본,자본 [구성요소]|자본잉여금 [구성요소],60622280622,제 11 기,2025,KRW,,95895518998,제 12 기,,,3,11011,fnlttSinglAcntAll,,527436611274,제 13 기
shift_up,SHIFT UP,01384787,462870,KRW,FY2025,2025,11011,Annual report,20260318001672,SCE,자본변동표,dart_EquityAtBeginningOfPeriod,기초자본,자본 [구성요소]|자본금 [구성요소],741464500,제 11 기,2025,KRW,,9916152000,제 12 기,,,3,11011,fnlttSinglAcntAll,,11666944000,제 13 기
shift_up,SHIFT UP,01384787,462870,KRW,FY2025,2025,11011,Annual report,20260318001672,SCE,자본변동표,dart_EquityAtBeginningOfPeriod,기초자본,자본 [구성요소]|이익잉여금 [구성요소],-35593165649,제 11 기,2025,KRW,,71097412670,제 12 기,,,3,11011,fnlttSinglAcntAll,,219070685362,제 13 기
shift_up,SHIFT UP,01384787,462870,KRW,FY2025,2025,11011,Annual report,20260318001672,SCE,자본변동표,dart_EquityAtBeginningOfPeriod,기초자본,자본 [구성요소]|비지배지분 [구성요소],0,제 11 기,2025,KRW,,0,제 12 기,,,3,11011,fnlttSinglAcntAll,,0,제 13 기
shift_up,SHIFT UP,01384787,462870,KRW,FY2025,2025,11011,Annual report,20260318001672,SCE,자본변동표,dart_EquityAtBeginningOfPeriod,기초자본,자본 [구성요소]|기타포괄손익누계액 [구성요소],18206708,제 11 기,2025,KRW,,-53244210,제 12 기,,,3,11011,fnlttSinglAcntAll,,-51231401,제 13 기
shift_up,SHIFT UP,01384787,462870,KRW,FY2025,2025,11011,Annual report,20260318001672,SCE,자본변동표,dart_EquityAtBeginningOfPeriod,기초자본,자본 [구성요소]|기타자본구성요소 [구성요소],8331356717,제 11 기,2025,KRW,,4202445287,제 12 기,,,3,11011,fnlttSinglAcntAll,,6281126370,제 13 기
shift_up,SHIFT UP,01384787,462870,KRW,FY2025,2025,11011,Annual report,20260318001672,SCE,자본변동표,dart_EquityAtBeginningOfPeriod,기초자본,연결재무제표 [member],34120142898,제 11 기,2025,KRW,,181058284745,제 12 기,,,3,11011,fnlttSinglAcntAll,,764404135605,제 13 기
shift_up,SHIFT UP,01384787,462870,KRW,FY2025,2025,11011,Annual report,20260318001672,SCE,자본변동표,dart_EquityAtBeginningOfPeriod,기초자본,자본 [구성요소]|지배기업의 소유주에게 귀속되는 지분 [구성요소],34120142898,제 11 기,2025,KRW,,181058284745,제 12 기,,,3,11011,fnlttSinglAcntAll,,764404135605,제 13 기
shift_up,SHIFT UP,01384787,462870,KRW,FY2025,2025,11011,Annual report,20260318001672,SCE,자본변동표,ifrs-full_ComprehensiveIncome,총포괄손익,자본 [구성요소]|자본잉여금 [구성요소],0,제 11 기,2025,KRW,,0,제 12 기,,,4,11011,fnlttSinglAcntAll,,0,제 13 기
shift_up,SHIFT UP,01384787,462870,KRW,FY2025,2025,11011,Annual report,20260318001672,SCE,자본변동표,ifrs-full_ComprehensiveIncome,총포괄손익,자본 [구성요소]|자본금 [구성요소],0,제 11 기,2025,KRW,,0,제 12 기,,,4,11011,fnlttSinglAcntAll,,0,제 13 기
shift_up,SHIFT UP,01384787,462870,KRW,FY2025,2025,11011,Annual report,20260318001672,SCE,자본변동표,ifrs-full_ComprehensiveIncome,총포괄손익,자본 [구성요소]|이익잉여금 [구성요소],106690578319,제 11 기,2025,KRW,,0,제 12 기,,,4,11011,fnlttSinglAcntAll,,191430447697,제 13 기
shift_up,SHIFT UP,01384787,462870,KRW,FY2025,2025,11011,Annual report,20260318001672,SCE,자본변동표,ifrs-full_ComprehensiveIncome,총포괄손익,자본 [구성요소]|비지배지분 [구성요소],0,제 11 기,2025,KRW,,0,제 12 기,,,4,11011,fnlttSinglAcntAll,,0,제 13 기
shift_up,SHIFT UP,01384787,462870,KRW,FY2025,2025,11011,Annual report,20260318001672,SCE,자본변동표,ifrs-full_ComprehensiveIncome,총포괄손익,자본 [구성요소]|기타포괄손익누계액 [구성요소],-71450918,제 11 기,2025,KRW,,2012809,제 12 기,,,4,11011,fnlttSinglAcntAll,,13725882601,제 13 기
shift_up,SHIFT UP,01384787,462870,KRW,FY2025,2025,11011,Annual report,20260318001672,SCE,자본변동표,ifrs-full_ComprehensiveIncome,총포괄손익,자본 [구성요소]|기타자본구성요소 [구성요소],0,제 11 기,2025,KRW,,0,제 12 기,,,4,11011,fnlttSinglAcntAll,,0,제 13 기
shift_up,SHIFT UP,01384787,462870,KRW,FY2025,2025,11011,Annual report,20260318001672,SCE,자본변동표,ifrs-full_ComprehensiveIncome,총포괄손익,연결재무제표 [member],106619127401,제 11 기,2025,KRW,,147975285501,제 12 기,,,4,11011,fnlttSinglAcntAll,,205156330298,제 13 기
shift_up,SHIFT UP,01384787,462870,KRW,FY2025,2025,11011,Annual report,20260318001672,SCE,자본변동표,ifrs-full_ComprehensiveIncome,총포괄손익,자본 [구성요소]|지배기업의 소유주에게 귀속되는 지분 [구성요소],0,제 11 기,2025,KRW,,147975285501,제 12 기,,,4,11011,fnlttSinglAcntAll,,205156330298,제 13 기
shift_up,SHIFT UP,01384787,462870,KRW,FY2025,2025,11011,Annual report,20260318001672,SCE,자본변동표,ifrs-full_OtherComprehensiveIncomeNetOfTaxFinancialAssetsMeasuredAtFairValueThroughOtherComprehensiveIncome,"세후기타포괄손익, 기타포괄손익-공정가치로 측정되는 금융자산",자본 [구성요소]|기타자본구성요소 [구성요소],0,제 11 기,2025,KRW,,0,제 12 기,,,5,11011,fnlttSinglAcntAll,,0,제 13 기
shift_up,SHIFT UP,01384787,462870,KRW,FY2025,2025,11011,Annual report,20260318001672,SCE,자본변동표,ifrs-full_OtherComprehensiveIncomeNetOfTaxFinancialAssetsMeasuredAtFairValueThroughOtherComprehensiveIncome,"세후기타포괄손익, 기타포괄손익-공정가치로 측정되는 금융자산",자본 [구성요소]|기타포괄손익누계액 [구성요소],0,제 11 기,2025,KRW,,0,제 12 기,,,5,11011,fnlttSinglAcntAll,,13844973846,제 13 기
shift_up,SHIFT UP,01384787,462870,KRW,FY2025,2025,11011,Annual report,20260318001672,SCE,자본변동표,ifrs-full_OtherComprehensiveIncomeNetOfTaxFinancialAssetsMeasuredAtFairValueThroughOtherComprehensiveIncome,"세후기타포괄손익, 기타포괄손익-공정가치로 측정되는 금융자산",자본 [구성요소]|비지배지분 [구성요소],0,제 11 기,2025,KRW,,0,제 12 기,,,5,11011,fnlttSinglAcntAll,,0,제 13 기
shift_up,SHIFT UP,01384787,462870,KRW,FY2025,2025,11011,Annual report,20260318001672,SCE,자본변동표,ifrs-full_OtherComprehensiveIncomeNetOfTaxFinancialAssetsMeasuredAtFairValueThroughOtherComprehensiveIncome,"세후기타포괄손익, 기타포괄손익-공정가치로 측정되는 금융자산",자본 [구성요소]|이익잉여금 [구성요소],0,제 11 기,2025,KRW,,0,제 12 기,,,5,11011,fnlttSinglAcntAll,,0,제 13 기
shift_up,SHIFT UP,01384787,462870,KRW,FY2025,2025,11011,Annual report,20260318001672,SCE,자본변동표,ifrs-full_OtherComprehensiveIncomeNetOfTaxFinancialAssetsMeasuredAtFairValueThroughOtherComprehensiveIncome,"세후기타포괄손익, 기타포괄손익-공정가치로 측정되는 금융자산",자본 [구성요소]|자본금 [구성요소],0,제 11 기,2025,KRW,,0,제 12 기,,,5,11011,fnlttSinglAcntAll,,0,제 13 기
shift_up,SHIFT UP,01384787,462870,KRW,FY2025,2025,11011,Annual report,20260318001672,SCE,자본변동표,ifrs-full_OtherComprehensiveIncomeNetOfTaxFinancialAssetsMeasuredAtFairValueThroughOtherComprehensiveIncome,"세후기타포괄손익, 기타포괄손익-공정가치로 측정되는 금융자산",자본 [구성요소]|자본잉여금 [구성요소],0,제 11 기,2025,KRW,,0,제 12 기,,,5,11011,fnlttSinglAcntAll,,0,제 13 기
shift_up,SHIFT UP,01384787,462870,KRW,FY2025,2025,11011,Annual report,20260318001672,SCE,자본변동표,ifrs-full_OtherComprehensiveIncomeNetOfTaxFinancialAssetsMeasuredAtFairValueThroughOtherComprehensiveIncome,"세후기타포괄손익, 기타포괄손익-공정가치로 측정되는 금융자산",자본 [구성요소]|지배기업의 소유주에게 귀속되는 지분 [구성요소],0,제 11 기,2025,KRW,,0,제 12 기,,,5,11011,fnlttSinglAcntAll,,13844973846,제 13 기
shift_up,SHIFT UP,01384787,462870,KRW,FY2025,2025,11011,Annual report,20260318001672,SCE,자본변동표,ifrs-full_OtherComprehensiveIncomeNetOfTaxFinancialAssetsMeasuredAtFairValueThroughOtherComprehensiveIncome,"세후기타포괄손익, 기타포괄손익-공정가치로 측정되는 금융자산",연결재무제표 [member],0,제 11 기,2025,KRW,,0,제 12 기,,,5,11011,fnlttSinglAcntAll,,13844973846,제 13 기
shift_up,SHIFT UP,01384787,462870,KRW,FY2025,2025,11011,Annual report,20260318001672,SCE,자본변동표,ifrs-full_OtherComprehensiveIncomeNetOfTaxGainsLossesOnRemeasurementsOfDefinedBenefitPlans,순확정급여부채의 재측정요소,연결재무제표 [member],-71450918,제 11 기,2025,KRW,,2012809,제 12 기,,,6,11011,fnlttSinglAcntAll,,-119091245,제 13 기
shift_up,SHIFT UP,01384787,462870,KRW,FY2025,2025,11011,Annual report,20260318001672,SCE,자본변동표,ifrs-full_OtherComprehensiveIncomeNetOfTaxGainsLossesOnRemeasurementsOfDefinedBenefitPlans,순확정급여부채의 재측정요소,자본 [구성요소]|기타자본구성요소 [구성요소],0,제 11 기,2025,KRW,,0,제 12 기,,,6,11011,fnlttSinglAcntAll,,0,제 13 기
shift_up,SHIFT UP,01384787,462870,KRW,FY2025,2025,11011,Annual report,20260318001672,SCE,자본변동표,ifrs-full_OtherComprehensiveIncomeNetOfTaxGainsLossesOnRemeasurementsOfDefinedBenefitPlans,순확정급여부채의 재측정요소,자본 [구성요소]|기타포괄손익누계액 [구성요소],-71450918,제 11 기,2025,KRW,,2012809,제 12 기,,,6,11011,fnlttSinglAcntAll,,-119091245,제 13 기
shift_up,SHIFT UP,01384787,462870,KRW,FY2025,2025,11011,Annual report,20260318001672,SCE,자본변동표,ifrs-full_OtherComprehensiveIncomeNetOfTaxGainsLossesOnRemeasurementsOfDefinedBenefitPlans,순확정급여부채의 재측정요소,자본 [구성요소]|비지배지분 [구성요소],0,제 11 기,2025,KRW,,0,제 12 기,,,6,11011,fnlttSinglAcntAll,,0,제 13 기
shift_up,SHIFT UP,01384787,462870,KRW,FY2025,2025,11011,Annual report,20260318001672,SCE,자본변동표,ifrs-full_OtherComprehensiveIncomeNetOfTaxGainsLossesOnRemeasurementsOfDefinedBenefitPlans,순확정급여부채의 재측정요소,자본 [구성요소]|이익잉여금 [구성요소],0,제 11 기,2025,KRW,,0,제 12 기,,,6,11011,fnlttSinglAcntAll,,0,제 13 기
shift_up,SHIFT UP,01384787,462870,KRW,FY2025,2025,11011,Annual report,20260318001672,SCE,자본변동표,ifrs-full_OtherComprehensiveIncomeNetOfTaxGainsLossesOnRemeasurementsOfDefinedBenefitPlans,순확정급여부채의 재측정요소,자본 [구성요소]|자본금 [구성요소],0,제 11 기,2025,KRW,,0,제 12 기,,,6,11011,fnlttSinglAcntAll,,0,제 13 기
shift_up,SHIFT UP,01384787,462870,KRW,FY2025,2025,11011,Annual report,20260318001672,SCE,자본변동표,ifrs-full_OtherComprehensiveIncomeNetOfTaxGainsLossesOnRemeasurementsOfDefinedBenefitPlans,순확정급여부채의 재측정요소,자본 [구성요소]|지배기업의 소유주에게 귀속되는 지분 [구성요소],0,제 11 기,2025,KRW,,2012809,제 12 기,,,6,11011,fnlttSinglAcntAll,,-119091245,제 13 기
shift_up,SHIFT UP,01384787,462870,KRW,FY2025,2025,11011,Annual report,20260318001672,SCE,자본변동표,ifrs-full_OtherComprehensiveIncomeNetOfTaxGainsLossesOnRemeasurementsOfDefinedBenefitPlans,순확정급여부채의 재측정요소,자본 [구성요소]|자본잉여금 [구성요소],0,제 11 기,2025,KRW,,0,제 12 기,,,6,11011,fnlttSinglAcntAll,,0,제 13 기
shift_up,SHIFT UP,01384787,462870,KRW,FY2025,2025,11011,Annual report,20260318001672,SCE,자본변동표,ifrs-full_ProfitLoss,당기순이익,자본 [구성요소]|자본잉여금 [구성요소],0,제 11 기,2025,KRW,,0,제 12 기,,,7,11011,fnlttSinglAcntAll,,0,제 13 기
shift_up,SHIFT UP,01384787,462870,KRW,FY2025,2025,11011,Annual report,20260318001672,SCE,자본변동표,ifrs-full_ProfitLoss,당기순이익,자본 [구성요소]|지배기업의 소유주에게 귀속되는 지분 [구성요소],0,제 11 기,2025,KRW,,147973272692,제 12 기,,,7,11011,fnlttSinglAcntAll,,191430447697,제 13 기
shift_up,SHIFT UP,01384787,462870,KRW,FY2025,2025,11011,Annual report,20260318001672,SCE,자본변동표,ifrs-full_ProfitLoss,당기순이익,자본 [구성요소]|자본금 [구성요소],0,제 11 기,2025,KRW,,0,제 12 기,,,7,11011,fnlttSinglAcntAll,,0,제 13 기
shift_up,SHIFT UP,01384787,462870,KRW,FY2025,2025,11011,Annual report,20260318001672,SCE,자본변동표,ifrs-full_ProfitLoss,당기순이익,자본 [구성요소]|이익잉여금 [구성요소],106690578319,제 11 기,2025,KRW,,0,제 12 기,,,7,11011,fnlttSinglAcntAll,,191430447697,제 13 기
shift_up,SHIFT UP,01384787,462870,KRW,FY2025,2025,11011,Annual report,20260318001672,SCE,자본변동표,ifrs-full_ProfitLoss,당기순이익,자본 [구성요소]|비지배지분 [구성요소],0,제 11 기,2025,KRW,,0,제 12 기,,,7,11011,fnlttSinglAcntAll,,0,제 13 기
shift_up,SHIFT UP,01384787,462870,KRW,FY2025,2025,11011,Annual report,20260318001672,SCE,자본변동표,ifrs-full_ProfitLoss,당기순이익,자본 [구성요소]|기타포괄손익누계액 [구성요소],0,제 11 기,2025,KRW,,0,제 12 기,,,7,11011,fnlttSinglAcntAll,,0,제 13 기
shift_up,SHIFT UP,01384787,462870,KRW,FY2025,2025,11011,Annual report,20260318001672,SCE,자본변동표,ifrs-full_ProfitLoss,당기순이익,자본 [구성요소]|기타자본구성요소 [구성요소],0,제 11 기,2025,KRW,,0,제 12 기,,,7,11011,fnlttSinglAcntAll,,0,제 13 기
shift_up,SHIFT UP,01384787,462870,KRW,FY2025,2025,11011,Annual report,20260318001672,SCE,자본변동표,ifrs-full_ProfitLoss,당기순이익,연결재무제표 [member],106690578319,제 11 기,2025,KRW,,147973272692,제 12 기,,,7,11011,fnlttSinglAcntAll,,191430447697,제 13 기
shift_up,SHIFT UP,01384787,462870,KRW,FY2025,2025,11011,Annual report,20260318001672,SCE,자본변동표,ifrs-full_Equity,자본총계,자본 [구성요소]|지배기업의 소유주에게 귀속되는 지분 [구성요소],181058284745,제 11 기,2025,KRW,,764404135605,제 12 기,,,8,11011,fnlttSinglAcntAll,,921190987215,제 13 기
shift_up,SHIFT UP,01384787,462870,KRW,FY2025,2025,11011,Annual report,20260318001672,SCE,자본변동표,ifrs-full_Equity,자본총계,자본 [구성요소]|자본잉여금 [구성요소],95895518998,제 11 기,2025,KRW,,527436611274,제 12 기,,,8,11011,fnlttSinglAcntAll,,532236026702,제 13 기
shift_up,SHIFT UP,01384787,462870,KRW,FY2025,2025,11011,Annual report,20260318001672,SCE,자본변동표,ifrs-full_Equity,자본총계,연결재무제표 [member],181058284745,제 11 기,2025,KRW,,764404135605,제 12 기,,,8,11011,fnlttSinglAcntAll,,921190987215,제 13 기
shift_up,SHIFT UP,01384787,462870,KRW,FY2025,2025,11011,Annual report,20260318001672,SCE,자본변동표,ifrs-full_Equity,자본총계,자본 [구성요소]|기타자본구성요소 [구성요소],4202445287,제 11 기,2025,KRW,,6281126370,제 12 기,,,8,11011,fnlttSinglAcntAll,,-47013111746,제 13 기
shift_up,SHIFT UP,01384787,462870,KRW,FY2025,2025,11011,Annual report,20260318001672,SCE,자본변동표,ifrs-full_Equity,자본총계,자본 [구성요소]|기타포괄손익누계액 [구성요소],-53244210,제 11 기,2025,KRW,,-51231401,제 12 기,,,8,11011,fnlttSinglAcntAll,,13674651200,제 13 기
shift_up,SHIFT UP,01384787,462870,KRW,FY2025,2025,11011,Annual report,20260318001672,SCE,자본변동표,ifrs-full_Equity,자본총계,자본 [구성요소]|비지배지분 [구성요소],0,제 11 기,2025,KRW,,0,제 12 기,,,8,11011,fnlttSinglAcntAll,,0,제 13 기
shift_up,SHIFT UP,01384787,462870,KRW,FY2025,2025,11011,Annual report,20260318001672,SCE,자본변동표,ifrs-full_Equity,자본총계,자본 [구성요소]|이익잉여금 [구성요소],71097412670,제 11 기,2025,KRW,,219070685362,제 12 기,,,8,11011,fnlttSinglAcntAll,,410501133059,제 13 기
shift_up,SHIFT UP,01384787,462870,KRW,FY2025,2025,11011,Annual report,20260318001672,SCE,자본변동표,ifrs-full_Equity,자본총계,자본 [구성요소]|자본금 [구성요소],9916152000,제 11 기,2025,KRW,,11666944000,제 12 기,,,8,11011,fnlttSinglAcntAll,,11792288000,제 13 기
shift_up,SHIFT UP,01384787,462870,KRW,FY2025,2025,11011,Annual report,20260318001672,SCE,자본변동표,ifrs-full_IncreaseDecreaseThroughTransactionsWithOwners,자본에 직접 인식된 소유주와의 거래,연결재무제표 [member],40319014446,제 11 기,2025,KRW,,435370565359,제 12 기,,,9,11011,fnlttSinglAcntAll,,-48369478688,제 13 기
shift_up,SHIFT UP,01384787,462870,KRW,FY2025,2025,11011,Annual report,20260318001672,SCE,자본변동표,ifrs-full_IncreaseDecreaseThroughTransactionsWithOwners,자본에 직접 인식된 소유주와의 거래,자본 [구성요소]|자본잉여금 [구성요소],35273238376,제 11 기,2025,KRW,,431541092276,제 12 기,,,9,11011,fnlttSinglAcntAll,,4799415428,제 13 기
shift_up,SHIFT UP,01384787,462870,KRW,FY2025,2025,11011,Annual report,20260318001672,SCE,자본변동표,ifrs-full_IncreaseDecreaseThroughTransactionsWithOwners,자본에 직접 인식된 소유주와의 거래,자본 [구성요소]|자본금 [구성요소],9174687500,제 11 기,2025,KRW,,1750792000,제 12 기,,,9,11011,fnlttSinglAcntAll,,125344000,제 13 기
shift_up,SHIFT UP,01384787,462870,KRW,FY2025,2025,11011,Annual report,20260318001672,SCE,자본변동표,ifrs-full_IncreaseDecreaseThroughTransactionsWithOwners,자본에 직접 인식된 소유주와의 거래,자본 [구성요소]|이익잉여금 [구성요소],0,제 11 기,2025,KRW,,0,제 12 기,,,9,11011,fnlttSinglAcntAll,,0,제 13 기
shift_up,SHIFT UP,01384787,462870,KRW,FY2025,2025,11011,Annual report,20260318001672,SCE,자본변동표,ifrs-full_IncreaseDecreaseThroughTransactionsWithOwners,자본에 직접 인식된 소유주와의 거래,자본 [구성요소]|비지배지분 [구성요소],0,제 11 기,2025,KRW,,0,제 12 기,,,9,11011,fnlttSinglAcntAll,,0,제 13 기
shift_up,SHIFT UP,01384787,462870,KRW,FY2025,2025,11011,Annual report,20260318001672,SCE,자본변동표,ifrs-full_IncreaseDecreaseThroughTransactionsWithOwners,자본에 직접 인식된 소유주와의 거래,자본 [구성요소]|기타포괄손익누계액 [구성요소],0,제 11 기,2025,KRW,,0,제 12 기,,,9,11011,fnlttSinglAcntAll,,0,제 13 기
shift_up,SHIFT UP,01384787,462870,KRW,FY2025,2025,11011,Annual report,20260318001672,SCE,자본변동표,ifrs-full_IncreaseDecreaseThroughTransactionsWithOwners,자본에 직접 인식된 소유주와의 거래,자본 [구성요소]|기타자본구성요소 [구성요소],-4128911430,제 11 기,2025,KRW,,2078681083,제 12 기,,,9,11011,fnlttSinglAcntAll,,-53294238116,제 13 기
shift_up,SHIFT UP,01384787,462870,KRW,FY2025,2025,11011,Annual report,20260318001672,SCE,자본변동표,ifrs-full_IncreaseDecreaseThroughTransactionsWithOwners,자본에 직접 인식된 소유주와의 거래,자본 [구성요소]|지배기업의 소유주에게 귀속되는 지분 [구성요소],40319014446,제 11 기,2025,KRW,,435370565359,제 12 기,,,9,11011,fnlttSinglAcntAll,,-48369478688,제 13 기
shift_up,SHIFT UP,01384787,462870,KRW,FY2025,2025,11011,Annual report,20260318001672,SCE,자본변동표,dart_BonusIssue,무상증자,연결재무제표 [member],-47511070,제 11 기,2025,KRW,,0,제 12 기,,,10,11011,fnlttSinglAcntAll,,0,제 13 기
shift_up,SHIFT UP,01384787,462870,KRW,FY2025,2025,11011,Annual report,20260318001672,SCE,자본변동표,dart_BonusIssue,무상증자,자본 [구성요소]|기타자본구성요소 [구성요소],0,제 11 기,2025,KRW,,0,제 12 기,,,10,11011,fnlttSinglAcntAll,,0,제 13 기
shift_up,SHIFT UP,01384787,462870,KRW,FY2025,2025,11011,Annual report,20260318001672,SCE,자본변동표,dart_BonusIssue,무상증자,자본 [구성요소]|기타포괄손익누계액 [구성요소],0,제 11 기,2025,KRW,,0,제 12 기,,,10,11011,fnlttSinglAcntAll,,0,제 13 기
shift_up,SHIFT UP,01384787,462870,KRW,FY2025,2025,11011,Annual report,20260318001672,SCE,자본변동표,dart_BonusIssue,무상증자,자본 [구성요소]|비지배지분 [구성요소],0,제 11 기,2025,KRW,,0,제 12 기,,,10,11011,fnlttSinglAcntAll,,0,제 13 기
shift_up,SHIFT UP,01384787,462870,KRW,FY2025,2025,11011,Annual report,20260318001672,SCE,자본변동표,dart_BonusIssue,무상증자,자본 [구성요소]|이익잉여금 [구성요소],0,제 11 기,2025,KRW,,0,제 12 기,,,10,11011,fnlttSinglAcntAll,,0,제 13 기
shift_up,SHIFT UP,01384787,462870,KRW,FY2025,2025,11011,Annual report,20260318001672,SCE,자본변동표,dart_BonusIssue,무상증자,자본 [구성요소]|자본금 [구성요소],8407652000,제 11 기,2025,KRW,,0,제 12 기,,,10,11011,fnlttSinglAcntAll,,0,제 13 기
shift_up,SHIFT UP,01384787,462870,KRW,FY2025,2025,11011,Annual report,20260318001672,SCE,자본변동표,dart_BonusIssue,무상증자,자본 [구성요소]|자본잉여금 [구성요소],-8455163070,제 11 기,2025,KRW,,0,제 12 기,,,10,11011,fnlttSinglAcntAll,,0,제 13 기
shift_up,SHIFT UP,01384787,462870,KRW,FY2025,2025,11011,Annual report,20260318001672,SCE,자본변동표,dart_BonusIssue,무상증자,자본 [구성요소]|지배기업의 소유주에게 귀속되는 지분 [구성요소],-47511070,제 11 기,2025,KRW,,0,제 12 기,,,10,11011,fnlttSinglAcntAll,,0,제 13 기
shift_up,SHIFT UP,01384787,462870,KRW,FY2025,2025,11011,Annual report,20260318001672,SCE,자본변동표,dart_CompoundFinancialInstrumentIssue,복합금융상품 발행,자본 [구성요소]|이익잉여금 [구성요소],0,제 11 기,2025,KRW,,0,제 12 기,,,11,11011,fnlttSinglAcntAll,,0,제 13 기
shift_up,SHIFT UP,01384787,462870,KRW,FY2025,2025,11011,Annual report,20260318001672,SCE,자본변동표,dart_CompoundFinancialInstrumentIssue,복합금융상품 발행,자본 [구성요소]|자본금 [구성요소],0,제 11 기,2025,KRW,,0,제 12 기,,,11,11011,fnlttSinglAcntAll,,0,제 13 기
shift_up,SHIFT UP,01384787,462870,KRW,FY2025,2025,11011,Annual report,20260318001672,SCE,자본변동표,dart_CompoundFinancialInstrumentIssue,복합금융상품 발행,자본 [구성요소]|자본잉여금 [구성요소],27510717016,제 11 기,2025,KRW,,0,제 12 기,,,11,11011,fnlttSinglAcntAll,,0,제 13 기
shift_up,SHIFT UP,01384787,462870,KRW,FY2025,2025,11011,Annual report,20260318001672,SCE,자본변동표,dart_CompoundFinancialInstrumentIssue,복합금융상품 발행,자본 [구성요소]|비지배지분 [구성요소],0,제 11 기,2025,KRW,,0,제 12 기,,,11,11011,fnlttSinglAcntAll,,0,제 13 기
shift_up,SHIFT UP,01384787,462870,KRW,FY2025,2025,11011,Annual report,20260318001672,SCE,자본변동표,dart_CompoundFinancialInstrumentIssue,복합금융상품 발행,자본 [구성요소]|기타포괄손익누계액 [구성요소],0,제 11 기,2025,KRW,,0,제 12 기,,,11,11011,fnlttSinglAcntAll,,0,제 13 기
shift_up,SHIFT UP,01384787,462870,KRW,FY2025,2025,11011,Annual report,20260318001672,SCE,자본변동표,dart_CompoundFinancialInstrumentIssue,복합금융상품 발행,자본 [구성요소]|기타자본구성요소 [구성요소],0,제 11 기,2025,KRW,,0,제 12 기,,,11,11011,fnlttSinglAcntAll,,0,제 13 기
shift_up,SHIFT UP,01384787,462870,KRW,FY2025,2025,11011,Annual report,20260318001672,SCE,자본변동표,dart_CompoundFinancialInstrumentIssue,복합금융상품 발행,연결재무제표 [member],27510717016,제 11 기,2025,KRW,,0,제 12 기,,,11,11011,fnlttSinglAcntAll,,0,제 13 기
shift_up,SHIFT UP,01384787,462870,KRW,FY2025,2025,11011,Annual report,20260318001672,SCE,자본변동표,dart_CompoundFinancialInstrumentIssue,복합금융상품 발행,자본 [구성요소]|지배기업의 소유주에게 귀속되는 지분 [구성요소],27510717016,제 11 기,2025,KRW,,0,제 12 기,,,11,11011,fnlttSinglAcntAll,,0,제 13 기
shift_up,SHIFT UP,01384787,462870,KRW,FY2025,2025,11011,Annual report,20260318001672,SCE,자본변동표,-표준계정코드 미사용-,전환상환우선주의 전환,자본 [구성요소]|기타포괄손익누계액 [구성요소],0,제 11 기,2025,KRW,,0,제 12 기,,,12,11011,fnlttSinglAcntAll,,0,제 13 기
shift_up,SHIFT UP,01384787,462870,KRW,FY2025,2025,11011,Annual report,20260318001672,SCE,자본변동표,-표준계정코드 미사용-,전환상환우선주의 전환,자본 [구성요소]|기타자본구성요소 [구성요소],0,제 11 기,2025,KRW,,0,제 12 기,,,12,11011,fnlttSinglAcntAll,,0,제 13 기
shift_up,SHIFT UP,01384787,462870,KRW,FY2025,2025,11011,Annual report,20260318001672,SCE,자본변동표,-표준계정코드 미사용-,전환상환우선주의 전환,연결재무제표 [member],1627192632,제 11 기,2025,KRW,,695143047,제 12 기,,,12,11011,fnlttSinglAcntAll,,0,제 13 기
shift_up,SHIFT UP,01384787,462870,KRW,FY2025,2025,11011,Annual report,20260318001672,SCE,자본변동표,-표준계정코드 미사용-,전환상환우선주의 전환,자본 [구성요소]|비지배지분 [구성요소],0,제 11 기,2025,KRW,,0,제 12 기,,,12,11011,fnlttSinglAcntAll,,0,제 13 기
shift_up,SHIFT UP,01384787,462870,KRW,FY2025,2025,11011,Annual report,20260318001672,SCE,자본변동표,-표준계정코드 미사용-,전환상환우선주의 전환,자본 [구성요소]|지배기업의 소유주에게 귀속되는 지분 [구성요소],1627192632,제 11 기,2025,KRW,,695143047,제 12 기,,,12,11011,fnlttSinglAcntAll,,0,제 13 기
shift_up,SHIFT UP,01384787,462870,KRW,FY2025,2025,11011,Annual report,20260318001672,SCE,자본변동표,-표준계정코드 미사용-,전환상환우선주의 전환,자본 [구성요소]|자본잉여금 [구성요소],1328984632,제 11 기,2025,KRW,,567951047,제 12 기,,,12,11011,fnlttSinglAcntAll,,0,제 13 기
shift_up,SHIFT UP,01384787,462870,KRW,FY2025,2025,11011,Annual report,20260318001672,SCE,자본변동표,-표준계정코드 미사용-,전환상환우선주의 전환,자본 [구성요소]|자본금 [구성요소],298208000,제 11 기,2025,KRW,,127192000,제 12 기,,,12,11011,fnlttSinglAcntAll,,0,제 13 기
shift_up,SHIFT UP,01384787,462870,KRW,FY2025,2025,11011,Annual report,20260318001672,SCE,자본변동표,-표준계정코드 미사용-,전환상환우선주의 전환,자본 [구성요소]|이익잉여금 [구성요소],0,제 11 기,2025,KRW,,0,제 12 기,,,12,11011,fnlttSinglAcntAll,,0,제 13 기
shift_up,SHIFT UP,01384787,462870,KRW,FY2025,2025,11011,Annual report,20260318001672,SCE,자본변동표,-표준계정코드 미사용-,전환우선주의 전환,연결재무제표 [member],6475729538,제 11 기,2025,KRW,,2519278297,제 12 기,,,13,11011,fnlttSinglAcntAll,,0,제 13 기
shift_up,SHIFT UP,01384787,462870,KRW,FY2025,2025,11011,Annual report,20260318001672,SCE,자본변동표,-표준계정코드 미사용-,전환우선주의 전환,자본 [구성요소]|기타자본구성요소 [구성요소],0,제 11 기,2025,KRW,,0,제 12 기,,,13,11011,fnlttSinglAcntAll,,0,제 13 기
shift_up,SHIFT UP,01384787,462870,KRW,FY2025,2025,11011,Annual report,20260318001672,SCE,자본변동표,-표준계정코드 미사용-,전환우선주의 전환,자본 [구성요소]|기타포괄손익누계액 [구성요소],0,제 11 기,2025,KRW,,0,제 12 기,,,13,11011,fnlttSinglAcntAll,,0,제 13 기
shift_up,SHIFT UP,01384787,462870,KRW,FY2025,2025,11011,Annual report,20260318001672,SCE,자본변동표,-표준계정코드 미사용-,전환우선주의 전환,자본 [구성요소]|자본잉여금 [구성요소],6205449538,제 11 기,2025,KRW,,2414078297,제 12 기,,,13,11011,fnlttSinglAcntAll,,0,제 13 기
shift_up,SHIFT UP,01384787,462870,KRW,FY2025,2025,11011,Annual report,20260318001672,SCE,자본변동표,-표준계정코드 미사용-,전환우선주의 전환,자본 [구성요소]|자본금 [구성요소],270280000,제 11 기,2025,KRW,,105200000,제 12 기,,,13,11011,fnlttSinglAcntAll,,0,제 13 기
shift_up,SHIFT UP,01384787,462870,KRW,FY2025,2025,11011,Annual report,20260318001672,SCE,자본변동표,-표준계정코드 미사용-,전환우선주의 전환,자본 [구성요소]|이익잉여금 [구성요소],0,제 11 기,2025,KRW,,0,제 12 기,,,13,11011,fnlttSinglAcntAll,,0,제 13 기
shift_up,SHIFT UP,01384787,462870,KRW,FY2025,2025,11011,Annual report,20260318001672,SCE,자본변동표,-표준계정코드 미사용-,전환우선주의 전환,자본 [구성요소]|비지배지분 [구성요소],0,제 11 기,2025,KRW,,0,제 12 기,,,13,11011,fnlttSinglAcntAll,,0,제 13 기
shift_up,SHIFT UP,01384787,462870,KRW,FY2025,2025,11011,Annual report,20260318001672,SCE,자본변동표,-표준계정코드 미사용-,전환우선주의 전환,자본 [구성요소]|지배기업의 소유주에게 귀속되는 지분 [구성요소],6475729538,제 11 기,2025,KRW,,2519278297,제 12 기,,,13,11011,fnlttSinglAcntAll,,0,제 13 기
shift_up,SHIFT UP,01384787,462870,KRW,FY2025,2025,11011,Annual report,20260318001672,SCE,자본변동표,-표준계정코드 미사용-,주식발행분담금 환급,자본 [구성요소]|자본잉여금 [구성요소],0,제 11 기,2025,KRW,,0,제 12 기,,,14,11011,fnlttSinglAcntAll,,4740896,제 13 기
shift_up,SHIFT UP,01384787,462870,KRW,FY2025,2025,11011,Annual report,20260318001672,SCE,자본변동표,-표준계정코드 미사용-,주식발행분담금 환급,자본 [구성요소]|자본금 [구성요소],0,제 11 기,2025,KRW,,0,제 12 기,,,14,11011,fnlttSinglAcntAll,,0,제 13 기
shift_up,SHIFT UP,01384787,462870,KRW,FY2025,2025,11011,Annual report,20260318001672,SCE,자본변동표,-표준계정코드 미사용-,주식발행분담금 환급,자본 [구성요소]|이익잉여금 [구성요소],0,제 11 기,2025,KRW,,0,제 12 기,,,14,11011,fnlttSinglAcntAll,,0,제 13 기
shift_up,SHIFT UP,01384787,462870,KRW,FY2025,2025,11011,Annual report,20260318001672,SCE,자본변동표,-표준계정코드 미사용-,주식발행분담금 환급,자본 [구성요소]|비지배지분 [구성요소],0,제 11 기,2025,KRW,,0,제 12 기,,,14,11011,fnlttSinglAcntAll,,0,제 13 기
shift_up,SHIFT UP,01384787,462870,KRW,FY2025,2025,11011,Annual report,20260318001672,SCE,자본변동표,-표준계정코드 미사용-,주식발행분담금 환급,자본 [구성요소]|기타포괄손익누계액 [구성요소],0,제 11 기,2025,KRW,,0,제 12 기,,,14,11011,fnlttSinglAcntAll,,0,제 13 기
shift_up,SHIFT UP,01384787,462870,KRW,FY2025,2025,11011,Annual report,20260318001672,SCE,자본변동표,-표준계정코드 미사용-,주식발행분담금 환급,자본 [구성요소]|기타자본구성요소 [구성요소],0,제 11 기,2025,KRW,,0,제 12 기,,,14,11011,fnlttSinglAcntAll,,0,제 13 기
shift_up,SHIFT UP,01384787,462870,KRW,FY2025,2025,11011,Annual report,20260318001672,SCE,자본변동표,-표준계정코드 미사용-,주식발행분담금 환급,연결재무제표 [member],0,제 11 기,2025,KRW,,0,제 12 기,,,14,11011,fnlttSinglAcntAll,,4740896,제 13 기
shift_up,SHIFT UP,01384787,462870,KRW,FY2025,2025,11011,Annual report,20260318001672,SCE,자본변동표,-표준계정코드 미사용-,주식발행분담금 환급,자본 [구성요소]|지배기업의 소유주에게 귀속되는 지분 [구성요소],0,제 11 기,2025,KRW,,0,제 12 기,,,14,11011,fnlttSinglAcntAll,,4740896,제 13 기
shift_up,SHIFT UP,01384787,462870,KRW,FY2025,2025,11011,Annual report,20260318001672,SCE,자본변동표,ifrs-full_IncreaseDecreaseThroughExerciseOfWarrantsEquity,주식선택권 행사,자본 [구성요소]|자본잉여금 [구성요소],8683250260,제 11 기,2025,KRW,,1794786660,제 12 기,,,15,11011,fnlttSinglAcntAll,,4794674532,제 13 기
shift_up,SHIFT UP,01384787,462870,KRW,FY2025,2025,11011,Annual report,20260318001672,SCE,자본변동표,ifrs-full_IncreaseDecreaseThroughExerciseOfWarrantsEquity,주식선택권 행사,자본 [구성요소]|자본금 [구성요소],198547500,제 11 기,2025,KRW,,68400000,제 12 기,,,15,11011,fnlttSinglAcntAll,,125344000,제 13 기
shift_up,SHIFT UP,01384787,462870,KRW,FY2025,2025,11011,Annual report,20260318001672,SCE,자본변동표,ifrs-full_IncreaseDecreaseThroughExerciseOfWarrantsEquity,주식선택권 행사,자본 [구성요소]|이익잉여금 [구성요소],0,제 11 기,2025,KRW,,0,제 12 기,,,15,11011,fnlttSinglAcntAll,,0,제 13 기
shift_up,SHIFT UP,01384787,462870,KRW,FY2025,2025,11011,Annual report,20260318001672,SCE,자본변동표,ifrs-full_IncreaseDecreaseThroughExerciseOfWarrantsEquity,주식선택권 행사,자본 [구성요소]|비지배지분 [구성요소],0,제 11 기,2025,KRW,,0,제 12 기,,,15,11011,fnlttSinglAcntAll,,0,제 13 기
shift_up,SHIFT UP,01384787,462870,KRW,FY2025,2025,11011,Annual report,20260318001672,SCE,자본변동표,ifrs-full_IncreaseDecreaseThroughExerciseOfWarrantsEquity,주식선택권 행사,자본 [구성요소]|기타포괄손익누계액 [구성요소],0,제 11 기,2025,KRW,,0,제 12 기,,,15,11011,fnlttSinglAcntAll,,0,제 13 기
shift_up,SHIFT UP,01384787,462870,KRW,FY2025,2025,11011,Annual report,20260318001672,SCE,자본변동표,ifrs-full_IncreaseDecreaseThroughExerciseOfWarrantsEquity,주식선택권 행사,자본 [구성요소]|기타자본구성요소 [구성요소],-8464231520,제 11 기,2025,KRW,,-1801943000,제 12 기,,,15,11011,fnlttSinglAcntAll,,-4602907972,제 13 기
shift_up,SHIFT UP,01384787,462870,KRW,FY2025,2025,11011,Annual report,20260318001672,SCE,자본변동표,ifrs-full_IncreaseDecreaseThroughExerciseOfWarrantsEquity,주식선택권 행사,연결재무제표 [member],417566240,제 11 기,2025,KRW,,61243660,제 12 기,,,15,11011,fnlttSinglAcntAll,,317110560,제 13 기
shift_up,SHIFT UP,01384787,462870,KRW,FY2025,2025,11011,Annual report,20260318001672,SCE,자본변동표,ifrs-full_IncreaseDecreaseThroughExerciseOfWarrantsEquity,주식선택권 행사,자본 [구성요소]|지배기업의 소유주에게 귀속되는 지분 [구성요소],417566240,제 11 기,2025,KRW,,61243660,제 12 기,,,15,11011,fnlttSinglAcntAll,,317110560,제 13 기
shift_up,SHIFT UP,01384787,462870,KRW,FY2025,2025,11011,Annual report,20260318001672,SCE,자본변동표,ifrs-full_IncreaseDecreaseThroughSharebasedPaymentTransactions,주식보상비용,자본 [구성요소]|자본잉여금 [구성요소],0,제 11 기,2025,KRW,,0,제 12 기,,,16,11011,fnlttSinglAcntAll,,0,제 13 기
shift_up,SHIFT UP,01384787,462870,KRW,FY2025,2025,11011,Annual report,20260318001672,SCE,자본변동표,ifrs-full_IncreaseDecreaseThroughSharebasedPaymentTransactions,주식보상비용,자본 [구성요소]|자본금 [구성요소],0,제 11 기,2025,KRW,,0,제 12 기,,,16,11011,fnlttSinglAcntAll,,0,제 13 기
shift_up,SHIFT UP,01384787,462870,KRW,FY2025,2025,11011,Annual report,20260318001672,SCE,자본변동표,ifrs-full_IncreaseDecreaseThroughSharebasedPaymentTransactions,주식보상비용,자본 [구성요소]|이익잉여금 [구성요소],0,제 11 기,2025,KRW,,0,제 12 기,,,16,11011,fnlttSinglAcntAll,,0,제 13 기
shift_up,SHIFT UP,01384787,462870,KRW,FY2025,2025,11011,Annual report,20260318001672,SCE,자본변동표,ifrs-full_IncreaseDecreaseThroughSharebasedPaymentTransactions,주식보상비용,자본 [구성요소]|비지배지분 [구성요소],0,제 11 기,2025,KRW,,0,제 12 기,,,16,11011,fnlttSinglAcntAll,,0,제 13 기
shift_up,SHIFT UP,01384787,462870,KRW,FY2025,2025,11011,Annual report,20260318001672,SCE,자본변동표,ifrs-full_IncreaseDecreaseThroughSharebasedPaymentTransactions,주식보상비용,자본 [구성요소]|기타포괄손익누계액 [구성요소],0,제 11 기,2025,KRW,,0,제 12 기,,,16,11011,fnlttSinglAcntAll,,0,제 13 기
shift_up,SHIFT UP,01384787,462870,KRW,FY2025,2025,11011,Annual report,20260318001672,SCE,자본변동표,ifrs-full_IncreaseDecreaseThroughSharebasedPaymentTransactions,주식보상비용,자본 [구성요소]|기타자본구성요소 [구성요소],4335320090,제 11 기,2025,KRW,,3880624083,제 12 기,,,16,11011,fnlttSinglAcntAll,,1281726956,제 13 기
shift_up,SHIFT UP,01384787,462870,KRW,FY2025,2025,11011,Annual report,20260318001672,SCE,자본변동표,ifrs-full_IncreaseDecreaseThroughSharebasedPaymentTransactions,주식보상비용,연결재무제표 [member],4335320090,제 11 기,2025,KRW,,3880624083,제 12 기,,,16,11011,fnlttSinglAcntAll,,1281726956,제 13 기
shift_up,SHIFT UP,01384787,462870,KRW,FY2025,2025,11011,Annual report,20260318001672,SCE,자본변동표,ifrs-full_IncreaseDecreaseThroughSharebasedPaymentTransactions,주식보상비용,자본 [구성요소]|지배기업의 소유주에게 귀속되는 지분 [구성요소],4335320090,제 11 기,2025,KRW,,3880624083,제 12 기,,,16,11011,fnlttSinglAcntAll,,1281726956,제 13 기
shift_up,SHIFT UP,01384787,462870,KRW,FY2025,2025,11011,Annual report,20260318001672,SCE,자본변동표,ifrs-full_IssueOfEquity,유상증자(공모),연결재무제표 [member],0,제 11 기,2025,KRW,,428214276272,제 12 기,,,17,11011,fnlttSinglAcntAll,,0,제 13 기
shift_up,SHIFT UP,01384787,462870,KRW,FY2025,2025,11011,Annual report,20260318001672,SCE,자본변동표,ifrs-full_IssueOfEquity,유상증자(공모),자본 [구성요소]|기타자본구성요소 [구성요소],0,제 11 기,2025,KRW,,0,제 12 기,,,17,11011,fnlttSinglAcntAll,,0,제 13 기
shift_up,SHIFT UP,01384787,462870,KRW,FY2025,2025,11011,Annual report,20260318001672,SCE,자본변동표,ifrs-full_IssueOfEquity,유상증자(공모),자본 [구성요소]|지배기업의 소유주에게 귀속되는 지분 [구성요소],0,제 11 기,2025,KRW,,428214276272,제 12 기,,,17,11011,fnlttSinglAcntAll,,0,제 13 기
shift_up,SHIFT UP,01384787,462870,KRW,FY2025,2025,11011,Annual report,20260318001672,SCE,자본변동표,ifrs-full_IssueOfEquity,유상증자(공모),자본 [구성요소]|자본잉여금 [구성요소],0,제 11 기,2025,KRW,,426764276272,제 12 기,,,17,11011,fnlttSinglAcntAll,,0,제 13 기
shift_up,SHIFT UP,01384787,462870,KRW,FY2025,2025,11011,Annual report,20260318001672,SCE,자본변동표,ifrs-full_IssueOfEquity,유상증자(공모),자본 [구성요소]|자본금 [구성요소],0,제 11 기,2025,KRW,,1450000000,제 12 기,,,17,11011,fnlttSinglAcntAll,,0,제 13 기
shift_up,SHIFT UP,01384787,462870,KRW,FY2025,2025,11011,Annual report,20260318001672,SCE,자본변동표,ifrs-full_IssueOfEquity,유상증자(공모),자본 [구성요소]|이익잉여금 [구성요소],0,제 11 기,2025,KRW,,0,제 12 기,,,17,11011,fnlttSinglAcntAll,,0,제 13 기
shift_up,SHIFT UP,01384787,462870,KRW,FY2025,2025,11011,Annual report,20260318001672,SCE,자본변동표,ifrs-full_IssueOfEquity,유상증자(공모),자본 [구성요소]|비지배지분 [구성요소],0,제 11 기,2025,KRW,,0,제 12 기,,,17,11011,fnlttSinglAcntAll,,0,제 13 기
shift_up,SHIFT UP,01384787,462870,KRW,FY2025,2025,11011,Annual report,20260318001672,SCE,자본변동표,ifrs-full_IssueOfEquity,유상증자(공모),자본 [구성요소]|기타포괄손익누계액 [구성요소],0,제 11 기,2025,KRW,,0,제 12 기,,,17,11011,fnlttSinglAcntAll,,0,제 13 기
shift_up,SHIFT UP,01384787,462870,KRW,FY2025,2025,11011,Annual report,20260318001672,SCE,자본변동표,ifrs-full_PurchaseOfTreasuryShares,자기주식의 취득,연결재무제표 [member],0,제 11 기,2025,KRW,,0,제 12 기,,,18,11011,fnlttSinglAcntAll,,49973057100,제 13 기
shift_up,SHIFT UP,01384787,462870,KRW,FY2025,2025,11011,Annual report,20260318001672,SCE,자본변동표,ifrs-full_PurchaseOfTreasuryShares,자기주식의 취득,자본 [구성요소]|자본잉여금 [구성요소],0,제 11 기,2025,KRW,,0,제 12 기,,,18,11011,fnlttSinglAcntAll,,0,제 13 기
shift_up,SHIFT UP,01384787,462870,KRW,FY2025,2025,11011,Annual report,20260318001672,SCE,자본변동표,ifrs-full_PurchaseOfTreasuryShares,자기주식의 취득,자본 [구성요소]|자본금 [구성요소],0,제 11 기,2025,KRW,,0,제 12 기,,,18,11011,fnlttSinglAcntAll,,0,제 13 기
shift_up,SHIFT UP,01384787,462870,KRW,FY2025,2025,11011,Annual report,20260318001672,SCE,자본변동표,ifrs-full_PurchaseOfTreasuryShares,자기주식의 취득,자본 [구성요소]|이익잉여금 [구성요소],0,제 11 기,2025,KRW,,0,제 12 기,,,18,11011,fnlttSinglAcntAll,,0,제 13 기
shift_up,SHIFT UP,01384787,462870,KRW,FY2025,2025,11011,Annual report,20260318001672,SCE,자본변동표,ifrs-full_PurchaseOfTreasuryShares,자기주식의 취득,자본 [구성요소]|비지배지분 [구성요소],0,제 11 기,2025,KRW,,0,제 12 기,,,18,11011,fnlttSinglAcntAll,,0,제 13 기
shift_up,SHIFT UP,01384787,462870,KRW,FY2025,2025,11011,Annual report,20260318001672,SCE,자본변동표,ifrs-full_PurchaseOfTreasuryShares,자기주식의 취득,자본 [구성요소]|기타포괄손익누계액 [구성요소],0,제 11 기,2025,KRW,,0,제 12 기,,,18,11011,fnlttSinglAcntAll,,0,제 13 기
shift_up,SHIFT UP,01384787,462870,KRW,FY2025,2025,11011,Annual report,20260318001672,SCE,자본변동표,ifrs-full_PurchaseOfTreasuryShares,자기주식의 취득,자본 [구성요소]|기타자본구성요소 [구성요소],0,제 11 기,2025,KRW,,0,제 12 기,,,18,11011,fnlttSinglAcntAll,,49973057100,제 13 기
shift_up,SHIFT UP,01384787,462870,KRW,FY2025,2025,11011,Annual report,20260318001672,SCE,자본변동표,ifrs-full_PurchaseOfTreasuryShares,자기주식의 취득,자본 [구성요소]|지배기업의 소유주에게 귀속되는 지분 [구성요소],0,제 11 기,2025,KRW,,0,제 12 기,,,18,11011,fnlttSinglAcntAll,,49973057100,제 13 기
shift_up,SHIFT UP,01384787,462870,KRW,Q1_2026,2026,11013,First-quarter report,20260514001484,BS,재무상태표,ifrs-full_Assets,자산총계,-,,,2026,KRW,,1083335531792,제 13 기말,,,7,11013,fnlttSinglAcntAll,,1093483673166,제 14 기 1분기말
shift_up,SHIFT UP,01384787,462870,KRW,Q1_2026,2026,11013,First-quarter report,20260514001484,BS,재무상태표,ifrs-full_CurrentAssets,유동자산,-,,,2026,KRW,,781867400801,제 13 기말,,,8,11013,fnlttSinglAcntAll,,789720907372,제 14 기 1분기말
shift_up,SHIFT UP,01384787,462870,KRW,Q1_2026,2026,11013,First-quarter report,20260514001484,BS,재무상태표,ifrs-full_CashAndCashEquivalents,현금및현금성자산,-,,,2026,KRW,,110121105321,제 13 기말,,,9,11013,fnlttSinglAcntAll,,158991109396,제 14 기 1분기말
shift_up,SHIFT UP,01384787,462870,KRW,Q1_2026,2026,11013,First-quarter report,20260514001484,BS,재무상태표,ifrs-full_CurrentFinancialAssetsAtAmortisedCost,상각후원가측정금융자산(유동),-,,,2026,KRW,,213880719205,제 13 기말,,,10,11013,fnlttSinglAcntAll,,156977456779,제 14 기 1분기말
shift_up,SHIFT UP,01384787,462870,KRW,Q1_2026,2026,11013,First-quarter report,20260514001484,BS,재무상태표,ifrs-full_CurrentFinancialAssetsAtFairValueThroughProfitOrLoss,당기손익-공정가치측정금융자산(유동),-,,,2026,KRW,,272051525556,제 13 기말,,,11,11013,fnlttSinglAcntAll,,356788272884,제 14 기 1분기말
shift_up,SHIFT UP,01384787,462870,KRW,Q1_2026,2026,11013,First-quarter report,20260514001484,BS,재무상태표,ifrs-full_CurrentTradeReceivables,매출채권,-,,,2026,KRW,,130250520677,제 13 기말,,,12,11013,fnlttSinglAcntAll,,91059343053,제 14 기 1분기말
shift_up,SHIFT UP,01384787,462870,KRW,Q1_2026,2026,11013,First-quarter report,20260514001484,BS,재무상태표,ifrs-full_OtherCurrentAssets,기타유동자산,-,,,2026,KRW,,4766834550,제 13 기말,,,13,11013,fnlttSinglAcntAll,,4001146755,제 14 기 1분기말
shift_up,SHIFT UP,01384787,462870,KRW,Q1_2026,2026,11013,First-quarter report,20260514001484,BS,재무상태표,ifrs-full_OtherCurrentFinancialAssets,기타유동금융자산,-,,,2026,KRW,,50796695492,제 13 기말,,,14,11013,fnlttSinglAcntAll,,21903578505,제 14 기 1분기말
shift_up,SHIFT UP,01384787,462870,KRW,Q1_2026,2026,11013,First-quarter report,20260514001484,BS,재무상태표,ifrs-full_NoncurrentAssets,비유동자산,-,,,2026,KRW,,301468130991,제 13 기말,,,15,11013,fnlttSinglAcntAll,,303762765794,제 14 기 1분기말
shift_up,SHIFT UP,01384787,462870,KRW,Q1_2026,2026,11013,First-quarter report,20260514001484,BS,재무상태표,ifrs-full_IntangibleAssetsOtherThanGoodwill,무형자산,-,2969192000,제 12 기,2026,KRW,,1652005771,제 13 기말,,,16,11013,fnlttSinglAcntAll,,1510909268,제 14 기 1분기말
shift_up,SHIFT UP,01384787,462870,KRW,Q1_2026,2026,11013,First-quarter report,20260514001484,BS,재무상태표,ifrs-full_InvestmentAccountedForUsingEquityMethod,관계기업투자주식,-,,,2026,KRW,,92379440472,제 13 기말,,,17,11013,fnlttSinglAcntAll,,91380955326,제 14 기 1분기말
shift_up,SHIFT UP,01384787,462870,KRW,Q1_2026,2026,11013,First-quarter report,20260514001484,BS,재무상태표,ifrs-full_NoncurrentFinancialAssetsAtAmortisedCost,상각후원가측정금융자산(비유동),-,,,2026,KRW,,15100000000,제 13 기말,,,18,11013,fnlttSinglAcntAll,,13805000000,제 14 기 1분기말
shift_up,SHIFT UP,01384787,462870,KRW,Q1_2026,2026,11013,First-quarter report,20260514001484,BS,재무상태표,ifrs-full_NoncurrentFinancialAssetsAtFairValueThroughOtherComprehensiveIncome,기타포괄손익-공정가치측정금융자산(비유동),-,,,2026,KRW,,31901945600,제 13 기말,,,19,11013,fnlttSinglAcntAll,,31901945600,제 14 기 1분기말
shift_up,SHIFT UP,01384787,462870,KRW,Q1_2026,2026,11013,First-quarter report,20260514001484,BS,재무상태표,ifrs-full_NoncurrentFinancialAssetsAtFairValueThroughProfitOrLoss,당기손익-공정가치측정금융자산(비유동),-,,,2026,KRW,,30463382470,제 13 기말,,,20,11013,fnlttSinglAcntAll,,33872234441,제 14 기 1분기말
shift_up,SHIFT UP,01384787,462870,KRW,Q1_2026,2026,11013,First-quarter report,20260514001484,BS,재무상태표,ifrs-full_NoncurrentRecognisedAssetsDefinedBenefitPlan,순확정급여자산,-,,,2026,KRW,,95339332,제 13 기말,,,21,11013,fnlttSinglAcntAll,,23180970,제 14 기 1분기말
shift_up,SHIFT UP,01384787,462870,KRW,Q1_2026,2026,11013,First-quarter report,20260514001484,BS,재무상태표,ifrs-full_OtherNoncurrentAssets,기타비유동자산,-,,,2026,KRW,,7249798946,제 13 기말,,,22,11013,fnlttSinglAcntAll,,8116660267,제 14 기 1분기말
shift_up,SHIFT UP,01384787,462870,KRW,Q1_2026,2026,11013,First-quarter report,20260514001484,BS,재무상태표,ifrs-full_OtherNoncurrentFinancialAssets,기타비유동금융자산,-,,,2026,KRW,,53023284537,제 13 기말,,,23,11013,fnlttSinglAcntAll,,53288706413,제 14 기 1분기말
shift_up,SHIFT UP,01384787,462870,KRW,Q1_2026,2026,11013,First-quarter report,20260514001484,BS,재무상태표,ifrs-full_PropertyPlantAndEquipment,유형자산,-,2710753000,제 12 기,2026,KRW,,4052558729,제 13 기말,,,24,11013,fnlttSinglAcntAll,,6465252676,제 14 기 1분기말
shift_up,SHIFT UP,01384787,462870,KRW,Q1_2026,2026,11013,First-quarter report,20260514001484,BS,재무상태표,ifrs-full_RightofuseAssets,사용권자산,-,,,2026,KRW,,65550375134,제 13 기말,,,25,11013,fnlttSinglAcntAll,,63397920833,제 14 기 1분기말
shift_up,SHIFT UP,01384787,462870,KRW,Q1_2026,2026,11013,First-quarter report,20260514001484,BS,재무상태표,ifrs-full_Equity,자본 총계,-,,,2026,KRW,,921190987215,제 13 기말,,,27,11013,fnlttSinglAcntAll,,955528968096,제 14 기 1분기말
shift_up,SHIFT UP,01384787,462870,KRW,Q1_2026,2026,11013,First-quarter report,20260514001484,BS,재무상태표,ifrs-full_EquityAttributableToOwnersOfParent,지배기업의 소유주지분,-,,,2026,KRW,,921190987215,제 13 기말,,,28,11013,fnlttSinglAcntAll,,955528968096,제 14 기 1분기말
shift_up,SHIFT UP,01384787,462870,KRW,Q1_2026,2026,11013,First-quarter report,20260514001484,BS,재무상태표,dart_CapitalSurplus,자본잉여금,-,,,2026,KRW,,532236026702,제 13 기말,,,29,11013,fnlttSinglAcntAll,,532556759842,제 14 기 1분기말
shift_up,SHIFT UP,01384787,462870,KRW,Q1_2026,2026,11013,First-quarter report,20260514001484,BS,재무상태표,dart_ElementsOfOtherStockholdersEquity,기타자본,-,,,2026,KRW,,-47013111746,제 13 기말,,,30,11013,fnlttSinglAcntAll,,-33581717592,제 14 기 1분기말
shift_up,SHIFT UP,01384787,462870,KRW,Q1_2026,2026,11013,First-quarter report,20260514001484,BS,재무상태표,dart_OtherComprehensiveIncomeLossAccumulatedAmount,기타포괄손익누계액,-,,,2026,KRW,,13674651200,제 13 기말,,,31,11013,fnlttSinglAcntAll,,13674651200,제 14 기 1분기말
shift_up,SHIFT UP,01384787,462870,KRW,Q1_2026,2026,11013,First-quarter report,20260514001484,BS,재무상태표,ifrs-full_IssuedCapital,자본금,-,,,2026,KRW,,11792288000,제 13 기말,,,32,11013,fnlttSinglAcntAll,,11796868000,제 14 기 1분기말
shift_up,SHIFT UP,01384787,462870,KRW,Q1_2026,2026,11013,First-quarter report,20260514001484,BS,재무상태표,ifrs-full_RetainedEarnings,이익잉여금,-,,,2026,KRW,,410501133059,제 13 기말,,,33,11013,fnlttSinglAcntAll,,431082406646,제 14 기 1분기말
shift_up,SHIFT UP,01384787,462870,KRW,Q1_2026,2026,11013,First-quarter report,20260514001484,BS,재무상태표,ifrs-full_NoncontrollingInterests,비지배지분,-,,,2026,KRW,,0,제 13 기말,,,34,11013,fnlttSinglAcntAll,,0,제 14 기 1분기말
shift_up,SHIFT UP,01384787,462870,KRW,Q1_2026,2026,11013,First-quarter report,20260514001484,BS,재무상태표,ifrs-full_EquityAndLiabilities,부채와 자본 총계,-,,,2026,KRW,,1083335531792,제 13 기말,,,35,11013,fnlttSinglAcntAll,,1093483673166,제 14 기 1분기말
shift_up,SHIFT UP,01384787,462870,KRW,Q1_2026,2026,11013,First-quarter report,20260514001484,BS,재무상태표,ifrs-full_CurrentLiabilities,유동부채,-,,,2026,KRW,,95496738878,제 13 기말,,,37,11013,fnlttSinglAcntAll,,70216565602,제 14 기 1분기말
shift_up,SHIFT UP,01384787,462870,KRW,Q1_2026,2026,11013,First-quarter report,20260514001484,BS,재무상태표,ifrs-full_CurrentLeaseLiabilities,유동리스부채,-,,,2026,KRW,,3935637435,제 13 기말,,,38,11013,fnlttSinglAcntAll,,5702505661,제 14 기 1분기말
shift_up,SHIFT UP,01384787,462870,KRW,Q1_2026,2026,11013,First-quarter report,20260514001484,BS,재무상태표,ifrs-full_CurrentTaxLiabilities,미지급법인세,-,,,2026,KRW,,25341632836,제 13 기말,,,39,11013,fnlttSinglAcntAll,,21102611663,제 14 기 1분기말
shift_up,SHIFT UP,01384787,462870,KRW,Q1_2026,2026,11013,First-quarter report,20260514001484,BS,재무상태표,ifrs-full_OtherCurrentFinancialLiabilities,기타유동금융부채,-,,,2026,KRW,,56842294190,제 13 기말,,,40,11013,fnlttSinglAcntAll,,29008577334,제 14 기 1분기말
shift_up,SHIFT UP,01384787,462870,KRW,Q1_2026,2026,11013,First-quarter report,20260514001484,BS,재무상태표,ifrs-full_OtherCurrentLiabilities,기타유동부채,-,,,2026,KRW,,9377174417,제 13 기말,,,41,11013,fnlttSinglAcntAll,,14402870944,제 14 기 1분기말
shift_up,SHIFT UP,01384787,462870,KRW,Q1_2026,2026,11013,First-quarter report,20260514001484,BS,재무상태표,ifrs-full_Liabilities,부채 총계,-,,,2026,KRW,,162144544577,제 13 기말,,,42,11013,fnlttSinglAcntAll,,137954705070,제 14 기 1분기말
shift_up,SHIFT UP,01384787,462870,KRW,Q1_2026,2026,11013,First-quarter report,20260514001484,BS,재무상태표,ifrs-full_NoncurrentLiabilities,비유동부채,-,,,2026,KRW,,66647805699,제 13 기말,,,43,11013,fnlttSinglAcntAll,,67738139468,제 14 기 1분기말
shift_up,SHIFT UP,01384787,462870,KRW,Q1_2026,2026,11013,First-quarter report,20260514001484,BS,재무상태표,-표준계정코드 미사용-,비지배지분금융부채,-,,,2026,KRW,,207033632,제 13 기말,,,44,11013,fnlttSinglAcntAll,,185608727,제 14 기 1분기말
shift_up,SHIFT UP,01384787,462870,KRW,Q1_2026,2026,11013,First-quarter report,20260514001484,BS,재무상태표,ifrs-full_DeferredTaxLiabilities,이연법인세부채,-,,,2026,KRW,,1458722503,제 13 기말,,,45,11013,fnlttSinglAcntAll,,4682068950,제 14 기 1분기말
shift_up,SHIFT UP,01384787,462870,KRW,Q1_2026,2026,11013,First-quarter report,20260514001484,BS,재무상태표,ifrs-full_NoncurrentLeaseLiabilities,비유동리스부채,-,,,2026,KRW,,59327270576,제 13 기말,,,46,11013,fnlttSinglAcntAll,,57624504741,제 14 기 1분기말
shift_up,SHIFT UP,01384787,462870,KRW,Q1_2026,2026,11013,First-quarter report,20260514001484,BS,재무상태표,ifrs-full_OtherLongtermProvisions,비유동충당부채,-,,,2026,KRW,,1407943415,제 13 기말,,,47,11013,fnlttSinglAcntAll,,1420205714,제 14 기 1분기말
shift_up,SHIFT UP,01384787,462870,KRW,Q1_2026,2026,11013,First-quarter report,20260514001484,BS,재무상태표,ifrs-full_OtherNoncurrentLiabilities,기타비유동부채,-,,,2026,KRW,,4246835573,제 13 기말,,,48,11013,fnlttSinglAcntAll,,3825751336,제 14 기 1분기말
shift_up,SHIFT UP,01384787,462870,KRW,Q1_2026,2026,11013,First-quarter report,20260514001484,CIS,포괄손익계산서,dart_NonOperatingExpense,영업외비용,-,,,2026,KRW,4062994697,,,4062994697,제 13 기 1분기,6,11013,fnlttSinglAcntAll,10491761839,10491761839,제 14 기 1분기
shift_up,SHIFT UP,01384787,462870,KRW,Q1_2026,2026,11013,First-quarter report,20260514001484,CIS,포괄손익계산서,dart_OtherLosses,기타비용,-,,,2026,KRW,1865618090,,,1865618090,제 13 기 1분기,7,11013,fnlttSinglAcntAll,1767516174,1767516174,제 14 기 1분기
shift_up,SHIFT UP,01384787,462870,KRW,Q1_2026,2026,11013,First-quarter report,20260514001484,CIS,포괄손익계산서,ifrs-full_FinanceCosts,금융비용,-,,,2026,KRW,2197376607,,,2197376607,제 13 기 1분기,8,11013,fnlttSinglAcntAll,8724245665,8724245665,제 14 기 1분기
shift_up,SHIFT UP,01384787,462870,KRW,Q1_2026,2026,11013,First-quarter report,20260514001484,CIS,포괄손익계산서,dart_NonOperatingIncome,영업외수익,-,,,2026,KRW,9457774154,,,9457774154,제 13 기 1분기,9,11013,fnlttSinglAcntAll,36196351516,36196351516,제 14 기 1분기
shift_up,SHIFT UP,01384787,462870,KRW,Q1_2026,2026,11013,First-quarter report,20260514001484,CIS,포괄손익계산서,dart_OtherGains,기타수익,-,,,2026,KRW,1350212194,,,1350212194,제 13 기 1분기,10,11013,fnlttSinglAcntAll,13446992288,13446992288,제 14 기 1분기
shift_up,SHIFT UP,01384787,462870,KRW,Q1_2026,2026,11013,First-quarter report,20260514001484,CIS,포괄손익계산서,ifrs-full_FinanceIncome,금융수익,-,,,2026,KRW,8107561960,,,8107561960,제 13 기 1분기,11,11013,fnlttSinglAcntAll,22749359228,22749359228,제 14 기 1분기
shift_up,SHIFT UP,01384787,462870,KRW,Q1_2026,2026,11013,First-quarter report,20260514001484,CIS,포괄손익계산서,dart_OperatingIncomeLoss,영업이익,-,,,2026,KRW,26251344145,,,26251344145,제 13 기 1분기,12,11013,fnlttSinglAcntAll,21505889993,21505889993,제 14 기 1분기
shift_up,SHIFT UP,01384787,462870,KRW,Q1_2026,2026,11013,First-quarter report,20260514001484,CIS,포괄손익계산서,ifrs-full_ComprehensiveIncome,분기총포괄이익,-,,,2026,KRW,26846163984,,,26846163984,제 13 기 1분기,13,11013,fnlttSinglAcntAll,37796183307,37796183307,제 14 기 1분기
shift_up,SHIFT UP,01384787,462870,KRW,Q1_2026,2026,11013,First-quarter report,20260514001484,CIS,포괄손익계산서,ifrs-full_ComprehensiveIncomeAttributableToNoncontrollingInterests,비지배지분,-,,,2026,KRW,0,,,0,제 13 기 1분기,14,11013,fnlttSinglAcntAll,0,0,제 14 기 1분기
shift_up,SHIFT UP,01384787,462870,KRW,Q1_2026,2026,11013,First-quarter report,20260514001484,CIS,포괄손익계산서,ifrs-full_ComprehensiveIncomeAttributableToOwnersOfParent,지배기업의 소유주지분,-,,,2026,KRW,26846163984,,,26846163984,제 13 기 1분기,15,11013,fnlttSinglAcntAll,37796183307,37796183307,제 14 기 1분기
shift_up,SHIFT UP,01384787,462870,KRW,Q1_2026,2026,11013,First-quarter report,20260514001484,CIS,포괄손익계산서,ifrs-full_BasicEarningsLossPerShare,기본주당이익,-,,,2026,KRW,460,,,460,제 13 기 1분기,17,11013,fnlttSinglAcntAll,651,651,제 14 기 1분기
shift_up,SHIFT UP,01384787,462870,KRW,Q1_2026,2026,11013,First-quarter report,20260514001484,CIS,포괄손익계산서,ifrs-full_DilutedEarningsLossPerShare,희석주당이익,-,,,2026,KRW,453,,,453,제 13 기 1분기,18,11013,fnlttSinglAcntAll,649,649,제 14 기 1분기
shift_up,SHIFT UP,01384787,462870,KRW,Q1_2026,2026,11013,First-quarter report,20260514001484,CIS,포괄손익계산서,ifrs-full_IncomeTaxExpenseContinuingOperations,법인세비용,-,,,2026,KRW,4799959618,,,4799959618,제 13 기 1분기,19,11013,fnlttSinglAcntAll,8594074812,8594074812,제 14 기 1분기
shift_up,SHIFT UP,01384787,462870,KRW,Q1_2026,2026,11013,First-quarter report,20260514001484,CIS,포괄손익계산서,ifrs-full_OperatingExpense,영업비용,-,,,2026,KRW,15983262643,,,15983262643,제 13 기 1분기,20,11013,fnlttSinglAcntAll,25803481913,25803481913,제 14 기 1분기
shift_up,SHIFT UP,01384787,462870,KRW,Q1_2026,2026,11013,First-quarter report,20260514001484,CIS,포괄손익계산서,ifrs-full_OtherComprehensiveIncome,법인세차감후 기타포괄이익,-,,,2026,KRW,0,,,0,제 13 기 1분기,21,11013,fnlttSinglAcntAll,0,0,제 14 기 1분기
shift_up,SHIFT UP,01384787,462870,KRW,Q1_2026,2026,11013,First-quarter report,20260514001484,CIS,포괄손익계산서,ifrs-full_ProfitLoss,분기순이익,-,,,2026,KRW,26846163984,,,26846163984,제 13 기 1분기,22,11013,fnlttSinglAcntAll,37796183307,37796183307,제 14 기 1분기
shift_up,SHIFT UP,01384787,462870,KRW,Q1_2026,2026,11013,First-quarter report,20260514001484,CIS,포괄손익계산서,ifrs-full_ProfitLossAttributableToNoncontrollingInterests,비지배지분,-,,,2026,KRW,0,,,0,제 13 기 1분기,23,11013,fnlttSinglAcntAll,0,0,제 14 기 1분기
shift_up,SHIFT UP,01384787,462870,KRW,Q1_2026,2026,11013,First-quarter report,20260514001484,CIS,포괄손익계산서,ifrs-full_ProfitLossAttributableToOwnersOfParent,지배기업의 소유주지분,-,,,2026,KRW,26846163984,,,26846163984,제 13 기 1분기,24,11013,fnlttSinglAcntAll,37796183307,37796183307,제 14 기 1분기
shift_up,SHIFT UP,01384787,462870,KRW,Q1_2026,2026,11013,First-quarter report,20260514001484,CIS,포괄손익계산서,ifrs-full_ProfitLossBeforeTax,법인세비용차감전이익,-,,,2026,KRW,31646123602,,,31646123602,제 13 기 1분기,25,11013,fnlttSinglAcntAll,46390258119,46390258119,제 14 기 1분기
shift_up,SHIFT UP,01384787,462870,KRW,Q1_2026,2026,11013,First-quarter report,20260514001484,CIS,포괄손익계산서,ifrs-full_Revenue,영업수익,-,,,2026,KRW,42234606788,,,42234606788,제 13 기 1분기,26,11013,fnlttSinglAcntAll,47309371906,47309371906,제 14 기 1분기
shift_up,SHIFT UP,01384787,462870,KRW,Q1_2026,2026,11013,First-quarter report,20260514001484,CIS,포괄손익계산서,ifrs-full_ShareOfProfitLossOfAssociatesAndJointVenturesAccountedForUsingEquityMethod,지분법손익,-,,,2026,KRW,0,,,0,제 13 기 1분기,27,11013,fnlttSinglAcntAll,-820221551,-820221551,제 14 기 1분기
shift_up,SHIFT UP,01384787,462870,KRW,Q1_2026,2026,11013,First-quarter report,20260514001484,CF,현금흐름표,dart_CashAndCashEquivalentsAtBeginningOfPeriodCf,기초 현금및현금성자산,-,,,2026,KRW,,,,289250436994,제 13 기 1분기,2,11013,fnlttSinglAcntAll,,110121105321,제 14 기 1분기
shift_up,SHIFT UP,01384787,462870,KRW,Q1_2026,2026,11013,First-quarter report,20260514001484,CF,현금흐름표,dart_CashAndCashEquivalentsAtEndOfPeriodCf,기말 현금및현금성자산,-,,,2026,KRW,,,,174697267276,제 13 기 1분기,3,11013,fnlttSinglAcntAll,,158991109396,제 14 기 1분기
shift_up,SHIFT UP,01384787,462870,KRW,Q1_2026,2026,11013,First-quarter report,20260514001484,CF,현금흐름표,ifrs-full_CashFlowsFromUsedInFinancingActivities,재무활동으로 인한 현금흐름,-,,,2026,KRW,,,,-472155650,제 13 기 1분기,8,11013,fnlttSinglAcntAll,,-3859477174,제 14 기 1분기
shift_up,SHIFT UP,01384787,462870,KRW,Q1_2026,2026,11013,First-quarter report,20260514001484,CF,현금흐름표,dart_AcquisitionOfTreasuryShares,자기주식의 취득,-,,,2026,KRW,,,,0,제 13 기 1분기,9,11013,fnlttSinglAcntAll,,3097474325,제 14 기 1분기
shift_up,SHIFT UP,01384787,462870,KRW,Q1_2026,2026,11013,First-quarter report,20260514001484,CF,현금흐름표,dart_ProceedsFromExerciseOfShareOptions,주식매수선택권의 행사,-,,,2026,KRW,,,,180000000,제 13 기 1분기,10,11013,fnlttSinglAcntAll,,4580000,제 14 기 1분기
shift_up,SHIFT UP,01384787,462870,KRW,Q1_2026,2026,11013,First-quarter report,20260514001484,CF,현금흐름표,-표준계정코드 미사용-,비지배지분금융부채 상환,-,,,2026,KRW,,,,0,제 13 기 1분기,11,11013,fnlttSinglAcntAll,,23617710,제 14 기 1분기
shift_up,SHIFT UP,01384787,462870,KRW,Q1_2026,2026,11013,First-quarter report,20260514001484,CF,현금흐름표,ifrs-full_PaymentsForShareIssueCosts,주식발행비용,-,,,2026,KRW,,,,3450000,제 13 기 1분기,12,11013,fnlttSinglAcntAll,,506600,제 14 기 1분기
shift_up,SHIFT UP,01384787,462870,KRW,Q1_2026,2026,11013,First-quarter report,20260514001484,CF,현금흐름표,ifrs-full_PaymentsOfLeaseLiabilitiesClassifiedAsFinancingActivities,리스부채의 상환,-,,,2026,KRW,,,,648705650,제 13 기 1분기,13,11013,fnlttSinglAcntAll,,742458539,제 14 기 1분기
shift_up,SHIFT UP,01384787,462870,KRW,Q1_2026,2026,11013,First-quarter report,20260514001484,CF,현금흐름표,ifrs-full_CashFlowsFromUsedInInvestingActivities,투자활동으로 인한 현금흐름,-,,,2026,KRW,,,,-178226646441,제 13 기 1분기,14,11013,fnlttSinglAcntAll,,-23464638693,제 14 기 1분기
shift_up,SHIFT UP,01384787,462870,KRW,Q1_2026,2026,11013,First-quarter report,20260514001484,CF,현금흐름표,dart_AdjustmentsForDecreaseIncreaseInDerivativeAssets,파생상품자산의 감소,-,,,2026,KRW,,,,890011037,제 13 기 1분기,15,11013,fnlttSinglAcntAll,,857203380,제 14 기 1분기
shift_up,SHIFT UP,01384787,462870,KRW,Q1_2026,2026,11013,First-quarter report,20260514001484,CF,현금흐름표,dart_IncreaseInGuaranteeDeposits,장기임차보증금의 증가,-,,,2026,KRW,,,,0,제 13 기 1분기,16,11013,fnlttSinglAcntAll,,2000000,제 14 기 1분기
shift_up,SHIFT UP,01384787,462870,KRW,Q1_2026,2026,11013,First-quarter report,20260514001484,CF,현금흐름표,dart_ProceedsFromSalesOfFinancialAssetsAtAmortisedCostClassifiedAsInvestingActivities,상각후원가측정금융자산의 감소,-,,,2026,KRW,,,,10000000,제 13 기 1분기,17,11013,fnlttSinglAcntAll,,107432759626,제 14 기 1분기
shift_up,SHIFT UP,01384787,462870,KRW,Q1_2026,2026,11013,First-quarter report,20260514001484,CF,현금흐름표,dart_ProceedsFromSalesOfLongTermLoansAndReceivables,장기대여금의 감소,-,,,2026,KRW,,,,0,제 13 기 1분기,18,11013,fnlttSinglAcntAll,,131936639,제 14 기 1분기
shift_up,SHIFT UP,01384787,462870,KRW,Q1_2026,2026,11013,First-quarter report,20260514001484,CF,현금흐름표,dart_ProceedsFromSalesOfShortTermLoansAndReceivables,단기대여금의 감소,-,,,2026,KRW,,,,5863662,제 13 기 1분기,19,11013,fnlttSinglAcntAll,,2499999,제 14 기 1분기
shift_up,SHIFT UP,01384787,462870,KRW,Q1_2026,2026,11013,First-quarter report,20260514001484,CF,현금흐름표,dart_PurchaseOfFinancialAssetsAtAmortisedCostClassifiedAsInvestingActivities,상각후원가측정금융자산의 증가,-,,,2026,KRW,,,,103631800000,제 13 기 1분기,20,11013,fnlttSinglAcntAll,,48500000000,제 14 기 1분기
shift_up,SHIFT UP,01384787,462870,KRW,Q1_2026,2026,11013,First-quarter report,20260514001484,CF,현금흐름표,dart_PurchaseOfFinancialAssetsAtFairValueThroughProfitOrLossClassifiedAsInvestingActivities,당기손익-공정가치측정금융자산의 순증감,-,,,2026,KRW,,,,74716127991,제 13 기 1분기,21,11013,fnlttSinglAcntAll,,76842261967,제 14 기 1분기
shift_up,SHIFT UP,01384787,462870,KRW,Q1_2026,2026,11013,First-quarter report,20260514001484,CF,현금흐름표,dart_PurchaseOfLongTermLoansAndReceivables,장기대여금의 증가,-,,,2026,KRW,,,,100000000,제 13 기 1분기,22,11013,fnlttSinglAcntAll,,371000000,제 14 기 1분기
shift_up,SHIFT UP,01384787,462870,KRW,Q1_2026,2026,11013,First-quarter report,20260514001484,CF,현금흐름표,dart_PurchaseOfShortTermLoansAndReceivables,단기대여금의 증가,-,,,2026,KRW,,,,0,제 13 기 1분기,23,11013,fnlttSinglAcntAll,,2816670000,제 14 기 1분기
shift_up,SHIFT UP,01384787,462870,KRW,Q1_2026,2026,11013,First-quarter report,20260514001484,CF,현금흐름표,-표준계정코드 미사용-,유동성장기대여금의 감소,-,,,2026,KRW,,,,27808057,제 13 기 1분기,24,11013,fnlttSinglAcntAll,,57680816,제 14 기 1분기
shift_up,SHIFT UP,01384787,462870,KRW,Q1_2026,2026,11013,First-quarter report,20260514001484,CF,현금흐름표,-표준계정코드 미사용-,선급금의 증가,-,,,2026,KRW,,,,419272727,제 13 기 1분기,25,11013,fnlttSinglAcntAll,,286478500,제 14 기 1분기
shift_up,SHIFT UP,01384787,462870,KRW,Q1_2026,2026,11013,First-quarter report,20260514001484,CF,현금흐름표,-표준계정코드 미사용-,기타증거금의 증가,-,,,2026,KRW,,,,0,제 13 기 1분기,26,11013,fnlttSinglAcntAll,,330584790,제 14 기 1분기
shift_up,SHIFT UP,01384787,462870,KRW,Q1_2026,2026,11013,First-quarter report,20260514001484,CF,현금흐름표,ifrs-full_ProceedsFromSalesOfPropertyPlantAndEquipmentClassifiedAsInvestingActivities,유형자산의 처분,-,,,2026,KRW,,,,1535853,제 13 기 1분기,27,11013,fnlttSinglAcntAll,,0,제 14 기 1분기
shift_up,SHIFT UP,01384787,462870,KRW,Q1_2026,2026,11013,First-quarter report,20260514001484,CF,현금흐름표,ifrs-full_PurchaseOfIntangibleAssetsClassifiedAsInvestingActivities,무형자산의 취득,-,,,2026,KRW,,,,10827365,제 13 기 1분기,28,11013,fnlttSinglAcntAll,,24204956,제 14 기 1분기
shift_up,SHIFT UP,01384787,462870,KRW,Q1_2026,2026,11013,First-quarter report,20260514001484,CF,현금흐름표,ifrs-full_PurchaseOfPropertyPlantAndEquipmentClassifiedAsInvestingActivities,유형자산의 취득,-,,,2026,KRW,,,,283836967,제 13 기 1분기,29,11013,fnlttSinglAcntAll,,2773518940,제 14 기 1분기
shift_up,SHIFT UP,01384787,462870,KRW,Q1_2026,2026,11013,First-quarter report,20260514001484,CF,현금흐름표,ifrs-full_CashFlowsFromUsedInOperatingActivities,영업활동으로 인한 현금흐름,-,,,2026,KRW,,,,63787355957,제 13 기 1분기,30,11013,fnlttSinglAcntAll,,74815587645,제 14 기 1분기
shift_up,SHIFT UP,01384787,462870,KRW,Q1_2026,2026,11013,First-quarter report,20260514001484,CF,현금흐름표,ifrs-full_CashFlowsFromUsedInOperations,영업으로부터 창출된 현금흐름,-,,,2026,KRW,,,,64346078202,제 13 기 1분기,31,11013,fnlttSinglAcntAll,,80605364632,제 14 기 1분기
shift_up,SHIFT UP,01384787,462870,KRW,Q1_2026,2026,11013,First-quarter report,20260514001484,CF,현금흐름표,ifrs-full_DividendsReceivedClassifiedAsOperatingActivities,배당금의 수취,-,,,2026,KRW,,,,808205,제 13 기 1분기,32,11013,fnlttSinglAcntAll,,679180138,제 14 기 1분기
shift_up,SHIFT UP,01384787,462870,KRW,Q1_2026,2026,11013,First-quarter report,20260514001484,CF,현금흐름표,ifrs-full_IncomeTaxesPaidRefundClassifiedAsOperatingActivities,법인세의 납부,-,,,2026,KRW,,,,2445784800,제 13 기 1분기,33,11013,fnlttSinglAcntAll,,9664377871,제 14 기 1분기
shift_up,SHIFT UP,01384787,462870,KRW,Q1_2026,2026,11013,First-quarter report,20260514001484,CF,현금흐름표,ifrs-full_InterestPaidClassifiedAsOperatingActivities,이자의 지급,-,,,2026,KRW,,,,281034070,제 13 기 1분기,34,11013,fnlttSinglAcntAll,,224173801,제 14 기 1분기
shift_up,SHIFT UP,01384787,462870,KRW,Q1_2026,2026,11013,First-quarter report,20260514001484,CF,현금흐름표,ifrs-full_InterestReceivedClassifiedAsOperatingActivities,이자의 수취,-,,,2026,KRW,,,,2167288420,제 13 기 1분기,35,11013,fnlttSinglAcntAll,,3419594547,제 14 기 1분기
shift_up,SHIFT UP,01384787,462870,KRW,Q1_2026,2026,11013,First-quarter report,20260514001484,CF,현금흐름표,ifrs-full_EffectOfExchangeRateChangesOnCashAndCashEquivalents,외화표시 현금및현금성자산의 환율변동효과,-,,,2026,KRW,,,,358276416,제 13 기 1분기,36,11013,fnlttSinglAcntAll,,1378532297,제 14 기 1분기
shift_up,SHIFT UP,01384787,462870,KRW,Q1_2026,2026,11013,First-quarter report,20260514001484,CF,현금흐름표,ifrs-full_IncreaseDecreaseInCashAndCashEquivalentsBeforeEffectOfExchangeRateChanges,현금및현금성자산의 증감,-,,,2026,KRW,,,,-114911446134,제 13 기 1분기,37,11013,fnlttSinglAcntAll,,47491471778,제 14 기 1분기
shift_up,SHIFT UP,01384787,462870,KRW,Q1_2026,2026,11013,First-quarter report,20260514001484,SCE,자본변동표,dart_EquityAtBeginningOfPeriod,기초자본,자본 [구성요소]|지배기업의 소유주에게 귀속되는 지분 [구성요소],,,2026,KRW,,,,764404135605,제 13 기 1분기,3,11013,fnlttSinglAcntAll,,921190987215,제 14 기 1분기
shift_up,SHIFT UP,01384787,462870,KRW,Q1_2026,2026,11013,First-quarter report,20260514001484,SCE,자본변동표,dart_EquityAtBeginningOfPeriod,기초자본,자본 [구성요소]|비지배지분 [구성요소],,,2026,KRW,,,,0,제 13 기 1분기,3,11013,fnlttSinglAcntAll,,0,제 14 기 1분기
shift_up,SHIFT UP,01384787,462870,KRW,Q1_2026,2026,11013,First-quarter report,20260514001484,SCE,자본변동표,dart_EquityAtBeginningOfPeriod,기초자본,연결재무제표 [member],,,2026,KRW,,,,764404135605,제 13 기 1분기,3,11013,fnlttSinglAcntAll,,921190987215,제 14 기 1분기
shift_up,SHIFT UP,01384787,462870,KRW,Q1_2026,2026,11013,First-quarter report,20260514001484,SCE,자본변동표,dart_EquityAtBeginningOfPeriod,기초자본,자본 [구성요소]|지배기업의 소유주에게 귀속되는 지분 [구성요소]|기타자본,,,2026,KRW,,,,6281126370,제 13 기 1분기,3,11013,fnlttSinglAcntAll,,-47013111746,제 14 기 1분기
shift_up,SHIFT UP,01384787,462870,KRW,Q1_2026,2026,11013,First-quarter report,20260514001484,SCE,자본변동표,dart_EquityAtBeginningOfPeriod,기초자본,자본 [구성요소]|지배기업의 소유주에게 귀속되는 지분 [구성요소]|기타포괄손익누계액 [구성요소],,,2026,KRW,,,,-51231401,제 13 기 1분기,3,11013,fnlttSinglAcntAll,,13674651200,제 14 기 1분기
shift_up,SHIFT UP,01384787,462870,KRW,Q1_2026,2026,11013,First-quarter report,20260514001484,SCE,자본변동표,dart_EquityAtBeginningOfPeriod,기초자본,자본 [구성요소]|지배기업의 소유주에게 귀속되는 지분 [구성요소]|이익잉여금 (결손금) [구성요소],,,2026,KRW,,,,219070685362,제 13 기 1분기,3,11013,fnlttSinglAcntAll,,410501133059,제 14 기 1분기
shift_up,SHIFT UP,01384787,462870,KRW,Q1_2026,2026,11013,First-quarter report,20260514001484,SCE,자본변동표,dart_EquityAtBeginningOfPeriod,기초자본,자본 [구성요소]|지배기업의 소유주에게 귀속되는 지분 [구성요소]|자본금 [구성요소],,,2026,KRW,,,,11666944000,제 13 기 1분기,3,11013,fnlttSinglAcntAll,,11792288000,제 14 기 1분기
shift_up,SHIFT UP,01384787,462870,KRW,Q1_2026,2026,11013,First-quarter report,20260514001484,SCE,자본변동표,dart_EquityAtBeginningOfPeriod,기초자본,자본 [구성요소]|지배기업의 소유주에게 귀속되는 지분 [구성요소]|자본잉여금 [구성요소],,,2026,KRW,,,,527436611274,제 13 기 1분기,3,11013,fnlttSinglAcntAll,,532236026702,제 14 기 1분기
shift_up,SHIFT UP,01384787,462870,KRW,Q1_2026,2026,11013,First-quarter report,20260514001484,SCE,자본변동표,ifrs-full_ComprehensiveIncome,분기총포괄이익,자본 [구성요소]|지배기업의 소유주에게 귀속되는 지분 [구성요소],,,2026,KRW,,,,26846163984,제 13 기 1분기,4,11013,fnlttSinglAcntAll,,37796183307,제 14 기 1분기
shift_up,SHIFT UP,01384787,462870,KRW,Q1_2026,2026,11013,First-quarter report,20260514001484,SCE,자본변동표,ifrs-full_ComprehensiveIncome,분기총포괄이익,자본 [구성요소]|비지배지분 [구성요소],,,2026,KRW,,,,0,제 13 기 1분기,4,11013,fnlttSinglAcntAll,,0,제 14 기 1분기
shift_up,SHIFT UP,01384787,462870,KRW,Q1_2026,2026,11013,First-quarter report,20260514001484,SCE,자본변동표,ifrs-full_ComprehensiveIncome,분기총포괄이익,연결재무제표 [member],,,2026,KRW,,,,26846163984,제 13 기 1분기,4,11013,fnlttSinglAcntAll,,37796183307,제 14 기 1분기
shift_up,SHIFT UP,01384787,462870,KRW,Q1_2026,2026,11013,First-quarter report,20260514001484,SCE,자본변동표,ifrs-full_ComprehensiveIncome,분기총포괄이익,자본 [구성요소]|지배기업의 소유주에게 귀속되는 지분 [구성요소]|기타자본,,,2026,KRW,,,,0,제 13 기 1분기,4,11013,fnlttSinglAcntAll,,0,제 14 기 1분기
shift_up,SHIFT UP,01384787,462870,KRW,Q1_2026,2026,11013,First-quarter report,20260514001484,SCE,자본변동표,ifrs-full_ComprehensiveIncome,분기총포괄이익,자본 [구성요소]|지배기업의 소유주에게 귀속되는 지분 [구성요소]|자본잉여금 [구성요소],,,2026,KRW,,,,0,제 13 기 1분기,4,11013,fnlttSinglAcntAll,,0,제 14 기 1분기
shift_up,SHIFT UP,01384787,462870,KRW,Q1_2026,2026,11013,First-quarter report,20260514001484,SCE,자본변동표,ifrs-full_ComprehensiveIncome,분기총포괄이익,자본 [구성요소]|지배기업의 소유주에게 귀속되는 지분 [구성요소]|자본금 [구성요소],,,2026,KRW,,,,0,제 13 기 1분기,4,11013,fnlttSinglAcntAll,,0,제 14 기 1분기
shift_up,SHIFT UP,01384787,462870,KRW,Q1_2026,2026,11013,First-quarter report,20260514001484,SCE,자본변동표,ifrs-full_ComprehensiveIncome,분기총포괄이익,자본 [구성요소]|지배기업의 소유주에게 귀속되는 지분 [구성요소]|이익잉여금 (결손금) [구성요소],,,2026,KRW,,,,26846163984,제 13 기 1분기,4,11013,fnlttSinglAcntAll,,37796183307,제 14 기 1분기
shift_up,SHIFT UP,01384787,462870,KRW,Q1_2026,2026,11013,First-quarter report,20260514001484,SCE,자본변동표,ifrs-full_ComprehensiveIncome,분기총포괄이익,자본 [구성요소]|지배기업의 소유주에게 귀속되는 지분 [구성요소]|기타포괄손익누계액 [구성요소],,,2026,KRW,,,,0,제 13 기 1분기,4,11013,fnlttSinglAcntAll,,0,제 14 기 1분기
shift_up,SHIFT UP,01384787,462870,KRW,Q1_2026,2026,11013,First-quarter report,20260514001484,SCE,자본변동표,ifrs-full_ProfitLoss,분기순이익,연결재무제표 [member],,,2026,KRW,,,,26846163984,제 13 기 1분기,5,11013,fnlttSinglAcntAll,,37796183307,제 14 기 1분기
shift_up,SHIFT UP,01384787,462870,KRW,Q1_2026,2026,11013,First-quarter report,20260514001484,SCE,자본변동표,ifrs-full_ProfitLoss,분기순이익,자본 [구성요소]|비지배지분 [구성요소],,,2026,KRW,,,,0,제 13 기 1분기,5,11013,fnlttSinglAcntAll,,0,제 14 기 1분기
shift_up,SHIFT UP,01384787,462870,KRW,Q1_2026,2026,11013,First-quarter report,20260514001484,SCE,자본변동표,ifrs-full_ProfitLoss,분기순이익,자본 [구성요소]|지배기업의 소유주에게 귀속되는 지분 [구성요소],,,2026,KRW,,,,26846163984,제 13 기 1분기,5,11013,fnlttSinglAcntAll,,37796183307,제 14 기 1분기
shift_up,SHIFT UP,01384787,462870,KRW,Q1_2026,2026,11013,First-quarter report,20260514001484,SCE,자본변동표,ifrs-full_ProfitLoss,분기순이익,자본 [구성요소]|지배기업의 소유주에게 귀속되는 지분 [구성요소]|자본금 [구성요소],,,2026,KRW,,,,0,제 13 기 1분기,5,11013,fnlttSinglAcntAll,,0,제 14 기 1분기
shift_up,SHIFT UP,01384787,462870,KRW,Q1_2026,2026,11013,First-quarter report,20260514001484,SCE,자본변동표,ifrs-full_ProfitLoss,분기순이익,자본 [구성요소]|지배기업의 소유주에게 귀속되는 지분 [구성요소]|이익잉여금 (결손금) [구성요소],,,2026,KRW,,,,26846163984,제 13 기 1분기,5,11013,fnlttSinglAcntAll,,37796183307,제 14 기 1분기
shift_up,SHIFT UP,01384787,462870,KRW,Q1_2026,2026,11013,First-quarter report,20260514001484,SCE,자본변동표,ifrs-full_ProfitLoss,분기순이익,자본 [구성요소]|지배기업의 소유주에게 귀속되는 지분 [구성요소]|기타포괄손익누계액 [구성요소],,,2026,KRW,,,,0,제 13 기 1분기,5,11013,fnlttSinglAcntAll,,0,제 14 기 1분기
shift_up,SHIFT UP,01384787,462870,KRW,Q1_2026,2026,11013,First-quarter report,20260514001484,SCE,자본변동표,ifrs-full_ProfitLoss,분기순이익,자본 [구성요소]|지배기업의 소유주에게 귀속되는 지분 [구성요소]|기타자본,,,2026,KRW,,,,0,제 13 기 1분기,5,11013,fnlttSinglAcntAll,,0,제 14 기 1분기
shift_up,SHIFT UP,01384787,462870,KRW,Q1_2026,2026,11013,First-quarter report,20260514001484,SCE,자본변동표,ifrs-full_ProfitLoss,분기순이익,자본 [구성요소]|지배기업의 소유주에게 귀속되는 지분 [구성요소]|자본잉여금 [구성요소],,,2026,KRW,,,,0,제 13 기 1분기,5,11013,fnlttSinglAcntAll,,0,제 14 기 1분기
shift_up,SHIFT UP,01384787,462870,KRW,Q1_2026,2026,11013,First-quarter report,20260514001484,SCE,자본변동표,ifrs-full_Equity,자본 총계,연결재무제표 [member],,,2026,KRW,,921190987215,,790943052219,제 13 기 1분기,6,11013,fnlttSinglAcntAll,,955528968096,제 14 기 1분기
shift_up,SHIFT UP,01384787,462870,KRW,Q1_2026,2026,11013,First-quarter report,20260514001484,SCE,자본변동표,ifrs-full_Equity,자본 총계,자본 [구성요소]|비지배지분 [구성요소],,,2026,KRW,,,,0,제 13 기 1분기,6,11013,fnlttSinglAcntAll,,0,제 14 기 1분기
shift_up,SHIFT UP,01384787,462870,KRW,Q1_2026,2026,11013,First-quarter report,20260514001484,SCE,자본변동표,ifrs-full_Equity,자본 총계,자본 [구성요소]|지배기업의 소유주에게 귀속되는 지분 [구성요소],,,2026,KRW,,,,790943052219,제 13 기 1분기,6,11013,fnlttSinglAcntAll,,955528968096,제 14 기 1분기
shift_up,SHIFT UP,01384787,462870,KRW,Q1_2026,2026,11013,First-quarter report,20260514001484,SCE,자본변동표,ifrs-full_Equity,자본 총계,자본 [구성요소]|지배기업의 소유주에게 귀속되는 지분 [구성요소]|기타자본,,,2026,KRW,,,,3769754000,제 13 기 1분기,6,11013,fnlttSinglAcntAll,,-33581717592,제 14 기 1분기
shift_up,SHIFT UP,01384787,462870,KRW,Q1_2026,2026,11013,First-quarter report,20260514001484,SCE,자본변동표,ifrs-full_Equity,자본 총계,자본 [구성요소]|지배기업의 소유주에게 귀속되는 지분 [구성요소]|기타포괄손익누계액 [구성요소],,,2026,KRW,,,,-51231401,제 13 기 1분기,6,11013,fnlttSinglAcntAll,,13674651200,제 14 기 1분기
shift_up,SHIFT UP,01384787,462870,KRW,Q1_2026,2026,11013,First-quarter report,20260514001484,SCE,자본변동표,ifrs-full_Equity,자본 총계,자본 [구성요소]|지배기업의 소유주에게 귀속되는 지분 [구성요소]|이익잉여금 (결손금) [구성요소],,,2026,KRW,,,,245916849346,제 13 기 1분기,6,11013,fnlttSinglAcntAll,,431082406646,제 14 기 1분기
shift_up,SHIFT UP,01384787,462870,KRW,Q1_2026,2026,11013,First-quarter report,20260514001484,SCE,자본변동표,ifrs-full_Equity,자본 총계,자본 [구성요소]|지배기업의 소유주에게 귀속되는 지분 [구성요소]|자본금 [구성요소],,,2026,KRW,,,,11696944000,제 13 기 1분기,6,11013,fnlttSinglAcntAll,,11796868000,제 14 기 1분기
shift_up,SHIFT UP,01384787,462870,KRW,Q1_2026,2026,11013,First-quarter report,20260514001484,SCE,자본변동표,ifrs-full_Equity,자본 총계,자본 [구성요소]|지배기업의 소유주에게 귀속되는 지분 [구성요소]|자본잉여금 [구성요소],,,2026,KRW,,,,529610736274,제 13 기 1분기,6,11013,fnlttSinglAcntAll,,532556759842,제 14 기 1분기
shift_up,SHIFT UP,01384787,462870,KRW,Q1_2026,2026,11013,First-quarter report,20260514001484,SCE,자본변동표,ifrs-full_IncreaseDecreaseThroughTransactionsWithOwners,자본에 직접 인식된 소유주와의 거래,자본 [구성요소]|지배기업의 소유주에게 귀속되는 지분 [구성요소]|기타포괄손익누계액 [구성요소],,,2026,KRW,,,,0,제 13 기 1분기,7,11013,fnlttSinglAcntAll,,0,제 14 기 1분기
shift_up,SHIFT UP,01384787,462870,KRW,Q1_2026,2026,11013,First-quarter report,20260514001484,SCE,자본변동표,ifrs-full_IncreaseDecreaseThroughTransactionsWithOwners,자본에 직접 인식된 소유주와의 거래,자본 [구성요소]|지배기업의 소유주에게 귀속되는 지분 [구성요소]|이익잉여금 (결손금) [구성요소],,,2026,KRW,,,,0,제 13 기 1분기,7,11013,fnlttSinglAcntAll,,-17214909720,제 14 기 1분기
shift_up,SHIFT UP,01384787,462870,KRW,Q1_2026,2026,11013,First-quarter report,20260514001484,SCE,자본변동표,ifrs-full_IncreaseDecreaseThroughTransactionsWithOwners,자본에 직접 인식된 소유주와의 거래,자본 [구성요소]|지배기업의 소유주에게 귀속되는 지분 [구성요소]|자본잉여금 [구성요소],,,2026,KRW,,,,2174125000,제 13 기 1분기,7,11013,fnlttSinglAcntAll,,320733140,제 14 기 1분기
shift_up,SHIFT UP,01384787,462870,KRW,Q1_2026,2026,11013,First-quarter report,20260514001484,SCE,자본변동표,ifrs-full_IncreaseDecreaseThroughTransactionsWithOwners,자본에 직접 인식된 소유주와의 거래,연결재무제표 [member],,,2026,KRW,,,,-307247370,제 13 기 1분기,7,11013,fnlttSinglAcntAll,,-3458202426,제 14 기 1분기
shift_up,SHIFT UP,01384787,462870,KRW,Q1_2026,2026,11013,First-quarter report,20260514001484,SCE,자본변동표,ifrs-full_IncreaseDecreaseThroughTransactionsWithOwners,자본에 직접 인식된 소유주와의 거래,자본 [구성요소]|비지배지분 [구성요소],,,2026,KRW,,,,0,제 13 기 1분기,7,11013,fnlttSinglAcntAll,,0,제 14 기 1분기
shift_up,SHIFT UP,01384787,462870,KRW,Q1_2026,2026,11013,First-quarter report,20260514001484,SCE,자본변동표,ifrs-full_IncreaseDecreaseThroughTransactionsWithOwners,자본에 직접 인식된 소유주와의 거래,자본 [구성요소]|지배기업의 소유주에게 귀속되는 지분 [구성요소],,,2026,KRW,,,,-307247370,제 13 기 1분기,7,11013,fnlttSinglAcntAll,,-3458202426,제 14 기 1분기
shift_up,SHIFT UP,01384787,462870,KRW,Q1_2026,2026,11013,First-quarter report,20260514001484,SCE,자본변동표,ifrs-full_IncreaseDecreaseThroughTransactionsWithOwners,자본에 직접 인식된 소유주와의 거래,자본 [구성요소]|지배기업의 소유주에게 귀속되는 지분 [구성요소]|기타자본,,,2026,KRW,,,,-2511372370,제 13 기 1분기,7,11013,fnlttSinglAcntAll,,13431394154,제 14 기 1분기
shift_up,SHIFT UP,01384787,462870,KRW,Q1_2026,2026,11013,First-quarter report,20260514001484,SCE,자본변동표,ifrs-full_IncreaseDecreaseThroughTransactionsWithOwners,자본에 직접 인식된 소유주와의 거래,자본 [구성요소]|지배기업의 소유주에게 귀속되는 지분 [구성요소]|자본금 [구성요소],,,2026,KRW,,,,30000000,제 13 기 1분기,7,11013,fnlttSinglAcntAll,,4580000,제 14 기 1분기
shift_up,SHIFT UP,01384787,462870,KRW,Q1_2026,2026,11013,First-quarter report,20260514001484,SCE,자본변동표,ifrs-full_CancellationOfTreasuryShares,자기주식 소각,연결재무제표 [member],,,2026,KRW,,,,,제 13 기 1분기,8,11013,fnlttSinglAcntAll,,0,제 14 기 1분기
shift_up,SHIFT UP,01384787,462870,KRW,Q1_2026,2026,11013,First-quarter report,20260514001484,SCE,자본변동표,ifrs-full_CancellationOfTreasuryShares,자기주식 소각,자본 [구성요소]|지배기업의 소유주에게 귀속되는 지분 [구성요소]|자본금 [구성요소],,,2026,KRW,,,,,제 13 기 1분기,8,11013,fnlttSinglAcntAll,,0,제 14 기 1분기
shift_up,SHIFT UP,01384787,462870,KRW,Q1_2026,2026,11013,First-quarter report,20260514001484,SCE,자본변동표,ifrs-full_CancellationOfTreasuryShares,자기주식 소각,자본 [구성요소]|지배기업의 소유주에게 귀속되는 지분 [구성요소]|이익잉여금 (결손금) [구성요소],,,2026,KRW,,,,,제 13 기 1분기,8,11013,fnlttSinglAcntAll,,-17214909720,제 14 기 1분기
shift_up,SHIFT UP,01384787,462870,KRW,Q1_2026,2026,11013,First-quarter report,20260514001484,SCE,자본변동표,ifrs-full_CancellationOfTreasuryShares,자기주식 소각,자본 [구성요소]|지배기업의 소유주에게 귀속되는 지분 [구성요소]|기타포괄손익누계액 [구성요소],,,2026,KRW,,,,,제 13 기 1분기,8,11013,fnlttSinglAcntAll,,0,제 14 기 1분기
shift_up,SHIFT UP,01384787,462870,KRW,Q1_2026,2026,11013,First-quarter report,20260514001484,SCE,자본변동표,ifrs-full_CancellationOfTreasuryShares,자기주식 소각,자본 [구성요소]|지배기업의 소유주에게 귀속되는 지분 [구성요소]|기타자본,,,2026,KRW,,,,,제 13 기 1분기,8,11013,fnlttSinglAcntAll,,17214909720,제 14 기 1분기
shift_up,SHIFT UP,01384787,462870,KRW,Q1_2026,2026,11013,First-quarter report,20260514001484,SCE,자본변동표,ifrs-full_CancellationOfTreasuryShares,자기주식 소각,자본 [구성요소]|지배기업의 소유주에게 귀속되는 지분 [구성요소],,,2026,KRW,,,,,제 13 기 1분기,8,11013,fnlttSinglAcntAll,,0,제 14 기 1분기
shift_up,SHIFT UP,01384787,462870,KRW,Q1_2026,2026,11013,First-quarter report,20260514001484,SCE,자본변동표,ifrs-full_CancellationOfTreasuryShares,자기주식 소각,자본 [구성요소]|비지배지분 [구성요소],,,2026,KRW,,,,,제 13 기 1분기,8,11013,fnlttSinglAcntAll,,0,제 14 기 1분기
shift_up,SHIFT UP,01384787,462870,KRW,Q1_2026,2026,11013,First-quarter report,20260514001484,SCE,자본변동표,ifrs-full_CancellationOfTreasuryShares,자기주식 소각,자본 [구성요소]|지배기업의 소유주에게 귀속되는 지분 [구성요소]|자본잉여금 [구성요소],,,2026,KRW,,,,,제 13 기 1분기,8,11013,fnlttSinglAcntAll,,0,제 14 기 1분기
shift_up,SHIFT UP,01384787,462870,KRW,Q1_2026,2026,11013,First-quarter report,20260514001484,SCE,자본변동표,ifrs-full_IncreaseDecreaseThroughExerciseOfWarrantsEquity,주식선택권 행사,자본 [구성요소]|지배기업의 소유주에게 귀속되는 지분 [구성요소],,,2026,KRW,,,,176550000,제 13 기 1분기,9,11013,fnlttSinglAcntAll,,4073400,제 14 기 1분기
shift_up,SHIFT UP,01384787,462870,KRW,Q1_2026,2026,11013,First-quarter report,20260514001484,SCE,자본변동표,ifrs-full_IncreaseDecreaseThroughExerciseOfWarrantsEquity,주식선택권 행사,자본 [구성요소]|비지배지분 [구성요소],,,2026,KRW,,,,0,제 13 기 1분기,9,11013,fnlttSinglAcntAll,,0,제 14 기 1분기
shift_up,SHIFT UP,01384787,462870,KRW,Q1_2026,2026,11013,First-quarter report,20260514001484,SCE,자본변동표,ifrs-full_IncreaseDecreaseThroughExerciseOfWarrantsEquity,주식선택권 행사,연결재무제표 [member],,,2026,KRW,,,,176550000,제 13 기 1분기,9,11013,fnlttSinglAcntAll,,4073400,제 14 기 1분기
shift_up,SHIFT UP,01384787,462870,KRW,Q1_2026,2026,11013,First-quarter report,20260514001484,SCE,자본변동표,ifrs-full_IncreaseDecreaseThroughExerciseOfWarrantsEquity,주식선택권 행사,자본 [구성요소]|지배기업의 소유주에게 귀속되는 지분 [구성요소]|기타자본,,,2026,KRW,,,,-2027575000,제 13 기 1분기,9,11013,fnlttSinglAcntAll,,-321239740,제 14 기 1분기
shift_up,SHIFT UP,01384787,462870,KRW,Q1_2026,2026,11013,First-quarter report,20260514001484,SCE,자본변동표,ifrs-full_IncreaseDecreaseThroughExerciseOfWarrantsEquity,주식선택권 행사,자본 [구성요소]|지배기업의 소유주에게 귀속되는 지분 [구성요소]|자본잉여금 [구성요소],,,2026,KRW,,,,2174125000,제 13 기 1분기,9,11013,fnlttSinglAcntAll,,320733140,제 14 기 1분기
shift_up,SHIFT UP,01384787,462870,KRW,Q1_2026,2026,11013,First-quarter report,20260514001484,SCE,자본변동표,ifrs-full_IncreaseDecreaseThroughExerciseOfWarrantsEquity,주식선택권 행사,자본 [구성요소]|지배기업의 소유주에게 귀속되는 지분 [구성요소]|자본금 [구성요소],,,2026,KRW,,,,30000000,제 13 기 1분기,9,11013,fnlttSinglAcntAll,,4580000,제 14 기 1분기
shift_up,SHIFT UP,01384787,462870,KRW,Q1_2026,2026,11013,First-quarter report,20260514001484,SCE,자본변동표,ifrs-full_IncreaseDecreaseThroughExerciseOfWarrantsEquity,주식선택권 행사,자본 [구성요소]|지배기업의 소유주에게 귀속되는 지분 [구성요소]|이익잉여금 (결손금) [구성요소],,,2026,KRW,,,,0,제 13 기 1분기,9,11013,fnlttSinglAcntAll,,0,제 14 기 1분기
shift_up,SHIFT UP,01384787,462870,KRW,Q1_2026,2026,11013,First-quarter report,20260514001484,SCE,자본변동표,ifrs-full_IncreaseDecreaseThroughExerciseOfWarrantsEquity,주식선택권 행사,자본 [구성요소]|지배기업의 소유주에게 귀속되는 지분 [구성요소]|기타포괄손익누계액 [구성요소],,,2026,KRW,,,,0,제 13 기 1분기,9,11013,fnlttSinglAcntAll,,0,제 14 기 1분기
shift_up,SHIFT UP,01384787,462870,KRW,Q1_2026,2026,11013,First-quarter report,20260514001484,SCE,자본변동표,ifrs-full_IncreaseDecreaseThroughSharebasedPaymentTransactions,주식보상비용,연결재무제표 [member],,,2026,KRW,,,,-483797370,제 13 기 1분기,10,11013,fnlttSinglAcntAll,,933122999,제 14 기 1분기
shift_up,SHIFT UP,01384787,462870,KRW,Q1_2026,2026,11013,First-quarter report,20260514001484,SCE,자본변동표,ifrs-full_IncreaseDecreaseThroughSharebasedPaymentTransactions,주식보상비용,자본 [구성요소]|비지배지분 [구성요소],,,2026,KRW,,,,0,제 13 기 1분기,10,11013,fnlttSinglAcntAll,,0,제 14 기 1분기
shift_up,SHIFT UP,01384787,462870,KRW,Q1_2026,2026,11013,First-quarter report,20260514001484,SCE,자본변동표,ifrs-full_IncreaseDecreaseThroughSharebasedPaymentTransactions,주식보상비용,자본 [구성요소]|지배기업의 소유주에게 귀속되는 지분 [구성요소]|자본잉여금 [구성요소],,,2026,KRW,,,,0,제 13 기 1분기,10,11013,fnlttSinglAcntAll,,0,제 14 기 1분기
shift_up,SHIFT UP,01384787,462870,KRW,Q1_2026,2026,11013,First-quarter report,20260514001484,SCE,자본변동표,ifrs-full_IncreaseDecreaseThroughSharebasedPaymentTransactions,주식보상비용,자본 [구성요소]|지배기업의 소유주에게 귀속되는 지분 [구성요소]|자본금 [구성요소],,,2026,KRW,,,,0,제 13 기 1분기,10,11013,fnlttSinglAcntAll,,0,제 14 기 1분기
shift_up,SHIFT UP,01384787,462870,KRW,Q1_2026,2026,11013,First-quarter report,20260514001484,SCE,자본변동표,ifrs-full_IncreaseDecreaseThroughSharebasedPaymentTransactions,주식보상비용,자본 [구성요소]|지배기업의 소유주에게 귀속되는 지분 [구성요소]|이익잉여금 (결손금) [구성요소],,,2026,KRW,,,,0,제 13 기 1분기,10,11013,fnlttSinglAcntAll,,0,제 14 기 1분기
shift_up,SHIFT UP,01384787,462870,KRW,Q1_2026,2026,11013,First-quarter report,20260514001484,SCE,자본변동표,ifrs-full_IncreaseDecreaseThroughSharebasedPaymentTransactions,주식보상비용,자본 [구성요소]|지배기업의 소유주에게 귀속되는 지분 [구성요소]|기타포괄손익누계액 [구성요소],,,2026,KRW,,,,0,제 13 기 1분기,10,11013,fnlttSinglAcntAll,,0,제 14 기 1분기
shift_up,SHIFT UP,01384787,462870,KRW,Q1_2026,2026,11013,First-quarter report,20260514001484,SCE,자본변동표,ifrs-full_IncreaseDecreaseThroughSharebasedPaymentTransactions,주식보상비용,자본 [구성요소]|지배기업의 소유주에게 귀속되는 지분 [구성요소]|기타자본,,,2026,KRW,,,,-483797370,제 13 기 1분기,10,11013,fnlttSinglAcntAll,,933122999,제 14 기 1분기
shift_up,SHIFT UP,01384787,462870,KRW,Q1_2026,2026,11013,First-quarter report,20260514001484,SCE,자본변동표,ifrs-full_IncreaseDecreaseThroughSharebasedPaymentTransactions,주식보상비용,자본 [구성요소]|지배기업의 소유주에게 귀속되는 지분 [구성요소],,,2026,KRW,,,,-483797370,제 13 기 1분기,10,11013,fnlttSinglAcntAll,,933122999,제 14 기 1분기
shift_up,SHIFT UP,01384787,462870,KRW,Q1_2026,2026,11013,First-quarter report,20260514001484,SCE,자본변동표,ifrs-full_PurchaseOfTreasuryShares,자기주식의 취득,자본 [구성요소]|지배기업의 소유주에게 귀속되는 지분 [구성요소]|자본금 [구성요소],,,2026,KRW,,,,,제 13 기 1분기,11,11013,fnlttSinglAcntAll,,0,제 14 기 1분기
shift_up,SHIFT UP,01384787,462870,KRW,Q1_2026,2026,11013,First-quarter report,20260514001484,SCE,자본변동표,ifrs-full_PurchaseOfTreasuryShares,자기주식의 취득,자본 [구성요소]|지배기업의 소유주에게 귀속되는 지분 [구성요소]|기타자본,,,2026,KRW,,,,,제 13 기 1분기,11,11013,fnlttSinglAcntAll,,4395398825,제 14 기 1분기
shift_up,SHIFT UP,01384787,462870,KRW,Q1_2026,2026,11013,First-quarter report,20260514001484,SCE,자본변동표,ifrs-full_PurchaseOfTreasuryShares,자기주식의 취득,자본 [구성요소]|지배기업의 소유주에게 귀속되는 지분 [구성요소],,,2026,KRW,,,,,제 13 기 1분기,11,11013,fnlttSinglAcntAll,,4395398825,제 14 기 1분기
shift_up,SHIFT UP,01384787,462870,KRW,Q1_2026,2026,11013,First-quarter report,20260514001484,SCE,자본변동표,ifrs-full_PurchaseOfTreasuryShares,자기주식의 취득,자본 [구성요소]|비지배지분 [구성요소],,,2026,KRW,,,,,제 13 기 1분기,11,11013,fnlttSinglAcntAll,,0,제 14 기 1분기
shift_up,SHIFT UP,01384787,462870,KRW,Q1_2026,2026,11013,First-quarter report,20260514001484,SCE,자본변동표,ifrs-full_PurchaseOfTreasuryShares,자기주식의 취득,연결재무제표 [member],,,2026,KRW,,,,,제 13 기 1분기,11,11013,fnlttSinglAcntAll,,4395398825,제 14 기 1분기
shift_up,SHIFT UP,01384787,462870,KRW,Q1_2026,2026,11013,First-quarter report,20260514001484,SCE,자본변동표,ifrs-full_PurchaseOfTreasuryShares,자기주식의 취득,자본 [구성요소]|지배기업의 소유주에게 귀속되는 지분 [구성요소]|기타포괄손익누계액 [구성요소],,,2026,KRW,,,,,제 13 기 1분기,11,11013,fnlttSinglAcntAll,,0,제 14 기 1분기
shift_up,SHIFT UP,01384787,462870,KRW,Q1_2026,2026,11013,First-quarter report,20260514001484,SCE,자본변동표,ifrs-full_PurchaseOfTreasuryShares,자기주식의 취득,자본 [구성요소]|지배기업의 소유주에게 귀속되는 지분 [구성요소]|이익잉여금 (결손금) [구성요소],,,2026,KRW,,,,,제 13 기 1분기,11,11013,fnlttSinglAcntAll,,0,제 14 기 1분기
shift_up,SHIFT UP,01384787,462870,KRW,Q1_2026,2026,11013,First-quarter report,20260514001484,SCE,자본변동표,ifrs-full_PurchaseOfTreasuryShares,자기주식의 취득,자본 [구성요소]|지배기업의 소유주에게 귀속되는 지분 [구성요소]|자본잉여금 [구성요소],,,2026,KRW,,,,,제 13 기 1분기,11,11013,fnlttSinglAcntAll,,0,제 14 기 1분기
