company_id,company_name,corp_code,stock_code,reporting_currency,period_label,business_year,report_code,report_name,rcept_no,sj_div,sj_nm,account_id,account_nm,account_detail,bfefrmtrm_amount,bfefrmtrm_nm,bsns_year,currency,frmtrm_add_amount,frmtrm_amount,frmtrm_nm,frmtrm_q_amount,frmtrm_q_nm,ord,reprt_code,source_endpoint,thstrm_add_amount,thstrm_amount,thstrm_nm
samyang_foods,Samyang Foods,00126955,003230,KRW,FY2025,2025,11011,Annual report,20260318001082,BS,재무상태표,ifrs-full_Assets,자산총계,-,1170302770895,제 63 기,2025,KRW,,1594782196967,제 64 기,,,7,11011,fnlttSinglAcntAll,,2196495586892,제 65 기
samyang_foods,Samyang Foods,00126955,003230,KRW,FY2025,2025,11011,Annual report,20260318001082,BS,재무상태표,ifrs-full_CurrentAssets,유동자산,-,492073951173,제 63 기,2025,KRW,,676663603748,제 64 기,,,8,11011,fnlttSinglAcntAll,,872933619483,제 65 기
samyang_foods,Samyang Foods,00126955,003230,KRW,FY2025,2025,11011,Annual report,20260318001082,BS,재무상태표,ifrs-full_CashAndCashEquivalents,현금및현금성자산,-,218684811276,제 63 기,2025,KRW,,334820783660,제 64 기,,,9,11011,fnlttSinglAcntAll,,332840576772,제 65 기
samyang_foods,Samyang Foods,00126955,003230,KRW,FY2025,2025,11011,Annual report,20260318001082,BS,재무상태표,ifrs-full_CurrentFinanceLeaseReceivables,유동성리스채권,-,0,제 63 기,2025,KRW,,602635482,제 64 기,,,10,11011,fnlttSinglAcntAll,,564054261,제 65 기
samyang_foods,Samyang Foods,00126955,003230,KRW,FY2025,2025,11011,Annual report,20260318001082,BS,재무상태표,ifrs-full_CurrentTaxAssets,당기법인세자산,-,157169923,제 63 기,2025,KRW,,812846827,제 64 기,,,11,11011,fnlttSinglAcntAll,,2222922961,제 65 기
samyang_foods,Samyang Foods,00126955,003230,KRW,FY2025,2025,11011,Annual report,20260318001082,BS,재무상태표,ifrs-full_CurrentTradeReceivables,매출채권,-,79845300784,제 63 기,2025,KRW,,136843205339,제 64 기,,,12,11011,fnlttSinglAcntAll,,185202492674,제 65 기
samyang_foods,Samyang Foods,00126955,003230,KRW,FY2025,2025,11011,Annual report,20260318001082,BS,재무상태표,ifrs-full_Inventories,재고자산,-,142175085782,제 63 기,2025,KRW,,148020437103,제 64 기,,,13,11011,fnlttSinglAcntAll,,245011080334,제 65 기
samyang_foods,Samyang Foods,00126955,003230,KRW,FY2025,2025,11011,Annual report,20260318001082,BS,재무상태표,ifrs-full_OtherCurrentAssets,기타유동자산,-,26856734033,제 63 기,2025,KRW,,39019034079,제 64 기,,,14,11011,fnlttSinglAcntAll,,57970491009,제 65 기
samyang_foods,Samyang Foods,00126955,003230,KRW,FY2025,2025,11011,Annual report,20260318001082,BS,재무상태표,ifrs-full_OtherCurrentFinancialAssets,기타유동금융자산,-,2005548172,제 63 기,2025,KRW,,1879660018,제 64 기,,,15,11011,fnlttSinglAcntAll,,3879418399,제 65 기
samyang_foods,Samyang Foods,00126955,003230,KRW,FY2025,2025,11011,Annual report,20260318001082,BS,재무상태표,ifrs-full_ShorttermDepositsNotClassifiedAsCashEquivalents,단기금융자산,-,22349301203,제 63 기,2025,KRW,,14665001240,제 64 기,,,16,11011,fnlttSinglAcntAll,,45242583073,제 65 기
samyang_foods,Samyang Foods,00126955,003230,KRW,FY2025,2025,11011,Annual report,20260318001082,BS,재무상태표,ifrs-full_NoncurrentAssets,비유동자산,-,672964144204,제 63 기,2025,KRW,,912641020401,제 64 기,,,17,11011,fnlttSinglAcntAll,,1318297291891,제 65 기
samyang_foods,Samyang Foods,00126955,003230,KRW,FY2025,2025,11011,Annual report,20260318001082,BS,재무상태표,dart_LongTermDepositsNotClassifiedAsCashEquivalents,장기금융자산,-,6646119143,제 63 기,2025,KRW,,9207288639,제 64 기,,,18,11011,fnlttSinglAcntAll,,10624690886,제 65 기
samyang_foods,Samyang Foods,00126955,003230,KRW,FY2025,2025,11011,Annual report,20260318001082,BS,재무상태표,ifrs-full_DeferredTaxAssets,이연법인세자산,-,9989096837,제 63 기,2025,KRW,,15534037334,제 64 기,,,19,11011,fnlttSinglAcntAll,,17004572185,제 65 기
samyang_foods,Samyang Foods,00126955,003230,KRW,FY2025,2025,11011,Annual report,20260318001082,BS,재무상태표,ifrs-full_IntangibleAssetsAndGoodwill,무형자산,-,55463303312,제 63 기,2025,KRW,,57862203233,제 64 기,,,20,11011,fnlttSinglAcntAll,,67661839595,제 65 기
samyang_foods,Samyang Foods,00126955,003230,KRW,FY2025,2025,11011,Annual report,20260318001082,BS,재무상태표,ifrs-full_InvestmentAccountedForUsingEquityMethod,관계기업 및 공동기업투자,-,3184216818,제 63 기,2025,KRW,,3199109894,제 64 기,,,21,11011,fnlttSinglAcntAll,,3220145706,제 65 기
samyang_foods,Samyang Foods,00126955,003230,KRW,FY2025,2025,11011,Annual report,20260318001082,BS,재무상태표,ifrs-full_InvestmentProperty,투자부동산,-,9321890528,제 63 기,2025,KRW,,10560822271,제 64 기,,,22,11011,fnlttSinglAcntAll,,38080755651,제 65 기
samyang_foods,Samyang Foods,00126955,003230,KRW,FY2025,2025,11011,Annual report,20260318001082,BS,재무상태표,ifrs-full_NoncurrentBiologicalAssets,생물자산,-,1261968073,제 63 기,2025,KRW,,1255684988,제 64 기,,,23,11011,fnlttSinglAcntAll,,1312785012,제 65 기
samyang_foods,Samyang Foods,00126955,003230,KRW,FY2025,2025,11011,Annual report,20260318001082,BS,재무상태표,ifrs-full_NoncurrentFinanceLeaseReceivables,비유동성리스채권,-,0,제 63 기,2025,KRW,,1001134607,제 64 기,,,24,11011,fnlttSinglAcntAll,,458281526,제 65 기
samyang_foods,Samyang Foods,00126955,003230,KRW,FY2025,2025,11011,Annual report,20260318001082,BS,재무상태표,ifrs-full_NoncurrentRecognisedAssetsDefinedBenefitPlan,순확정급여자산,-,6270805784,제 63 기,2025,KRW,,6691025416,제 64 기,,,25,11011,fnlttSinglAcntAll,,7154435430,제 65 기
samyang_foods,Samyang Foods,00126955,003230,KRW,FY2025,2025,11011,Annual report,20260318001082,BS,재무상태표,ifrs-full_OtherNoncurrentAssets,기타비유동자산,-,3412912304,제 63 기,2025,KRW,,2162819135,제 64 기,,,26,11011,fnlttSinglAcntAll,,2077716141,제 65 기
samyang_foods,Samyang Foods,00126955,003230,KRW,FY2025,2025,11011,Annual report,20260318001082,BS,재무상태표,ifrs-full_OtherNoncurrentFinancialAssets,기타비유동금융자산,-,737806816,제 63 기,2025,KRW,,3416284495,제 64 기,,,27,11011,fnlttSinglAcntAll,,39818928425,제 65 기
samyang_foods,Samyang Foods,00126955,003230,KRW,FY2025,2025,11011,Annual report,20260318001082,BS,재무상태표,ifrs-full_PropertyPlantAndEquipment,유형자산,-,542993392414,제 63 기,2025,KRW,,748045744318,제 64 기,,,28,11011,fnlttSinglAcntAll,,1072621038802,제 65 기
samyang_foods,Samyang Foods,00126955,003230,KRW,FY2025,2025,11011,Annual report,20260318001082,BS,재무상태표,ifrs-full_RightofuseAssets,사용권자산,-,33682632175,제 63 기,2025,KRW,,53704866071,제 64 기,,,29,11011,fnlttSinglAcntAll,,58262102532,제 65 기
samyang_foods,Samyang Foods,00126955,003230,KRW,FY2025,2025,11011,Annual report,20260318001082,BS,재무상태표,ifrs-full_NoncurrentAssetsOrDisposalGroupsClassifiedAsHeldForSaleOrAsHeldForDistributionToOwners,매각예정비유동자산,-,5264675518,제 63 기,2025,KRW,,5477572818,제 64 기,,,30,11011,fnlttSinglAcntAll,,5264675518,제 65 기
samyang_foods,Samyang Foods,00126955,003230,KRW,FY2025,2025,11011,Annual report,20260318001082,BS,재무상태표,ifrs-full_Equity,자본총계,-,576790316113,제 63 기,2025,KRW,,828033342607,제 64 기,,,32,11011,fnlttSinglAcntAll,,1271540001153,제 65 기
samyang_foods,Samyang Foods,00126955,003230,KRW,FY2025,2025,11011,Annual report,20260318001082,BS,재무상태표,ifrs-full_EquityAttributableToOwnersOfParent,지배기업 소유주지분,-,564821445771,제 63 기,2025,KRW,,816847076602,제 64 기,,,33,11011,fnlttSinglAcntAll,,1255376104221,제 65 기
samyang_foods,Samyang Foods,00126955,003230,KRW,FY2025,2025,11011,Annual report,20260318001082,BS,재무상태표,dart_ElementsOfOtherStockholdersEquity,기타자본,-,4630404752,제 63 기,2025,KRW,,4630404752,제 64 기,,,34,11011,fnlttSinglAcntAll,,79468800312,제 65 기
samyang_foods,Samyang Foods,00126955,003230,KRW,FY2025,2025,11011,Annual report,20260318001082,BS,재무상태표,dart_OtherComprehensiveIncomeLossAccumulatedAmount,기타포괄손익누계액,-,317345697,제 63 기,2025,KRW,,4638458807,제 64 기,,,35,11011,fnlttSinglAcntAll,,8765380553,제 65 기
samyang_foods,Samyang Foods,00126955,003230,KRW,FY2025,2025,11011,Annual report,20260318001082,BS,재무상태표,ifrs-full_IssuedCapital,자본금,-,37665075000,제 63 기,2025,KRW,,37665075000,제 64 기,,,36,11011,fnlttSinglAcntAll,,37665075000,제 65 기
samyang_foods,Samyang Foods,00126955,003230,KRW,FY2025,2025,11011,Annual report,20260318001082,BS,재무상태표,ifrs-full_RetainedEarnings,이익잉여금,-,522208620322,제 63 기,2025,KRW,,769913138043,제 64 기,,,37,11011,fnlttSinglAcntAll,,1129476848356,제 65 기
samyang_foods,Samyang Foods,00126955,003230,KRW,FY2025,2025,11011,Annual report,20260318001082,BS,재무상태표,ifrs-full_NoncontrollingInterests,비지배지분,-,11968870342,제 63 기,2025,KRW,,11186266005,제 64 기,,,38,11011,fnlttSinglAcntAll,,16163896932,제 65 기
samyang_foods,Samyang Foods,00126955,003230,KRW,FY2025,2025,11011,Annual report,20260318001082,BS,재무상태표,ifrs-full_EquityAndLiabilities,자본과부채총계,-,1170302770895,제 63 기,2025,KRW,,1594782196967,제 64 기,,,39,11011,fnlttSinglAcntAll,,2196495586892,제 65 기
samyang_foods,Samyang Foods,00126955,003230,KRW,FY2025,2025,11011,Annual report,20260318001082,BS,재무상태표,ifrs-full_CurrentLiabilities,유동부채,-,402005197765,제 63 기,2025,KRW,,492425282678,제 64 기,,,41,11011,fnlttSinglAcntAll,,555472302432,제 65 기
samyang_foods,Samyang Foods,00126955,003230,KRW,FY2025,2025,11011,Annual report,20260318001082,BS,재무상태표,ifrs-full_CurrentDerivativeFinancialLiabilities,파생금융부채,-,0,제 63 기,2025,KRW,,10987521113,제 64 기,,,42,11011,fnlttSinglAcntAll,,0,제 65 기
samyang_foods,Samyang Foods,00126955,003230,KRW,FY2025,2025,11011,Annual report,20260318001082,BS,재무상태표,ifrs-full_CurrentLeaseLiabilities,유동성리스부채,-,6427220437,제 63 기,2025,KRW,,16688880548,제 64 기,,,43,11011,fnlttSinglAcntAll,,20256209280,제 65 기
samyang_foods,Samyang Foods,00126955,003230,KRW,FY2025,2025,11011,Annual report,20260318001082,BS,재무상태표,ifrs-full_CurrentPortionOfLongtermBorrowings,유동성장기부채,-,91297657154,제 63 기,2025,KRW,,24639360000,제 64 기,,,44,11011,fnlttSinglAcntAll,,50044472849,제 65 기
samyang_foods,Samyang Foods,00126955,003230,KRW,FY2025,2025,11011,Annual report,20260318001082,BS,재무상태표,ifrs-full_CurrentTaxLiabilities,당기법인세부채,-,24986940670,제 63 기,2025,KRW,,64923645843,제 64 기,,,45,11011,fnlttSinglAcntAll,,98458038376,제 65 기
samyang_foods,Samyang Foods,00126955,003230,KRW,FY2025,2025,11011,Annual report,20260318001082,BS,재무상태표,ifrs-full_OtherCurrentFinancialLiabilities,기타유동금융부채,-,66191970798,제 63 기,2025,KRW,,100633231765,제 64 기,,,46,11011,fnlttSinglAcntAll,,131224432893,제 65 기
samyang_foods,Samyang Foods,00126955,003230,KRW,FY2025,2025,11011,Annual report,20260318001082,BS,재무상태표,ifrs-full_OtherCurrentLiabilities,기타 유동부채,-,27243831492,제 63 기,2025,KRW,,48486405231,제 64 기,,,47,11011,fnlttSinglAcntAll,,27840877441,제 65 기
samyang_foods,Samyang Foods,00126955,003230,KRW,FY2025,2025,11011,Annual report,20260318001082,BS,재무상태표,ifrs-full_OtherShorttermProvisions,충당부채,-,3773565776,제 63 기,2025,KRW,,3753017316,제 64 기,,,48,11011,fnlttSinglAcntAll,,5671011238,제 65 기
samyang_foods,Samyang Foods,00126955,003230,KRW,FY2025,2025,11011,Annual report,20260318001082,BS,재무상태표,ifrs-full_ShorttermBorrowings,단기차입금,-,75543651352,제 63 기,2025,KRW,,77565680925,제 64 기,,,49,11011,fnlttSinglAcntAll,,92341086958,제 65 기
samyang_foods,Samyang Foods,00126955,003230,KRW,FY2025,2025,11011,Annual report,20260318001082,BS,재무상태표,ifrs-full_TradeAndOtherCurrentPayablesToTradeSuppliers,매입채무,-,106540360086,제 63 기,2025,KRW,,144747539937,제 64 기,,,50,11011,fnlttSinglAcntAll,,129636173397,제 65 기
samyang_foods,Samyang Foods,00126955,003230,KRW,FY2025,2025,11011,Annual report,20260318001082,BS,재무상태표,ifrs-full_Liabilities,부채총계,-,593512454782,제 63 기,2025,KRW,,766748854360,제 64 기,,,51,11011,fnlttSinglAcntAll,,924955585739,제 65 기
samyang_foods,Samyang Foods,00126955,003230,KRW,FY2025,2025,11011,Annual report,20260318001082,BS,재무상태표,ifrs-full_NoncurrentLiabilities,비유동부채,-,191507257017,제 63 기,2025,KRW,,274323571682,제 64 기,,,52,11011,fnlttSinglAcntAll,,369483283307,제 65 기
samyang_foods,Samyang Foods,00126955,003230,KRW,FY2025,2025,11011,Annual report,20260318001082,BS,재무상태표,ifrs-full_DeferredTaxLiabilities,이연법인세부채,-,22335098618,제 63 기,2025,KRW,,19658104741,제 64 기,,,53,11011,fnlttSinglAcntAll,,27636885772,제 65 기
samyang_foods,Samyang Foods,00126955,003230,KRW,FY2025,2025,11011,Annual report,20260318001082,BS,재무상태표,ifrs-full_LongtermBorrowings,장기차입금,-,140667580000,제 63 기,2025,KRW,,210595812588,제 64 기,,,54,11011,fnlttSinglAcntAll,,296883771998,제 65 기
samyang_foods,Samyang Foods,00126955,003230,KRW,FY2025,2025,11011,Annual report,20260318001082,BS,재무상태표,ifrs-full_LongtermProvisionForDecommissioningRestorationAndRehabilitationCosts,복구충당부채,-,0,제 63 기,2025,KRW,,387714513,제 64 기,,,55,11011,fnlttSinglAcntAll,,621541752,제 65 기
samyang_foods,Samyang Foods,00126955,003230,KRW,FY2025,2025,11011,Annual report,20260318001082,BS,재무상태표,ifrs-full_NoncurrentLeaseLiabilities,비유동 리스부채,-,27603461086,제 63 기,2025,KRW,,43433663105,제 64 기,,,56,11011,fnlttSinglAcntAll,,43123674006,제 65 기
samyang_foods,Samyang Foods,00126955,003230,KRW,FY2025,2025,11011,Annual report,20260318001082,BS,재무상태표,ifrs-full_NoncurrentRecognisedLiabilitiesDefinedBenefitPlan,순확정급여부채,-,0,제 63 기,2025,KRW,,0,제 64 기,,,57,11011,fnlttSinglAcntAll,,1041801794,제 65 기
samyang_foods,Samyang Foods,00126955,003230,KRW,FY2025,2025,11011,Annual report,20260318001082,BS,재무상태표,ifrs-full_OtherNoncurrentFinancialLiabilities,기타비유동금융부채,-,901117313,제 63 기,2025,KRW,,248276735,제 64 기,,,58,11011,fnlttSinglAcntAll,,175607985,제 65 기
samyang_foods,Samyang Foods,00126955,003230,KRW,FY2025,2025,11011,Annual report,20260318001082,CIS,포괄손익계산서,dart_OperatingIncomeLoss,영업이익,-,147514090779,제 63 기,2025,KRW,,344569150443,제 64 기,,,6,11011,fnlttSinglAcntAll,,524188406060,제 65 기
samyang_foods,Samyang Foods,00126955,003230,KRW,FY2025,2025,11011,Annual report,20260318001082,CIS,포괄손익계산서,dart_OtherGains,기타수익,-,39308167182,제 63 기,2025,KRW,,47655348425,제 64 기,,,7,11011,fnlttSinglAcntAll,,64236386628,제 65 기
samyang_foods,Samyang Foods,00126955,003230,KRW,FY2025,2025,11011,Annual report,20260318001082,CIS,포괄손익계산서,dart_OtherLosses,기타비용,-,29544132985,제 63 기,2025,KRW,,22281355235,제 64 기,,,8,11011,fnlttSinglAcntAll,,68551416235,제 65 기
samyang_foods,Samyang Foods,00126955,003230,KRW,FY2025,2025,11011,Annual report,20260318001082,CIS,포괄손익계산서,dart_ProfitsOfAssociatesAndJointVenturesAccountedForUsingEquityMethod,지분법이익,-,5516670960,제 63 기,2025,KRW,,214893076,제 64 기,,,9,11011,fnlttSinglAcntAll,,312285812,제 65 기
samyang_foods,Samyang Foods,00126955,003230,KRW,FY2025,2025,11011,Annual report,20260318001082,CIS,포괄손익계산서,dart_TotalSellingGeneralAdministrativeExpenses,판매비와관리비,-,269217954233,제 63 기,2025,KRW,,378648158379,제 64 기,,,10,11011,fnlttSinglAcntAll,,528840141423,제 65 기
samyang_foods,Samyang Foods,00126955,003230,KRW,FY2025,2025,11011,Annual report,20260318001082,CIS,포괄손익계산서,ifrs-full_ComprehensiveIncome,총포괄손익,-,124173498785,제 63 기,2025,KRW,,270634159294,제 64 기,,,11,11011,fnlttSinglAcntAll,,393051667779,제 65 기
samyang_foods,Samyang Foods,00126955,003230,KRW,FY2025,2025,11011,Annual report,20260318001082,CIS,포괄손익계산서,ifrs-full_ComprehensiveIncomeAttributableToNoncontrollingInterests,비지배지분순손익,-,309553297,제 63 기,2025,KRW,,-782604337,제 64 기,,,12,11011,fnlttSinglAcntAll,,-471476280,제 65 기
samyang_foods,Samyang Foods,00126955,003230,KRW,FY2025,2025,11011,Annual report,20260318001082,CIS,포괄손익계산서,ifrs-full_ComprehensiveIncomeAttributableToOwnersOfParent,지배기업의 소유주지분,-,123863945488,제 63 기,2025,KRW,,271416763631,제 64 기,,,13,11011,fnlttSinglAcntAll,,393523144059,제 65 기
samyang_foods,Samyang Foods,00126955,003230,KRW,FY2025,2025,11011,Annual report,20260318001082,CIS,포괄손익계산서,ifrs-full_CostOfSales,매출원가,-,776182562968,제 63 기,2025,KRW,,1004797694924,제 64 기,,,14,11011,fnlttSinglAcntAll,,1298756616303,제 65 기
samyang_foods,Samyang Foods,00126955,003230,KRW,FY2025,2025,11011,Annual report,20260318001082,CIS,포괄손익계산서,ifrs-full_BasicEarningsLossPerShare,기본주당이익,-,16929,제 63 기,2025,KRW,,36468,제 64 기,,,16,11011,fnlttSinglAcntAll,,52156,제 65 기
samyang_foods,Samyang Foods,00126955,003230,KRW,FY2025,2025,11011,Annual report,20260318001082,CIS,포괄손익계산서,ifrs-full_DilutedEarningsLossPerShare,희석주당이익,-,16929,제 63 기,2025,KRW,,36468,제 64 기,,,17,11011,fnlttSinglAcntAll,,52156,제 65 기
samyang_foods,Samyang Foods,00126955,003230,KRW,FY2025,2025,11011,Annual report,20260318001082,CIS,포괄손익계산서,ifrs-full_FinanceCosts,금융원가,-,12226591766,제 63 기,2025,KRW,,28977708722,제 64 기,,,18,11011,fnlttSinglAcntAll,,18094102570,제 65 기
samyang_foods,Samyang Foods,00126955,003230,KRW,FY2025,2025,11011,Annual report,20260318001082,CIS,포괄손익계산서,ifrs-full_FinanceIncome,금융수익,-,5757232817,제 63 기,2025,KRW,,10459706128,제 64 기,,,19,11011,fnlttSinglAcntAll,,14768139929,제 65 기
samyang_foods,Samyang Foods,00126955,003230,KRW,FY2025,2025,11011,Annual report,20260318001082,CIS,포괄손익계산서,ifrs-full_GrossProfit,매출총이익,-,416732045012,제 63 기,2025,KRW,,723217308822,제 64 기,,,20,11011,fnlttSinglAcntAll,,1053028547483,제 65 기
samyang_foods,Samyang Foods,00126955,003230,KRW,FY2025,2025,11011,Annual report,20260318001082,CIS,포괄손익계산서,ifrs-full_IncomeTaxExpenseContinuingOperations,법인세비용,-,29734237354,제 63 기,2025,KRW,,80384368652,제 64 기,,,21,11011,fnlttSinglAcntAll,,128186024899,제 65 기
samyang_foods,Samyang Foods,00126955,003230,KRW,FY2025,2025,11011,Annual report,20260318001082,CIS,포괄손익계산서,ifrs-full_OtherComprehensiveIncome,기타포괄손익,-,-2417700848,제 63 기,2025,KRW,,-621506169,제 64 기,,,22,11011,fnlttSinglAcntAll,,4377993054,제 65 기
samyang_foods,Samyang Foods,00126955,003230,KRW,FY2025,2025,11011,Annual report,20260318001082,CIS,포괄손익계산서,ifrs-full_OtherComprehensiveIncomeThatWillBeReclassifiedToProfitOrLossNetOfTax,후속적으로 당기손익으로 재분류되는 항목,-,-978969136,제 63 기,2025,KRW,,3868985012,제 64 기,,,23,11011,fnlttSinglAcntAll,,3852316187,제 65 기
samyang_foods,Samyang Foods,00126955,003230,KRW,FY2025,2025,11011,Annual report,20260318001082,CIS,포괄손익계산서,ifrs-full_GainsLossesOnExchangeDifferencesOnTranslationNetOfTax,해외사업환산손익,-,-978969136,제 63 기,2025,KRW,,3868985012,제 64 기,,,24,11011,fnlttSinglAcntAll,,3852316187,제 65 기
samyang_foods,Samyang Foods,00126955,003230,KRW,FY2025,2025,11011,Annual report,20260318001082,CIS,포괄손익계산서,ifrs-full_OtherComprehensiveIncomeThatWillNotBeReclassifiedToProfitOrLossNetOfTax,후속적으로 당기손익으로 재분류되지 않는 항목,-,-1438731712,제 63 기,2025,KRW,,-4490491181,제 64 기,,,25,11011,fnlttSinglAcntAll,,525676867,제 65 기
samyang_foods,Samyang Foods,00126955,003230,KRW,FY2025,2025,11011,Annual report,20260318001082,CIS,포괄손익계산서,ifrs-full_OtherComprehensiveIncomeNetOfTaxGainsLossesFromInvestmentsInEquityInstruments,기타포괄손익-공정가치 측정 금융자산 평가손익,-,-93775359,제 63 기,2025,KRW,,453332191,제 64 기,,,26,11011,fnlttSinglAcntAll,,561638381,제 65 기
samyang_foods,Samyang Foods,00126955,003230,KRW,FY2025,2025,11011,Annual report,20260318001082,CIS,포괄손익계산서,ifrs-full_OtherComprehensiveIncomeNetOfTaxGainsLossesOnRemeasurementsOfDefinedBenefitPlans,순확정급여부채의 재측정요소,-,-1344956353,제 63 기,2025,KRW,,-4943823372,제 64 기,,,27,11011,fnlttSinglAcntAll,,-35961514,제 65 기
samyang_foods,Samyang Foods,00126955,003230,KRW,FY2025,2025,11011,Annual report,20260318001082,CIS,포괄손익계산서,ifrs-full_ProfitLoss,당기순이익,-,126591199633,제 63 기,2025,KRW,,271255665463,제 64 기,,,28,11011,fnlttSinglAcntAll,,388673674725,제 65 기
samyang_foods,Samyang Foods,00126955,003230,KRW,FY2025,2025,11011,Annual report,20260318001082,CIS,포괄손익계산서,ifrs-full_ProfitLossAttributableToNoncontrollingInterests,비지배지분순손익,-,328942379,제 63 기,2025,KRW,,-729659204,제 64 기,,,29,11011,fnlttSinglAcntAll,,-763815448,제 65 기
samyang_foods,Samyang Foods,00126955,003230,KRW,FY2025,2025,11011,Annual report,20260318001082,CIS,포괄손익계산서,ifrs-full_ProfitLossAttributableToOwnersOfParent,지배기업의 소유주지분,-,126262257254,제 63 기,2025,KRW,,271985324667,제 64 기,,,30,11011,fnlttSinglAcntAll,,389437490173,제 65 기
samyang_foods,Samyang Foods,00126955,003230,KRW,FY2025,2025,11011,Annual report,20260318001082,CIS,포괄손익계산서,ifrs-full_ProfitLossBeforeTax,법인세비용차감전순이익,-,156325436987,제 63 기,2025,KRW,,351640034115,제 64 기,,,31,11011,fnlttSinglAcntAll,,516859699624,제 65 기
samyang_foods,Samyang Foods,00126955,003230,KRW,FY2025,2025,11011,Annual report,20260318001082,CIS,포괄손익계산서,ifrs-full_Revenue,매출액,-,1192914607980,제 63 기,2025,KRW,,1728015003746,제 64 기,,,32,11011,fnlttSinglAcntAll,,2351785163786,제 65 기
samyang_foods,Samyang Foods,00126955,003230,KRW,FY2025,2025,11011,Annual report,20260318001082,CF,현금흐름표,dart_CashAndCashEquivalentsAtBeginningOfPeriodCf,기초의 현금및현금성자산,-,96889779765,제 63 기,2025,KRW,,218684811276,제 64 기,,,2,11011,fnlttSinglAcntAll,,334820783660,제 65 기
samyang_foods,Samyang Foods,00126955,003230,KRW,FY2025,2025,11011,Annual report,20260318001082,CF,현금흐름표,dart_CashAndCashEquivalentsAtEndOfPeriodCf,기말의 현금및현금성자산,-,218684811276,제 63 기,2025,KRW,,334820783660,제 64 기,,,3,11011,fnlttSinglAcntAll,,332840576772,제 65 기
samyang_foods,Samyang Foods,00126955,003230,KRW,FY2025,2025,11011,Annual report,20260318001082,CF,현금흐름표,ifrs-full_CashFlowsFromUsedInFinancingActivities,재무활동현금흐름,-,-20068980994,제 63 기,2025,KRW,,-34871515222,제 64 기,,,8,11011,fnlttSinglAcntAll,,170174296859,제 65 기
samyang_foods,Samyang Foods,00126955,003230,KRW,FY2025,2025,11011,Annual report,20260318001082,CF,현금흐름표,dart_DispositionOfTreasuryShares,자기주식의 처분,-,0,제 63 기,2025,KRW,,0,제 64 기,,,9,11011,fnlttSinglAcntAll,,99117273915,제 65 기
samyang_foods,Samyang Foods,00126955,003230,KRW,FY2025,2025,11011,Annual report,20260318001082,CF,현금흐름표,dart_PaymentsOfFinanceLeaseLiabilitiesClassifiedAsFinancingActivities,리스부채의 감소,-,4513589698,제 63 기,2025,KRW,,7629298978,제 64 기,,,10,11011,fnlttSinglAcntAll,,18563716161,제 65 기
samyang_foods,Samyang Foods,00126955,003230,KRW,FY2025,2025,11011,Annual report,20260318001082,CF,현금흐름표,dart_ProceedsFromBonds,사채의 발행,-,0,제 63 기,2025,KRW,,99740628400,제 64 기,,,11,11011,fnlttSinglAcntAll,,0,제 65 기
samyang_foods,Samyang Foods,00126955,003230,KRW,FY2025,2025,11011,Annual report,20260318001082,CF,현금흐름표,dart_RepaymentsOfBonds,사채의 상환,-,0,제 63 기,2025,KRW,,75000000000,제 64 기,,,12,11011,fnlttSinglAcntAll,,0,제 65 기
samyang_foods,Samyang Foods,00126955,003230,KRW,FY2025,2025,11011,Annual report,20260318001082,CF,현금흐름표,-표준계정코드 미사용-,종속기업의 유상증자,-,13776000,제 63 기,2025,KRW,,0,제 64 기,,,13,11011,fnlttSinglAcntAll,,0,제 65 기
samyang_foods,Samyang Foods,00126955,003230,KRW,FY2025,2025,11011,Annual report,20260318001082,CF,현금흐름표,-표준계정코드 미사용-,비지배지분과의 거래,-,783417265,제 63 기,2025,KRW,,0,제 64 기,,,14,11011,fnlttSinglAcntAll,,1811598000,제 65 기
samyang_foods,Samyang Foods,00126955,003230,KRW,FY2025,2025,11011,Annual report,20260318001082,CF,현금흐름표,ifrs-full_DividendsPaidClassifiedAsFinancingActivities,배당금의 지급,-,11933004800,제 63 기,2025,KRW,,19391132800,제 64 기,,,15,11011,fnlttSinglAcntAll,,29832512000,제 65 기
samyang_foods,Samyang Foods,00126955,003230,KRW,FY2025,2025,11011,Annual report,20260318001082,CF,현금흐름표,ifrs-full_InterestPaidClassifiedAsFinancingActivities,이자의 지급,-,11276647147,제 63 기,2025,KRW,,12306751463,제 64 기,,,16,11011,fnlttSinglAcntAll,,12079028058,제 65 기
samyang_foods,Samyang Foods,00126955,003230,KRW,FY2025,2025,11011,Annual report,20260318001082,CF,현금흐름표,ifrs-full_ProceedsFromBorrowingsClassifiedAsFinancingActivities,차입금의 차입,-,57639115719,제 63 기,2025,KRW,,65368359694,제 64 기,,,17,11011,fnlttSinglAcntAll,,290566884281,제 65 기
samyang_foods,Samyang Foods,00126955,003230,KRW,FY2025,2025,11011,Annual report,20260318001082,CF,현금흐름표,ifrs-full_ProceedsFromChangesInOwnershipInterestsInSubsidiaries,종속기업의 보통주 발행,-,0,제 63 기,2025,KRW,,0,제 64 기,,,18,11011,fnlttSinglAcntAll,,7031196000,제 65 기
samyang_foods,Samyang Foods,00126955,003230,KRW,FY2025,2025,11011,Annual report,20260318001082,CF,현금흐름표,ifrs-full_RepaymentsOfBorrowingsClassifiedAsFinancingActivities,차입금의 상환,-,49215213803,제 63 기,2025,KRW,,85653320075,제 64 기,,,19,11011,fnlttSinglAcntAll,,164254203118,제 65 기
samyang_foods,Samyang Foods,00126955,003230,KRW,FY2025,2025,11011,Annual report,20260318001082,CF,현금흐름표,ifrs-full_CashFlowsFromUsedInInvestingActivities,투자활동현금흐름,-,-23712010349,제 63 기,2025,KRW,,-214310262819,제 64 기,,,20,11011,fnlttSinglAcntAll,,-478971326893,제 65 기
samyang_foods,Samyang Foods,00126955,003230,KRW,FY2025,2025,11011,Annual report,20260318001082,CF,현금흐름표,dart_DecreaseInGuaranteeDeposits,보증금의 감소,-,286000000,제 63 기,2025,KRW,,59100000,제 64 기,,,21,11011,fnlttSinglAcntAll,,126561746,제 65 기
samyang_foods,Samyang Foods,00126955,003230,KRW,FY2025,2025,11011,Annual report,20260318001082,CF,현금흐름표,dart_DecreaseInLoans,대여금의 감소,-,0,제 63 기,2025,KRW,,107479227,제 64 기,,,22,11011,fnlttSinglAcntAll,,0,제 65 기
samyang_foods,Samyang Foods,00126955,003230,KRW,FY2025,2025,11011,Annual report,20260318001082,CF,현금흐름표,dart_IncreaseInGuaranteeDeposits,보증금의 증가,-,529321147,제 63 기,2025,KRW,,2447726664,제 64 기,,,23,11011,fnlttSinglAcntAll,,1024511168,제 65 기
samyang_foods,Samyang Foods,00126955,003230,KRW,FY2025,2025,11011,Annual report,20260318001082,CF,현금흐름표,dart_ProceedsFromDisposalOfFinancialAssetsAtFairValueThroughProfitOrLossClassifiedAsInvestingActivities,당기손익-공정가치측정금융자산의 처분,-,23536696242,제 63 기,2025,KRW,,1293001010,제 64 기,,,24,11011,fnlttSinglAcntAll,,600000,제 65 기
samyang_foods,Samyang Foods,00126955,003230,KRW,FY2025,2025,11011,Annual report,20260318001082,CF,현금흐름표,dart_ProceedsFromSalesOfFinancialAssetsAtFairValueThroughOtherComprehensiveIncome,기타포괄손익-공정가치측정금융자산의처분,-,8796,제 63 기,2025,KRW,,0,제 64 기,,,25,11011,fnlttSinglAcntAll,,0,제 65 기
samyang_foods,Samyang Foods,00126955,003230,KRW,FY2025,2025,11011,Annual report,20260318001082,CF,현금흐름표,dart_ProceedsFromSalesOfNonCurrentAssetsOrDisposalGroupsClassifiedAsHeldForSale,매각예정비유동자산의 처분,-,1000000000,제 63 기,2025,KRW,,0,제 64 기,,,26,11011,fnlttSinglAcntAll,,5214691032,제 65 기
samyang_foods,Samyang Foods,00126955,003230,KRW,FY2025,2025,11011,Annual report,20260318001082,CF,현금흐름표,dart_ProceedsFromSalesOfShortTermFinancialInstruments,단기금융상품의 감소,-,13837609081,제 63 기,2025,KRW,,42249300000,제 64 기,,,27,11011,fnlttSinglAcntAll,,37079500000,제 65 기
samyang_foods,Samyang Foods,00126955,003230,KRW,FY2025,2025,11011,Annual report,20260318001082,CF,현금흐름표,dart_PurchaseOfFinancialAssetsAtFairValueThroughOtherComprehensiveIncome,기타포괄손익-공정가치측정금융자산의취득,-,0,제 63 기,2025,KRW,,0,제 64 기,,,28,11011,fnlttSinglAcntAll,,1445599842,제 65 기
samyang_foods,Samyang Foods,00126955,003230,KRW,FY2025,2025,11011,Annual report,20260318001082,CF,현금흐름표,dart_PurchaseOfFinancialAssetsAtFairValueThroughProfitOrLossClassifiedAsInvestingActivities,당기손익-공정가치측정금융자산의 취득,-,1382500000,제 63 기,2025,KRW,,2999970000,제 64 기,,,29,11011,fnlttSinglAcntAll,,30602666850,제 65 기
samyang_foods,Samyang Foods,00126955,003230,KRW,FY2025,2025,11011,Annual report,20260318001082,CF,현금흐름표,dart_PurchaseOfInvestmentsInAssociates,관계기업에 대한 투자자산의 취득,-,11000000,제 63 기,2025,KRW,,0,제 64 기,,,30,11011,fnlttSinglAcntAll,,0,제 65 기
samyang_foods,Samyang Foods,00126955,003230,KRW,FY2025,2025,11011,Annual report,20260318001082,CF,현금흐름표,dart_PurchaseOfShortTermFinancialInstruments,단기금융상품의 증가,-,22186125000,제 63 기,2025,KRW,,32849300000,제 64 기,,,31,11011,fnlttSinglAcntAll,,38731380000,제 65 기
samyang_foods,Samyang Foods,00126955,003230,KRW,FY2025,2025,11011,Annual report,20260318001082,CF,현금흐름표,-표준계정코드 미사용-,금융리스채권의 감소,-,0,제 63 기,2025,KRW,,0,제 64 기,,,32,11011,fnlttSinglAcntAll,,598441703,제 65 기
samyang_foods,Samyang Foods,00126955,003230,KRW,FY2025,2025,11011,Annual report,20260318001082,CF,현금흐름표,-표준계정코드 미사용-,사용권자산의 취득,-,0,제 63 기,2025,KRW,,0,제 64 기,,,33,11011,fnlttSinglAcntAll,,3231883785,제 65 기
samyang_foods,Samyang Foods,00126955,003230,KRW,FY2025,2025,11011,Annual report,20260318001082,CF,현금흐름표,ifrs-full_CashFlowsFromLosingControlOfSubsidiariesOrOtherBusinessesClassifiedAsInvestingActivities,사업결합으로 인한 현금증감,-,1504330855,제 63 기,2025,KRW,,0,제 64 기,,,34,11011,fnlttSinglAcntAll,,0,제 65 기
samyang_foods,Samyang Foods,00126955,003230,KRW,FY2025,2025,11011,Annual report,20260318001082,CF,현금흐름표,ifrs-full_DividendsReceivedClassifiedAsInvestingActivities,배당금의 수취,-,168929100,제 63 기,2025,KRW,,279618100,제 64 기,,,35,11011,fnlttSinglAcntAll,,281066728,제 65 기
samyang_foods,Samyang Foods,00126955,003230,KRW,FY2025,2025,11011,Annual report,20260318001082,CF,현금흐름표,ifrs-full_InterestReceivedClassifiedAsInvestingActivities,이자의 수취,-,3761036949,제 63 기,2025,KRW,,9894981781,제 64 기,,,36,11011,fnlttSinglAcntAll,,7898727525,제 65 기
samyang_foods,Samyang Foods,00126955,003230,KRW,FY2025,2025,11011,Annual report,20260318001082,CF,현금흐름표,ifrs-full_ProceedsFromGovernmentGrantsClassifiedAsInvestingActivities,국고보조금의 수취,-,4386787000,제 63 기,2025,KRW,,2890423000,제 64 기,,,37,11011,fnlttSinglAcntAll,,3690000000,제 65 기
samyang_foods,Samyang Foods,00126955,003230,KRW,FY2025,2025,11011,Annual report,20260318001082,CF,현금흐름표,ifrs-full_ProceedsFromSalesOfBiologicalAssets,생물자산의 처분,-,227005000,제 63 기,2025,KRW,,519484831,제 64 기,,,38,11011,fnlttSinglAcntAll,,319091156,제 65 기
samyang_foods,Samyang Foods,00126955,003230,KRW,FY2025,2025,11011,Annual report,20260318001082,CF,현금흐름표,ifrs-full_ProceedsFromSalesOfIntangibleAssetsClassifiedAsInvestingActivities,무형자산의 처분,-,917225128,제 63 기,2025,KRW,,40129291,제 64 기,,,39,11011,fnlttSinglAcntAll,,1278333,제 65 기
samyang_foods,Samyang Foods,00126955,003230,KRW,FY2025,2025,11011,Annual report,20260318001082,CF,현금흐름표,ifrs-full_ProceedsFromSalesOfInterestsInAssociates,관계기업에 대한 투자자산의 처분,-,0,제 63 기,2025,KRW,,0,제 64 기,,,40,11011,fnlttSinglAcntAll,,141250000,제 65 기
samyang_foods,Samyang Foods,00126955,003230,KRW,FY2025,2025,11011,Annual report,20260318001082,CF,현금흐름표,ifrs-full_ProceedsFromSalesOfInvestmentProperty,투자부동산의 처분,-,0,제 63 기,2025,KRW,,0,제 64 기,,,41,11011,fnlttSinglAcntAll,,350000000,제 65 기
samyang_foods,Samyang Foods,00126955,003230,KRW,FY2025,2025,11011,Annual report,20260318001082,CF,현금흐름표,ifrs-full_ProceedsFromSalesOfPropertyPlantAndEquipmentClassifiedAsInvestingActivities,유형자산의 처분,-,156566352,제 63 기,2025,KRW,,75048074,제 64 기,,,42,11011,fnlttSinglAcntAll,,1735872220,제 65 기
samyang_foods,Samyang Foods,00126955,003230,KRW,FY2025,2025,11011,Annual report,20260318001082,CF,현금흐름표,ifrs-full_PurchaseOfBiologicalAssets,생물자산의 취득,-,1080000,제 63 기,2025,KRW,,0,제 64 기,,,43,11011,fnlttSinglAcntAll,,0,제 65 기
samyang_foods,Samyang Foods,00126955,003230,KRW,FY2025,2025,11011,Annual report,20260318001082,CF,현금흐름표,ifrs-full_PurchaseOfIntangibleAssetsClassifiedAsInvestingActivities,무형자산의 취득,-,4387836682,제 63 기,2025,KRW,,4971461980,제 64 기,,,44,11011,fnlttSinglAcntAll,,12384146085,제 65 기
samyang_foods,Samyang Foods,00126955,003230,KRW,FY2025,2025,11011,Annual report,20260318001082,CF,현금흐름표,ifrs-full_PurchaseOfPropertyPlantAndEquipmentClassifiedAsInvestingActivities,유형자산의 취득,-,44996342023,제 63 기,2025,KRW,,228450369489,제 64 기,,,45,11011,fnlttSinglAcntAll,,448988219606,제 65 기
samyang_foods,Samyang Foods,00126955,003230,KRW,FY2025,2025,11011,Annual report,20260318001082,CF,현금흐름표,ifrs-full_CashFlowsFromUsedInOperatingActivities,영업활동현금흐름,-,168099691095,제 63 기,2025,KRW,,357904674484,제 64 기,,,46,11011,fnlttSinglAcntAll,,309287213625,제 65 기
samyang_foods,Samyang Foods,00126955,003230,KRW,FY2025,2025,11011,Annual report,20260318001082,CF,현금흐름표,ifrs-full_CashFlowsFromUsedInOperations,영업으로부터 창출된 현금흐름,-,196131652003,제 63 기,2025,KRW,,403081879886,제 64 기,,,47,11011,fnlttSinglAcntAll,,421593427167,제 65 기
samyang_foods,Samyang Foods,00126955,003230,KRW,FY2025,2025,11011,Annual report,20260318001082,CF,현금흐름표,ifrs-full_IncomeTaxesPaidRefundClassifiedAsOperatingActivities,법인세의 납부,-,28031960908,제 63 기,2025,KRW,,45177205402,제 64 기,,,48,11011,fnlttSinglAcntAll,,112306213542,제 65 기
samyang_foods,Samyang Foods,00126955,003230,KRW,FY2025,2025,11011,Annual report,20260318001082,CF,현금흐름표,ifrs-full_EffectOfExchangeRateChangesOnCashAndCashEquivalents,현금및현금성자산으로 인한 환율효과,-,-2523668241,제 63 기,2025,KRW,,7413075941,제 64 기,,,49,11011,fnlttSinglAcntAll,,-2470390479,제 65 기
samyang_foods,Samyang Foods,00126955,003230,KRW,FY2025,2025,11011,Annual report,20260318001082,CF,현금흐름표,ifrs-full_IncreaseDecreaseInCashAndCashEquivalentsBeforeEffectOfExchangeRateChanges,현금및현금성자산의 증가,-,124318699752,제 63 기,2025,KRW,,108722896443,제 64 기,,,50,11011,fnlttSinglAcntAll,,490183591,제 65 기
samyang_foods,Samyang Foods,00126955,003230,KRW,FY2025,2025,11011,Annual report,20260318001082,SCE,자본변동표,dart_EquityAtBeginningOfPeriod,기초자본,자본 [구성요소]|지배기업의 소유주에게 귀속되는 지분 [구성요소]|이익잉여금 [구성요소],409235102073,제 63 기,2025,KRW,,522208620322,제 64 기,,,3,11011,fnlttSinglAcntAll,,769913138043,제 65 기
samyang_foods,Samyang Foods,00126955,003230,KRW,FY2025,2025,11011,Annual report,20260318001082,SCE,자본변동표,dart_EquityAtBeginningOfPeriod,기초자본,자본 [구성요소]|지배기업의 소유주에게 귀속되는 지분 [구성요소]|기타포괄손익누계액 [구성요소],1405307257,제 63 기,2025,KRW,,317345697,제 64 기,,,3,11011,fnlttSinglAcntAll,,4638458807,제 65 기
samyang_foods,Samyang Foods,00126955,003230,KRW,FY2025,2025,11011,Annual report,20260318001082,SCE,자본변동표,dart_EquityAtBeginningOfPeriod,기초자본,자본 [구성요소]|지배기업의 소유주에게 귀속되는 지분 [구성요소]|기타자본구성요소 [구성요소],4650927624,제 63 기,2025,KRW,,4630404752,제 64 기,,,3,11011,fnlttSinglAcntAll,,4630404752,제 65 기
samyang_foods,Samyang Foods,00126955,003230,KRW,FY2025,2025,11011,Annual report,20260318001082,SCE,자본변동표,dart_EquityAtBeginningOfPeriod,기초자본,연결재무제표 [member],454763741502,제 63 기,2025,KRW,,576790316113,제 64 기,,,3,11011,fnlttSinglAcntAll,,828033342607,제 65 기
samyang_foods,Samyang Foods,00126955,003230,KRW,FY2025,2025,11011,Annual report,20260318001082,SCE,자본변동표,dart_EquityAtBeginningOfPeriod,기초자본,자본 [구성요소]|비지배지분 [구성요소],1807329548,제 63 기,2025,KRW,,11968870342,제 64 기,,,3,11011,fnlttSinglAcntAll,,11186266005,제 65 기
samyang_foods,Samyang Foods,00126955,003230,KRW,FY2025,2025,11011,Annual report,20260318001082,SCE,자본변동표,dart_EquityAtBeginningOfPeriod,기초자본,자본 [구성요소]|지배기업의 소유주에게 귀속되는 지분 [구성요소],452956411954,제 63 기,2025,KRW,,564821445771,제 64 기,,,3,11011,fnlttSinglAcntAll,,816847076602,제 65 기
samyang_foods,Samyang Foods,00126955,003230,KRW,FY2025,2025,11011,Annual report,20260318001082,SCE,자본변동표,dart_EquityAtBeginningOfPeriod,기초자본,자본 [구성요소]|지배기업의 소유주에게 귀속되는 지분 [구성요소]|자본금 [구성요소],37665075000,제 63 기,2025,KRW,,37665075000,제 64 기,,,3,11011,fnlttSinglAcntAll,,37665075000,제 65 기
samyang_foods,Samyang Foods,00126955,003230,KRW,FY2025,2025,11011,Annual report,20260318001082,SCE,자본변동표,dart_IncreaseDecreaseThroughBusinessCombinations,사업결합,자본 [구성요소]|지배기업의 소유주에게 귀속되는 지분 [구성요소]|이익잉여금 [구성요소],0,제 63 기,2025,KRW,,0,제 64 기,,,4,11011,fnlttSinglAcntAll,,0,제 65 기
samyang_foods,Samyang Foods,00126955,003230,KRW,FY2025,2025,11011,Annual report,20260318001082,SCE,자본변동표,dart_IncreaseDecreaseThroughBusinessCombinations,사업결합,자본 [구성요소]|지배기업의 소유주에게 귀속되는 지분 [구성요소]|기타포괄손익누계액 [구성요소],0,제 63 기,2025,KRW,,0,제 64 기,,,4,11011,fnlttSinglAcntAll,,0,제 65 기
samyang_foods,Samyang Foods,00126955,003230,KRW,FY2025,2025,11011,Annual report,20260318001082,SCE,자본변동표,dart_IncreaseDecreaseThroughBusinessCombinations,사업결합,자본 [구성요소]|지배기업의 소유주에게 귀속되는 지분 [구성요소]|기타자본구성요소 [구성요소],0,제 63 기,2025,KRW,,0,제 64 기,,,4,11011,fnlttSinglAcntAll,,0,제 65 기
samyang_foods,Samyang Foods,00126955,003230,KRW,FY2025,2025,11011,Annual report,20260318001082,SCE,자본변동표,dart_IncreaseDecreaseThroughBusinessCombinations,사업결합,자본 [구성요소]|지배기업의 소유주에게 귀속되는 지분 [구성요소],0,제 63 기,2025,KRW,,0,제 64 기,,,4,11011,fnlttSinglAcntAll,,0,제 65 기
samyang_foods,Samyang Foods,00126955,003230,KRW,FY2025,2025,11011,Annual report,20260318001082,SCE,자본변동표,dart_IncreaseDecreaseThroughBusinessCombinations,사업결합,자본 [구성요소]|비지배지분 [구성요소],10555721891,제 63 기,2025,KRW,,0,제 64 기,,,4,11011,fnlttSinglAcntAll,,0,제 65 기
samyang_foods,Samyang Foods,00126955,003230,KRW,FY2025,2025,11011,Annual report,20260318001082,SCE,자본변동표,dart_IncreaseDecreaseThroughBusinessCombinations,사업결합,연결재무제표 [member],10555721891,제 63 기,2025,KRW,,0,제 64 기,,,4,11011,fnlttSinglAcntAll,,0,제 65 기
samyang_foods,Samyang Foods,00126955,003230,KRW,FY2025,2025,11011,Annual report,20260318001082,SCE,자본변동표,dart_IncreaseDecreaseThroughBusinessCombinations,사업결합,자본 [구성요소]|지배기업의 소유주에게 귀속되는 지분 [구성요소]|자본금 [구성요소],0,제 63 기,2025,KRW,,0,제 64 기,,,4,11011,fnlttSinglAcntAll,,0,제 65 기
samyang_foods,Samyang Foods,00126955,003230,KRW,FY2025,2025,11011,Annual report,20260318001082,SCE,자본변동표,-표준계정코드 미사용-,기타비지배지분의 변동,연결재무제표 [member],0,제 63 기,2025,KRW,,0,제 64 기,,,5,11011,fnlttSinglAcntAll,,318495449,제 65 기
samyang_foods,Samyang Foods,00126955,003230,KRW,FY2025,2025,11011,Annual report,20260318001082,SCE,자본변동표,-표준계정코드 미사용-,기타비지배지분의 변동,자본 [구성요소]|비지배지분 [구성요소],0,제 63 기,2025,KRW,,0,제 64 기,,,5,11011,fnlttSinglAcntAll,,318495449,제 65 기
samyang_foods,Samyang Foods,00126955,003230,KRW,FY2025,2025,11011,Annual report,20260318001082,SCE,자본변동표,-표준계정코드 미사용-,기타비지배지분의 변동,자본 [구성요소]|지배기업의 소유주에게 귀속되는 지분 [구성요소],0,제 63 기,2025,KRW,,0,제 64 기,,,5,11011,fnlttSinglAcntAll,,0,제 65 기
samyang_foods,Samyang Foods,00126955,003230,KRW,FY2025,2025,11011,Annual report,20260318001082,SCE,자본변동표,-표준계정코드 미사용-,기타비지배지분의 변동,자본 [구성요소]|지배기업의 소유주에게 귀속되는 지분 [구성요소]|기타자본구성요소 [구성요소],0,제 63 기,2025,KRW,,0,제 64 기,,,5,11011,fnlttSinglAcntAll,,0,제 65 기
samyang_foods,Samyang Foods,00126955,003230,KRW,FY2025,2025,11011,Annual report,20260318001082,SCE,자본변동표,-표준계정코드 미사용-,기타비지배지분의 변동,자본 [구성요소]|지배기업의 소유주에게 귀속되는 지분 [구성요소]|기타포괄손익누계액 [구성요소],0,제 63 기,2025,KRW,,0,제 64 기,,,5,11011,fnlttSinglAcntAll,,0,제 65 기
samyang_foods,Samyang Foods,00126955,003230,KRW,FY2025,2025,11011,Annual report,20260318001082,SCE,자본변동표,-표준계정코드 미사용-,기타비지배지분의 변동,자본 [구성요소]|지배기업의 소유주에게 귀속되는 지분 [구성요소]|이익잉여금 [구성요소],0,제 63 기,2025,KRW,,0,제 64 기,,,5,11011,fnlttSinglAcntAll,,0,제 65 기
samyang_foods,Samyang Foods,00126955,003230,KRW,FY2025,2025,11011,Annual report,20260318001082,SCE,자본변동표,-표준계정코드 미사용-,기타비지배지분의 변동,자본 [구성요소]|지배기업의 소유주에게 귀속되는 지분 [구성요소]|자본금 [구성요소],0,제 63 기,2025,KRW,,0,제 64 기,,,5,11011,fnlttSinglAcntAll,,0,제 65 기
samyang_foods,Samyang Foods,00126955,003230,KRW,FY2025,2025,11011,Annual report,20260318001082,SCE,자본변동표,ifrs-full_DividendsPaid,배당금,연결재무제표 [member],11933004800,제 63 기,2025,KRW,,19391132800,제 64 기,,,6,11011,fnlttSinglAcntAll,,29832512000,제 65 기
samyang_foods,Samyang Foods,00126955,003230,KRW,FY2025,2025,11011,Annual report,20260318001082,SCE,자본변동표,ifrs-full_DividendsPaid,배당금,자본 [구성요소]|비지배지분 [구성요소],0,제 63 기,2025,KRW,,0,제 64 기,,,6,11011,fnlttSinglAcntAll,,0,제 65 기
samyang_foods,Samyang Foods,00126955,003230,KRW,FY2025,2025,11011,Annual report,20260318001082,SCE,자본변동표,ifrs-full_DividendsPaid,배당금,자본 [구성요소]|지배기업의 소유주에게 귀속되는 지분 [구성요소],11933004800,제 63 기,2025,KRW,,19391132800,제 64 기,,,6,11011,fnlttSinglAcntAll,,29832512000,제 65 기
samyang_foods,Samyang Foods,00126955,003230,KRW,FY2025,2025,11011,Annual report,20260318001082,SCE,자본변동표,ifrs-full_DividendsPaid,배당금,자본 [구성요소]|지배기업의 소유주에게 귀속되는 지분 [구성요소]|기타자본구성요소 [구성요소],0,제 63 기,2025,KRW,,0,제 64 기,,,6,11011,fnlttSinglAcntAll,,0,제 65 기
samyang_foods,Samyang Foods,00126955,003230,KRW,FY2025,2025,11011,Annual report,20260318001082,SCE,자본변동표,ifrs-full_DividendsPaid,배당금,자본 [구성요소]|지배기업의 소유주에게 귀속되는 지분 [구성요소]|기타포괄손익누계액 [구성요소],0,제 63 기,2025,KRW,,0,제 64 기,,,6,11011,fnlttSinglAcntAll,,0,제 65 기
samyang_foods,Samyang Foods,00126955,003230,KRW,FY2025,2025,11011,Annual report,20260318001082,SCE,자본변동표,ifrs-full_DividendsPaid,배당금,자본 [구성요소]|지배기업의 소유주에게 귀속되는 지분 [구성요소]|이익잉여금 [구성요소],11933004800,제 63 기,2025,KRW,,19391132800,제 64 기,,,6,11011,fnlttSinglAcntAll,,29832512000,제 65 기
samyang_foods,Samyang Foods,00126955,003230,KRW,FY2025,2025,11011,Annual report,20260318001082,SCE,자본변동표,ifrs-full_DividendsPaid,배당금,자본 [구성요소]|지배기업의 소유주에게 귀속되는 지분 [구성요소]|자본금 [구성요소],0,제 63 기,2025,KRW,,0,제 64 기,,,6,11011,fnlttSinglAcntAll,,0,제 65 기
samyang_foods,Samyang Foods,00126955,003230,KRW,FY2025,2025,11011,Annual report,20260318001082,SCE,자본변동표,ifrs-full_Equity,자본총계,자본 [구성요소]|지배기업의 소유주에게 귀속되는 지분 [구성요소],564821445771,제 63 기,2025,KRW,,816847076602,제 64 기,,,7,11011,fnlttSinglAcntAll,,1255376104221,제 65 기
samyang_foods,Samyang Foods,00126955,003230,KRW,FY2025,2025,11011,Annual report,20260318001082,SCE,자본변동표,ifrs-full_Equity,자본총계,자본 [구성요소]|비지배지분 [구성요소],11968870342,제 63 기,2025,KRW,,11186266005,제 64 기,,,7,11011,fnlttSinglAcntAll,,16163896932,제 65 기
samyang_foods,Samyang Foods,00126955,003230,KRW,FY2025,2025,11011,Annual report,20260318001082,SCE,자본변동표,ifrs-full_Equity,자본총계,연결재무제표 [member],576790316113,제 63 기,2025,KRW,,828033342607,제 64 기,,,7,11011,fnlttSinglAcntAll,,1271540001153,제 65 기
samyang_foods,Samyang Foods,00126955,003230,KRW,FY2025,2025,11011,Annual report,20260318001082,SCE,자본변동표,ifrs-full_Equity,자본총계,자본 [구성요소]|지배기업의 소유주에게 귀속되는 지분 [구성요소]|기타자본구성요소 [구성요소],4630404752,제 63 기,2025,KRW,,4630404752,제 64 기,,,7,11011,fnlttSinglAcntAll,,79468800312,제 65 기
samyang_foods,Samyang Foods,00126955,003230,KRW,FY2025,2025,11011,Annual report,20260318001082,SCE,자본변동표,ifrs-full_Equity,자본총계,자본 [구성요소]|지배기업의 소유주에게 귀속되는 지분 [구성요소]|자본금 [구성요소],37665075000,제 63 기,2025,KRW,,37665075000,제 64 기,,,7,11011,fnlttSinglAcntAll,,37665075000,제 65 기
samyang_foods,Samyang Foods,00126955,003230,KRW,FY2025,2025,11011,Annual report,20260318001082,SCE,자본변동표,ifrs-full_Equity,자본총계,자본 [구성요소]|지배기업의 소유주에게 귀속되는 지분 [구성요소]|이익잉여금 [구성요소],522208620322,제 63 기,2025,KRW,,769913138043,제 64 기,,,7,11011,fnlttSinglAcntAll,,1129476848356,제 65 기
samyang_foods,Samyang Foods,00126955,003230,KRW,FY2025,2025,11011,Annual report,20260318001082,SCE,자본변동표,ifrs-full_Equity,자본총계,자본 [구성요소]|지배기업의 소유주에게 귀속되는 지분 [구성요소]|기타포괄손익누계액 [구성요소],317345697,제 63 기,2025,KRW,,4638458807,제 64 기,,,7,11011,fnlttSinglAcntAll,,8765380553,제 65 기
samyang_foods,Samyang Foods,00126955,003230,KRW,FY2025,2025,11011,Annual report,20260318001082,SCE,자본변동표,ifrs-full_GainsLossesOnExchangeDifferencesOnTranslationNetOfTax,해외사업환산손익,자본 [구성요소]|지배기업의 소유주에게 귀속되는 지분 [구성요소]|이익잉여금 [구성요소],0,제 63 기,2025,KRW,,0,제 64 기,,,8,11011,fnlttSinglAcntAll,,0,제 65 기
samyang_foods,Samyang Foods,00126955,003230,KRW,FY2025,2025,11011,Annual report,20260318001082,SCE,자본변동표,ifrs-full_GainsLossesOnExchangeDifferencesOnTranslationNetOfTax,해외사업환산손익,자본 [구성요소]|지배기업의 소유주에게 귀속되는 지분 [구성요소]|기타포괄손익누계액 [구성요소],-948802202,제 63 기,2025,KRW,,3867780919,제 64 기,,,8,11011,fnlttSinglAcntAll,,3565283365,제 65 기
samyang_foods,Samyang Foods,00126955,003230,KRW,FY2025,2025,11011,Annual report,20260318001082,SCE,자본변동표,ifrs-full_GainsLossesOnExchangeDifferencesOnTranslationNetOfTax,해외사업환산손익,자본 [구성요소]|지배기업의 소유주에게 귀속되는 지분 [구성요소]|기타자본구성요소 [구성요소],0,제 63 기,2025,KRW,,0,제 64 기,,,8,11011,fnlttSinglAcntAll,,0,제 65 기
samyang_foods,Samyang Foods,00126955,003230,KRW,FY2025,2025,11011,Annual report,20260318001082,SCE,자본변동표,ifrs-full_GainsLossesOnExchangeDifferencesOnTranslationNetOfTax,해외사업환산손익,자본 [구성요소]|지배기업의 소유주에게 귀속되는 지분 [구성요소],-948802202,제 63 기,2025,KRW,,3867780919,제 64 기,,,8,11011,fnlttSinglAcntAll,,3565283365,제 65 기
samyang_foods,Samyang Foods,00126955,003230,KRW,FY2025,2025,11011,Annual report,20260318001082,SCE,자본변동표,ifrs-full_GainsLossesOnExchangeDifferencesOnTranslationNetOfTax,해외사업환산손익,자본 [구성요소]|비지배지분 [구성요소],-30166934,제 63 기,2025,KRW,,1204093,제 64 기,,,8,11011,fnlttSinglAcntAll,,287032822,제 65 기
samyang_foods,Samyang Foods,00126955,003230,KRW,FY2025,2025,11011,Annual report,20260318001082,SCE,자본변동표,ifrs-full_GainsLossesOnExchangeDifferencesOnTranslationNetOfTax,해외사업환산손익,연결재무제표 [member],-978969136,제 63 기,2025,KRW,,3868985012,제 64 기,,,8,11011,fnlttSinglAcntAll,,3852316187,제 65 기
samyang_foods,Samyang Foods,00126955,003230,KRW,FY2025,2025,11011,Annual report,20260318001082,SCE,자본변동표,ifrs-full_GainsLossesOnExchangeDifferencesOnTranslationNetOfTax,해외사업환산손익,자본 [구성요소]|지배기업의 소유주에게 귀속되는 지분 [구성요소]|자본금 [구성요소],0,제 63 기,2025,KRW,,0,제 64 기,,,8,11011,fnlttSinglAcntAll,,0,제 65 기
samyang_foods,Samyang Foods,00126955,003230,KRW,FY2025,2025,11011,Annual report,20260318001082,SCE,자본변동표,ifrs-full_IncreaseDecreaseThroughChangeInEquityOfSubsidiaries,종속기업의 보통주 발행,자본 [구성요소]|지배기업의 소유주에게 귀속되는 지분 [구성요소]|이익잉여금 [구성요소],0,제 63 기,2025,KRW,,0,제 64 기,,,9,11011,fnlttSinglAcntAll,,0,제 65 기
samyang_foods,Samyang Foods,00126955,003230,KRW,FY2025,2025,11011,Annual report,20260318001082,SCE,자본변동표,ifrs-full_IncreaseDecreaseThroughChangeInEquityOfSubsidiaries,종속기업의 보통주 발행,자본 [구성요소]|지배기업의 소유주에게 귀속되는 지분 [구성요소]|기타포괄손익누계액 [구성요소],0,제 63 기,2025,KRW,,0,제 64 기,,,9,11011,fnlttSinglAcntAll,,0,제 65 기
samyang_foods,Samyang Foods,00126955,003230,KRW,FY2025,2025,11011,Annual report,20260318001082,SCE,자본변동표,ifrs-full_IncreaseDecreaseThroughChangeInEquityOfSubsidiaries,종속기업의 보통주 발행,자본 [구성요소]|지배기업의 소유주에게 귀속되는 지분 [구성요소]|기타자본구성요소 [구성요소],0,제 63 기,2025,KRW,,0,제 64 기,,,9,11011,fnlttSinglAcntAll,,0,제 65 기
samyang_foods,Samyang Foods,00126955,003230,KRW,FY2025,2025,11011,Annual report,20260318001082,SCE,자본변동표,ifrs-full_IncreaseDecreaseThroughChangeInEquityOfSubsidiaries,종속기업의 보통주 발행,자본 [구성요소]|지배기업의 소유주에게 귀속되는 지분 [구성요소],0,제 63 기,2025,KRW,,0,제 64 기,,,9,11011,fnlttSinglAcntAll,,0,제 65 기
samyang_foods,Samyang Foods,00126955,003230,KRW,FY2025,2025,11011,Annual report,20260318001082,SCE,자본변동표,ifrs-full_IncreaseDecreaseThroughChangeInEquityOfSubsidiaries,종속기업의 보통주 발행,자본 [구성요소]|비지배지분 [구성요소],13776000,제 63 기,2025,KRW,,0,제 64 기,,,9,11011,fnlttSinglAcntAll,,7031196000,제 65 기
samyang_foods,Samyang Foods,00126955,003230,KRW,FY2025,2025,11011,Annual report,20260318001082,SCE,자본변동표,ifrs-full_IncreaseDecreaseThroughChangeInEquityOfSubsidiaries,종속기업의 보통주 발행,연결재무제표 [member],13776000,제 63 기,2025,KRW,,0,제 64 기,,,9,11011,fnlttSinglAcntAll,,7031196000,제 65 기
samyang_foods,Samyang Foods,00126955,003230,KRW,FY2025,2025,11011,Annual report,20260318001082,SCE,자본변동표,ifrs-full_IncreaseDecreaseThroughChangeInEquityOfSubsidiaries,종속기업의 보통주 발행,자본 [구성요소]|지배기업의 소유주에게 귀속되는 지분 [구성요소]|자본금 [구성요소],0,제 63 기,2025,KRW,,0,제 64 기,,,9,11011,fnlttSinglAcntAll,,0,제 65 기
samyang_foods,Samyang Foods,00126955,003230,KRW,FY2025,2025,11011,Annual report,20260318001082,SCE,자본변동표,ifrs-full_IncreaseDecreaseThroughChangesInOwnershipInterestsInSubsidiariesThatDoNotResultInLossOfControl,지배력을 상실하지 않는 종속기업에 대한 소유지분 변동,연결재무제표 [member],-783417265,제 63 기,2025,KRW,,0,제 64 기,,,10,11011,fnlttSinglAcntAll,,-1811598000,제 65 기
samyang_foods,Samyang Foods,00126955,003230,KRW,FY2025,2025,11011,Annual report,20260318001082,SCE,자본변동표,ifrs-full_IncreaseDecreaseThroughChangesInOwnershipInterestsInSubsidiariesThatDoNotResultInLossOfControl,지배력을 상실하지 않는 종속기업에 대한 소유지분 변동,자본 [구성요소]|비지배지분 [구성요소],-717510394,제 63 기,2025,KRW,,0,제 64 기,,,10,11011,fnlttSinglAcntAll,,-1900584242,제 65 기
samyang_foods,Samyang Foods,00126955,003230,KRW,FY2025,2025,11011,Annual report,20260318001082,SCE,자본변동표,ifrs-full_IncreaseDecreaseThroughChangesInOwnershipInterestsInSubsidiariesThatDoNotResultInLossOfControl,지배력을 상실하지 않는 종속기업에 대한 소유지분 변동,자본 [구성요소]|지배기업의 소유주에게 귀속되는 지분 [구성요소],-65906871,제 63 기,2025,KRW,,0,제 64 기,,,10,11011,fnlttSinglAcntAll,,88986242,제 65 기
samyang_foods,Samyang Foods,00126955,003230,KRW,FY2025,2025,11011,Annual report,20260318001082,SCE,자본변동표,ifrs-full_IncreaseDecreaseThroughChangesInOwnershipInterestsInSubsidiariesThatDoNotResultInLossOfControl,지배력을 상실하지 않는 종속기업에 대한 소유지분 변동,자본 [구성요소]|지배기업의 소유주에게 귀속되는 지분 [구성요소]|기타자본구성요소 [구성요소],-20522872,제 63 기,2025,KRW,,0,제 64 기,,,10,11011,fnlttSinglAcntAll,,88986242,제 65 기
samyang_foods,Samyang Foods,00126955,003230,KRW,FY2025,2025,11011,Annual report,20260318001082,SCE,자본변동표,ifrs-full_IncreaseDecreaseThroughChangesInOwnershipInterestsInSubsidiariesThatDoNotResultInLossOfControl,지배력을 상실하지 않는 종속기업에 대한 소유지분 변동,자본 [구성요소]|지배기업의 소유주에게 귀속되는 지분 [구성요소]|기타포괄손익누계액 [구성요소],-45383999,제 63 기,2025,KRW,,0,제 64 기,,,10,11011,fnlttSinglAcntAll,,0,제 65 기
samyang_foods,Samyang Foods,00126955,003230,KRW,FY2025,2025,11011,Annual report,20260318001082,SCE,자본변동표,ifrs-full_IncreaseDecreaseThroughChangesInOwnershipInterestsInSubsidiariesThatDoNotResultInLossOfControl,지배력을 상실하지 않는 종속기업에 대한 소유지분 변동,자본 [구성요소]|지배기업의 소유주에게 귀속되는 지분 [구성요소]|이익잉여금 [구성요소],0,제 63 기,2025,KRW,,0,제 64 기,,,10,11011,fnlttSinglAcntAll,,0,제 65 기
samyang_foods,Samyang Foods,00126955,003230,KRW,FY2025,2025,11011,Annual report,20260318001082,SCE,자본변동표,ifrs-full_IncreaseDecreaseThroughChangesInOwnershipInterestsInSubsidiariesThatDoNotResultInLossOfControl,지배력을 상실하지 않는 종속기업에 대한 소유지분 변동,자본 [구성요소]|지배기업의 소유주에게 귀속되는 지분 [구성요소]|자본금 [구성요소],0,제 63 기,2025,KRW,,0,제 64 기,,,10,11011,fnlttSinglAcntAll,,0,제 65 기
samyang_foods,Samyang Foods,00126955,003230,KRW,FY2025,2025,11011,Annual report,20260318001082,SCE,자본변동표,ifrs-full_OtherComprehensiveIncomeNetOfTaxGainsLossesFromInvestmentsInEquityInstruments,기타포괄손익-공정가치 측정 금융자산 평가손익,연결재무제표 [member],-93775359,제 63 기,2025,KRW,,453332191,제 64 기,,,11,11011,fnlttSinglAcntAll,,561638381,제 65 기
samyang_foods,Samyang Foods,00126955,003230,KRW,FY2025,2025,11011,Annual report,20260318001082,SCE,자본변동표,ifrs-full_OtherComprehensiveIncomeNetOfTaxGainsLossesFromInvestmentsInEquityInstruments,기타포괄손익-공정가치 측정 금융자산 평가손익,자본 [구성요소]|비지배지분 [구성요소],0,제 63 기,2025,KRW,,0,제 64 기,,,11,11011,fnlttSinglAcntAll,,0,제 65 기
samyang_foods,Samyang Foods,00126955,003230,KRW,FY2025,2025,11011,Annual report,20260318001082,SCE,자본변동표,ifrs-full_OtherComprehensiveIncomeNetOfTaxGainsLossesFromInvestmentsInEquityInstruments,기타포괄손익-공정가치 측정 금융자산 평가손익,자본 [구성요소]|지배기업의 소유주에게 귀속되는 지분 [구성요소],-93775359,제 63 기,2025,KRW,,453332191,제 64 기,,,11,11011,fnlttSinglAcntAll,,561638381,제 65 기
samyang_foods,Samyang Foods,00126955,003230,KRW,FY2025,2025,11011,Annual report,20260318001082,SCE,자본변동표,ifrs-full_OtherComprehensiveIncomeNetOfTaxGainsLossesFromInvestmentsInEquityInstruments,기타포괄손익-공정가치 측정 금융자산 평가손익,자본 [구성요소]|지배기업의 소유주에게 귀속되는 지분 [구성요소]|이익잉여금 [구성요소],0,제 63 기,2025,KRW,,0,제 64 기,,,11,11011,fnlttSinglAcntAll,,0,제 65 기
samyang_foods,Samyang Foods,00126955,003230,KRW,FY2025,2025,11011,Annual report,20260318001082,SCE,자본변동표,ifrs-full_OtherComprehensiveIncomeNetOfTaxGainsLossesFromInvestmentsInEquityInstruments,기타포괄손익-공정가치 측정 금융자산 평가손익,자본 [구성요소]|지배기업의 소유주에게 귀속되는 지분 [구성요소]|기타포괄손익누계액 [구성요소],-93775359,제 63 기,2025,KRW,,453332191,제 64 기,,,11,11011,fnlttSinglAcntAll,,561638381,제 65 기
samyang_foods,Samyang Foods,00126955,003230,KRW,FY2025,2025,11011,Annual report,20260318001082,SCE,자본변동표,ifrs-full_OtherComprehensiveIncomeNetOfTaxGainsLossesFromInvestmentsInEquityInstruments,기타포괄손익-공정가치 측정 금융자산 평가손익,자본 [구성요소]|지배기업의 소유주에게 귀속되는 지분 [구성요소]|기타자본구성요소 [구성요소],0,제 63 기,2025,KRW,,0,제 64 기,,,11,11011,fnlttSinglAcntAll,,0,제 65 기
samyang_foods,Samyang Foods,00126955,003230,KRW,FY2025,2025,11011,Annual report,20260318001082,SCE,자본변동표,ifrs-full_OtherComprehensiveIncomeNetOfTaxGainsLossesFromInvestmentsInEquityInstruments,기타포괄손익-공정가치 측정 금융자산 평가손익,자본 [구성요소]|지배기업의 소유주에게 귀속되는 지분 [구성요소]|자본금 [구성요소],0,제 63 기,2025,KRW,,0,제 64 기,,,11,11011,fnlttSinglAcntAll,,0,제 65 기
samyang_foods,Samyang Foods,00126955,003230,KRW,FY2025,2025,11011,Annual report,20260318001082,SCE,자본변동표,ifrs-full_OtherComprehensiveIncomeNetOfTaxGainsLossesOnRemeasurementsOfDefinedBenefitPlans,순확정급여부채의 재측정요소,자본 [구성요소]|비지배지분 [구성요소],10777852,제 63 기,2025,KRW,,-54149226,제 64 기,,,12,11011,fnlttSinglAcntAll,,5306346,제 65 기
samyang_foods,Samyang Foods,00126955,003230,KRW,FY2025,2025,11011,Annual report,20260318001082,SCE,자본변동표,ifrs-full_OtherComprehensiveIncomeNetOfTaxGainsLossesOnRemeasurementsOfDefinedBenefitPlans,순확정급여부채의 재측정요소,자본 [구성요소]|지배기업의 소유주에게 귀속되는 지분 [구성요소],-1355734205,제 63 기,2025,KRW,,-4889674146,제 64 기,,,12,11011,fnlttSinglAcntAll,,-41267860,제 65 기
samyang_foods,Samyang Foods,00126955,003230,KRW,FY2025,2025,11011,Annual report,20260318001082,SCE,자본변동표,ifrs-full_OtherComprehensiveIncomeNetOfTaxGainsLossesOnRemeasurementsOfDefinedBenefitPlans,순확정급여부채의 재측정요소,자본 [구성요소]|지배기업의 소유주에게 귀속되는 지분 [구성요소]|기타자본구성요소 [구성요소],0,제 63 기,2025,KRW,,0,제 64 기,,,12,11011,fnlttSinglAcntAll,,0,제 65 기
samyang_foods,Samyang Foods,00126955,003230,KRW,FY2025,2025,11011,Annual report,20260318001082,SCE,자본변동표,ifrs-full_OtherComprehensiveIncomeNetOfTaxGainsLossesOnRemeasurementsOfDefinedBenefitPlans,순확정급여부채의 재측정요소,자본 [구성요소]|지배기업의 소유주에게 귀속되는 지분 [구성요소]|기타포괄손익누계액 [구성요소],0,제 63 기,2025,KRW,,0,제 64 기,,,12,11011,fnlttSinglAcntAll,,0,제 65 기
samyang_foods,Samyang Foods,00126955,003230,KRW,FY2025,2025,11011,Annual report,20260318001082,SCE,자본변동표,ifrs-full_OtherComprehensiveIncomeNetOfTaxGainsLossesOnRemeasurementsOfDefinedBenefitPlans,순확정급여부채의 재측정요소,자본 [구성요소]|지배기업의 소유주에게 귀속되는 지분 [구성요소]|이익잉여금 [구성요소],-1355734205,제 63 기,2025,KRW,,-4889674146,제 64 기,,,12,11011,fnlttSinglAcntAll,,-41267860,제 65 기
samyang_foods,Samyang Foods,00126955,003230,KRW,FY2025,2025,11011,Annual report,20260318001082,SCE,자본변동표,ifrs-full_OtherComprehensiveIncomeNetOfTaxGainsLossesOnRemeasurementsOfDefinedBenefitPlans,순확정급여부채의 재측정요소,자본 [구성요소]|지배기업의 소유주에게 귀속되는 지분 [구성요소]|자본금 [구성요소],0,제 63 기,2025,KRW,,0,제 64 기,,,12,11011,fnlttSinglAcntAll,,0,제 65 기
samyang_foods,Samyang Foods,00126955,003230,KRW,FY2025,2025,11011,Annual report,20260318001082,SCE,자본변동표,ifrs-full_OtherComprehensiveIncomeNetOfTaxGainsLossesOnRemeasurementsOfDefinedBenefitPlans,순확정급여부채의 재측정요소,연결재무제표 [member],-1344956353,제 63 기,2025,KRW,,-4943823372,제 64 기,,,12,11011,fnlttSinglAcntAll,,-35961514,제 65 기
samyang_foods,Samyang Foods,00126955,003230,KRW,FY2025,2025,11011,Annual report,20260318001082,SCE,자본변동표,ifrs-full_ProfitLoss,당기순이익,연결재무제표 [member],126591199633,제 63 기,2025,KRW,,271255665463,제 64 기,,,13,11011,fnlttSinglAcntAll,,388673674725,제 65 기
samyang_foods,Samyang Foods,00126955,003230,KRW,FY2025,2025,11011,Annual report,20260318001082,SCE,자본변동표,ifrs-full_ProfitLoss,당기순이익,자본 [구성요소]|비지배지분 [구성요소],328942379,제 63 기,2025,KRW,,-729659204,제 64 기,,,13,11011,fnlttSinglAcntAll,,-763815448,제 65 기
samyang_foods,Samyang Foods,00126955,003230,KRW,FY2025,2025,11011,Annual report,20260318001082,SCE,자본변동표,ifrs-full_ProfitLoss,당기순이익,자본 [구성요소]|지배기업의 소유주에게 귀속되는 지분 [구성요소],126262257254,제 63 기,2025,KRW,,271985324667,제 64 기,,,13,11011,fnlttSinglAcntAll,,389437490173,제 65 기
samyang_foods,Samyang Foods,00126955,003230,KRW,FY2025,2025,11011,Annual report,20260318001082,SCE,자본변동표,ifrs-full_ProfitLoss,당기순이익,자본 [구성요소]|지배기업의 소유주에게 귀속되는 지분 [구성요소]|기타자본구성요소 [구성요소],0,제 63 기,2025,KRW,,0,제 64 기,,,13,11011,fnlttSinglAcntAll,,0,제 65 기
samyang_foods,Samyang Foods,00126955,003230,KRW,FY2025,2025,11011,Annual report,20260318001082,SCE,자본변동표,ifrs-full_ProfitLoss,당기순이익,자본 [구성요소]|지배기업의 소유주에게 귀속되는 지분 [구성요소]|기타포괄손익누계액 [구성요소],0,제 63 기,2025,KRW,,0,제 64 기,,,13,11011,fnlttSinglAcntAll,,0,제 65 기
samyang_foods,Samyang Foods,00126955,003230,KRW,FY2025,2025,11011,Annual report,20260318001082,SCE,자본변동표,ifrs-full_ProfitLoss,당기순이익,자본 [구성요소]|지배기업의 소유주에게 귀속되는 지분 [구성요소]|이익잉여금 [구성요소],126262257254,제 63 기,2025,KRW,,271985324667,제 64 기,,,13,11011,fnlttSinglAcntAll,,389437490173,제 65 기
samyang_foods,Samyang Foods,00126955,003230,KRW,FY2025,2025,11011,Annual report,20260318001082,SCE,자본변동표,ifrs-full_ProfitLoss,당기순이익,자본 [구성요소]|지배기업의 소유주에게 귀속되는 지분 [구성요소]|자본금 [구성요소],0,제 63 기,2025,KRW,,0,제 64 기,,,13,11011,fnlttSinglAcntAll,,0,제 65 기
samyang_foods,Samyang Foods,00126955,003230,KRW,FY2025,2025,11011,Annual report,20260318001082,SCE,자본변동표,ifrs-full_SaleOrIssueOfTreasuryShares,자기주식의 처분,연결재무제표 [member],0,제 63 기,2025,KRW,,0,제 64 기,,,14,11011,fnlttSinglAcntAll,,74749409318,제 65 기
samyang_foods,Samyang Foods,00126955,003230,KRW,FY2025,2025,11011,Annual report,20260318001082,SCE,자본변동표,ifrs-full_SaleOrIssueOfTreasuryShares,자기주식의 처분,자본 [구성요소]|비지배지분 [구성요소],0,제 63 기,2025,KRW,,0,제 64 기,,,14,11011,fnlttSinglAcntAll,,0,제 65 기
samyang_foods,Samyang Foods,00126955,003230,KRW,FY2025,2025,11011,Annual report,20260318001082,SCE,자본변동표,ifrs-full_SaleOrIssueOfTreasuryShares,자기주식의 처분,자본 [구성요소]|지배기업의 소유주에게 귀속되는 지분 [구성요소],0,제 63 기,2025,KRW,,0,제 64 기,,,14,11011,fnlttSinglAcntAll,,74749409318,제 65 기
samyang_foods,Samyang Foods,00126955,003230,KRW,FY2025,2025,11011,Annual report,20260318001082,SCE,자본변동표,ifrs-full_SaleOrIssueOfTreasuryShares,자기주식의 처분,자본 [구성요소]|지배기업의 소유주에게 귀속되는 지분 [구성요소]|기타자본구성요소 [구성요소],0,제 63 기,2025,KRW,,0,제 64 기,,,14,11011,fnlttSinglAcntAll,,74749409318,제 65 기
samyang_foods,Samyang Foods,00126955,003230,KRW,FY2025,2025,11011,Annual report,20260318001082,SCE,자본변동표,ifrs-full_SaleOrIssueOfTreasuryShares,자기주식의 처분,자본 [구성요소]|지배기업의 소유주에게 귀속되는 지분 [구성요소]|기타포괄손익누계액 [구성요소],0,제 63 기,2025,KRW,,0,제 64 기,,,14,11011,fnlttSinglAcntAll,,0,제 65 기
samyang_foods,Samyang Foods,00126955,003230,KRW,FY2025,2025,11011,Annual report,20260318001082,SCE,자본변동표,ifrs-full_SaleOrIssueOfTreasuryShares,자기주식의 처분,자본 [구성요소]|지배기업의 소유주에게 귀속되는 지분 [구성요소]|이익잉여금 [구성요소],0,제 63 기,2025,KRW,,0,제 64 기,,,14,11011,fnlttSinglAcntAll,,0,제 65 기
samyang_foods,Samyang Foods,00126955,003230,KRW,FY2025,2025,11011,Annual report,20260318001082,SCE,자본변동표,ifrs-full_SaleOrIssueOfTreasuryShares,자기주식의 처분,자본 [구성요소]|지배기업의 소유주에게 귀속되는 지분 [구성요소]|자본금 [구성요소],0,제 63 기,2025,KRW,,0,제 64 기,,,14,11011,fnlttSinglAcntAll,,0,제 65 기
samyang_foods,Samyang Foods,00126955,003230,KRW,Q1_2026,2026,11013,First-quarter report,20260513000571,BS,재무상태표,ifrs-full_Assets,자산총계,-,,,2026,KRW,,2196495586892,제 65 기말,,,7,11013,fnlttSinglAcntAll,,2387057414000,제 66 기 1분기말
samyang_foods,Samyang Foods,00126955,003230,KRW,Q1_2026,2026,11013,First-quarter report,20260513000571,BS,재무상태표,ifrs-full_CurrentAssets,유동자산,-,,,2026,KRW,,872933619483,제 65 기말,,,8,11013,fnlttSinglAcntAll,,1054766884177,제 66 기 1분기말
samyang_foods,Samyang Foods,00126955,003230,KRW,Q1_2026,2026,11013,First-quarter report,20260513000571,BS,재무상태표,ifrs-full_CashAndCashEquivalents,현금및현금성자산,-,,,2026,KRW,,332840576772,제 65 기말,,,9,11013,fnlttSinglAcntAll,,531917103655,제 66 기 1분기말
samyang_foods,Samyang Foods,00126955,003230,KRW,Q1_2026,2026,11013,First-quarter report,20260513000571,BS,재무상태표,ifrs-full_CurrentFinanceLeaseReceivables,유동성리스채권,-,,,2026,KRW,,564054261,제 65 기말,,,10,11013,fnlttSinglAcntAll,,652923160,제 66 기 1분기말
samyang_foods,Samyang Foods,00126955,003230,KRW,Q1_2026,2026,11013,First-quarter report,20260513000571,BS,재무상태표,ifrs-full_CurrentTaxAssets,당기법인세자산,-,,,2026,KRW,,2222922961,제 65 기말,,,11,11013,fnlttSinglAcntAll,,1237608293,제 66 기 1분기말
samyang_foods,Samyang Foods,00126955,003230,KRW,Q1_2026,2026,11013,First-quarter report,20260513000571,BS,재무상태표,ifrs-full_CurrentTradeReceivables,매출채권,-,,,2026,KRW,,185202492674,제 65 기말,,,12,11013,fnlttSinglAcntAll,,213423021756,제 66 기 1분기말
samyang_foods,Samyang Foods,00126955,003230,KRW,Q1_2026,2026,11013,First-quarter report,20260513000571,BS,재무상태표,ifrs-full_Inventories,재고자산,-,,,2026,KRW,,245011080334,제 65 기말,,,13,11013,fnlttSinglAcntAll,,233709809297,제 66 기 1분기말
samyang_foods,Samyang Foods,00126955,003230,KRW,Q1_2026,2026,11013,First-quarter report,20260513000571,BS,재무상태표,ifrs-full_OtherCurrentAssets,기타유동자산,-,,,2026,KRW,,57970491009,제 65 기말,,,14,11013,fnlttSinglAcntAll,,55146691234,제 66 기 1분기말
samyang_foods,Samyang Foods,00126955,003230,KRW,Q1_2026,2026,11013,First-quarter report,20260513000571,BS,재무상태표,ifrs-full_OtherCurrentFinancialAssets,기타유동금융자산,-,,,2026,KRW,,3879418399,제 65 기말,,,15,11013,fnlttSinglAcntAll,,3426126782,제 66 기 1분기말
samyang_foods,Samyang Foods,00126955,003230,KRW,Q1_2026,2026,11013,First-quarter report,20260513000571,BS,재무상태표,ifrs-full_ShorttermDepositsNotClassifiedAsCashEquivalents,단기금융자산,-,,,2026,KRW,,45242583073,제 65 기말,,,16,11013,fnlttSinglAcntAll,,15253600000,제 66 기 1분기말
samyang_foods,Samyang Foods,00126955,003230,KRW,Q1_2026,2026,11013,First-quarter report,20260513000571,BS,재무상태표,ifrs-full_NoncurrentAssets,비유동자산,-,,,2026,KRW,,1318297291891,제 65 기말,,,17,11013,fnlttSinglAcntAll,,1327025854305,제 66 기 1분기말
samyang_foods,Samyang Foods,00126955,003230,KRW,Q1_2026,2026,11013,First-quarter report,20260513000571,BS,재무상태표,dart_LongTermDepositsNotClassifiedAsCashEquivalents,장기금융자산,-,,,2026,KRW,,10624690886,제 65 기말,,,18,11013,fnlttSinglAcntAll,,13495017330,제 66 기 1분기말
samyang_foods,Samyang Foods,00126955,003230,KRW,Q1_2026,2026,11013,First-quarter report,20260513000571,BS,재무상태표,ifrs-full_DeferredTaxAssets,이연법인세자산,-,,,2026,KRW,,17004572185,제 65 기말,,,19,11013,fnlttSinglAcntAll,,17921087033,제 66 기 1분기말
samyang_foods,Samyang Foods,00126955,003230,KRW,Q1_2026,2026,11013,First-quarter report,20260513000571,BS,재무상태표,ifrs-full_IntangibleAssetsAndGoodwill,무형자산,-,,,2026,KRW,,67661839595,제 65 기말,,,20,11013,fnlttSinglAcntAll,,68469447425,제 66 기 1분기말
samyang_foods,Samyang Foods,00126955,003230,KRW,Q1_2026,2026,11013,First-quarter report,20260513000571,BS,재무상태표,ifrs-full_InvestmentAccountedForUsingEquityMethod,관계기업 및 공동기업투자,-,,,2026,KRW,,3220145706,제 65 기말,,,21,11013,fnlttSinglAcntAll,,3110755227,제 66 기 1분기말
samyang_foods,Samyang Foods,00126955,003230,KRW,Q1_2026,2026,11013,First-quarter report,20260513000571,BS,재무상태표,ifrs-full_InvestmentProperty,투자부동산,-,,,2026,KRW,,38080755651,제 65 기말,,,22,11013,fnlttSinglAcntAll,,38076641614,제 66 기 1분기말
samyang_foods,Samyang Foods,00126955,003230,KRW,Q1_2026,2026,11013,First-quarter report,20260513000571,BS,재무상태표,ifrs-full_NoncurrentBiologicalAssets,생물자산,-,,,2026,KRW,,1312785012,제 65 기말,,,23,11013,fnlttSinglAcntAll,,1241375316,제 66 기 1분기말
samyang_foods,Samyang Foods,00126955,003230,KRW,Q1_2026,2026,11013,First-quarter report,20260513000571,BS,재무상태표,ifrs-full_NoncurrentFinanceLeaseReceivables,비유동성리스채권,-,,,2026,KRW,,458281526,제 65 기말,,,24,11013,fnlttSinglAcntAll,,271576337,제 66 기 1분기말
samyang_foods,Samyang Foods,00126955,003230,KRW,Q1_2026,2026,11013,First-quarter report,20260513000571,BS,재무상태표,ifrs-full_NoncurrentRecognisedAssetsDefinedBenefitPlan,순확정급여자산,-,,,2026,KRW,,7154435430,제 65 기말,,,25,11013,fnlttSinglAcntAll,,1009019093,제 66 기 1분기말
samyang_foods,Samyang Foods,00126955,003230,KRW,Q1_2026,2026,11013,First-quarter report,20260513000571,BS,재무상태표,ifrs-full_OtherNoncurrentAssets,기타비유동자산,-,,,2026,KRW,,2077716141,제 65 기말,,,26,11013,fnlttSinglAcntAll,,2155776952,제 66 기 1분기말
samyang_foods,Samyang Foods,00126955,003230,KRW,Q1_2026,2026,11013,First-quarter report,20260513000571,BS,재무상태표,ifrs-full_OtherNoncurrentFinancialAssets,기타비유동금융자산,-,,,2026,KRW,,39818928425,제 65 기말,,,27,11013,fnlttSinglAcntAll,,4698420519,제 66 기 1분기말
samyang_foods,Samyang Foods,00126955,003230,KRW,Q1_2026,2026,11013,First-quarter report,20260513000571,BS,재무상태표,ifrs-full_PropertyPlantAndEquipment,유형자산,-,,,2026,KRW,,1072621038802,제 65 기말,,,28,11013,fnlttSinglAcntAll,,1106706036260,제 66 기 1분기말
samyang_foods,Samyang Foods,00126955,003230,KRW,Q1_2026,2026,11013,First-quarter report,20260513000571,BS,재무상태표,ifrs-full_RightofuseAssets,사용권자산,-,,,2026,KRW,,58262102532,제 65 기말,,,29,11013,fnlttSinglAcntAll,,69870701199,제 66 기 1분기말
samyang_foods,Samyang Foods,00126955,003230,KRW,Q1_2026,2026,11013,First-quarter report,20260513000571,BS,재무상태표,ifrs-full_NoncurrentAssetsOrDisposalGroupsClassifiedAsHeldForSaleOrAsHeldForDistributionToOwners,매각예정비유동자산,-,,,2026,KRW,,5264675518,제 65 기말,,,30,11013,fnlttSinglAcntAll,,5264675518,제 66 기 1분기말
samyang_foods,Samyang Foods,00126955,003230,KRW,Q1_2026,2026,11013,First-quarter report,20260513000571,BS,재무상태표,ifrs-full_Equity,자본총계,-,,,2026,KRW,,1271540001153,제 65 기말,,,32,11013,fnlttSinglAcntAll,,1405510771177,제 66 기 1분기말
samyang_foods,Samyang Foods,00126955,003230,KRW,Q1_2026,2026,11013,First-quarter report,20260513000571,BS,재무상태표,ifrs-full_EquityAttributableToOwnersOfParent,지배기업 소유주지분,-,,,2026,KRW,,1255376104221,제 65 기말,,,33,11013,fnlttSinglAcntAll,,1388653476413,제 66 기 1분기말
samyang_foods,Samyang Foods,00126955,003230,KRW,Q1_2026,2026,11013,First-quarter report,20260513000571,BS,재무상태표,dart_ElementsOfOtherStockholdersEquity,기타자본,-,,,2026,KRW,,79468800312,제 65 기말,,,34,11013,fnlttSinglAcntAll,,79468800312,제 66 기 1분기말
samyang_foods,Samyang Foods,00126955,003230,KRW,Q1_2026,2026,11013,First-quarter report,20260513000571,BS,재무상태표,dart_OtherComprehensiveIncomeLossAccumulatedAmount,기타포괄손익누계액,-,,,2026,KRW,,8765380553,제 65 기말,,,35,11013,fnlttSinglAcntAll,,19031323180,제 66 기 1분기말
samyang_foods,Samyang Foods,00126955,003230,KRW,Q1_2026,2026,11013,First-quarter report,20260513000571,BS,재무상태표,ifrs-full_IssuedCapital,자본금,-,,,2026,KRW,,37665075000,제 65 기말,,,36,11013,fnlttSinglAcntAll,,37665075000,제 66 기 1분기말
samyang_foods,Samyang Foods,00126955,003230,KRW,Q1_2026,2026,11013,First-quarter report,20260513000571,BS,재무상태표,ifrs-full_RetainedEarnings,이익잉여금,-,,,2026,KRW,,1129476848356,제 65 기말,,,37,11013,fnlttSinglAcntAll,,1252488277921,제 66 기 1분기말
samyang_foods,Samyang Foods,00126955,003230,KRW,Q1_2026,2026,11013,First-quarter report,20260513000571,BS,재무상태표,ifrs-full_NoncontrollingInterests,비지배지분,-,,,2026,KRW,,16163896932,제 65 기말,,,38,11013,fnlttSinglAcntAll,,16857294764,제 66 기 1분기말
samyang_foods,Samyang Foods,00126955,003230,KRW,Q1_2026,2026,11013,First-quarter report,20260513000571,BS,재무상태표,ifrs-full_EquityAndLiabilities,자본과 부채총계,-,,,2026,KRW,,2196495586892,제 65 기말,,,39,11013,fnlttSinglAcntAll,,2387057414000,제 66 기 1분기말
samyang_foods,Samyang Foods,00126955,003230,KRW,Q1_2026,2026,11013,First-quarter report,20260513000571,BS,재무상태표,ifrs-full_CurrentLiabilities,유동부채,-,,,2026,KRW,,555472302432,제 65 기말,,,41,11013,fnlttSinglAcntAll,,600263876016,제 66 기 1분기말
samyang_foods,Samyang Foods,00126955,003230,KRW,Q1_2026,2026,11013,First-quarter report,20260513000571,BS,재무상태표,ifrs-full_CurrentLeaseLiabilities,유동성리스부채,-,,,2026,KRW,,20256209280,제 65 기말,,,42,11013,fnlttSinglAcntAll,,26011450161,제 66 기 1분기말
samyang_foods,Samyang Foods,00126955,003230,KRW,Q1_2026,2026,11013,First-quarter report,20260513000571,BS,재무상태표,ifrs-full_CurrentPortionOfLongtermBorrowings,유동성장기부채,-,,,2026,KRW,,50044472849,제 65 기말,,,43,11013,fnlttSinglAcntAll,,50059639243,제 66 기 1분기말
samyang_foods,Samyang Foods,00126955,003230,KRW,Q1_2026,2026,11013,First-quarter report,20260513000571,BS,재무상태표,ifrs-full_CurrentTaxLiabilities,당기법인세부채,-,,,2026,KRW,,98458038376,제 65 기말,,,44,11013,fnlttSinglAcntAll,,109772435767,제 66 기 1분기말
samyang_foods,Samyang Foods,00126955,003230,KRW,Q1_2026,2026,11013,First-quarter report,20260513000571,BS,재무상태표,ifrs-full_OtherCurrentFinancialLiabilities,기타유동금융부채,-,,,2026,KRW,,131224432893,제 65 기말,,,45,11013,fnlttSinglAcntAll,,151308561603,제 66 기 1분기말
samyang_foods,Samyang Foods,00126955,003230,KRW,Q1_2026,2026,11013,First-quarter report,20260513000571,BS,재무상태표,ifrs-full_OtherCurrentLiabilities,기타유동부채,-,,,2026,KRW,,27840877441,제 65 기말,,,46,11013,fnlttSinglAcntAll,,28538321795,제 66 기 1분기말
samyang_foods,Samyang Foods,00126955,003230,KRW,Q1_2026,2026,11013,First-quarter report,20260513000571,BS,재무상태표,ifrs-full_OtherShorttermProvisions,충당부채,-,,,2026,KRW,,5671011238,제 65 기말,,,47,11013,fnlttSinglAcntAll,,6452046125,제 66 기 1분기말
samyang_foods,Samyang Foods,00126955,003230,KRW,Q1_2026,2026,11013,First-quarter report,20260513000571,BS,재무상태표,ifrs-full_ShorttermBorrowings,단기차입금,-,,,2026,KRW,,92341086958,제 65 기말,,,48,11013,fnlttSinglAcntAll,,83866505068,제 66 기 1분기말
samyang_foods,Samyang Foods,00126955,003230,KRW,Q1_2026,2026,11013,First-quarter report,20260513000571,BS,재무상태표,ifrs-full_TradeAndOtherCurrentPayablesToTradeSuppliers,매입채무,-,,,2026,KRW,,129636173397,제 65 기말,,,49,11013,fnlttSinglAcntAll,,144254916254,제 66 기 1분기말
samyang_foods,Samyang Foods,00126955,003230,KRW,Q1_2026,2026,11013,First-quarter report,20260513000571,BS,재무상태표,ifrs-full_Liabilities,부채총계,-,,,2026,KRW,,924955585739,제 65 기말,,,50,11013,fnlttSinglAcntAll,,981546642823,제 66 기 1분기말
samyang_foods,Samyang Foods,00126955,003230,KRW,Q1_2026,2026,11013,First-quarter report,20260513000571,BS,재무상태표,ifrs-full_NoncurrentLiabilities,비유동부채,-,,,2026,KRW,,369483283307,제 65 기말,,,51,11013,fnlttSinglAcntAll,,381282766807,제 66 기 1분기말
samyang_foods,Samyang Foods,00126955,003230,KRW,Q1_2026,2026,11013,First-quarter report,20260513000571,BS,재무상태표,ifrs-full_DeferredTaxLiabilities,이연법인세부채,-,,,2026,KRW,,27636885772,제 65 기말,,,52,11013,fnlttSinglAcntAll,,29715193549,제 66 기 1분기말
samyang_foods,Samyang Foods,00126955,003230,KRW,Q1_2026,2026,11013,First-quarter report,20260513000571,BS,재무상태표,ifrs-full_LongtermBorrowings,장기차입금,-,,,2026,KRW,,296883771998,제 65 기말,,,53,11013,fnlttSinglAcntAll,,296934186217,제 66 기 1분기말
samyang_foods,Samyang Foods,00126955,003230,KRW,Q1_2026,2026,11013,First-quarter report,20260513000571,BS,재무상태표,ifrs-full_LongtermProvisionForDecommissioningRestorationAndRehabilitationCosts,복구충당부채,-,,,2026,KRW,,621541752,제 65 기말,,,54,11013,fnlttSinglAcntAll,,774502830,제 66 기 1분기말
samyang_foods,Samyang Foods,00126955,003230,KRW,Q1_2026,2026,11013,First-quarter report,20260513000571,BS,재무상태표,ifrs-full_NoncurrentLeaseLiabilities,비유동리스부채,-,,,2026,KRW,,43123674006,제 65 기말,,,55,11013,fnlttSinglAcntAll,,50879008120,제 66 기 1분기말
samyang_foods,Samyang Foods,00126955,003230,KRW,Q1_2026,2026,11013,First-quarter report,20260513000571,BS,재무상태표,ifrs-full_NoncurrentRecognisedLiabilitiesDefinedBenefitPlan,순확정급여부채,-,,,2026,KRW,,1041801794,제 65 기말,,,56,11013,fnlttSinglAcntAll,,1870647397,제 66 기 1분기말
samyang_foods,Samyang Foods,00126955,003230,KRW,Q1_2026,2026,11013,First-quarter report,20260513000571,BS,재무상태표,ifrs-full_OtherNoncurrentFinancialLiabilities,기타비유동금융부채,-,,,2026,KRW,,175607985,제 65 기말,,,57,11013,fnlttSinglAcntAll,,1109228694,제 66 기 1분기말
samyang_foods,Samyang Foods,00126955,003230,KRW,Q1_2026,2026,11013,First-quarter report,20260513000571,CIS,포괄손익계산서,dart_OperatingIncomeLoss,영업이익,-,,,2026,KRW,133988454361,,,133988454361,제 65 기 1분기,6,11013,fnlttSinglAcntAll,177133059786,177133059786,제 66 기 1분기
samyang_foods,Samyang Foods,00126955,003230,KRW,Q1_2026,2026,11013,First-quarter report,20260513000571,CIS,포괄손익계산서,dart_OtherGains,기타수익,-,,,2026,KRW,24202132592,,,24202132592,제 65 기 1분기,7,11013,fnlttSinglAcntAll,41754034449,41754034449,제 66 기 1분기
samyang_foods,Samyang Foods,00126955,003230,KRW,Q1_2026,2026,11013,First-quarter report,20260513000571,CIS,포괄손익계산서,dart_OtherLosses,기타비용,-,,,2026,KRW,23185539293,,,23185539293,제 65 기 1분기,8,11013,fnlttSinglAcntAll,16638810358,16638810358,제 66 기 1분기
samyang_foods,Samyang Foods,00126955,003230,KRW,Q1_2026,2026,11013,First-quarter report,20260513000571,CIS,포괄손익계산서,dart_ProfitsOfAssociatesAndJointVenturesAccountedForUsingEquityMethod,지분법이익,-,,,2026,KRW,6439878,,,6439878,제 65 기 1분기,9,11013,fnlttSinglAcntAll,90609521,90609521,제 66 기 1분기
samyang_foods,Samyang Foods,00126955,003230,KRW,Q1_2026,2026,11013,First-quarter report,20260513000571,CIS,포괄손익계산서,dart_TotalSellingGeneralAdministrativeExpenses,판매비와관리비,-,,,2026,KRW,110947517637,,,110947517637,제 65 기 1분기,10,11013,fnlttSinglAcntAll,125783043479,125783043479,제 66 기 1분기
samyang_foods,Samyang Foods,00126955,003230,KRW,Q1_2026,2026,11013,First-quarter report,20260513000571,CIS,포괄손익계산서,ifrs-full_ComprehensiveIncome,총포괄손익,-,,,2026,KRW,99538099730,,,99538099730,제 65 기 1분기,11,11013,fnlttSinglAcntAll,153240915700,153240915700,제 66 기 1분기
samyang_foods,Samyang Foods,00126955,003230,KRW,Q1_2026,2026,11013,First-quarter report,20260513000571,CIS,포괄손익계산서,ifrs-full_ComprehensiveIncomeAttributableToNoncontrollingInterests,비지배지분순손익,-,,,2026,KRW,-179573840,,,-179573840,제 65 기 1분기,12,11013,fnlttSinglAcntAll,377704508,377704508,제 66 기 1분기
samyang_foods,Samyang Foods,00126955,003230,KRW,Q1_2026,2026,11013,First-quarter report,20260513000571,CIS,포괄손익계산서,ifrs-full_ComprehensiveIncomeAttributableToOwnersOfParent,지배기업의 소유주지분,-,,,2026,KRW,99717673570,,,99717673570,제 65 기 1분기,13,11013,fnlttSinglAcntAll,152863211192,152863211192,제 66 기 1분기
samyang_foods,Samyang Foods,00126955,003230,KRW,Q1_2026,2026,11013,First-quarter report,20260513000571,CIS,포괄손익계산서,ifrs-full_CostOfSales,매출원가,-,,,2026,KRW,284077234879,,,284077234879,제 65 기 1분기,14,11013,fnlttSinglAcntAll,411489978359,411489978359,제 66 기 1분기
samyang_foods,Samyang Foods,00126955,003230,KRW,Q1_2026,2026,11013,First-quarter report,20260513000571,CIS,포괄손익계산서,ifrs-full_BasicEarningsLossPerShare,기본주당이익,-,,,2026,KRW,13292,,,13292,제 65 기 1분기,16,11013,fnlttSinglAcntAll,19198,19198,제 66 기 1분기
samyang_foods,Samyang Foods,00126955,003230,KRW,Q1_2026,2026,11013,First-quarter report,20260513000571,CIS,포괄손익계산서,ifrs-full_DilutedEarningsLossPerShare,희석주당이익,-,,,2026,KRW,13292,,,13292,제 65 기 1분기,17,11013,fnlttSinglAcntAll,19198,19198,제 66 기 1분기
samyang_foods,Samyang Foods,00126955,003230,KRW,Q1_2026,2026,11013,First-quarter report,20260513000571,CIS,포괄손익계산서,ifrs-full_FinanceCosts,금융원가,-,,,2026,KRW,6055456246,,,6055456246,제 65 기 1분기,18,11013,fnlttSinglAcntAll,4770972994,4770972994,제 66 기 1분기
samyang_foods,Samyang Foods,00126955,003230,KRW,Q1_2026,2026,11013,First-quarter report,20260513000571,CIS,포괄손익계산서,ifrs-full_FinanceIncome,금융수익,-,,,2026,KRW,6025337755,,,6025337755,제 65 기 1분기,19,11013,fnlttSinglAcntAll,3622519202,3622519202,제 66 기 1분기
samyang_foods,Samyang Foods,00126955,003230,KRW,Q1_2026,2026,11013,First-quarter report,20260513000571,CIS,포괄손익계산서,ifrs-full_GrossProfit,매출총이익,-,,,2026,KRW,244935971998,,,244935971998,제 65 기 1분기,20,11013,fnlttSinglAcntAll,302916103265,302916103265,제 66 기 1분기
samyang_foods,Samyang Foods,00126955,003230,KRW,Q1_2026,2026,11013,First-quarter report,20260513000571,CIS,포괄손익계산서,ifrs-full_IncomeTaxExpenseContinuingOperations,법인세비용,-,,,2026,KRW,36021914821,,,36021914821,제 65 기 1분기,21,11013,fnlttSinglAcntAll,56674796506,56674796506,제 66 기 1분기
samyang_foods,Samyang Foods,00126955,003230,KRW,Q1_2026,2026,11013,First-quarter report,20260513000571,CIS,포괄손익계산서,ifrs-full_OtherComprehensiveIncome,기타포괄손익,-,,,2026,KRW,578645504,,,578645504,제 65 기 1분기,22,11013,fnlttSinglAcntAll,8725272600,8725272600,제 66 기 1분기
samyang_foods,Samyang Foods,00126955,003230,KRW,Q1_2026,2026,11013,First-quarter report,20260513000571,CIS,포괄손익계산서,ifrs-full_OtherComprehensiveIncomeThatWillBeReclassifiedToProfitOrLossNetOfTax,후속적으로 당기손익으로 재분류되는 항목,-,,,2026,KRW,280200907,,,280200907,제 65 기 1분기,23,11013,fnlttSinglAcntAll,10126574928,10126574928,제 66 기 1분기
samyang_foods,Samyang Foods,00126955,003230,KRW,Q1_2026,2026,11013,First-quarter report,20260513000571,CIS,포괄손익계산서,ifrs-full_GainsLossesOnExchangeDifferencesOnTranslationNetOfTax,해외사업환산손익,-,,,2026,KRW,280200907,,,280200907,제 65 기 1분기,24,11013,fnlttSinglAcntAll,10126574928,10126574928,제 66 기 1분기
samyang_foods,Samyang Foods,00126955,003230,KRW,Q1_2026,2026,11013,First-quarter report,20260513000571,CIS,포괄손익계산서,ifrs-full_OtherComprehensiveIncomeThatWillNotBeReclassifiedToProfitOrLossNetOfTax,후속적으로 당기손익으로 재분류되지 않는 항목,-,,,2026,KRW,298444597,,,298444597,제 65 기 1분기,25,11013,fnlttSinglAcntAll,-1401302328,-1401302328,제 66 기 1분기
samyang_foods,Samyang Foods,00126955,003230,KRW,Q1_2026,2026,11013,First-quarter report,20260513000571,CIS,포괄손익계산서,ifrs-full_OtherComprehensiveIncomeNetOfTaxGainsLossesFromInvestmentsInEquityInstruments,기타포괄손익-공정가치 측정 금융자산 평가손익,-,,,2026,KRW,26035833,,,26035833,제 65 기 1분기,26,11013,fnlttSinglAcntAll,619486122,619486122,제 66 기 1분기
samyang_foods,Samyang Foods,00126955,003230,KRW,Q1_2026,2026,11013,First-quarter report,20260513000571,CIS,포괄손익계산서,ifrs-full_OtherComprehensiveIncomeNetOfTaxGainsLossesOnRemeasurementsOfDefinedBenefitPlans,순확정급여자산(부채)의 재측정요소,-,,,2026,KRW,272408764,,,272408764,제 65 기 1분기,27,11013,fnlttSinglAcntAll,-2020788450,-2020788450,제 66 기 1분기
samyang_foods,Samyang Foods,00126955,003230,KRW,Q1_2026,2026,11013,First-quarter report,20260513000571,CIS,포괄손익계산서,ifrs-full_ProfitLoss,분기순이익,-,,,2026,KRW,98959454226,,,98959454226,제 65 기 1분기,28,11013,fnlttSinglAcntAll,144515643100,144515643100,제 66 기 1분기
samyang_foods,Samyang Foods,00126955,003230,KRW,Q1_2026,2026,11013,First-quarter report,20260513000571,CIS,포괄손익계산서,ifrs-full_ProfitLossAttributableToNoncontrollingInterests,비지배지분순손익,-,,,2026,KRW,-174824206,,,-174824206,제 65 기 1분기,29,11013,fnlttSinglAcntAll,-102413915,-102413915,제 66 기 1분기
samyang_foods,Samyang Foods,00126955,003230,KRW,Q1_2026,2026,11013,First-quarter report,20260513000571,CIS,포괄손익계산서,ifrs-full_ProfitLossAttributableToOwnersOfParent,지배기업의 소유주지분,-,,,2026,KRW,99134278432,,,99134278432,제 65 기 1분기,30,11013,fnlttSinglAcntAll,144618057015,144618057015,제 66 기 1분기
samyang_foods,Samyang Foods,00126955,003230,KRW,Q1_2026,2026,11013,First-quarter report,20260513000571,CIS,포괄손익계산서,ifrs-full_ProfitLossBeforeTax,법인세비용차감전순이익,-,,,2026,KRW,134981369047,,,134981369047,제 65 기 1분기,31,11013,fnlttSinglAcntAll,201190439606,201190439606,제 66 기 1분기
samyang_foods,Samyang Foods,00126955,003230,KRW,Q1_2026,2026,11013,First-quarter report,20260513000571,CIS,포괄손익계산서,ifrs-full_Revenue,매출액,-,,,2026,KRW,529013206877,,,529013206877,제 65 기 1분기,32,11013,fnlttSinglAcntAll,714406081624,714406081624,제 66 기 1분기
samyang_foods,Samyang Foods,00126955,003230,KRW,Q1_2026,2026,11013,First-quarter report,20260513000571,CF,현금흐름표,dart_CashAndCashEquivalentsAtBeginningOfPeriodCf,기초의 현금및현금성자산,-,,,2026,KRW,,,,334820783660,제 65 기 1분기,2,11013,fnlttSinglAcntAll,,332840576772,제 66 기 1분기
samyang_foods,Samyang Foods,00126955,003230,KRW,Q1_2026,2026,11013,First-quarter report,20260513000571,CF,현금흐름표,dart_CashAndCashEquivalentsAtEndOfPeriodCf,분기말 현금및현금성자산,-,,,2026,KRW,,,,339364864839,제 65 기 1분기,3,11013,fnlttSinglAcntAll,,531917103655,제 66 기 1분기
samyang_foods,Samyang Foods,00126955,003230,KRW,Q1_2026,2026,11013,First-quarter report,20260513000571,CF,현금흐름표,ifrs-full_CashFlowsFromUsedInFinancingActivities,재무활동 현금흐름,-,,,2026,KRW,,,,-21632781117,제 65 기 1분기,8,11013,fnlttSinglAcntAll,,-18264373212,제 66 기 1분기
samyang_foods,Samyang Foods,00126955,003230,KRW,Q1_2026,2026,11013,First-quarter report,20260513000571,CF,현금흐름표,dart_PaymentsOfFinanceLeaseLiabilitiesClassifiedAsFinancingActivities,리스부채의 감소,-,,,2026,KRW,,,,4254734114,제 65 기 1분기,9,11013,fnlttSinglAcntAll,,6403459292,제 66 기 1분기
samyang_foods,Samyang Foods,00126955,003230,KRW,Q1_2026,2026,11013,First-quarter report,20260513000571,CF,현금흐름표,ifrs-full_InterestPaidClassifiedAsFinancingActivities,이자의 지급,-,,,2026,KRW,,,,2937170583,제 65 기 1분기,10,11013,fnlttSinglAcntAll,,3634723011,제 66 기 1분기
samyang_foods,Samyang Foods,00126955,003230,KRW,Q1_2026,2026,11013,First-quarter report,20260513000571,CF,현금흐름표,ifrs-full_ProceedsFromBorrowingsClassifiedAsFinancingActivities,차입금의 차입,-,,,2026,KRW,,,,1047869302,제 65 기 1분기,11,11013,fnlttSinglAcntAll,,6153820329,제 66 기 1분기
samyang_foods,Samyang Foods,00126955,003230,KRW,Q1_2026,2026,11013,First-quarter report,20260513000571,CF,현금흐름표,ifrs-full_ProceedsFromChangesInOwnershipInterestsInSubsidiaries,종속기업의 보통주 발행,-,,,2026,KRW,,,,988040000,제 65 기 1분기,12,11013,fnlttSinglAcntAll,,315693324,제 66 기 1분기
samyang_foods,Samyang Foods,00126955,003230,KRW,Q1_2026,2026,11013,First-quarter report,20260513000571,CF,현금흐름표,ifrs-full_RepaymentsOfBorrowingsClassifiedAsFinancingActivities,차입금의 상환,-,,,2026,KRW,,,,16476785722,제 65 기 1분기,13,11013,fnlttSinglAcntAll,,14695704562,제 66 기 1분기
samyang_foods,Samyang Foods,00126955,003230,KRW,Q1_2026,2026,11013,First-quarter report,20260513000571,CF,현금흐름표,ifrs-full_CashFlowsFromUsedInInvestingActivities,투자활동 현금흐름,-,,,2026,KRW,,,,-45768582719,제 65 기 1분기,14,11013,fnlttSinglAcntAll,,-4255901699,제 66 기 1분기
samyang_foods,Samyang Foods,00126955,003230,KRW,Q1_2026,2026,11013,First-quarter report,20260513000571,CF,현금흐름표,dart_DecreaseInGuaranteeDeposits,보증금의 감소,-,,,2026,KRW,,,,13041433,제 65 기 1분기,15,11013,fnlttSinglAcntAll,,85000000,제 66 기 1분기
samyang_foods,Samyang Foods,00126955,003230,KRW,Q1_2026,2026,11013,First-quarter report,20260513000571,CF,현금흐름표,dart_IncreaseInGuaranteeDeposits,보증금의 증가,-,,,2026,KRW,,,,111303831,제 65 기 1분기,16,11013,fnlttSinglAcntAll,,369567132,제 66 기 1분기
samyang_foods,Samyang Foods,00126955,003230,KRW,Q1_2026,2026,11013,First-quarter report,20260513000571,CF,현금흐름표,dart_ProceedsFromDisposalOfFinancialAssetsAtFairValueThroughProfitOrLossClassifiedAsInvestingActivities,당기손익-공정가치측정금융자산의 처분,-,,,2026,KRW,,,,0,제 65 기 1분기,17,11013,fnlttSinglAcntAll,,30076142883,제 66 기 1분기
samyang_foods,Samyang Foods,00126955,003230,KRW,Q1_2026,2026,11013,First-quarter report,20260513000571,CF,현금흐름표,dart_ProceedsFromSalesOfNonCurrentAssetsOrDisposalGroupsClassifiedAsHeldForSale,매각예정비유동자산의 처분,-,,,2026,KRW,,,,214691032,제 65 기 1분기,18,11013,fnlttSinglAcntAll,,0,제 66 기 1분기
samyang_foods,Samyang Foods,00126955,003230,KRW,Q1_2026,2026,11013,First-quarter report,20260513000571,CF,현금흐름표,dart_ProceedsFromSalesOfShortTermFinancialInstruments,단기금융상품의 감소,-,,,2026,KRW,,,,13965000000,제 65 기 1분기,19,11013,fnlttSinglAcntAll,,2612000000,제 66 기 1분기
samyang_foods,Samyang Foods,00126955,003230,KRW,Q1_2026,2026,11013,First-quarter report,20260513000571,CF,현금흐름표,dart_PurchaseOfFinancialAssetsAtFairValueThroughOtherComprehensiveIncome,기타포괄손익-공정가치측정금융자산의 취득,-,,,2026,KRW,,,,1445599842,제 65 기 1분기,20,11013,fnlttSinglAcntAll,,2405922367,제 66 기 1분기
samyang_foods,Samyang Foods,00126955,003230,KRW,Q1_2026,2026,11013,First-quarter report,20260513000571,CF,현금흐름표,dart_PurchaseOfFinancialAssetsAtFairValueThroughProfitOrLossClassifiedAsInvestingActivities,당기손익-공정가치측정금융자산의 취득,-,,,2026,KRW,,,,1000778850,제 65 기 1분기,21,11013,fnlttSinglAcntAll,,0,제 66 기 1분기
samyang_foods,Samyang Foods,00126955,003230,KRW,Q1_2026,2026,11013,First-quarter report,20260513000571,CF,현금흐름표,dart_PurchaseOfShortTermFinancialInstruments,단기금융상품의 증가,-,,,2026,KRW,,,,6200000000,제 65 기 1분기,22,11013,fnlttSinglAcntAll,,1200000000,제 66 기 1분기
samyang_foods,Samyang Foods,00126955,003230,KRW,Q1_2026,2026,11013,First-quarter report,20260513000571,CF,현금흐름표,-표준계정코드 미사용-,금융리스채권의 감소,-,,,2026,KRW,,,,0,제 65 기 1분기,23,11013,fnlttSinglAcntAll,,159122014,제 66 기 1분기
samyang_foods,Samyang Foods,00126955,003230,KRW,Q1_2026,2026,11013,First-quarter report,20260513000571,CF,현금흐름표,ifrs-full_DividendsReceivedClassifiedAsInvestingActivities,배당금의 수취,-,,,2026,KRW,,,,233441640,제 65 기 1분기,24,11013,fnlttSinglAcntAll,,292574570,제 66 기 1분기
samyang_foods,Samyang Foods,00126955,003230,KRW,Q1_2026,2026,11013,First-quarter report,20260513000571,CF,현금흐름표,ifrs-full_InterestReceivedClassifiedAsInvestingActivities,이자의 수취,-,,,2026,KRW,,,,1866901759,제 65 기 1분기,25,11013,fnlttSinglAcntAll,,2013867980,제 66 기 1분기
samyang_foods,Samyang Foods,00126955,003230,KRW,Q1_2026,2026,11013,First-quarter report,20260513000571,CF,현금흐름표,ifrs-full_ProceedsFromGovernmentGrantsClassifiedAsInvestingActivities,정부보조금의 수취,-,,,2026,KRW,,,,3150000000,제 65 기 1분기,26,11013,fnlttSinglAcntAll,,50000000,제 66 기 1분기
samyang_foods,Samyang Foods,00126955,003230,KRW,Q1_2026,2026,11013,First-quarter report,20260513000571,CF,현금흐름표,ifrs-full_ProceedsFromSalesOfBiologicalAssets,생물자산의 처분,-,,,2026,KRW,,,,9140761,제 65 기 1분기,27,11013,fnlttSinglAcntAll,,77209967,제 66 기 1분기
samyang_foods,Samyang Foods,00126955,003230,KRW,Q1_2026,2026,11013,First-quarter report,20260513000571,CF,현금흐름표,ifrs-full_ProceedsFromSalesOfPropertyPlantAndEquipmentClassifiedAsInvestingActivities,유형자산의 처분,-,,,2026,KRW,,,,12910010,제 65 기 1분기,28,11013,fnlttSinglAcntAll,,73823666,제 66 기 1분기
samyang_foods,Samyang Foods,00126955,003230,KRW,Q1_2026,2026,11013,First-quarter report,20260513000571,CF,현금흐름표,ifrs-full_PurchaseOfIntangibleAssetsClassifiedAsInvestingActivities,무형자산의 취득,-,,,2026,KRW,,,,4872675885,제 65 기 1분기,29,11013,fnlttSinglAcntAll,,1309033225,제 66 기 1분기
samyang_foods,Samyang Foods,00126955,003230,KRW,Q1_2026,2026,11013,First-quarter report,20260513000571,CF,현금흐름표,ifrs-full_PurchaseOfPropertyPlantAndEquipmentClassifiedAsInvestingActivities,유형자산의 취득,-,,,2026,KRW,,,,51603350946,제 65 기 1분기,30,11013,fnlttSinglAcntAll,,34411120055,제 66 기 1분기
samyang_foods,Samyang Foods,00126955,003230,KRW,Q1_2026,2026,11013,First-quarter report,20260513000571,CF,현금흐름표,ifrs-full_CashFlowsFromUsedInOperatingActivities,영업활동 현금흐름,-,,,2026,KRW,,,,69546216551,제 65 기 1분기,31,11013,fnlttSinglAcntAll,,211340130698,제 66 기 1분기
samyang_foods,Samyang Foods,00126955,003230,KRW,Q1_2026,2026,11013,First-quarter report,20260513000571,CF,현금흐름표,ifrs-full_CashFlowsFromUsedInOperations,영업으로부터 창출된 현금흐름,-,,,2026,KRW,,,,100756323827,제 65 기 1분기,32,11013,fnlttSinglAcntAll,,249299163572,제 66 기 1분기
samyang_foods,Samyang Foods,00126955,003230,KRW,Q1_2026,2026,11013,First-quarter report,20260513000571,CF,현금흐름표,ifrs-full_IncomeTaxesPaidRefundClassifiedAsOperatingActivities,법인세의 납부,-,,,2026,KRW,,,,31210107276,제 65 기 1분기,33,11013,fnlttSinglAcntAll,,37959032874,제 66 기 1분기
samyang_foods,Samyang Foods,00126955,003230,KRW,Q1_2026,2026,11013,First-quarter report,20260513000571,CF,현금흐름표,ifrs-full_EffectOfExchangeRateChangesOnCashAndCashEquivalents,현금및현금성자산으로 인한 환율효과,-,,,2026,KRW,,,,2399228464,제 65 기 1분기,34,11013,fnlttSinglAcntAll,,10256671096,제 66 기 1분기
samyang_foods,Samyang Foods,00126955,003230,KRW,Q1_2026,2026,11013,First-quarter report,20260513000571,CF,현금흐름표,ifrs-full_IncreaseDecreaseInCashAndCashEquivalentsBeforeEffectOfExchangeRateChanges,현금및현금성자산의 증가,-,,,2026,KRW,,,,2144852715,제 65 기 1분기,35,11013,fnlttSinglAcntAll,,188819855787,제 66 기 1분기
samyang_foods,Samyang Foods,00126955,003230,KRW,Q1_2026,2026,11013,First-quarter report,20260513000571,SCE,자본변동표,dart_EquityAtBeginningOfPeriod,기초자본,자본 [구성요소]|지배기업의 소유주에게 귀속되는 지분 [구성요소]|기타자본구성요소 [구성요소],,,2026,KRW,,,,4630404752,제 65 기 1분기,3,11013,fnlttSinglAcntAll,,79468800312,제 66 기 1분기
samyang_foods,Samyang Foods,00126955,003230,KRW,Q1_2026,2026,11013,First-quarter report,20260513000571,SCE,자본변동표,dart_EquityAtBeginningOfPeriod,기초자본,자본 [구성요소]|지배기업의 소유주에게 귀속되는 지분 [구성요소]|기타포괄손익누계액 [구성요소],,,2026,KRW,,,,4638458807,제 65 기 1분기,3,11013,fnlttSinglAcntAll,,8765380553,제 66 기 1분기
samyang_foods,Samyang Foods,00126955,003230,KRW,Q1_2026,2026,11013,First-quarter report,20260513000571,SCE,자본변동표,dart_EquityAtBeginningOfPeriod,기초자본,자본 [구성요소]|지배기업의 소유주에게 귀속되는 지분 [구성요소]|이익잉여금 [구성요소],,,2026,KRW,,,,769913138043,제 65 기 1분기,3,11013,fnlttSinglAcntAll,,1129476848356,제 66 기 1분기
samyang_foods,Samyang Foods,00126955,003230,KRW,Q1_2026,2026,11013,First-quarter report,20260513000571,SCE,자본변동표,dart_EquityAtBeginningOfPeriod,기초자본,자본 [구성요소]|지배기업의 소유주에게 귀속되는 지분 [구성요소],,,2026,KRW,,,,816847076602,제 65 기 1분기,3,11013,fnlttSinglAcntAll,,1255376104221,제 66 기 1분기
samyang_foods,Samyang Foods,00126955,003230,KRW,Q1_2026,2026,11013,First-quarter report,20260513000571,SCE,자본변동표,dart_EquityAtBeginningOfPeriod,기초자본,자본 [구성요소]|비지배지분 [구성요소],,,2026,KRW,,,,11186266005,제 65 기 1분기,3,11013,fnlttSinglAcntAll,,16163896932,제 66 기 1분기
samyang_foods,Samyang Foods,00126955,003230,KRW,Q1_2026,2026,11013,First-quarter report,20260513000571,SCE,자본변동표,dart_EquityAtBeginningOfPeriod,기초자본,연결재무제표 [member],,,2026,KRW,,,,828033342607,제 65 기 1분기,3,11013,fnlttSinglAcntAll,,1271540001153,제 66 기 1분기
samyang_foods,Samyang Foods,00126955,003230,KRW,Q1_2026,2026,11013,First-quarter report,20260513000571,SCE,자본변동표,dart_EquityAtBeginningOfPeriod,기초자본,자본 [구성요소]|지배기업의 소유주에게 귀속되는 지분 [구성요소]|자본금 [구성요소],,,2026,KRW,,,,37665075000,제 65 기 1분기,3,11013,fnlttSinglAcntAll,,37665075000,제 66 기 1분기
samyang_foods,Samyang Foods,00126955,003230,KRW,Q1_2026,2026,11013,First-quarter report,20260513000571,SCE,자본변동표,ifrs-full_DividendsPaid,배당금 지급,자본 [구성요소]|지배기업의 소유주에게 귀속되는 지분 [구성요소],,,2026,KRW,,,,13424630400,제 65 기 1분기,4,11013,fnlttSinglAcntAll,,19585839000,제 66 기 1분기
samyang_foods,Samyang Foods,00126955,003230,KRW,Q1_2026,2026,11013,First-quarter report,20260513000571,SCE,자본변동표,ifrs-full_DividendsPaid,배당금 지급,자본 [구성요소]|비지배지분 [구성요소],,,2026,KRW,,,,0,제 65 기 1분기,4,11013,fnlttSinglAcntAll,,0,제 66 기 1분기
samyang_foods,Samyang Foods,00126955,003230,KRW,Q1_2026,2026,11013,First-quarter report,20260513000571,SCE,자본변동표,ifrs-full_DividendsPaid,배당금 지급,연결재무제표 [member],,,2026,KRW,,,,13424630400,제 65 기 1분기,4,11013,fnlttSinglAcntAll,,19585839000,제 66 기 1분기
samyang_foods,Samyang Foods,00126955,003230,KRW,Q1_2026,2026,11013,First-quarter report,20260513000571,SCE,자본변동표,ifrs-full_DividendsPaid,배당금 지급,자본 [구성요소]|지배기업의 소유주에게 귀속되는 지분 [구성요소]|기타자본구성요소 [구성요소],,,2026,KRW,,,,0,제 65 기 1분기,4,11013,fnlttSinglAcntAll,,0,제 66 기 1분기
samyang_foods,Samyang Foods,00126955,003230,KRW,Q1_2026,2026,11013,First-quarter report,20260513000571,SCE,자본변동표,ifrs-full_DividendsPaid,배당금 지급,자본 [구성요소]|지배기업의 소유주에게 귀속되는 지분 [구성요소]|자본금 [구성요소],,,2026,KRW,,,,0,제 65 기 1분기,4,11013,fnlttSinglAcntAll,,0,제 66 기 1분기
samyang_foods,Samyang Foods,00126955,003230,KRW,Q1_2026,2026,11013,First-quarter report,20260513000571,SCE,자본변동표,ifrs-full_DividendsPaid,배당금 지급,자본 [구성요소]|지배기업의 소유주에게 귀속되는 지분 [구성요소]|이익잉여금 [구성요소],,,2026,KRW,,,,13424630400,제 65 기 1분기,4,11013,fnlttSinglAcntAll,,19585839000,제 66 기 1분기
samyang_foods,Samyang Foods,00126955,003230,KRW,Q1_2026,2026,11013,First-quarter report,20260513000571,SCE,자본변동표,ifrs-full_DividendsPaid,배당금 지급,자본 [구성요소]|지배기업의 소유주에게 귀속되는 지분 [구성요소]|기타포괄손익누계액 [구성요소],,,2026,KRW,,,,0,제 65 기 1분기,4,11013,fnlttSinglAcntAll,,0,제 66 기 1분기
samyang_foods,Samyang Foods,00126955,003230,KRW,Q1_2026,2026,11013,First-quarter report,20260513000571,SCE,자본변동표,ifrs-full_Equity,자본총계,연결재무제표 [member],,,2026,KRW,,1271540001153,,915134851937,제 65 기 1분기,5,11013,fnlttSinglAcntAll,,1405510771177,제 66 기 1분기
samyang_foods,Samyang Foods,00126955,003230,KRW,Q1_2026,2026,11013,First-quarter report,20260513000571,SCE,자본변동표,ifrs-full_Equity,자본총계,자본 [구성요소]|비지배지분 [구성요소],,,2026,KRW,,,,11994732165,제 65 기 1분기,5,11013,fnlttSinglAcntAll,,16857294764,제 66 기 1분기
samyang_foods,Samyang Foods,00126955,003230,KRW,Q1_2026,2026,11013,First-quarter report,20260513000571,SCE,자본변동표,ifrs-full_Equity,자본총계,자본 [구성요소]|지배기업의 소유주에게 귀속되는 지분 [구성요소],,,2026,KRW,,,,903140119772,제 65 기 1분기,5,11013,fnlttSinglAcntAll,,1388653476413,제 66 기 1분기
samyang_foods,Samyang Foods,00126955,003230,KRW,Q1_2026,2026,11013,First-quarter report,20260513000571,SCE,자본변동표,ifrs-full_Equity,자본총계,자본 [구성요소]|지배기업의 소유주에게 귀속되는 지분 [구성요소]|이익잉여금 [구성요소],,,2026,KRW,,,,855895194839,제 65 기 1분기,5,11013,fnlttSinglAcntAll,,1252488277921,제 66 기 1분기
samyang_foods,Samyang Foods,00126955,003230,KRW,Q1_2026,2026,11013,First-quarter report,20260513000571,SCE,자본변동표,ifrs-full_Equity,자본총계,자본 [구성요소]|지배기업의 소유주에게 귀속되는 지분 [구성요소]|기타포괄손익누계액 [구성요소],,,2026,KRW,,,,4949445181,제 65 기 1분기,5,11013,fnlttSinglAcntAll,,19031323180,제 66 기 1분기
samyang_foods,Samyang Foods,00126955,003230,KRW,Q1_2026,2026,11013,First-quarter report,20260513000571,SCE,자본변동표,ifrs-full_Equity,자본총계,자본 [구성요소]|지배기업의 소유주에게 귀속되는 지분 [구성요소]|기타자본구성요소 [구성요소],,,2026,KRW,,,,4630404752,제 65 기 1분기,5,11013,fnlttSinglAcntAll,,79468800312,제 66 기 1분기
samyang_foods,Samyang Foods,00126955,003230,KRW,Q1_2026,2026,11013,First-quarter report,20260513000571,SCE,자본변동표,ifrs-full_Equity,자본총계,자본 [구성요소]|지배기업의 소유주에게 귀속되는 지분 [구성요소]|자본금 [구성요소],,,2026,KRW,,,,37665075000,제 65 기 1분기,5,11013,fnlttSinglAcntAll,,37665075000,제 66 기 1분기
samyang_foods,Samyang Foods,00126955,003230,KRW,Q1_2026,2026,11013,First-quarter report,20260513000571,SCE,자본변동표,ifrs-full_GainsLossesOnExchangeDifferencesOnTranslationNetOfTax,해외사업환산손익,자본 [구성요소]|지배기업의 소유주에게 귀속되는 지분 [구성요소]|이익잉여금 [구성요소],,,2026,KRW,,,,0,제 65 기 1분기,6,11013,fnlttSinglAcntAll,,0,제 66 기 1분기
samyang_foods,Samyang Foods,00126955,003230,KRW,Q1_2026,2026,11013,First-quarter report,20260513000571,SCE,자본변동표,ifrs-full_GainsLossesOnExchangeDifferencesOnTranslationNetOfTax,해외사업환산손익,자본 [구성요소]|지배기업의 소유주에게 귀속되는 지분 [구성요소]|기타포괄손익누계액 [구성요소],,,2026,KRW,,,,284950541,제 65 기 1분기,6,11013,fnlttSinglAcntAll,,9646456505,제 66 기 1분기
samyang_foods,Samyang Foods,00126955,003230,KRW,Q1_2026,2026,11013,First-quarter report,20260513000571,SCE,자본변동표,ifrs-full_GainsLossesOnExchangeDifferencesOnTranslationNetOfTax,해외사업환산손익,자본 [구성요소]|지배기업의 소유주에게 귀속되는 지분 [구성요소]|기타자본구성요소 [구성요소],,,2026,KRW,,,,0,제 65 기 1분기,6,11013,fnlttSinglAcntAll,,0,제 66 기 1분기
samyang_foods,Samyang Foods,00126955,003230,KRW,Q1_2026,2026,11013,First-quarter report,20260513000571,SCE,자본변동표,ifrs-full_GainsLossesOnExchangeDifferencesOnTranslationNetOfTax,해외사업환산손익,자본 [구성요소]|지배기업의 소유주에게 귀속되는 지분 [구성요소],,,2026,KRW,,,,284950541,제 65 기 1분기,6,11013,fnlttSinglAcntAll,,9646456505,제 66 기 1분기
samyang_foods,Samyang Foods,00126955,003230,KRW,Q1_2026,2026,11013,First-quarter report,20260513000571,SCE,자본변동표,ifrs-full_GainsLossesOnExchangeDifferencesOnTranslationNetOfTax,해외사업환산손익,자본 [구성요소]|비지배지분 [구성요소],,,2026,KRW,,,,-4749634,제 65 기 1분기,6,11013,fnlttSinglAcntAll,,480118423,제 66 기 1분기
samyang_foods,Samyang Foods,00126955,003230,KRW,Q1_2026,2026,11013,First-quarter report,20260513000571,SCE,자본변동표,ifrs-full_GainsLossesOnExchangeDifferencesOnTranslationNetOfTax,해외사업환산손익,연결재무제표 [member],,,2026,KRW,,,,280200907,제 65 기 1분기,6,11013,fnlttSinglAcntAll,,10126574928,제 66 기 1분기
samyang_foods,Samyang Foods,00126955,003230,KRW,Q1_2026,2026,11013,First-quarter report,20260513000571,SCE,자본변동표,ifrs-full_GainsLossesOnExchangeDifferencesOnTranslationNetOfTax,해외사업환산손익,자본 [구성요소]|지배기업의 소유주에게 귀속되는 지분 [구성요소]|자본금 [구성요소],,,2026,KRW,,,,0,제 65 기 1분기,6,11013,fnlttSinglAcntAll,,0,제 66 기 1분기
samyang_foods,Samyang Foods,00126955,003230,KRW,Q1_2026,2026,11013,First-quarter report,20260513000571,SCE,자본변동표,ifrs-full_IncreaseDecreaseThroughChangeInEquityOfSubsidiaries,종속기업의 보통주 발행,자본 [구성요소]|지배기업의 소유주에게 귀속되는 지분 [구성요소]|이익잉여금 [구성요소],,,2026,KRW,,,,0,제 65 기 1분기,7,11013,fnlttSinglAcntAll,,0,제 66 기 1분기
samyang_foods,Samyang Foods,00126955,003230,KRW,Q1_2026,2026,11013,First-quarter report,20260513000571,SCE,자본변동표,ifrs-full_IncreaseDecreaseThroughChangeInEquityOfSubsidiaries,종속기업의 보통주 발행,자본 [구성요소]|지배기업의 소유주에게 귀속되는 지분 [구성요소]|기타포괄손익누계액 [구성요소],,,2026,KRW,,,,0,제 65 기 1분기,7,11013,fnlttSinglAcntAll,,0,제 66 기 1분기
samyang_foods,Samyang Foods,00126955,003230,KRW,Q1_2026,2026,11013,First-quarter report,20260513000571,SCE,자본변동표,ifrs-full_IncreaseDecreaseThroughChangeInEquityOfSubsidiaries,종속기업의 보통주 발행,자본 [구성요소]|지배기업의 소유주에게 귀속되는 지분 [구성요소]|기타자본구성요소 [구성요소],,,2026,KRW,,,,0,제 65 기 1분기,7,11013,fnlttSinglAcntAll,,0,제 66 기 1분기
samyang_foods,Samyang Foods,00126955,003230,KRW,Q1_2026,2026,11013,First-quarter report,20260513000571,SCE,자본변동표,ifrs-full_IncreaseDecreaseThroughChangeInEquityOfSubsidiaries,종속기업의 보통주 발행,자본 [구성요소]|지배기업의 소유주에게 귀속되는 지분 [구성요소],,,2026,KRW,,,,0,제 65 기 1분기,7,11013,fnlttSinglAcntAll,,0,제 66 기 1분기
samyang_foods,Samyang Foods,00126955,003230,KRW,Q1_2026,2026,11013,First-quarter report,20260513000571,SCE,자본변동표,ifrs-full_IncreaseDecreaseThroughChangeInEquityOfSubsidiaries,종속기업의 보통주 발행,자본 [구성요소]|비지배지분 [구성요소],,,2026,KRW,,,,988040000,제 65 기 1분기,7,11013,fnlttSinglAcntAll,,315693324,제 66 기 1분기
samyang_foods,Samyang Foods,00126955,003230,KRW,Q1_2026,2026,11013,First-quarter report,20260513000571,SCE,자본변동표,ifrs-full_IncreaseDecreaseThroughChangeInEquityOfSubsidiaries,종속기업의 보통주 발행,연결재무제표 [member],,,2026,KRW,,,,988040000,제 65 기 1분기,7,11013,fnlttSinglAcntAll,,315693324,제 66 기 1분기
samyang_foods,Samyang Foods,00126955,003230,KRW,Q1_2026,2026,11013,First-quarter report,20260513000571,SCE,자본변동표,ifrs-full_IncreaseDecreaseThroughChangeInEquityOfSubsidiaries,종속기업의 보통주 발행,자본 [구성요소]|지배기업의 소유주에게 귀속되는 지분 [구성요소]|자본금 [구성요소],,,2026,KRW,,,,0,제 65 기 1분기,7,11013,fnlttSinglAcntAll,,0,제 66 기 1분기
samyang_foods,Samyang Foods,00126955,003230,KRW,Q1_2026,2026,11013,First-quarter report,20260513000571,SCE,자본변동표,ifrs-full_OtherComprehensiveIncomeNetOfTaxGainsLossesFromInvestmentsInEquityInstruments,기타포괄손익-공정가치 측정 금융자산 평가손익,자본 [구성요소]|지배기업의 소유주에게 귀속되는 지분 [구성요소]|이익잉여금 [구성요소],,,2026,KRW,,,,0,제 65 기 1분기,8,11013,fnlttSinglAcntAll,,0,제 66 기 1분기
samyang_foods,Samyang Foods,00126955,003230,KRW,Q1_2026,2026,11013,First-quarter report,20260513000571,SCE,자본변동표,ifrs-full_OtherComprehensiveIncomeNetOfTaxGainsLossesFromInvestmentsInEquityInstruments,기타포괄손익-공정가치 측정 금융자산 평가손익,자본 [구성요소]|지배기업의 소유주에게 귀속되는 지분 [구성요소]|기타포괄손익누계액 [구성요소],,,2026,KRW,,,,26035833,제 65 기 1분기,8,11013,fnlttSinglAcntAll,,619486122,제 66 기 1분기
samyang_foods,Samyang Foods,00126955,003230,KRW,Q1_2026,2026,11013,First-quarter report,20260513000571,SCE,자본변동표,ifrs-full_OtherComprehensiveIncomeNetOfTaxGainsLossesFromInvestmentsInEquityInstruments,기타포괄손익-공정가치 측정 금융자산 평가손익,자본 [구성요소]|지배기업의 소유주에게 귀속되는 지분 [구성요소]|기타자본구성요소 [구성요소],,,2026,KRW,,,,0,제 65 기 1분기,8,11013,fnlttSinglAcntAll,,0,제 66 기 1분기
samyang_foods,Samyang Foods,00126955,003230,KRW,Q1_2026,2026,11013,First-quarter report,20260513000571,SCE,자본변동표,ifrs-full_OtherComprehensiveIncomeNetOfTaxGainsLossesFromInvestmentsInEquityInstruments,기타포괄손익-공정가치 측정 금융자산 평가손익,자본 [구성요소]|지배기업의 소유주에게 귀속되는 지분 [구성요소],,,2026,KRW,,,,26035833,제 65 기 1분기,8,11013,fnlttSinglAcntAll,,619486122,제 66 기 1분기
samyang_foods,Samyang Foods,00126955,003230,KRW,Q1_2026,2026,11013,First-quarter report,20260513000571,SCE,자본변동표,ifrs-full_OtherComprehensiveIncomeNetOfTaxGainsLossesFromInvestmentsInEquityInstruments,기타포괄손익-공정가치 측정 금융자산 평가손익,자본 [구성요소]|비지배지분 [구성요소],,,2026,KRW,,,,0,제 65 기 1분기,8,11013,fnlttSinglAcntAll,,0,제 66 기 1분기
samyang_foods,Samyang Foods,00126955,003230,KRW,Q1_2026,2026,11013,First-quarter report,20260513000571,SCE,자본변동표,ifrs-full_OtherComprehensiveIncomeNetOfTaxGainsLossesFromInvestmentsInEquityInstruments,기타포괄손익-공정가치 측정 금융자산 평가손익,연결재무제표 [member],,,2026,KRW,,,,26035833,제 65 기 1분기,8,11013,fnlttSinglAcntAll,,619486122,제 66 기 1분기
samyang_foods,Samyang Foods,00126955,003230,KRW,Q1_2026,2026,11013,First-quarter report,20260513000571,SCE,자본변동표,ifrs-full_OtherComprehensiveIncomeNetOfTaxGainsLossesFromInvestmentsInEquityInstruments,기타포괄손익-공정가치 측정 금융자산 평가손익,자본 [구성요소]|지배기업의 소유주에게 귀속되는 지분 [구성요소]|자본금 [구성요소],,,2026,KRW,,,,0,제 65 기 1분기,8,11013,fnlttSinglAcntAll,,0,제 66 기 1분기
samyang_foods,Samyang Foods,00126955,003230,KRW,Q1_2026,2026,11013,First-quarter report,20260513000571,SCE,자본변동표,ifrs-full_OtherComprehensiveIncomeNetOfTaxGainsLossesOnRemeasurementsOfDefinedBenefitPlans,순확정급여자산(부채)의 재측정요소,연결재무제표 [member],,,2026,KRW,,,,272408764,제 65 기 1분기,9,11013,fnlttSinglAcntAll,,-2020788450,제 66 기 1분기
samyang_foods,Samyang Foods,00126955,003230,KRW,Q1_2026,2026,11013,First-quarter report,20260513000571,SCE,자본변동표,ifrs-full_OtherComprehensiveIncomeNetOfTaxGainsLossesOnRemeasurementsOfDefinedBenefitPlans,순확정급여자산(부채)의 재측정요소,자본 [구성요소]|비지배지분 [구성요소],,,2026,KRW,,,,0,제 65 기 1분기,9,11013,fnlttSinglAcntAll,,0,제 66 기 1분기
samyang_foods,Samyang Foods,00126955,003230,KRW,Q1_2026,2026,11013,First-quarter report,20260513000571,SCE,자본변동표,ifrs-full_OtherComprehensiveIncomeNetOfTaxGainsLossesOnRemeasurementsOfDefinedBenefitPlans,순확정급여자산(부채)의 재측정요소,자본 [구성요소]|지배기업의 소유주에게 귀속되는 지분 [구성요소],,,2026,KRW,,,,272408764,제 65 기 1분기,9,11013,fnlttSinglAcntAll,,-2020788450,제 66 기 1분기
samyang_foods,Samyang Foods,00126955,003230,KRW,Q1_2026,2026,11013,First-quarter report,20260513000571,SCE,자본변동표,ifrs-full_OtherComprehensiveIncomeNetOfTaxGainsLossesOnRemeasurementsOfDefinedBenefitPlans,순확정급여자산(부채)의 재측정요소,자본 [구성요소]|지배기업의 소유주에게 귀속되는 지분 [구성요소]|기타자본구성요소 [구성요소],,,2026,KRW,,,,0,제 65 기 1분기,9,11013,fnlttSinglAcntAll,,0,제 66 기 1분기
samyang_foods,Samyang Foods,00126955,003230,KRW,Q1_2026,2026,11013,First-quarter report,20260513000571,SCE,자본변동표,ifrs-full_OtherComprehensiveIncomeNetOfTaxGainsLossesOnRemeasurementsOfDefinedBenefitPlans,순확정급여자산(부채)의 재측정요소,자본 [구성요소]|지배기업의 소유주에게 귀속되는 지분 [구성요소]|기타포괄손익누계액 [구성요소],,,2026,KRW,,,,0,제 65 기 1분기,9,11013,fnlttSinglAcntAll,,0,제 66 기 1분기
samyang_foods,Samyang Foods,00126955,003230,KRW,Q1_2026,2026,11013,First-quarter report,20260513000571,SCE,자본변동표,ifrs-full_OtherComprehensiveIncomeNetOfTaxGainsLossesOnRemeasurementsOfDefinedBenefitPlans,순확정급여자산(부채)의 재측정요소,자본 [구성요소]|지배기업의 소유주에게 귀속되는 지분 [구성요소]|이익잉여금 [구성요소],,,2026,KRW,,,,272408764,제 65 기 1분기,9,11013,fnlttSinglAcntAll,,-2020788450,제 66 기 1분기
samyang_foods,Samyang Foods,00126955,003230,KRW,Q1_2026,2026,11013,First-quarter report,20260513000571,SCE,자본변동표,ifrs-full_OtherComprehensiveIncomeNetOfTaxGainsLossesOnRemeasurementsOfDefinedBenefitPlans,순확정급여자산(부채)의 재측정요소,자본 [구성요소]|지배기업의 소유주에게 귀속되는 지분 [구성요소]|자본금 [구성요소],,,2026,KRW,,,,0,제 65 기 1분기,9,11013,fnlttSinglAcntAll,,0,제 66 기 1분기
samyang_foods,Samyang Foods,00126955,003230,KRW,Q1_2026,2026,11013,First-quarter report,20260513000571,SCE,자본변동표,ifrs-full_ProfitLoss,분기순이익,연결재무제표 [member],,,2026,KRW,,,,98959454226,제 65 기 1분기,10,11013,fnlttSinglAcntAll,,144515643100,제 66 기 1분기
samyang_foods,Samyang Foods,00126955,003230,KRW,Q1_2026,2026,11013,First-quarter report,20260513000571,SCE,자본변동표,ifrs-full_ProfitLoss,분기순이익,자본 [구성요소]|비지배지분 [구성요소],,,2026,KRW,,,,-174824206,제 65 기 1분기,10,11013,fnlttSinglAcntAll,,-102413915,제 66 기 1분기
samyang_foods,Samyang Foods,00126955,003230,KRW,Q1_2026,2026,11013,First-quarter report,20260513000571,SCE,자본변동표,ifrs-full_ProfitLoss,분기순이익,자본 [구성요소]|지배기업의 소유주에게 귀속되는 지분 [구성요소],,,2026,KRW,,,,99134278432,제 65 기 1분기,10,11013,fnlttSinglAcntAll,,144618057015,제 66 기 1분기
samyang_foods,Samyang Foods,00126955,003230,KRW,Q1_2026,2026,11013,First-quarter report,20260513000571,SCE,자본변동표,ifrs-full_ProfitLoss,분기순이익,자본 [구성요소]|지배기업의 소유주에게 귀속되는 지분 [구성요소]|기타자본구성요소 [구성요소],,,2026,KRW,,,,0,제 65 기 1분기,10,11013,fnlttSinglAcntAll,,0,제 66 기 1분기
samyang_foods,Samyang Foods,00126955,003230,KRW,Q1_2026,2026,11013,First-quarter report,20260513000571,SCE,자본변동표,ifrs-full_ProfitLoss,분기순이익,자본 [구성요소]|지배기업의 소유주에게 귀속되는 지분 [구성요소]|기타포괄손익누계액 [구성요소],,,2026,KRW,,,,0,제 65 기 1분기,10,11013,fnlttSinglAcntAll,,0,제 66 기 1분기
samyang_foods,Samyang Foods,00126955,003230,KRW,Q1_2026,2026,11013,First-quarter report,20260513000571,SCE,자본변동표,ifrs-full_ProfitLoss,분기순이익,자본 [구성요소]|지배기업의 소유주에게 귀속되는 지분 [구성요소]|이익잉여금 [구성요소],,,2026,KRW,,,,99134278432,제 65 기 1분기,10,11013,fnlttSinglAcntAll,,144618057015,제 66 기 1분기
samyang_foods,Samyang Foods,00126955,003230,KRW,Q1_2026,2026,11013,First-quarter report,20260513000571,SCE,자본변동표,ifrs-full_ProfitLoss,분기순이익,자본 [구성요소]|지배기업의 소유주에게 귀속되는 지분 [구성요소]|자본금 [구성요소],,,2026,KRW,,,,0,제 65 기 1분기,10,11013,fnlttSinglAcntAll,,0,제 66 기 1분기
nongshim,Nongshim,00108241,004370,KRW,FY2025,2025,11011,Annual report,20260311003892,BS,재무상태표,ifrs-full_Assets,자산총계,-,3234751426458,제 60 기,2025,KRW,,3597461570702,제 61 기,,,7,11011,fnlttSinglAcntAll,,3822122467403,제 62 기
nongshim,Nongshim,00108241,004370,KRW,FY2025,2025,11011,Annual report,20260311003892,BS,재무상태표,ifrs-full_CurrentAssets,유동자산,-,1419816691135,제 60 기,2025,KRW,,1743739590775,제 61 기,,,8,11011,fnlttSinglAcntAll,,1960196420067,제 62 기
nongshim,Nongshim,00108241,004370,KRW,FY2025,2025,11011,Annual report,20260311003892,BS,재무상태표,dart_CurrentEmissionRight,배출권,-,67823436,제 60 기,2025,KRW,,0,제 61 기,,,9,11011,fnlttSinglAcntAll,,823166,제 62 기
nongshim,Nongshim,00108241,004370,KRW,FY2025,2025,11011,Annual report,20260311003892,BS,재무상태표,dart_CurrentNontradeReceivables,기타채권,-,20774841225,제 60 기,2025,KRW,,19779573026,제 61 기,,,10,11011,fnlttSinglAcntAll,,17692462886,제 62 기
nongshim,Nongshim,00108241,004370,KRW,FY2025,2025,11011,Annual report,20260311003892,BS,재무상태표,dart_ShortTermTradeReceivable,매출채권,-,292382383365,제 60 기,2025,KRW,,308271886119,제 61 기,,,11,11011,fnlttSinglAcntAll,,322700751452,제 62 기
nongshim,Nongshim,00108241,004370,KRW,FY2025,2025,11011,Annual report,20260311003892,BS,재무상태표,ifrs-full_CashAndCashEquivalents,현금및현금성자산,-,142899537581,제 60 기,2025,KRW,,140894116584,제 61 기,,,12,11011,fnlttSinglAcntAll,,253539960716,제 62 기
nongshim,Nongshim,00108241,004370,KRW,FY2025,2025,11011,Annual report,20260311003892,BS,재무상태표,ifrs-full_CurrentTaxAssets,당기법인세자산,-,5437881130,제 60 기,2025,KRW,,7795205223,제 61 기,,,13,11011,fnlttSinglAcntAll,,10276921188,제 62 기
nongshim,Nongshim,00108241,004370,KRW,FY2025,2025,11011,Annual report,20260311003892,BS,재무상태표,ifrs-full_Inventories,재고자산,-,318234266905,제 60 기,2025,KRW,,323189566831,제 61 기,,,14,11011,fnlttSinglAcntAll,,353314247728,제 62 기
nongshim,Nongshim,00108241,004370,KRW,FY2025,2025,11011,Annual report,20260311003892,BS,재무상태표,ifrs-full_OtherCurrentAssets,기타유동자산,-,22654455132,제 60 기,2025,KRW,,31680418939,제 61 기,,,15,11011,fnlttSinglAcntAll,,36936504417,제 62 기
nongshim,Nongshim,00108241,004370,KRW,FY2025,2025,11011,Annual report,20260311003892,BS,재무상태표,ifrs-full_OtherCurrentFinancialAssets,기타금융자산,-,87188000000,제 60 기,2025,KRW,,160929704053,제 61 기,,,16,11011,fnlttSinglAcntAll,,220138118514,제 62 기
nongshim,Nongshim,00108241,004370,KRW,FY2025,2025,11011,Annual report,20260311003892,BS,재무상태표,ifrs-full_ShorttermDepositsNotClassifiedAsCashEquivalents,단기금융상품,-,530177502361,제 60 기,2025,KRW,,751199120000,제 61 기,,,17,11011,fnlttSinglAcntAll,,745596630000,제 62 기
nongshim,Nongshim,00108241,004370,KRW,FY2025,2025,11011,Annual report,20260311003892,BS,재무상태표,ifrs-full_NoncurrentAssets,비유동자산,-,1814934735323,제 60 기,2025,KRW,,1853721979927,제 61 기,,,18,11011,fnlttSinglAcntAll,,1861926047336,제 62 기
nongshim,Nongshim,00108241,004370,KRW,FY2025,2025,11011,Annual report,20260311003892,BS,재무상태표,dart_LongTermDepositsNotClassifiedAsCashEquivalents,장기금융상품,-,8500000,제 60 기,2025,KRW,,6000000,제 61 기,,,19,11011,fnlttSinglAcntAll,,6000000,제 62 기
nongshim,Nongshim,00108241,004370,KRW,FY2025,2025,11011,Annual report,20260311003892,BS,재무상태표,dart_NoncurrentNontradeReceivables,기타채권,-,8061119636,제 60 기,2025,KRW,,9416042105,제 61 기,,,20,11011,fnlttSinglAcntAll,,8746474503,제 62 기
nongshim,Nongshim,00108241,004370,KRW,FY2025,2025,11011,Annual report,20260311003892,BS,재무상태표,ifrs-full_DeferredTaxAssets,이연법인세자산,-,9776754324,제 60 기,2025,KRW,,11329468824,제 61 기,,,21,11011,fnlttSinglAcntAll,,14664814312,제 62 기
nongshim,Nongshim,00108241,004370,KRW,FY2025,2025,11011,Annual report,20260311003892,BS,재무상태표,ifrs-full_IntangibleAssetsAndGoodwill,무형자산,-,61655126616,제 60 기,2025,KRW,,73601012708,제 61 기,,,22,11011,fnlttSinglAcntAll,,64860314780,제 62 기
nongshim,Nongshim,00108241,004370,KRW,FY2025,2025,11011,Annual report,20260311003892,BS,재무상태표,ifrs-full_InvestmentAccountedForUsingEquityMethod,관계기업투자,-,1519243376,제 60 기,2025,KRW,,1379086055,제 61 기,,,23,11011,fnlttSinglAcntAll,,1510961371,제 62 기
nongshim,Nongshim,00108241,004370,KRW,FY2025,2025,11011,Annual report,20260311003892,BS,재무상태표,ifrs-full_InvestmentProperty,투자부동산,-,62904257481,제 60 기,2025,KRW,,62818475991,제 61 기,,,24,11011,fnlttSinglAcntAll,,59756047731,제 62 기
nongshim,Nongshim,00108241,004370,KRW,FY2025,2025,11011,Annual report,20260311003892,BS,재무상태표,ifrs-full_OtherNoncurrentAssets,기타비유동자산,-,9240416,제 60 기,2025,KRW,,122951875,제 61 기,,,25,11011,fnlttSinglAcntAll,,108555025,제 62 기
nongshim,Nongshim,00108241,004370,KRW,FY2025,2025,11011,Annual report,20260311003892,BS,재무상태표,ifrs-full_OtherNoncurrentFinancialAssets,기타금융자산,-,73098926411,제 60 기,2025,KRW,,56956757800,제 61 기,,,26,11011,fnlttSinglAcntAll,,68805764524,제 62 기
nongshim,Nongshim,00108241,004370,KRW,FY2025,2025,11011,Annual report,20260311003892,BS,재무상태표,ifrs-full_PropertyPlantAndEquipment,유형자산,-,1535128743343,제 60 기,2025,KRW,,1579766033199,제 61 기,,,27,11011,fnlttSinglAcntAll,,1586058613556,제 62 기
nongshim,Nongshim,00108241,004370,KRW,FY2025,2025,11011,Annual report,20260311003892,BS,재무상태표,ifrs-full_RecognisedAssetsDefinedBenefitPlan,확정급여자산,-,12437237912,제 60 기,2025,KRW,,0,제 61 기,,,28,11011,fnlttSinglAcntAll,,7188563491,제 62 기
nongshim,Nongshim,00108241,004370,KRW,FY2025,2025,11011,Annual report,20260311003892,BS,재무상태표,ifrs-full_RightofuseAssets,사용권자산,-,50335585808,제 60 기,2025,KRW,,58326151370,제 61 기,,,29,11011,fnlttSinglAcntAll,,50219938043,제 62 기
nongshim,Nongshim,00108241,004370,KRW,FY2025,2025,11011,Annual report,20260311003892,BS,재무상태표,ifrs-full_Equity,자본총계,-,2440801761177,제 60 기,2025,KRW,,2672575129457,제 61 기,,,31,11011,fnlttSinglAcntAll,,2831185859403,제 62 기
nongshim,Nongshim,00108241,004370,KRW,FY2025,2025,11011,Annual report,20260311003892,BS,재무상태표,ifrs-full_EquityAttributableToOwnersOfParent,지배기업의 소유주 지분,-,2430227733796,제 60 기,2025,KRW,,2672015203505,제 61 기,,,32,11011,fnlttSinglAcntAll,,2830704457688,제 62 기
nongshim,Nongshim,00108241,004370,KRW,FY2025,2025,11011,Annual report,20260311003892,BS,재무상태표,dart_ElementsOfOtherStockholdersEquity,기타자본항목,-,-40140703895,제 60 기,2025,KRW,,80437240732,제 61 기,,,33,11011,fnlttSinglAcntAll,,98324789672,제 62 기
nongshim,Nongshim,00108241,004370,KRW,FY2025,2025,11011,Annual report,20260311003892,BS,재무상태표,ifrs-full_IssuedCapital,자본금,-,30413210000,제 60 기,2025,KRW,,30413210000,제 61 기,,,34,11011,fnlttSinglAcntAll,,30413210000,제 62 기
nongshim,Nongshim,00108241,004370,KRW,FY2025,2025,11011,Annual report,20260311003892,BS,재무상태표,ifrs-full_RetainedEarnings,이익잉여금,-,2316234373382,제 60 기,2025,KRW,,2437443898464,제 61 기,,,35,11011,fnlttSinglAcntAll,,2578245603707,제 62 기
nongshim,Nongshim,00108241,004370,KRW,FY2025,2025,11011,Annual report,20260311003892,BS,재무상태표,ifrs-full_SharePremium,주식발행초과금,-,123720854309,제 60 기,2025,KRW,,123720854309,제 61 기,,,36,11011,fnlttSinglAcntAll,,123720854309,제 62 기
nongshim,Nongshim,00108241,004370,KRW,FY2025,2025,11011,Annual report,20260311003892,BS,재무상태표,ifrs-full_NoncontrollingInterests,비지배지분,-,10574027381,제 60 기,2025,KRW,,559925952,제 61 기,,,37,11011,fnlttSinglAcntAll,,481401715,제 62 기
nongshim,Nongshim,00108241,004370,KRW,FY2025,2025,11011,Annual report,20260311003892,BS,재무상태표,ifrs-full_EquityAndLiabilities,부채와자본총계,-,3234751426458,제 60 기,2025,KRW,,3597461570702,제 61 기,,,38,11011,fnlttSinglAcntAll,,3822122467403,제 62 기
nongshim,Nongshim,00108241,004370,KRW,FY2025,2025,11011,Annual report,20260311003892,BS,재무상태표,ifrs-full_CurrentLiabilities,유동부채,-,696493722736,제 60 기,2025,KRW,,678174791731,제 61 기,,,40,11011,fnlttSinglAcntAll,,833082759238,제 62 기
nongshim,Nongshim,00108241,004370,KRW,FY2025,2025,11011,Annual report,20260311003892,BS,재무상태표,dart_CurrentEmissionLiabilities,배출부채,-,218617099,제 60 기,2025,KRW,,398361113,제 61 기,,,41,11011,fnlttSinglAcntAll,,320266290,제 62 기
nongshim,Nongshim,00108241,004370,KRW,FY2025,2025,11011,Annual report,20260311003892,BS,재무상태표,dart_CurrentNontradePayables,기타채무,-,224652375195,제 60 기,2025,KRW,,208739194782,제 61 기,,,42,11011,fnlttSinglAcntAll,,256116972985,제 62 기
nongshim,Nongshim,00108241,004370,KRW,FY2025,2025,11011,Annual report,20260311003892,BS,재무상태표,dart_CurrentPortionOfExchangeableBond,교환사채,-,0,제 60 기,2025,KRW,,0,제 61 기,,,43,11011,fnlttSinglAcntAll,,111526007631,제 62 기
nongshim,Nongshim,00108241,004370,KRW,FY2025,2025,11011,Annual report,20260311003892,BS,재무상태표,dart_ShortTermTradePayables,매입채무,-,371306254261,제 60 기,2025,KRW,,359126540270,제 61 기,,,44,11011,fnlttSinglAcntAll,,366313614821,제 62 기
nongshim,Nongshim,00108241,004370,KRW,FY2025,2025,11011,Annual report,20260311003892,BS,재무상태표,-표준계정코드 미사용-,환불부채,-,6922861383,제 60 기,2025,KRW,,5827879691,제 61 기,,,45,11011,fnlttSinglAcntAll,,4716614958,제 62 기
nongshim,Nongshim,00108241,004370,KRW,FY2025,2025,11011,Annual report,20260311003892,BS,재무상태표,ifrs-full_CurrentContractLiabilities,계약부채,-,14979072711,제 60 기,2025,KRW,,15860446903,제 61 기,,,46,11011,fnlttSinglAcntAll,,12334658529,제 62 기
nongshim,Nongshim,00108241,004370,KRW,FY2025,2025,11011,Annual report,20260311003892,BS,재무상태표,ifrs-full_CurrentLeaseLiabilities,리스부채,-,10030839515,제 60 기,2025,KRW,,12327154623,제 61 기,,,47,11011,fnlttSinglAcntAll,,9718194757,제 62 기
nongshim,Nongshim,00108241,004370,KRW,FY2025,2025,11011,Annual report,20260311003892,BS,재무상태표,ifrs-full_CurrentTaxLiabilities,당기법인세부채,-,23384128314,제 60 기,2025,KRW,,23015374113,제 61 기,,,48,11011,fnlttSinglAcntAll,,24556475749,제 62 기
nongshim,Nongshim,00108241,004370,KRW,FY2025,2025,11011,Annual report,20260311003892,BS,재무상태표,ifrs-full_OtherCurrentLiabilities,기타유동부채,-,23370437798,제 60 기,2025,KRW,,25607019039,제 61 기,,,49,11011,fnlttSinglAcntAll,,19827455916,제 62 기
nongshim,Nongshim,00108241,004370,KRW,FY2025,2025,11011,Annual report,20260311003892,BS,재무상태표,ifrs-full_ShorttermBorrowings,단기차입금,-,21629136460,제 60 기,2025,KRW,,27272821197,제 61 기,,,50,11011,fnlttSinglAcntAll,,27652497602,제 62 기
nongshim,Nongshim,00108241,004370,KRW,FY2025,2025,11011,Annual report,20260311003892,BS,재무상태표,ifrs-full_Liabilities,부채총계,-,793949665281,제 60 기,2025,KRW,,924886441245,제 61 기,,,51,11011,fnlttSinglAcntAll,,990936608000,제 62 기
nongshim,Nongshim,00108241,004370,KRW,FY2025,2025,11011,Annual report,20260311003892,BS,재무상태표,ifrs-full_NoncurrentLiabilities,비유동부채,-,97455942545,제 60 기,2025,KRW,,246711649514,제 61 기,,,52,11011,fnlttSinglAcntAll,,157853848762,제 62 기
nongshim,Nongshim,00108241,004370,KRW,FY2025,2025,11011,Annual report,20260311003892,BS,재무상태표,dart_ExchangeableBondsNet,교환사채,-,0,제 60 기,2025,KRW,,129181856550,제 61 기,,,53,11011,fnlttSinglAcntAll,,0,제 62 기
nongshim,Nongshim,00108241,004370,KRW,FY2025,2025,11011,Annual report,20260311003892,BS,재무상태표,dart_LongTermBorrowingsGross,장기차입금,-,14269146595,제 60 기,2025,KRW,,15567268704,제 61 기,,,54,11011,fnlttSinglAcntAll,,14446152688,제 62 기
nongshim,Nongshim,00108241,004370,KRW,FY2025,2025,11011,Annual report,20260311003892,BS,재무상태표,dart_NoncurrentNontradePayables,기타채무,-,2462823489,제 60 기,2025,KRW,,2690714092,제 61 기,,,55,11011,fnlttSinglAcntAll,,23695867023,제 62 기
nongshim,Nongshim,00108241,004370,KRW,FY2025,2025,11011,Annual report,20260311003892,BS,재무상태표,dart_PostemploymentBenefitObligations,확정급여채무,-,1378467138,제 60 기,2025,KRW,,3689730218,제 61 기,,,56,11011,fnlttSinglAcntAll,,1806493612,제 62 기
nongshim,Nongshim,00108241,004370,KRW,FY2025,2025,11011,Annual report,20260311003892,BS,재무상태표,ifrs-full_DeferredTaxLiabilities,이연법인세부채,-,41572262103,제 60 기,2025,KRW,,40735079915,제 61 기,,,57,11011,fnlttSinglAcntAll,,41613015622,제 62 기
nongshim,Nongshim,00108241,004370,KRW,FY2025,2025,11011,Annual report,20260311003892,BS,재무상태표,ifrs-full_NoncurrentLeaseLiabilities,리스부채,-,15134751234,제 60 기,2025,KRW,,18769102714,제 61 기,,,58,11011,fnlttSinglAcntAll,,13294946716,제 62 기
nongshim,Nongshim,00108241,004370,KRW,FY2025,2025,11011,Annual report,20260311003892,BS,재무상태표,ifrs-full_NoncurrentProvisionsForEmployeeBenefits,기타장기종업원급여부채,-,22481204719,제 60 기,2025,KRW,,35521512413,제 61 기,,,59,11011,fnlttSinglAcntAll,,62491097124,제 62 기
nongshim,Nongshim,00108241,004370,KRW,FY2025,2025,11011,Annual report,20260311003892,BS,재무상태표,ifrs-full_OtherNoncurrentLiabilities,기타비유동부채,-,157287267,제 60 기,2025,KRW,,556384908,제 61 기,,,60,11011,fnlttSinglAcntAll,,506275977,제 62 기
nongshim,Nongshim,00108241,004370,KRW,FY2025,2025,11011,Annual report,20260311003892,IS,손익계산서,dart_OperatingIncomeLoss,영업이익(손실),-,212064743455,제 60 기,2025,KRW,,163073931930,제 61 기,,,6,11011,fnlttSinglAcntAll,,183933032197,제 62 기
nongshim,Nongshim,00108241,004370,KRW,FY2025,2025,11011,Annual report,20260311003892,IS,손익계산서,dart_OtherGains,기타수익,-,17636963989,제 60 기,2025,KRW,,31486211230,제 61 기,,,7,11011,fnlttSinglAcntAll,,13899078923,제 62 기
nongshim,Nongshim,00108241,004370,KRW,FY2025,2025,11011,Annual report,20260311003892,IS,손익계산서,dart_OtherLosses,기타비용,-,17492770117,제 60 기,2025,KRW,,4394784669,제 61 기,,,8,11011,fnlttSinglAcntAll,,5850962350,제 62 기
nongshim,Nongshim,00108241,004370,KRW,FY2025,2025,11011,Annual report,20260311003892,IS,손익계산서,dart_TotalSellingGeneralAdministrativeExpenses,판매비와관리비,-,823174924455,제 60 기,2025,KRW,,802468256590,제 61 기,,,9,11011,fnlttSinglAcntAll,,835001385094,제 62 기
nongshim,Nongshim,00108241,004370,KRW,FY2025,2025,11011,Annual report,20260311003892,IS,손익계산서,-표준계정코드 미사용-,총매출액,-,3786820706916,제 60 기,2025,KRW,,3937893872782,제 61 기,,,10,11011,fnlttSinglAcntAll,,4082094544245,제 62 기
nongshim,Nongshim,00108241,004370,KRW,FY2025,2025,11011,Annual report,20260311003892,IS,손익계산서,-표준계정코드 미사용-,매출에누리등,-,376261339657,제 60 기,2025,KRW,,499163014784,제 61 기,,,11,11011,fnlttSinglAcntAll,,567779044148,제 62 기
nongshim,Nongshim,00108241,004370,KRW,FY2025,2025,11011,Annual report,20260311003892,IS,손익계산서,ifrs-full_CostOfSales,매출원가,-,2375319699349,제 60 기,2025,KRW,,2473188669478,제 61 기,,,12,11011,fnlttSinglAcntAll,,2495381082806,제 62 기
nongshim,Nongshim,00108241,004370,KRW,FY2025,2025,11011,Annual report,20260311003892,IS,손익계산서,ifrs-full_BasicEarningsLossPerShare,기본주당이익(손실),-,29728,제 60 기,2025,KRW,,27202,제 61 기,,,14,11011,fnlttSinglAcntAll,,29342,제 62 기
nongshim,Nongshim,00108241,004370,KRW,FY2025,2025,11011,Annual report,20260311003892,IS,손익계산서,ifrs-full_DilutedEarningsLossPerShare,희석주당이익(손실),-,29728,제 60 기,2025,KRW,,26747,제 61 기,,,15,11011,fnlttSinglAcntAll,,27970,제 62 기
nongshim,Nongshim,00108241,004370,KRW,FY2025,2025,11011,Annual report,20260311003892,IS,손익계산서,ifrs-full_FinanceCosts,금융비용,-,15820660202,제 60 기,2025,KRW,,19152755746,제 61 기,,,16,11011,fnlttSinglAcntAll,,21274824530,제 62 기
nongshim,Nongshim,00108241,004370,KRW,FY2025,2025,11011,Annual report,20260311003892,IS,손익계산서,ifrs-full_FinanceIncome,금융수익,-,35272755942,제 60 기,2025,KRW,,46943460807,제 61 기,,,17,11011,fnlttSinglAcntAll,,47289646209,제 62 기
nongshim,Nongshim,00108241,004370,KRW,FY2025,2025,11011,Annual report,20260311003892,IS,손익계산서,ifrs-full_GrossProfit,매출총이익,-,1035239667910,제 60 기,2025,KRW,,965542188520,제 61 기,,,18,11011,fnlttSinglAcntAll,,1018934417291,제 62 기
nongshim,Nongshim,00108241,004370,KRW,FY2025,2025,11011,Annual report,20260311003892,IS,손익계산서,ifrs-full_IncomeTaxExpenseContinuingOperations,법인세비용,-,59659187729,제 60 기,2025,KRW,,60185592028,제 61 기,,,19,11011,fnlttSinglAcntAll,,48073396119,제 62 기
nongshim,Nongshim,00108241,004370,KRW,FY2025,2025,11011,Annual report,20260311003892,IS,손익계산서,ifrs-full_ProfitLoss,당기순이익,-,171469224876,제 60 기,2025,KRW,,157630314203,제 61 기,,,20,11011,fnlttSinglAcntAll,,170054449646,제 62 기
nongshim,Nongshim,00108241,004370,KRW,FY2025,2025,11011,Annual report,20260311003892,IS,손익계산서,ifrs-full_ProfitLossAttributableToNoncontrollingInterests,비지배지분,-,-435342298,제 60 기,2025,KRW,,328813569,제 61 기,,,22,11011,fnlttSinglAcntAll,,-78524237,제 62 기
nongshim,Nongshim,00108241,004370,KRW,FY2025,2025,11011,Annual report,20260311003892,IS,손익계산서,ifrs-full_ProfitLossAttributableToOwnersOfParent,지배기업 소유주지분,-,171904567174,제 60 기,2025,KRW,,157301500634,제 61 기,,,23,11011,fnlttSinglAcntAll,,170132973883,제 62 기
nongshim,Nongshim,00108241,004370,KRW,FY2025,2025,11011,Annual report,20260311003892,IS,손익계산서,ifrs-full_ProfitLossBeforeTax,법인세비용차감전순이익,-,231128412605,제 60 기,2025,KRW,,217815906231,제 61 기,,,24,11011,fnlttSinglAcntAll,,218127845765,제 62 기
nongshim,Nongshim,00108241,004370,KRW,FY2025,2025,11011,Annual report,20260311003892,IS,손익계산서,ifrs-full_Revenue,매출액,-,3410559367259,제 60 기,2025,KRW,,3438730857998,제 61 기,,,25,11011,fnlttSinglAcntAll,,3514315500097,제 62 기
nongshim,Nongshim,00108241,004370,KRW,FY2025,2025,11011,Annual report,20260311003892,IS,손익계산서,ifrs-full_ShareOfProfitLossOfAssociatesAccountedForUsingEquityMethod,지분법손익,-,-532620462,제 60 기,2025,KRW,,-140157321,제 61 기,,,26,11011,fnlttSinglAcntAll,,131875316,제 62 기
nongshim,Nongshim,00108241,004370,KRW,FY2025,2025,11011,Annual report,20260311003892,CIS,포괄손익계산서,ifrs-full_ComprehensiveIncome,총포괄손익,-,154437613898,제 60 기,2025,KRW,,263513048374,제 61 기,,,6,11011,fnlttSinglAcntAll,,166740327195,제 62 기
nongshim,Nongshim,00108241,004370,KRW,FY2025,2025,11011,Annual report,20260311003892,CIS,포괄손익계산서,ifrs-full_ComprehensiveIncomeAttributableToNoncontrollingInterests,비지배지분,-,-470486234,제 60 기,2025,KRW,,1295928518,제 61 기,,,8,11011,fnlttSinglAcntAll,,-78524237,제 62 기
nongshim,Nongshim,00108241,004370,KRW,FY2025,2025,11011,Annual report,20260311003892,CIS,포괄손익계산서,ifrs-full_ComprehensiveIncomeAttributableToOwnersOfParent,지배기업 소유주지분,-,154908100132,제 60 기,2025,KRW,,262217119856,제 61 기,,,9,11011,fnlttSinglAcntAll,,166818851432,제 62 기
nongshim,Nongshim,00108241,004370,KRW,FY2025,2025,11011,Annual report,20260311003892,CIS,포괄손익계산서,ifrs-full_OtherComprehensiveIncome,기타포괄손익,-,-17031610978,제 60 기,2025,KRW,,105882734171,제 61 기,,,10,11011,fnlttSinglAcntAll,,-3314122451,제 62 기
nongshim,Nongshim,00108241,004370,KRW,FY2025,2025,11011,Annual report,20260311003892,CIS,포괄손익계산서,ifrs-full_GainsLossesOnExchangeDifferencesOnTranslationNetOfTax,해외사업장환산외환차이,-,3470573169,제 60 기,2025,KRW,,112268671761,제 61 기,,,12,11011,fnlttSinglAcntAll,,-1466637564,제 62 기
nongshim,Nongshim,00108241,004370,KRW,FY2025,2025,11011,Annual report,20260311003892,CIS,포괄손익계산서,ifrs-full_GainsLossesOnFinancialAssetsMeasuredAtFairValueThroughOtherComprehensiveIncomeNetOfTax,기타포괄손익-공정가치 측정 금융자산 평가손익,-,737712999,제 60 기,2025,KRW,,691384900,제 61 기,,,13,11011,fnlttSinglAcntAll,,146433202,제 62 기
nongshim,Nongshim,00108241,004370,KRW,FY2025,2025,11011,Annual report,20260311003892,CIS,포괄손익계산서,ifrs-full_OtherComprehensiveIncomeNetOfTaxGainsLossesFromInvestmentsInEquityInstruments,기타포괄손익-공정가치 측정 금융자산 평가손익,-,2828466890,제 60 기,2025,KRW,,14623738,제 61 기,,,15,11011,fnlttSinglAcntAll,,-1833044161,제 62 기
nongshim,Nongshim,00108241,004370,KRW,FY2025,2025,11011,Annual report,20260311003892,CIS,포괄손익계산서,ifrs-full_OtherComprehensiveIncomeNetOfTaxGainsLossesOnRemeasurementsOfDefinedBenefitPlans,확정급여채무의 재측정요소,-,-24068364036,제 60 기,2025,KRW,,-7091946228,제 61 기,,,16,11011,fnlttSinglAcntAll,,-160873928,제 62 기
nongshim,Nongshim,00108241,004370,KRW,FY2025,2025,11011,Annual report,20260311003892,CIS,포괄손익계산서,ifrs-full_ProfitLoss,당기순이익,-,171469224876,제 60 기,2025,KRW,,157630314203,제 61 기,,,17,11011,fnlttSinglAcntAll,,170054449646,제 62 기
nongshim,Nongshim,00108241,004370,KRW,FY2025,2025,11011,Annual report,20260311003892,CF,현금흐름표,dart_CashAndCashEquivalentsAtBeginningOfPeriodCf,기초의 현금및현금성자산,-,127900573250,제 60 기,2025,KRW,,142899537581,제 61 기,,,2,11011,fnlttSinglAcntAll,,140894116584,제 62 기
nongshim,Nongshim,00108241,004370,KRW,FY2025,2025,11011,Annual report,20260311003892,CF,현금흐름표,dart_CashAndCashEquivalentsAtEndOfPeriodCf,기말의 현금및현금성자산,-,142899537581,제 60 기,2025,KRW,,140894116584,제 61 기,,,3,11011,fnlttSinglAcntAll,,253539960716,제 62 기
nongshim,Nongshim,00108241,004370,KRW,FY2025,2025,11011,Annual report,20260311003892,CF,현금흐름표,ifrs-full_CashFlowsFromUsedInFinancingActivities,재무활동으로 인한 현금흐름,-,-44848281331,제 60 기,2025,KRW,,95086933564,제 61 기,,,8,11011,fnlttSinglAcntAll,,-41189063184,제 62 기
nongshim,Nongshim,00108241,004370,KRW,FY2025,2025,11011,Annual report,20260311003892,CF,현금흐름표,dart_DecreaseInGuaranteeDepositsAsFinancialActivities,임대보증금의 감소,-,403121000,제 60 기,2025,KRW,,413793880,제 61 기,,,9,11011,fnlttSinglAcntAll,,443752908,제 62 기
nongshim,Nongshim,00108241,004370,KRW,FY2025,2025,11011,Annual report,20260311003892,CF,현금흐름표,dart_IncreaseInGuaranteeDepositsAsFinancialActivities,임대보증금의 증가,-,916748000,제 60 기,2025,KRW,,6127267788,제 61 기,,,10,11011,fnlttSinglAcntAll,,630853000,제 62 기
nongshim,Nongshim,00108241,004370,KRW,FY2025,2025,11011,Annual report,20260311003892,CF,현금흐름표,dart_PaymentForBondIssueExpenses,사채발행비의 지급,-,0,제 60 기,2025,KRW,,623684459,제 61 기,,,11,11011,fnlttSinglAcntAll,,0,제 62 기
nongshim,Nongshim,00108241,004370,KRW,FY2025,2025,11011,Annual report,20260311003892,CF,현금흐름표,dart_ProceedsFromExchangeableBond,교환사채의 발행,-,0,제 60 기,2025,KRW,,138458768500,제 61 기,,,12,11011,fnlttSinglAcntAll,,0,제 62 기
nongshim,Nongshim,00108241,004370,KRW,FY2025,2025,11011,Annual report,20260311003892,CF,현금흐름표,-표준계정코드 미사용-,재무활동으로 인한 현금유입액,-,265172780975,제 60 기,2025,KRW,,544805868241,제 61 기,,,13,11011,fnlttSinglAcntAll,,55583755410,제 62 기
nongshim,Nongshim,00108241,004370,KRW,FY2025,2025,11011,Annual report,20260311003892,CF,현금흐름표,-표준계정코드 미사용-,재무활동으로 인한 현금유출액,-,-310021062306,제 60 기,2025,KRW,,-449718934677,제 61 기,,,14,11011,fnlttSinglAcntAll,,-96772818594,제 62 기
nongshim,Nongshim,00108241,004370,KRW,FY2025,2025,11011,Annual report,20260311003892,CF,현금흐름표,ifrs-full_DividendsPaidClassifiedAsFinancingActivities,배당금의 지급,-,28912118540,제 60 기,2025,KRW,,28911886030,제 61 기,,,15,11011,fnlttSinglAcntAll,,28912194950,제 62 기
nongshim,Nongshim,00108241,004370,KRW,FY2025,2025,11011,Annual report,20260311003892,CF,현금흐름표,ifrs-full_DividendsPaidToNoncontrollingInterests,비지배지분에 대한 청산배당,-,0,제 60 기,2025,KRW,,773692151,제 61 기,,,16,11011,fnlttSinglAcntAll,,0,제 62 기
nongshim,Nongshim,00108241,004370,KRW,FY2025,2025,11011,Annual report,20260311003892,CF,현금흐름표,ifrs-full_PaymentsFromChangesInOwnershipInterestsInSubsidiaries,비지배지분의 취득,-,0,제 60 기,2025,KRW,,9825430000,제 61 기,,,17,11011,fnlttSinglAcntAll,,0,제 62 기
nongshim,Nongshim,00108241,004370,KRW,FY2025,2025,11011,Annual report,20260311003892,CF,현금흐름표,ifrs-full_PaymentsOfLeaseLiabilitiesClassifiedAsFinancingActivities,리스부채의 지급,-,10398922552,제 60 기,2025,KRW,,11033596464,제 61 기,,,18,11011,fnlttSinglAcntAll,,12800328413,제 62 기
nongshim,Nongshim,00108241,004370,KRW,FY2025,2025,11011,Annual report,20260311003892,CF,현금흐름표,ifrs-full_ProceedsFromBorrowingsClassifiedAsFinancingActivities,차입금의 증가,-,264256032975,제 60 기,2025,KRW,,400219831953,제 61 기,,,19,11011,fnlttSinglAcntAll,,54952902410,제 62 기
nongshim,Nongshim,00108241,004370,KRW,FY2025,2025,11011,Annual report,20260311003892,CF,현금흐름표,ifrs-full_RepaymentsOfBorrowingsClassifiedAsFinancingActivities,차입금의 상환,-,270306900214,제 60 기,2025,KRW,,398136851693,제 61 기,,,20,11011,fnlttSinglAcntAll,,54616542323,제 62 기
nongshim,Nongshim,00108241,004370,KRW,FY2025,2025,11011,Annual report,20260311003892,CF,현금흐름표,ifrs-full_CashFlowsFromUsedInInvestingActivities,투자활동으로 인한 현금흐름,-,-267358587600,제 60 기,2025,KRW,,-381946565995,제 61 기,,,21,11011,fnlttSinglAcntAll,,-116836707850,제 62 기
nongshim,Nongshim,00108241,004370,KRW,FY2025,2025,11011,Annual report,20260311003892,CF,현금흐름표,dart_ProceedsFromSalesOfFinancialInstruments,장단기금융상품의 감소,-,378121100000,제 60 기,2025,KRW,,520360975064,제 61 기,,,22,11011,fnlttSinglAcntAll,,684742177208,제 62 기
nongshim,Nongshim,00108241,004370,KRW,FY2025,2025,11011,Annual report,20260311003892,CF,현금흐름표,dart_ProceedsFromSalesOfLoansAndReceivables,기타채권의 감소,-,1344781367,제 60 기,2025,KRW,,1662954617,제 61 기,,,23,11011,fnlttSinglAcntAll,,1572437794,제 62 기
nongshim,Nongshim,00108241,004370,KRW,FY2025,2025,11011,Annual report,20260311003892,CF,현금흐름표,dart_ProceedsFromSalesOfOtherFinancialAssets,기타금융자산의 처분,-,2357876734696,제 60 기,2025,KRW,,2317980501282,제 61 기,,,24,11011,fnlttSinglAcntAll,,3232452167848,제 62 기
nongshim,Nongshim,00108241,004370,KRW,FY2025,2025,11011,Annual report,20260311003892,CF,현금흐름표,dart_PurchaseOfFinancialInstruments,장단기금융상품의 증가,-,535745064541,제 60 기,2025,KRW,,732506400000,제 61 기,,,25,11011,fnlttSinglAcntAll,,677235076170,제 62 기
nongshim,Nongshim,00108241,004370,KRW,FY2025,2025,11011,Annual report,20260311003892,CF,현금흐름표,dart_PurchaseOfLoansAndReceivables,기타채권의 증가,-,1253164378,제 60 기,2025,KRW,,3180757856,제 61 기,,,26,11011,fnlttSinglAcntAll,,582700045,제 62 기
nongshim,Nongshim,00108241,004370,KRW,FY2025,2025,11011,Annual report,20260311003892,CF,현금흐름표,dart_PurchaseOfOtherFinancialAssets,기타금융자산의 취득,-,2360100000000,제 60 기,2025,KRW,,2368842873619,제 61 기,,,27,11011,fnlttSinglAcntAll,,3302696932088,제 62 기
nongshim,Nongshim,00108241,004370,KRW,FY2025,2025,11011,Annual report,20260311003892,CF,현금흐름표,-표준계정코드 미사용-,투자활동으로 인한 현금유입액,-,2738303048075,제 60 기,2025,KRW,,2848837609400,제 61 기,,,28,11011,fnlttSinglAcntAll,,3931616008272,제 62 기
nongshim,Nongshim,00108241,004370,KRW,FY2025,2025,11011,Annual report,20260311003892,CF,현금흐름표,-표준계정코드 미사용-,투자활동으로 인한 현금유출액,-,-3005661635675,제 60 기,2025,KRW,,-3230784175395,제 61 기,,,29,11011,fnlttSinglAcntAll,,-4048452716122,제 62 기
nongshim,Nongshim,00108241,004370,KRW,FY2025,2025,11011,Annual report,20260311003892,CF,현금흐름표,ifrs-full_ProceedsFromGovernmentGrantsClassifiedAsInvestingActivities,정부보조금의 수령,-,0,제 60 기,2025,KRW,,0,제 61 기,,,30,11011,fnlttSinglAcntAll,,8422583500,제 62 기
nongshim,Nongshim,00108241,004370,KRW,FY2025,2025,11011,Annual report,20260311003892,CF,현금흐름표,ifrs-full_ProceedsFromSalesOfIntangibleAssetsClassifiedAsInvestingActivities,무형자산의 처분,-,350000000,제 60 기,2025,KRW,,1477272727,제 61 기,,,31,11011,fnlttSinglAcntAll,,4065454545,제 62 기
nongshim,Nongshim,00108241,004370,KRW,FY2025,2025,11011,Annual report,20260311003892,CF,현금흐름표,ifrs-full_ProceedsFromSalesOfPropertyPlantAndEquipmentClassifiedAsInvestingActivities,유형자산의 처분,-,610432012,제 60 기,2025,KRW,,7355905710,제 61 기,,,32,11011,fnlttSinglAcntAll,,361187377,제 62 기
nongshim,Nongshim,00108241,004370,KRW,FY2025,2025,11011,Annual report,20260311003892,CF,현금흐름표,ifrs-full_PurchaseOfIntangibleAssetsClassifiedAsInvestingActivities,무형자산의 취득,-,214357462,제 60 기,2025,KRW,,2436695539,제 61 기,,,33,11011,fnlttSinglAcntAll,,262618117,제 62 기
nongshim,Nongshim,00108241,004370,KRW,FY2025,2025,11011,Annual report,20260311003892,CF,현금흐름표,ifrs-full_PurchaseOfInvestmentProperty,투자부동산의 취득,-,337846600,제 60 기,2025,KRW,,943762000,제 61 기,,,34,11011,fnlttSinglAcntAll,,82800000,제 62 기
nongshim,Nongshim,00108241,004370,KRW,FY2025,2025,11011,Annual report,20260311003892,CF,현금흐름표,ifrs-full_PurchaseOfPropertyPlantAndEquipmentClassifiedAsInvestingActivities,유형자산의 취득,-,108011202694,제 60 기,2025,KRW,,122873686381,제 61 기,,,35,11011,fnlttSinglAcntAll,,67592589702,제 62 기
nongshim,Nongshim,00108241,004370,KRW,FY2025,2025,11011,Annual report,20260311003892,CF,현금흐름표,ifrs-full_CashFlowsFromUsedInOperatingActivities,영업활동으로 인한 현금흐름,-,327223955699,제 60 기,2025,KRW,,272544275630,제 61 기,,,36,11011,fnlttSinglAcntAll,,268700833743,제 62 기
nongshim,Nongshim,00108241,004370,KRW,FY2025,2025,11011,Annual report,20260311003892,CF,현금흐름표,dart_AdjustmentsForAssetsLiabilitiesOfOperatingActivities,운전자본의 조정,-,692805873,제 60 기,2025,KRW,,-51570626430,제 61 기,,,37,11011,fnlttSinglAcntAll,,-87775716836,제 62 기
nongshim,Nongshim,00108241,004370,KRW,FY2025,2025,11011,Annual report,20260311003892,CF,현금흐름표,ifrs-full_AdjustmentsForReconcileProfitLoss,비현금항목의 조정,-,190821413408,제 60 기,2025,KRW,,205562725210,제 61 기,,,38,11011,fnlttSinglAcntAll,,210296480320,제 62 기
nongshim,Nongshim,00108241,004370,KRW,FY2025,2025,11011,Annual report,20260311003892,CF,현금흐름표,ifrs-full_DividendsReceivedClassifiedAsOperatingActivities,배당금의 수취,-,855045000,제 60 기,2025,KRW,,950050000,제 61 기,,,39,11011,fnlttSinglAcntAll,,760040000,제 62 기
nongshim,Nongshim,00108241,004370,KRW,FY2025,2025,11011,Annual report,20260311003892,CF,현금흐름표,ifrs-full_IncomeTaxesPaidRefundClassifiedAsOperatingActivities,법인세의 납부,-,49578033296,제 60 기,2025,KRW,,63530184459,제 61 기,,,40,11011,fnlttSinglAcntAll,,52923506840,제 62 기
nongshim,Nongshim,00108241,004370,KRW,FY2025,2025,11011,Annual report,20260311003892,CF,현금흐름표,ifrs-full_InterestPaidClassifiedAsOperatingActivities,이자의 지급,-,3334606435,제 60 기,2025,KRW,,3632122545,제 61 기,,,41,11011,fnlttSinglAcntAll,,3210116398,제 62 기
nongshim,Nongshim,00108241,004370,KRW,FY2025,2025,11011,Annual report,20260311003892,CF,현금흐름표,ifrs-full_InterestReceivedClassifiedAsOperatingActivities,이자의 수취,-,16298106273,제 60 기,2025,KRW,,27134119651,제 61 기,,,42,11011,fnlttSinglAcntAll,,31499203851,제 62 기
nongshim,Nongshim,00108241,004370,KRW,FY2025,2025,11011,Annual report,20260311003892,CF,현금흐름표,ifrs-full_ProfitLoss,당기순이익,-,171469224876,제 60 기,2025,KRW,,157630314203,제 61 기,,,43,11011,fnlttSinglAcntAll,,170054449646,제 62 기
nongshim,Nongshim,00108241,004370,KRW,FY2025,2025,11011,Annual report,20260311003892,CF,현금흐름표,ifrs-full_EffectOfExchangeRateChangesOnCashAndCashEquivalents,외화표시현금의 환율변동효과,-,-18122437,제 60 기,2025,KRW,,12309935804,제 61 기,,,44,11011,fnlttSinglAcntAll,,1970781423,제 62 기
nongshim,Nongshim,00108241,004370,KRW,FY2025,2025,11011,Annual report,20260311003892,CF,현금흐름표,ifrs-full_IncreaseDecreaseInCashAndCashEquivalents,현금및현금성자산의 증감,-,14998964331,제 60 기,2025,KRW,,-2005420997,제 61 기,,,45,11011,fnlttSinglAcntAll,,112645844132,제 62 기
nongshim,Nongshim,00108241,004370,KRW,FY2025,2025,11011,Annual report,20260311003892,SCE,자본변동표,dart_ChangesInForeignExchangeRates,해외사업장환산외환차이,자본 [구성요소]|지배기업의 소유주에게 귀속되는 지분 [구성요소]|자본금 [구성요소],0,제 60 기,2025,KRW,,0,제 61 기,,,3,11011,fnlttSinglAcntAll,,0,제 62 기
nongshim,Nongshim,00108241,004370,KRW,FY2025,2025,11011,Annual report,20260311003892,SCE,자본변동표,dart_ChangesInForeignExchangeRates,해외사업장환산외환차이,자본 [구성요소]|지배기업의 소유주에게 귀속되는 지분 [구성요소]|이익잉여금 [구성요소],0,제 60 기,2025,KRW,,0,제 61 기,,,3,11011,fnlttSinglAcntAll,,0,제 62 기
nongshim,Nongshim,00108241,004370,KRW,FY2025,2025,11011,Annual report,20260311003892,SCE,자본변동표,dart_ChangesInForeignExchangeRates,해외사업장환산외환차이,자본 [구성요소]|지배기업의 소유주에게 귀속되는 지분 [구성요소]|기타자본구성요소 [구성요소],3505717105,제 60 기,2025,KRW,,111301556812,제 61 기,,,3,11011,fnlttSinglAcntAll,,-1466637564,제 62 기
nongshim,Nongshim,00108241,004370,KRW,FY2025,2025,11011,Annual report,20260311003892,SCE,자본변동표,dart_ChangesInForeignExchangeRates,해외사업장환산외환차이,연결재무제표 [member],3470573169,제 60 기,2025,KRW,,112268671761,제 61 기,,,3,11011,fnlttSinglAcntAll,,-1466637564,제 62 기
nongshim,Nongshim,00108241,004370,KRW,FY2025,2025,11011,Annual report,20260311003892,SCE,자본변동표,dart_ChangesInForeignExchangeRates,해외사업장환산외환차이,자본 [구성요소]|비지배지분 [구성요소],-35143936,제 60 기,2025,KRW,,967114949,제 61 기,,,3,11011,fnlttSinglAcntAll,,0,제 62 기
nongshim,Nongshim,00108241,004370,KRW,FY2025,2025,11011,Annual report,20260311003892,SCE,자본변동표,dart_ChangesInForeignExchangeRates,해외사업장환산외환차이,자본 [구성요소]|지배기업의 소유주에게 귀속되는 지분 [구성요소],3505717105,제 60 기,2025,KRW,,111301556812,제 61 기,,,3,11011,fnlttSinglAcntAll,,-1466637564,제 62 기
nongshim,Nongshim,00108241,004370,KRW,FY2025,2025,11011,Annual report,20260311003892,SCE,자본변동표,dart_ChangesInForeignExchangeRates,해외사업장환산외환차이,자본 [구성요소]|지배기업의 소유주에게 귀속되는 지분 [구성요소]|자본잉여금 [구성요소],0,제 60 기,2025,KRW,,0,제 61 기,,,3,11011,fnlttSinglAcntAll,,0,제 62 기
nongshim,Nongshim,00108241,004370,KRW,FY2025,2025,11011,Annual report,20260311003892,SCE,자본변동표,dart_ChangesInReserveOfGainsAndLossesOnFinancialAssetsMeasuredAtFairValueThroughOtherComprehensiveIncome,기타포괄손익-공정가치 측정 금융자산 평가손익,자본 [구성요소]|지배기업의 소유주에게 귀속되는 지분 [구성요소]|자본금 [구성요소],0,제 60 기,2025,KRW,,0,제 61 기,,,4,11011,fnlttSinglAcntAll,,0,제 62 기
nongshim,Nongshim,00108241,004370,KRW,FY2025,2025,11011,Annual report,20260311003892,SCE,자본변동표,dart_ChangesInReserveOfGainsAndLossesOnFinancialAssetsMeasuredAtFairValueThroughOtherComprehensiveIncome,기타포괄손익-공정가치 측정 금융자산 평가손익,자본 [구성요소]|지배기업의 소유주에게 귀속되는 지분 [구성요소]|이익잉여금 [구성요소],0,제 60 기,2025,KRW,,0,제 61 기,,,4,11011,fnlttSinglAcntAll,,0,제 62 기
nongshim,Nongshim,00108241,004370,KRW,FY2025,2025,11011,Annual report,20260311003892,SCE,자본변동표,dart_ChangesInReserveOfGainsAndLossesOnFinancialAssetsMeasuredAtFairValueThroughOtherComprehensiveIncome,기타포괄손익-공정가치 측정 금융자산 평가손익,자본 [구성요소]|지배기업의 소유주에게 귀속되는 지분 [구성요소]|기타자본구성요소 [구성요소],3566179889,제 60 기,2025,KRW,,706008638,제 61 기,,,4,11011,fnlttSinglAcntAll,,-1686610959,제 62 기
nongshim,Nongshim,00108241,004370,KRW,FY2025,2025,11011,Annual report,20260311003892,SCE,자본변동표,dart_ChangesInReserveOfGainsAndLossesOnFinancialAssetsMeasuredAtFairValueThroughOtherComprehensiveIncome,기타포괄손익-공정가치 측정 금융자산 평가손익,자본 [구성요소]|지배기업의 소유주에게 귀속되는 지분 [구성요소],3566179889,제 60 기,2025,KRW,,706008638,제 61 기,,,4,11011,fnlttSinglAcntAll,,-1686610959,제 62 기
nongshim,Nongshim,00108241,004370,KRW,FY2025,2025,11011,Annual report,20260311003892,SCE,자본변동표,dart_ChangesInReserveOfGainsAndLossesOnFinancialAssetsMeasuredAtFairValueThroughOtherComprehensiveIncome,기타포괄손익-공정가치 측정 금융자산 평가손익,자본 [구성요소]|비지배지분 [구성요소],0,제 60 기,2025,KRW,,0,제 61 기,,,4,11011,fnlttSinglAcntAll,,0,제 62 기
nongshim,Nongshim,00108241,004370,KRW,FY2025,2025,11011,Annual report,20260311003892,SCE,자본변동표,dart_ChangesInReserveOfGainsAndLossesOnFinancialAssetsMeasuredAtFairValueThroughOtherComprehensiveIncome,기타포괄손익-공정가치 측정 금융자산 평가손익,연결재무제표 [member],3566179889,제 60 기,2025,KRW,,706008638,제 61 기,,,4,11011,fnlttSinglAcntAll,,-1686610959,제 62 기
nongshim,Nongshim,00108241,004370,KRW,FY2025,2025,11011,Annual report,20260311003892,SCE,자본변동표,dart_ChangesInReserveOfGainsAndLossesOnFinancialAssetsMeasuredAtFairValueThroughOtherComprehensiveIncome,기타포괄손익-공정가치 측정 금융자산 평가손익,자본 [구성요소]|지배기업의 소유주에게 귀속되는 지분 [구성요소]|자본잉여금 [구성요소],0,제 60 기,2025,KRW,,0,제 61 기,,,4,11011,fnlttSinglAcntAll,,0,제 62 기
nongshim,Nongshim,00108241,004370,KRW,FY2025,2025,11011,Annual report,20260311003892,SCE,자본변동표,dart_CompoundFinancialInstrumentIssue,교환권대가,연결재무제표 [member],0,제 60 기,2025,KRW,,8022706075,제 61 기,,,5,11011,fnlttSinglAcntAll,,0,제 62 기
nongshim,Nongshim,00108241,004370,KRW,FY2025,2025,11011,Annual report,20260311003892,SCE,자본변동표,dart_CompoundFinancialInstrumentIssue,교환권대가,자본 [구성요소]|비지배지분 [구성요소],0,제 60 기,2025,KRW,,0,제 61 기,,,5,11011,fnlttSinglAcntAll,,0,제 62 기
nongshim,Nongshim,00108241,004370,KRW,FY2025,2025,11011,Annual report,20260311003892,SCE,자본변동표,dart_CompoundFinancialInstrumentIssue,교환권대가,자본 [구성요소]|지배기업의 소유주에게 귀속되는 지분 [구성요소],0,제 60 기,2025,KRW,,8022706075,제 61 기,,,5,11011,fnlttSinglAcntAll,,0,제 62 기
nongshim,Nongshim,00108241,004370,KRW,FY2025,2025,11011,Annual report,20260311003892,SCE,자본변동표,dart_CompoundFinancialInstrumentIssue,교환권대가,자본 [구성요소]|지배기업의 소유주에게 귀속되는 지분 [구성요소]|기타자본구성요소 [구성요소],0,제 60 기,2025,KRW,,8022706075,제 61 기,,,5,11011,fnlttSinglAcntAll,,0,제 62 기
nongshim,Nongshim,00108241,004370,KRW,FY2025,2025,11011,Annual report,20260311003892,SCE,자본변동표,dart_CompoundFinancialInstrumentIssue,교환권대가,자본 [구성요소]|지배기업의 소유주에게 귀속되는 지분 [구성요소]|이익잉여금 [구성요소],0,제 60 기,2025,KRW,,0,제 61 기,,,5,11011,fnlttSinglAcntAll,,0,제 62 기
nongshim,Nongshim,00108241,004370,KRW,FY2025,2025,11011,Annual report,20260311003892,SCE,자본변동표,dart_CompoundFinancialInstrumentIssue,교환권대가,자본 [구성요소]|지배기업의 소유주에게 귀속되는 지분 [구성요소]|자본금 [구성요소],0,제 60 기,2025,KRW,,0,제 61 기,,,5,11011,fnlttSinglAcntAll,,0,제 62 기
nongshim,Nongshim,00108241,004370,KRW,FY2025,2025,11011,Annual report,20260311003892,SCE,자본변동표,dart_CompoundFinancialInstrumentIssue,교환권대가,자본 [구성요소]|지배기업의 소유주에게 귀속되는 지분 [구성요소]|자본잉여금 [구성요소],0,제 60 기,2025,KRW,,0,제 61 기,,,5,11011,fnlttSinglAcntAll,,0,제 62 기
nongshim,Nongshim,00108241,004370,KRW,FY2025,2025,11011,Annual report,20260311003892,SCE,자본변동표,dart_EquityAtBeginningOfPeriod,기초자본,연결재무제표 [member],2315340178664,제 60 기,2025,KRW,,2440801761177,제 61 기,,,6,11011,fnlttSinglAcntAll,,2672575129457,제 62 기
nongshim,Nongshim,00108241,004370,KRW,FY2025,2025,11011,Annual report,20260311003892,SCE,자본변동표,dart_EquityAtBeginningOfPeriod,기초자본,자본 [구성요소]|비지배지분 [구성요소],11172769926,제 60 기,2025,KRW,,10574027381,제 61 기,,,6,11011,fnlttSinglAcntAll,,559925952,제 62 기
nongshim,Nongshim,00108241,004370,KRW,FY2025,2025,11011,Annual report,20260311003892,SCE,자본변동표,dart_EquityAtBeginningOfPeriod,기초자본,자본 [구성요소]|지배기업의 소유주에게 귀속되는 지분 [구성요소],2304167408738,제 60 기,2025,KRW,,2430227733796,제 61 기,,,6,11011,fnlttSinglAcntAll,,2672015203505,제 62 기
nongshim,Nongshim,00108241,004370,KRW,FY2025,2025,11011,Annual report,20260311003892,SCE,자본변동표,dart_EquityAtBeginningOfPeriod,기초자본,자본 [구성요소]|지배기업의 소유주에게 귀속되는 지분 [구성요소]|기타자본구성요소 [구성요소],-47435994330,제 60 기,2025,KRW,,-40140703895,제 61 기,,,6,11011,fnlttSinglAcntAll,,80437240732,제 62 기
nongshim,Nongshim,00108241,004370,KRW,FY2025,2025,11011,Annual report,20260311003892,SCE,자본변동표,dart_EquityAtBeginningOfPeriod,기초자본,자본 [구성요소]|지배기업의 소유주에게 귀속되는 지분 [구성요소]|이익잉여금 [구성요소],2197469338759,제 60 기,2025,KRW,,2316234373382,제 61 기,,,6,11011,fnlttSinglAcntAll,,2437443898464,제 62 기
nongshim,Nongshim,00108241,004370,KRW,FY2025,2025,11011,Annual report,20260311003892,SCE,자본변동표,dart_EquityAtBeginningOfPeriod,기초자본,자본 [구성요소]|지배기업의 소유주에게 귀속되는 지분 [구성요소]|자본금 [구성요소],30413210000,제 60 기,2025,KRW,,30413210000,제 61 기,,,6,11011,fnlttSinglAcntAll,,30413210000,제 62 기
nongshim,Nongshim,00108241,004370,KRW,FY2025,2025,11011,Annual report,20260311003892,SCE,자본변동표,dart_EquityAtBeginningOfPeriod,기초자본,자본 [구성요소]|지배기업의 소유주에게 귀속되는 지분 [구성요소]|자본잉여금 [구성요소],123720854309,제 60 기,2025,KRW,,123720854309,제 61 기,,,6,11011,fnlttSinglAcntAll,,123720854309,제 62 기
nongshim,Nongshim,00108241,004370,KRW,FY2025,2025,11011,Annual report,20260311003892,SCE,자본변동표,dart_OtherComprehensiveIncomeNetOfTaxDisposalOfFinancialAssetsMeasuredAtFairValueThroughOtherComprehensiveIncome,기타포괄손익-공정가치 측정 금융자산 처분,자본 [구성요소]|지배기업의 소유주에게 귀속되는 지분 [구성요소],0,제 60 기,2025,KRW,,0,제 61 기,,,7,11011,fnlttSinglAcntAll,,0,제 62 기
nongshim,Nongshim,00108241,004370,KRW,FY2025,2025,11011,Annual report,20260311003892,SCE,자본변동표,dart_OtherComprehensiveIncomeNetOfTaxDisposalOfFinancialAssetsMeasuredAtFairValueThroughOtherComprehensiveIncome,기타포괄손익-공정가치 측정 금융자산 처분,자본 [구성요소]|비지배지분 [구성요소],0,제 60 기,2025,KRW,,0,제 61 기,,,7,11011,fnlttSinglAcntAll,,0,제 62 기
nongshim,Nongshim,00108241,004370,KRW,FY2025,2025,11011,Annual report,20260311003892,SCE,자본변동표,dart_OtherComprehensiveIncomeNetOfTaxDisposalOfFinancialAssetsMeasuredAtFairValueThroughOtherComprehensiveIncome,기타포괄손익-공정가치 측정 금융자산 처분,연결재무제표 [member],0,제 60 기,2025,KRW,,0,제 61 기,,,7,11011,fnlttSinglAcntAll,,0,제 62 기
nongshim,Nongshim,00108241,004370,KRW,FY2025,2025,11011,Annual report,20260311003892,SCE,자본변동표,dart_OtherComprehensiveIncomeNetOfTaxDisposalOfFinancialAssetsMeasuredAtFairValueThroughOtherComprehensiveIncome,기타포괄손익-공정가치 측정 금융자산 처분,자본 [구성요소]|지배기업의 소유주에게 귀속되는 지분 [구성요소]|기타자본구성요소 [구성요소],158048515,제 60 기,2025,KRW,,86914324,제 61 기,,,7,11011,fnlttSinglAcntAll,,257284712,제 62 기
nongshim,Nongshim,00108241,004370,KRW,FY2025,2025,11011,Annual report,20260311003892,SCE,자본변동표,dart_OtherComprehensiveIncomeNetOfTaxDisposalOfFinancialAssetsMeasuredAtFairValueThroughOtherComprehensiveIncome,기타포괄손익-공정가치 측정 금융자산 처분,자본 [구성요소]|지배기업의 소유주에게 귀속되는 지분 [구성요소]|자본잉여금 [구성요소],0,제 60 기,2025,KRW,,0,제 61 기,,,7,11011,fnlttSinglAcntAll,,0,제 62 기
nongshim,Nongshim,00108241,004370,KRW,FY2025,2025,11011,Annual report,20260311003892,SCE,자본변동표,dart_OtherComprehensiveIncomeNetOfTaxDisposalOfFinancialAssetsMeasuredAtFairValueThroughOtherComprehensiveIncome,기타포괄손익-공정가치 측정 금융자산 처분,자본 [구성요소]|지배기업의 소유주에게 귀속되는 지분 [구성요소]|자본금 [구성요소],0,제 60 기,2025,KRW,,0,제 61 기,,,7,11011,fnlttSinglAcntAll,,0,제 62 기
nongshim,Nongshim,00108241,004370,KRW,FY2025,2025,11011,Annual report,20260311003892,SCE,자본변동표,dart_OtherComprehensiveIncomeNetOfTaxDisposalOfFinancialAssetsMeasuredAtFairValueThroughOtherComprehensiveIncome,기타포괄손익-공정가치 측정 금융자산 처분,자본 [구성요소]|지배기업의 소유주에게 귀속되는 지분 [구성요소]|이익잉여금 [구성요소],-158048515,제 60 기,2025,KRW,,-86914324,제 61 기,,,7,11011,fnlttSinglAcntAll,,-257284712,제 62 기
nongshim,Nongshim,00108241,004370,KRW,FY2025,2025,11011,Annual report,20260311003892,SCE,자본변동표,dart_TreasuryShareTransactions,자기주식처분,자본 [구성요소]|지배기업의 소유주에게 귀속되는 지분 [구성요소]|자본금 [구성요소],0,제 60 기,2025,KRW,,0,제 61 기,,,8,11011,fnlttSinglAcntAll,,0,제 62 기
nongshim,Nongshim,00108241,004370,KRW,FY2025,2025,11011,Annual report,20260311003892,SCE,자본변동표,dart_TreasuryShareTransactions,자기주식처분,자본 [구성요소]|지배기업의 소유주에게 귀속되는 지분 [구성요소]|이익잉여금 [구성요소],0,제 60 기,2025,KRW,,0,제 61 기,,,8,11011,fnlttSinglAcntAll,,0,제 62 기
nongshim,Nongshim,00108241,004370,KRW,FY2025,2025,11011,Annual report,20260311003892,SCE,자본변동표,dart_TreasuryShareTransactions,자기주식처분,자본 [구성요소]|지배기업의 소유주에게 귀속되는 지분 [구성요소]|기타자본구성요소 [구성요소],0,제 60 기,2025,KRW,,0,제 61 기,,,8,11011,fnlttSinglAcntAll,,13883064974,제 62 기
nongshim,Nongshim,00108241,004370,KRW,FY2025,2025,11011,Annual report,20260311003892,SCE,자본변동표,dart_TreasuryShareTransactions,자기주식처분,자본 [구성요소]|지배기업의 소유주에게 귀속되는 지분 [구성요소],0,제 60 기,2025,KRW,,0,제 61 기,,,8,11011,fnlttSinglAcntAll,,13883064974,제 62 기
nongshim,Nongshim,00108241,004370,KRW,FY2025,2025,11011,Annual report,20260311003892,SCE,자본변동표,dart_TreasuryShareTransactions,자기주식처분,자본 [구성요소]|비지배지분 [구성요소],0,제 60 기,2025,KRW,,0,제 61 기,,,8,11011,fnlttSinglAcntAll,,0,제 62 기
nongshim,Nongshim,00108241,004370,KRW,FY2025,2025,11011,Annual report,20260311003892,SCE,자본변동표,dart_TreasuryShareTransactions,자기주식처분,연결재무제표 [member],0,제 60 기,2025,KRW,,0,제 61 기,,,8,11011,fnlttSinglAcntAll,,13883064974,제 62 기
nongshim,Nongshim,00108241,004370,KRW,FY2025,2025,11011,Annual report,20260311003892,SCE,자본변동표,dart_TreasuryShareTransactions,자기주식처분,자본 [구성요소]|지배기업의 소유주에게 귀속되는 지분 [구성요소]|자본잉여금 [구성요소],0,제 60 기,2025,KRW,,0,제 61 기,,,8,11011,fnlttSinglAcntAll,,0,제 62 기
nongshim,Nongshim,00108241,004370,KRW,FY2025,2025,11011,Annual report,20260311003892,SCE,자본변동표,-표준계정코드 미사용-,자기주식처분이익,자본 [구성요소]|지배기업의 소유주에게 귀속되는 지분 [구성요소]|자본금 [구성요소],0,제 60 기,2025,KRW,,0,제 61 기,,,9,11011,fnlttSinglAcntAll,,0,제 62 기
nongshim,Nongshim,00108241,004370,KRW,FY2025,2025,11011,Annual report,20260311003892,SCE,자본변동표,-표준계정코드 미사용-,자기주식처분이익,자본 [구성요소]|지배기업의 소유주에게 귀속되는 지분 [구성요소]|이익잉여금 [구성요소],0,제 60 기,2025,KRW,,0,제 61 기,,,9,11011,fnlttSinglAcntAll,,0,제 62 기
nongshim,Nongshim,00108241,004370,KRW,FY2025,2025,11011,Annual report,20260311003892,SCE,자본변동표,-표준계정코드 미사용-,자기주식처분이익,자본 [구성요소]|지배기업의 소유주에게 귀속되는 지분 [구성요소]|기타자본구성요소 [구성요소],0,제 60 기,2025,KRW,,0,제 61 기,,,9,11011,fnlttSinglAcntAll,,6900447777,제 62 기
nongshim,Nongshim,00108241,004370,KRW,FY2025,2025,11011,Annual report,20260311003892,SCE,자본변동표,-표준계정코드 미사용-,자기주식처분이익,자본 [구성요소]|지배기업의 소유주에게 귀속되는 지분 [구성요소],0,제 60 기,2025,KRW,,0,제 61 기,,,9,11011,fnlttSinglAcntAll,,6900447777,제 62 기
nongshim,Nongshim,00108241,004370,KRW,FY2025,2025,11011,Annual report,20260311003892,SCE,자본변동표,-표준계정코드 미사용-,자기주식처분이익,자본 [구성요소]|비지배지분 [구성요소],0,제 60 기,2025,KRW,,0,제 61 기,,,9,11011,fnlttSinglAcntAll,,0,제 62 기
nongshim,Nongshim,00108241,004370,KRW,FY2025,2025,11011,Annual report,20260311003892,SCE,자본변동표,-표준계정코드 미사용-,자기주식처분이익,연결재무제표 [member],0,제 60 기,2025,KRW,,0,제 61 기,,,9,11011,fnlttSinglAcntAll,,6900447777,제 62 기
nongshim,Nongshim,00108241,004370,KRW,FY2025,2025,11011,Annual report,20260311003892,SCE,자본변동표,-표준계정코드 미사용-,자기주식처분이익,자본 [구성요소]|지배기업의 소유주에게 귀속되는 지분 [구성요소]|자본잉여금 [구성요소],0,제 60 기,2025,KRW,,0,제 61 기,,,9,11011,fnlttSinglAcntAll,,0,제 62 기
nongshim,Nongshim,00108241,004370,KRW,FY2025,2025,11011,Annual report,20260311003892,SCE,자본변동표,ifrs-full_ComprehensiveIncome,총포괄손익,연결재무제표 [member],154437613898,제 60 기,2025,KRW,,263513048374,제 61 기,,,10,11011,fnlttSinglAcntAll,,166740327195,제 62 기
nongshim,Nongshim,00108241,004370,KRW,FY2025,2025,11011,Annual report,20260311003892,SCE,자본변동표,ifrs-full_ComprehensiveIncome,총포괄손익,자본 [구성요소]|비지배지분 [구성요소],-470486234,제 60 기,2025,KRW,,1295928518,제 61 기,,,10,11011,fnlttSinglAcntAll,,-78524237,제 62 기
nongshim,Nongshim,00108241,004370,KRW,FY2025,2025,11011,Annual report,20260311003892,SCE,자본변동표,ifrs-full_ComprehensiveIncome,총포괄손익,자본 [구성요소]|지배기업의 소유주에게 귀속되는 지분 [구성요소],154908100132,제 60 기,2025,KRW,,262217119856,제 61 기,,,10,11011,fnlttSinglAcntAll,,166818851432,제 62 기
nongshim,Nongshim,00108241,004370,KRW,FY2025,2025,11011,Annual report,20260311003892,SCE,자본변동표,ifrs-full_ComprehensiveIncome,총포괄손익,자본 [구성요소]|지배기업의 소유주에게 귀속되는 지분 [구성요소]|기타자본구성요소 [구성요소],7229945509,제 60 기,2025,KRW,,112094479774,제 61 기,,,10,11011,fnlttSinglAcntAll,,-2895963811,제 62 기
nongshim,Nongshim,00108241,004370,KRW,FY2025,2025,11011,Annual report,20260311003892,SCE,자본변동표,ifrs-full_ComprehensiveIncome,총포괄손익,자본 [구성요소]|지배기업의 소유주에게 귀속되는 지분 [구성요소]|이익잉여금 [구성요소],147678154623,제 60 기,2025,KRW,,150122640082,제 61 기,,,10,11011,fnlttSinglAcntAll,,169714815243,제 62 기
nongshim,Nongshim,00108241,004370,KRW,FY2025,2025,11011,Annual report,20260311003892,SCE,자본변동표,ifrs-full_ComprehensiveIncome,총포괄손익,자본 [구성요소]|지배기업의 소유주에게 귀속되는 지분 [구성요소]|자본금 [구성요소],0,제 60 기,2025,KRW,,0,제 61 기,,,10,11011,fnlttSinglAcntAll,,0,제 62 기
nongshim,Nongshim,00108241,004370,KRW,FY2025,2025,11011,Annual report,20260311003892,SCE,자본변동표,ifrs-full_ComprehensiveIncome,총포괄손익,자본 [구성요소]|지배기업의 소유주에게 귀속되는 지분 [구성요소]|자본잉여금 [구성요소],0,제 60 기,2025,KRW,,0,제 61 기,,,10,11011,fnlttSinglAcntAll,,0,제 62 기
nongshim,Nongshim,00108241,004370,KRW,FY2025,2025,11011,Annual report,20260311003892,SCE,자본변동표,ifrs-full_DividendsPaid,연차배당,연결재무제표 [member],-28913120000,제 60 기,2025,KRW,,-28913115000,제 61 기,,,11,11011,fnlttSinglAcntAll,,-28913110000,제 62 기
nongshim,Nongshim,00108241,004370,KRW,FY2025,2025,11011,Annual report,20260311003892,SCE,자본변동표,ifrs-full_DividendsPaid,연차배당,자본 [구성요소]|비지배지분 [구성요소],0,제 60 기,2025,KRW,,0,제 61 기,,,11,11011,fnlttSinglAcntAll,,0,제 62 기
nongshim,Nongshim,00108241,004370,KRW,FY2025,2025,11011,Annual report,20260311003892,SCE,자본변동표,ifrs-full_DividendsPaid,연차배당,자본 [구성요소]|지배기업의 소유주에게 귀속되는 지분 [구성요소],-28913120000,제 60 기,2025,KRW,,-28913115000,제 61 기,,,11,11011,fnlttSinglAcntAll,,-28913110000,제 62 기
nongshim,Nongshim,00108241,004370,KRW,FY2025,2025,11011,Annual report,20260311003892,SCE,자본변동표,ifrs-full_DividendsPaid,연차배당,자본 [구성요소]|지배기업의 소유주에게 귀속되는 지분 [구성요소]|자본금 [구성요소],0,제 60 기,2025,KRW,,0,제 61 기,,,11,11011,fnlttSinglAcntAll,,0,제 62 기
nongshim,Nongshim,00108241,004370,KRW,FY2025,2025,11011,Annual report,20260311003892,SCE,자본변동표,ifrs-full_DividendsPaid,연차배당,자본 [구성요소]|지배기업의 소유주에게 귀속되는 지분 [구성요소]|이익잉여금 [구성요소],-28913120000,제 60 기,2025,KRW,,-28913115000,제 61 기,,,11,11011,fnlttSinglAcntAll,,-28913110000,제 62 기
nongshim,Nongshim,00108241,004370,KRW,FY2025,2025,11011,Annual report,20260311003892,SCE,자본변동표,ifrs-full_DividendsPaid,연차배당,자본 [구성요소]|지배기업의 소유주에게 귀속되는 지분 [구성요소]|기타자본구성요소 [구성요소],0,제 60 기,2025,KRW,,0,제 61 기,,,11,11011,fnlttSinglAcntAll,,0,제 62 기
nongshim,Nongshim,00108241,004370,KRW,FY2025,2025,11011,Annual report,20260311003892,SCE,자본변동표,ifrs-full_DividendsPaid,연차배당,자본 [구성요소]|지배기업의 소유주에게 귀속되는 지분 [구성요소]|자본잉여금 [구성요소],0,제 60 기,2025,KRW,,0,제 61 기,,,11,11011,fnlttSinglAcntAll,,0,제 62 기
nongshim,Nongshim,00108241,004370,KRW,FY2025,2025,11011,Annual report,20260311003892,SCE,자본변동표,ifrs-full_Equity,자본총계,자본 [구성요소]|비지배지분 [구성요소],10574027381,제 60 기,2025,KRW,,559925952,제 61 기,,,12,11011,fnlttSinglAcntAll,,481401715,제 62 기
nongshim,Nongshim,00108241,004370,KRW,FY2025,2025,11011,Annual report,20260311003892,SCE,자본변동표,ifrs-full_Equity,자본총계,자본 [구성요소]|지배기업의 소유주에게 귀속되는 지분 [구성요소],2430227733796,제 60 기,2025,KRW,,2672015203505,제 61 기,,,12,11011,fnlttSinglAcntAll,,2830704457688,제 62 기
nongshim,Nongshim,00108241,004370,KRW,FY2025,2025,11011,Annual report,20260311003892,SCE,자본변동표,ifrs-full_Equity,자본총계,자본 [구성요소]|지배기업의 소유주에게 귀속되는 지분 [구성요소]|기타자본구성요소 [구성요소],-40140703895,제 60 기,2025,KRW,,80437240732,제 61 기,,,12,11011,fnlttSinglAcntAll,,98324789672,제 62 기
nongshim,Nongshim,00108241,004370,KRW,FY2025,2025,11011,Annual report,20260311003892,SCE,자본변동표,ifrs-full_Equity,자본총계,자본 [구성요소]|지배기업의 소유주에게 귀속되는 지분 [구성요소]|이익잉여금 [구성요소],2316234373382,제 60 기,2025,KRW,,2437443898464,제 61 기,,,12,11011,fnlttSinglAcntAll,,2578245603707,제 62 기
nongshim,Nongshim,00108241,004370,KRW,FY2025,2025,11011,Annual report,20260311003892,SCE,자본변동표,ifrs-full_Equity,자본총계,자본 [구성요소]|지배기업의 소유주에게 귀속되는 지분 [구성요소]|자본금 [구성요소],30413210000,제 60 기,2025,KRW,,30413210000,제 61 기,,,12,11011,fnlttSinglAcntAll,,30413210000,제 62 기
nongshim,Nongshim,00108241,004370,KRW,FY2025,2025,11011,Annual report,20260311003892,SCE,자본변동표,ifrs-full_Equity,자본총계,자본 [구성요소]|지배기업의 소유주에게 귀속되는 지분 [구성요소]|자본잉여금 [구성요소],123720854309,제 60 기,2025,KRW,,123720854309,제 61 기,,,12,11011,fnlttSinglAcntAll,,123720854309,제 62 기
nongshim,Nongshim,00108241,004370,KRW,FY2025,2025,11011,Annual report,20260311003892,SCE,자본변동표,ifrs-full_Equity,자본총계,연결재무제표 [member],2440801761177,제 60 기,2025,KRW,,2672575129457,제 61 기,,,12,11011,fnlttSinglAcntAll,,2831185859403,제 62 기
nongshim,Nongshim,00108241,004370,KRW,FY2025,2025,11011,Annual report,20260311003892,SCE,자본변동표,ifrs-full_IncreaseDecreaseThroughChangesInOwnershipInterestsInSubsidiariesThatDoNotResultInLossOfControl,비지배지분변동,자본 [구성요소]|지배기업의 소유주에게 귀속되는 지분 [구성요소]|자본금 [구성요소],0,제 60 기,2025,KRW,,0,제 61 기,,,13,11011,fnlttSinglAcntAll,,0,제 62 기
nongshim,Nongshim,00108241,004370,KRW,FY2025,2025,11011,Annual report,20260311003892,SCE,자본변동표,ifrs-full_IncreaseDecreaseThroughChangesInOwnershipInterestsInSubsidiariesThatDoNotResultInLossOfControl,비지배지분변동,자본 [구성요소]|지배기업의 소유주에게 귀속되는 지분 [구성요소]|이익잉여금 [구성요소],0,제 60 기,2025,KRW,,0,제 61 기,,,13,11011,fnlttSinglAcntAll,,0,제 62 기
nongshim,Nongshim,00108241,004370,KRW,FY2025,2025,11011,Annual report,20260311003892,SCE,자본변동표,ifrs-full_IncreaseDecreaseThroughChangesInOwnershipInterestsInSubsidiariesThatDoNotResultInLossOfControl,비지배지분변동,자본 [구성요소]|지배기업의 소유주에게 귀속되는 지분 [구성요소]|기타자본구성요소 [구성요소],65344926,제 60 기,2025,KRW,,460758778,제 61 기,,,13,11011,fnlttSinglAcntAll,,0,제 62 기
nongshim,Nongshim,00108241,004370,KRW,FY2025,2025,11011,Annual report,20260311003892,SCE,자본변동표,ifrs-full_IncreaseDecreaseThroughChangesInOwnershipInterestsInSubsidiariesThatDoNotResultInLossOfControl,비지배지분변동,자본 [구성요소]|지배기업의 소유주에게 귀속되는 지분 [구성요소],65344926,제 60 기,2025,KRW,,460758778,제 61 기,,,13,11011,fnlttSinglAcntAll,,0,제 62 기
nongshim,Nongshim,00108241,004370,KRW,FY2025,2025,11011,Annual report,20260311003892,SCE,자본변동표,ifrs-full_IncreaseDecreaseThroughChangesInOwnershipInterestsInSubsidiariesThatDoNotResultInLossOfControl,비지배지분변동,자본 [구성요소]|비지배지분 [구성요소],-65344926,제 60 기,2025,KRW,,-11310029947,제 61 기,,,13,11011,fnlttSinglAcntAll,,0,제 62 기
nongshim,Nongshim,00108241,004370,KRW,FY2025,2025,11011,Annual report,20260311003892,SCE,자본변동표,ifrs-full_IncreaseDecreaseThroughChangesInOwnershipInterestsInSubsidiariesThatDoNotResultInLossOfControl,비지배지분변동,연결재무제표 [member],0,제 60 기,2025,KRW,,-10849271169,제 61 기,,,13,11011,fnlttSinglAcntAll,,0,제 62 기
nongshim,Nongshim,00108241,004370,KRW,FY2025,2025,11011,Annual report,20260311003892,SCE,자본변동표,ifrs-full_IncreaseDecreaseThroughChangesInOwnershipInterestsInSubsidiariesThatDoNotResultInLossOfControl,비지배지분변동,자본 [구성요소]|지배기업의 소유주에게 귀속되는 지분 [구성요소]|자본잉여금 [구성요소],0,제 60 기,2025,KRW,,0,제 61 기,,,13,11011,fnlttSinglAcntAll,,0,제 62 기
nongshim,Nongshim,00108241,004370,KRW,FY2025,2025,11011,Annual report,20260311003892,SCE,자본변동표,ifrs-full_IncreaseDecreaseThroughDisposalOfSubsidiary,종속기업의 처분,자본 [구성요소]|지배기업의 소유주에게 귀속되는 지분 [구성요소]|자본금 [구성요소],0,제 60 기,2025,KRW,,0,제 61 기,,,14,11011,fnlttSinglAcntAll,,0,제 62 기
nongshim,Nongshim,00108241,004370,KRW,FY2025,2025,11011,Annual report,20260311003892,SCE,자본변동표,ifrs-full_IncreaseDecreaseThroughDisposalOfSubsidiary,종속기업의 처분,자본 [구성요소]|지배기업의 소유주에게 귀속되는 지분 [구성요소]|이익잉여금 [구성요소],0,제 60 기,2025,KRW,,0,제 61 기,,,14,11011,fnlttSinglAcntAll,,0,제 62 기
nongshim,Nongshim,00108241,004370,KRW,FY2025,2025,11011,Annual report,20260311003892,SCE,자본변동표,ifrs-full_IncreaseDecreaseThroughDisposalOfSubsidiary,종속기업의 처분,자본 [구성요소]|지배기업의 소유주에게 귀속되는 지분 [구성요소]|기타자본구성요소 [구성요소],0,제 60 기,2025,KRW,,0,제 61 기,,,14,11011,fnlttSinglAcntAll,,0,제 62 기
nongshim,Nongshim,00108241,004370,KRW,FY2025,2025,11011,Annual report,20260311003892,SCE,자본변동표,ifrs-full_IncreaseDecreaseThroughDisposalOfSubsidiary,종속기업의 처분,자본 [구성요소]|지배기업의 소유주에게 귀속되는 지분 [구성요소],0,제 60 기,2025,KRW,,0,제 61 기,,,14,11011,fnlttSinglAcntAll,,0,제 62 기
nongshim,Nongshim,00108241,004370,KRW,FY2025,2025,11011,Annual report,20260311003892,SCE,자본변동표,ifrs-full_IncreaseDecreaseThroughDisposalOfSubsidiary,종속기업의 처분,자본 [구성요소]|비지배지분 [구성요소],-62911385,제 60 기,2025,KRW,,0,제 61 기,,,14,11011,fnlttSinglAcntAll,,0,제 62 기
nongshim,Nongshim,00108241,004370,KRW,FY2025,2025,11011,Annual report,20260311003892,SCE,자본변동표,ifrs-full_IncreaseDecreaseThroughDisposalOfSubsidiary,종속기업의 처분,연결재무제표 [member],-62911385,제 60 기,2025,KRW,,0,제 61 기,,,14,11011,fnlttSinglAcntAll,,0,제 62 기
nongshim,Nongshim,00108241,004370,KRW,FY2025,2025,11011,Annual report,20260311003892,SCE,자본변동표,ifrs-full_IncreaseDecreaseThroughDisposalOfSubsidiary,종속기업의 처분,자본 [구성요소]|지배기업의 소유주에게 귀속되는 지분 [구성요소]|자본잉여금 [구성요소],0,제 60 기,2025,KRW,,0,제 61 기,,,14,11011,fnlttSinglAcntAll,,0,제 62 기
nongshim,Nongshim,00108241,004370,KRW,FY2025,2025,11011,Annual report,20260311003892,SCE,자본변동표,ifrs-full_OtherComprehensiveIncomeNetOfTaxGainsLossesOnRemeasurementsOfDefinedBenefitPlans,확정급여채무의 재측정요소,연결재무제표 [member],-24068364036,제 60 기,2025,KRW,,-7091946228,제 61 기,,,15,11011,fnlttSinglAcntAll,,-160873928,제 62 기
nongshim,Nongshim,00108241,004370,KRW,FY2025,2025,11011,Annual report,20260311003892,SCE,자본변동표,ifrs-full_OtherComprehensiveIncomeNetOfTaxGainsLossesOnRemeasurementsOfDefinedBenefitPlans,확정급여채무의 재측정요소,자본 [구성요소]|비지배지분 [구성요소],0,제 60 기,2025,KRW,,0,제 61 기,,,15,11011,fnlttSinglAcntAll,,0,제 62 기
nongshim,Nongshim,00108241,004370,KRW,FY2025,2025,11011,Annual report,20260311003892,SCE,자본변동표,ifrs-full_OtherComprehensiveIncomeNetOfTaxGainsLossesOnRemeasurementsOfDefinedBenefitPlans,확정급여채무의 재측정요소,자본 [구성요소]|지배기업의 소유주에게 귀속되는 지분 [구성요소],-24068364036,제 60 기,2025,KRW,,-7091946228,제 61 기,,,15,11011,fnlttSinglAcntAll,,-160873928,제 62 기
nongshim,Nongshim,00108241,004370,KRW,FY2025,2025,11011,Annual report,20260311003892,SCE,자본변동표,ifrs-full_OtherComprehensiveIncomeNetOfTaxGainsLossesOnRemeasurementsOfDefinedBenefitPlans,확정급여채무의 재측정요소,자본 [구성요소]|지배기업의 소유주에게 귀속되는 지분 [구성요소]|기타자본구성요소 [구성요소],0,제 60 기,2025,KRW,,0,제 61 기,,,15,11011,fnlttSinglAcntAll,,0,제 62 기
nongshim,Nongshim,00108241,004370,KRW,FY2025,2025,11011,Annual report,20260311003892,SCE,자본변동표,ifrs-full_OtherComprehensiveIncomeNetOfTaxGainsLossesOnRemeasurementsOfDefinedBenefitPlans,확정급여채무의 재측정요소,자본 [구성요소]|지배기업의 소유주에게 귀속되는 지분 [구성요소]|이익잉여금 [구성요소],-24068364036,제 60 기,2025,KRW,,-7091946228,제 61 기,,,15,11011,fnlttSinglAcntAll,,-160873928,제 62 기
nongshim,Nongshim,00108241,004370,KRW,FY2025,2025,11011,Annual report,20260311003892,SCE,자본변동표,ifrs-full_OtherComprehensiveIncomeNetOfTaxGainsLossesOnRemeasurementsOfDefinedBenefitPlans,확정급여채무의 재측정요소,자본 [구성요소]|지배기업의 소유주에게 귀속되는 지분 [구성요소]|자본금 [구성요소],0,제 60 기,2025,KRW,,0,제 61 기,,,15,11011,fnlttSinglAcntAll,,0,제 62 기
nongshim,Nongshim,00108241,004370,KRW,FY2025,2025,11011,Annual report,20260311003892,SCE,자본변동표,ifrs-full_OtherComprehensiveIncomeNetOfTaxGainsLossesOnRemeasurementsOfDefinedBenefitPlans,확정급여채무의 재측정요소,자본 [구성요소]|지배기업의 소유주에게 귀속되는 지분 [구성요소]|자본잉여금 [구성요소],0,제 60 기,2025,KRW,,0,제 61 기,,,15,11011,fnlttSinglAcntAll,,0,제 62 기
nongshim,Nongshim,00108241,004370,KRW,FY2025,2025,11011,Annual report,20260311003892,SCE,자본변동표,ifrs-full_ProfitLoss,당기순이익,연결재무제표 [member],171469224876,제 60 기,2025,KRW,,157630314203,제 61 기,,,16,11011,fnlttSinglAcntAll,,170054449646,제 62 기
nongshim,Nongshim,00108241,004370,KRW,FY2025,2025,11011,Annual report,20260311003892,SCE,자본변동표,ifrs-full_ProfitLoss,당기순이익,자본 [구성요소]|비지배지분 [구성요소],-435342298,제 60 기,2025,KRW,,328813569,제 61 기,,,16,11011,fnlttSinglAcntAll,,-78524237,제 62 기
nongshim,Nongshim,00108241,004370,KRW,FY2025,2025,11011,Annual report,20260311003892,SCE,자본변동표,ifrs-full_ProfitLoss,당기순이익,자본 [구성요소]|지배기업의 소유주에게 귀속되는 지분 [구성요소],171904567174,제 60 기,2025,KRW,,157301500634,제 61 기,,,16,11011,fnlttSinglAcntAll,,170132973883,제 62 기
nongshim,Nongshim,00108241,004370,KRW,FY2025,2025,11011,Annual report,20260311003892,SCE,자본변동표,ifrs-full_ProfitLoss,당기순이익,자본 [구성요소]|지배기업의 소유주에게 귀속되는 지분 [구성요소]|기타자본구성요소 [구성요소],0,제 60 기,2025,KRW,,0,제 61 기,,,16,11011,fnlttSinglAcntAll,,0,제 62 기
nongshim,Nongshim,00108241,004370,KRW,FY2025,2025,11011,Annual report,20260311003892,SCE,자본변동표,ifrs-full_ProfitLoss,당기순이익,자본 [구성요소]|지배기업의 소유주에게 귀속되는 지분 [구성요소]|이익잉여금 [구성요소],171904567174,제 60 기,2025,KRW,,157301500634,제 61 기,,,16,11011,fnlttSinglAcntAll,,170132973883,제 62 기
nongshim,Nongshim,00108241,004370,KRW,FY2025,2025,11011,Annual report,20260311003892,SCE,자본변동표,ifrs-full_ProfitLoss,당기순이익,자본 [구성요소]|지배기업의 소유주에게 귀속되는 지분 [구성요소]|자본금 [구성요소],0,제 60 기,2025,KRW,,0,제 61 기,,,16,11011,fnlttSinglAcntAll,,0,제 62 기
nongshim,Nongshim,00108241,004370,KRW,FY2025,2025,11011,Annual report,20260311003892,SCE,자본변동표,ifrs-full_ProfitLoss,당기순이익,자본 [구성요소]|지배기업의 소유주에게 귀속되는 지분 [구성요소]|자본잉여금 [구성요소],0,제 60 기,2025,KRW,,0,제 61 기,,,16,11011,fnlttSinglAcntAll,,0,제 62 기
nongshim,Nongshim,00108241,004370,KRW,Q1_2026,2026,11013,First-quarter report,20260515000865,BS,재무상태표,ifrs-full_Assets,자산총계,-,,,2026,KRW,,3822122467403,제 62 기말,,,7,11013,fnlttSinglAcntAll,,4003402133392,제 63 기 1분기말
nongshim,Nongshim,00108241,004370,KRW,Q1_2026,2026,11013,First-quarter report,20260515000865,BS,재무상태표,ifrs-full_CurrentAssets,유동자산,-,,,2026,KRW,,1960196420067,제 62 기말,,,8,11013,fnlttSinglAcntAll,,2037701286112,제 63 기 1분기말
nongshim,Nongshim,00108241,004370,KRW,Q1_2026,2026,11013,First-quarter report,20260515000865,BS,재무상태표,dart_CurrentEmissionRight,배출권,-,,,2026,KRW,,823166,제 62 기말,,,9,11013,fnlttSinglAcntAll,,823166,제 63 기 1분기말
nongshim,Nongshim,00108241,004370,KRW,Q1_2026,2026,11013,First-quarter report,20260515000865,BS,재무상태표,dart_CurrentNontradeReceivables,기타채권,-,,,2026,KRW,,17692462886,제 62 기말,,,10,11013,fnlttSinglAcntAll,,25616703504,제 63 기 1분기말
nongshim,Nongshim,00108241,004370,KRW,Q1_2026,2026,11013,First-quarter report,20260515000865,BS,재무상태표,dart_ShortTermTradeReceivable,매출채권,-,,,2026,KRW,,322700751452,제 62 기말,,,11,11013,fnlttSinglAcntAll,,327752925937,제 63 기 1분기말
nongshim,Nongshim,00108241,004370,KRW,Q1_2026,2026,11013,First-quarter report,20260515000865,BS,재무상태표,ifrs-full_CashAndCashEquivalents,현금및현금성자산,-,,,2026,KRW,,253539960716,제 62 기말,,,12,11013,fnlttSinglAcntAll,,260258189772,제 63 기 1분기말
nongshim,Nongshim,00108241,004370,KRW,Q1_2026,2026,11013,First-quarter report,20260515000865,BS,재무상태표,ifrs-full_CurrentTaxAssets,당기법인세자산,-,,,2026,KRW,,10276921188,제 62 기말,,,13,11013,fnlttSinglAcntAll,,6786199179,제 63 기 1분기말
nongshim,Nongshim,00108241,004370,KRW,Q1_2026,2026,11013,First-quarter report,20260515000865,BS,재무상태표,ifrs-full_Inventories,재고자산,-,,,2026,KRW,,353314247728,제 62 기말,,,14,11013,fnlttSinglAcntAll,,362304048073,제 63 기 1분기말
nongshim,Nongshim,00108241,004370,KRW,Q1_2026,2026,11013,First-quarter report,20260515000865,BS,재무상태표,ifrs-full_OtherCurrentAssets,기타유동자산,-,,,2026,KRW,,36936504417,제 62 기말,,,15,11013,fnlttSinglAcntAll,,33628429813,제 63 기 1분기말
nongshim,Nongshim,00108241,004370,KRW,Q1_2026,2026,11013,First-quarter report,20260515000865,BS,재무상태표,ifrs-full_OtherCurrentFinancialAssets,기타금융자산,-,,,2026,KRW,,220138118514,제 62 기말,,,16,11013,fnlttSinglAcntAll,,234022486668,제 63 기 1분기말
nongshim,Nongshim,00108241,004370,KRW,Q1_2026,2026,11013,First-quarter report,20260515000865,BS,재무상태표,ifrs-full_ShorttermDepositsNotClassifiedAsCashEquivalents,단기금융상품,-,,,2026,KRW,,745596630000,제 62 기말,,,17,11013,fnlttSinglAcntAll,,787331480000,제 63 기 1분기말
nongshim,Nongshim,00108241,004370,KRW,Q1_2026,2026,11013,First-quarter report,20260515000865,BS,재무상태표,ifrs-full_NoncurrentAssets,비유동자산,-,,,2026,KRW,,1861926047336,제 62 기말,,,18,11013,fnlttSinglAcntAll,,1965700847280,제 63 기 1분기말
nongshim,Nongshim,00108241,004370,KRW,Q1_2026,2026,11013,First-quarter report,20260515000865,BS,재무상태표,dart_LongTermDepositsNotClassifiedAsCashEquivalents,장기금융상품,-,,,2026,KRW,,6000000,제 62 기말,,,19,11013,fnlttSinglAcntAll,,6000000,제 63 기 1분기말
nongshim,Nongshim,00108241,004370,KRW,Q1_2026,2026,11013,First-quarter report,20260515000865,BS,재무상태표,dart_NoncurrentNontradeReceivables,기타채권,-,,,2026,KRW,,8746474503,제 62 기말,,,20,11013,fnlttSinglAcntAll,,8628935037,제 63 기 1분기말
nongshim,Nongshim,00108241,004370,KRW,Q1_2026,2026,11013,First-quarter report,20260515000865,BS,재무상태표,ifrs-full_DeferredTaxAssets,이연법인세자산,-,,,2026,KRW,,14664814312,제 62 기말,,,21,11013,fnlttSinglAcntAll,,16894887343,제 63 기 1분기말
nongshim,Nongshim,00108241,004370,KRW,Q1_2026,2026,11013,First-quarter report,20260515000865,BS,재무상태표,ifrs-full_IntangibleAssetsAndGoodwill,무형자산,-,73601013000,제 61 기,2026,KRW,,64860314780,제 62 기말,,,22,11013,fnlttSinglAcntAll,,64745799176,제 63 기 1분기말
nongshim,Nongshim,00108241,004370,KRW,Q1_2026,2026,11013,First-quarter report,20260515000865,BS,재무상태표,ifrs-full_InvestmentAccountedForUsingEquityMethod,관계기업투자,-,,,2026,KRW,,1510961371,제 62 기말,,,23,11013,fnlttSinglAcntAll,,1516528390,제 63 기 1분기말
nongshim,Nongshim,00108241,004370,KRW,Q1_2026,2026,11013,First-quarter report,20260515000865,BS,재무상태표,ifrs-full_InvestmentProperty,투자부동산,-,62818476000,제 61 기,2026,KRW,,59756047731,제 62 기말,,,24,11013,fnlttSinglAcntAll,,59027668973,제 63 기 1분기말
nongshim,Nongshim,00108241,004370,KRW,Q1_2026,2026,11013,First-quarter report,20260515000865,BS,재무상태표,ifrs-full_OtherNoncurrentAssets,기타비유동자산,-,,,2026,KRW,,108555025,제 62 기말,,,25,11013,fnlttSinglAcntAll,,100607115,제 63 기 1분기말
nongshim,Nongshim,00108241,004370,KRW,Q1_2026,2026,11013,First-quarter report,20260515000865,BS,재무상태표,ifrs-full_OtherNoncurrentFinancialAssets,기타금융자산,-,,,2026,KRW,,68805764524,제 62 기말,,,26,11013,fnlttSinglAcntAll,,90698741451,제 63 기 1분기말
nongshim,Nongshim,00108241,004370,KRW,Q1_2026,2026,11013,First-quarter report,20260515000865,BS,재무상태표,ifrs-full_PropertyPlantAndEquipment,유형자산,-,1579766033000,제 61 기,2026,KRW,,1586058613556,제 62 기말,,,27,11013,fnlttSinglAcntAll,,1653341035377,제 63 기 1분기말
nongshim,Nongshim,00108241,004370,KRW,Q1_2026,2026,11013,First-quarter report,20260515000865,BS,재무상태표,ifrs-full_RecognisedAssetsDefinedBenefitPlan,확정급여자산,-,,,2026,KRW,,7188563491,제 62 기말,,,28,11013,fnlttSinglAcntAll,,4246914428,제 63 기 1분기말
nongshim,Nongshim,00108241,004370,KRW,Q1_2026,2026,11013,First-quarter report,20260515000865,BS,재무상태표,ifrs-full_RightofuseAssets,사용권자산,-,58326151000,제 61 기,2026,KRW,,50219938043,제 62 기말,,,29,11013,fnlttSinglAcntAll,,66493729990,제 63 기 1분기말
nongshim,Nongshim,00108241,004370,KRW,Q1_2026,2026,11013,First-quarter report,20260515000865,BS,재무상태표,ifrs-full_Equity,자본총계,-,,,2026,KRW,,2831185859403,제 62 기말,,,31,11013,fnlttSinglAcntAll,,2922937865135,제 63 기 1분기말
nongshim,Nongshim,00108241,004370,KRW,Q1_2026,2026,11013,First-quarter report,20260515000865,BS,재무상태표,ifrs-full_EquityAttributableToOwnersOfParent,지배기업 소유주지분,-,,,2026,KRW,,2830704457688,제 62 기말,,,32,11013,fnlttSinglAcntAll,,2922421662713,제 63 기 1분기말
nongshim,Nongshim,00108241,004370,KRW,Q1_2026,2026,11013,First-quarter report,20260515000865,BS,재무상태표,dart_ElementsOfOtherStockholdersEquity,기타자본항목,-,,,2026,KRW,,98324789672,제 62 기말,,,33,11013,fnlttSinglAcntAll,,164405556151,제 63 기 1분기말
nongshim,Nongshim,00108241,004370,KRW,Q1_2026,2026,11013,First-quarter report,20260515000865,BS,재무상태표,ifrs-full_IssuedCapital,자본금,-,,,2026,KRW,,30413210000,제 62 기말,,,34,11013,fnlttSinglAcntAll,,30413210000,제 63 기 1분기말
nongshim,Nongshim,00108241,004370,KRW,Q1_2026,2026,11013,First-quarter report,20260515000865,BS,재무상태표,ifrs-full_RetainedEarnings,이익잉여금,-,,,2026,KRW,,2578245603707,제 62 기말,,,35,11013,fnlttSinglAcntAll,,2603882042253,제 63 기 1분기말
nongshim,Nongshim,00108241,004370,KRW,Q1_2026,2026,11013,First-quarter report,20260515000865,BS,재무상태표,ifrs-full_SharePremium,주식발행초과금,-,,,2026,KRW,,123720854309,제 62 기말,,,36,11013,fnlttSinglAcntAll,,123720854309,제 63 기 1분기말
nongshim,Nongshim,00108241,004370,KRW,Q1_2026,2026,11013,First-quarter report,20260515000865,BS,재무상태표,ifrs-full_NoncontrollingInterests,비지배지분,-,,,2026,KRW,,481401715,제 62 기말,,,37,11013,fnlttSinglAcntAll,,516202422,제 63 기 1분기말
nongshim,Nongshim,00108241,004370,KRW,Q1_2026,2026,11013,First-quarter report,20260515000865,BS,재무상태표,ifrs-full_EquityAndLiabilities,부채와자본총계,-,,,2026,KRW,,3822122467403,제 62 기말,,,38,11013,fnlttSinglAcntAll,,4003402133392,제 63 기 1분기말
nongshim,Nongshim,00108241,004370,KRW,Q1_2026,2026,11013,First-quarter report,20260515000865,BS,재무상태표,ifrs-full_CurrentLiabilities,유동부채,-,,,2026,KRW,,833082759238,제 62 기말,,,40,11013,fnlttSinglAcntAll,,919908407092,제 63 기 1분기말
nongshim,Nongshim,00108241,004370,KRW,Q1_2026,2026,11013,First-quarter report,20260515000865,BS,재무상태표,dart_CurrentEmissionLiabilities,배출부채,-,,,2026,KRW,,320266290,제 62 기말,,,41,11013,fnlttSinglAcntAll,,510047882,제 63 기 1분기말
nongshim,Nongshim,00108241,004370,KRW,Q1_2026,2026,11013,First-quarter report,20260515000865,BS,재무상태표,dart_CurrentNontradePayables,기타채무,-,,,2026,KRW,,256116972985,제 62 기말,,,42,11013,fnlttSinglAcntAll,,316224484128,제 63 기 1분기말
nongshim,Nongshim,00108241,004370,KRW,Q1_2026,2026,11013,First-quarter report,20260515000865,BS,재무상태표,dart_CurrentPortionOfExchangeableBond,교환사채,-,,,2026,KRW,,111526007631,제 62 기말,,,43,11013,fnlttSinglAcntAll,,112676178450,제 63 기 1분기말
nongshim,Nongshim,00108241,004370,KRW,Q1_2026,2026,11013,First-quarter report,20260515000865,BS,재무상태표,dart_ShortTermTradePayables,매입채무,-,,,2026,KRW,,366313614821,제 62 기말,,,44,11013,fnlttSinglAcntAll,,398355138536,제 63 기 1분기말
nongshim,Nongshim,00108241,004370,KRW,Q1_2026,2026,11013,First-quarter report,20260515000865,BS,재무상태표,-표준계정코드 미사용-,환불부채,-,,,2026,KRW,,4716614958,제 62 기말,,,45,11013,fnlttSinglAcntAll,,4627668370,제 63 기 1분기말
nongshim,Nongshim,00108241,004370,KRW,Q1_2026,2026,11013,First-quarter report,20260515000865,BS,재무상태표,ifrs-full_CurrentContractLiabilities,계약부채,-,,,2026,KRW,,12334658529,제 62 기말,,,46,11013,fnlttSinglAcntAll,,6736636061,제 63 기 1분기말
nongshim,Nongshim,00108241,004370,KRW,Q1_2026,2026,11013,First-quarter report,20260515000865,BS,재무상태표,ifrs-full_CurrentLeaseLiabilities,리스부채,-,,,2026,KRW,,9718194757,제 62 기말,,,47,11013,fnlttSinglAcntAll,,11378073119,제 63 기 1분기말
nongshim,Nongshim,00108241,004370,KRW,Q1_2026,2026,11013,First-quarter report,20260515000865,BS,재무상태표,ifrs-full_CurrentTaxLiabilities,당기법인세부채,-,,,2026,KRW,,24556475749,제 62 기말,,,48,11013,fnlttSinglAcntAll,,30953107720,제 63 기 1분기말
nongshim,Nongshim,00108241,004370,KRW,Q1_2026,2026,11013,First-quarter report,20260515000865,BS,재무상태표,ifrs-full_OtherCurrentLiabilities,기타유동부채,-,,,2026,KRW,,19827455916,제 62 기말,,,49,11013,fnlttSinglAcntAll,,11414168927,제 63 기 1분기말
nongshim,Nongshim,00108241,004370,KRW,Q1_2026,2026,11013,First-quarter report,20260515000865,BS,재무상태표,ifrs-full_ShorttermBorrowings,단기차입금,-,,,2026,KRW,,27652497602,제 62 기말,,,50,11013,fnlttSinglAcntAll,,27032903899,제 63 기 1분기말
nongshim,Nongshim,00108241,004370,KRW,Q1_2026,2026,11013,First-quarter report,20260515000865,BS,재무상태표,ifrs-full_Liabilities,부채총계,-,,,2026,KRW,,990936608000,제 62 기말,,,51,11013,fnlttSinglAcntAll,,1080464268257,제 63 기 1분기말
nongshim,Nongshim,00108241,004370,KRW,Q1_2026,2026,11013,First-quarter report,20260515000865,BS,재무상태표,ifrs-full_NoncurrentLiabilities,비유동부채,-,,,2026,KRW,,157853848762,제 62 기말,,,52,11013,fnlttSinglAcntAll,,160555861165,제 63 기 1분기말
nongshim,Nongshim,00108241,004370,KRW,Q1_2026,2026,11013,First-quarter report,20260515000865,BS,재무상태표,dart_LongTermBorrowingsGross,장기차입금,-,,,2026,KRW,,14446152688,제 62 기말,,,53,11013,fnlttSinglAcntAll,,0,제 63 기 1분기말
nongshim,Nongshim,00108241,004370,KRW,Q1_2026,2026,11013,First-quarter report,20260515000865,BS,재무상태표,dart_NonCurrentEmissionLiabilities,배출부채,-,,,2026,KRW,,0,제 62 기말,,,54,11013,fnlttSinglAcntAll,,186049464,제 63 기 1분기말
nongshim,Nongshim,00108241,004370,KRW,Q1_2026,2026,11013,First-quarter report,20260515000865,BS,재무상태표,dart_NoncurrentNontradePayables,기타채무,-,,,2026,KRW,,23695867023,제 62 기말,,,55,11013,fnlttSinglAcntAll,,22991546080,제 63 기 1분기말
nongshim,Nongshim,00108241,004370,KRW,Q1_2026,2026,11013,First-quarter report,20260515000865,BS,재무상태표,dart_PostemploymentBenefitObligations,확정급여채무,-,,,2026,KRW,,1806493612,제 62 기말,,,56,11013,fnlttSinglAcntAll,,1914966903,제 63 기 1분기말
nongshim,Nongshim,00108241,004370,KRW,Q1_2026,2026,11013,First-quarter report,20260515000865,BS,재무상태표,ifrs-full_DeferredTaxLiabilities,이연법인세부채,-,,,2026,KRW,,41613015622,제 62 기말,,,57,11013,fnlttSinglAcntAll,,41440785865,제 63 기 1분기말
nongshim,Nongshim,00108241,004370,KRW,Q1_2026,2026,11013,First-quarter report,20260515000865,BS,재무상태표,ifrs-full_NoncurrentLeaseLiabilities,리스부채,-,,,2026,KRW,,13294946716,제 62 기말,,,58,11013,fnlttSinglAcntAll,,27178889103,제 63 기 1분기말
nongshim,Nongshim,00108241,004370,KRW,Q1_2026,2026,11013,First-quarter report,20260515000865,BS,재무상태표,ifrs-full_NoncurrentProvisionsForEmployeeBenefits,기타장기종업원급여부채,-,,,2026,KRW,,62491097124,제 62 기말,,,59,11013,fnlttSinglAcntAll,,65397959830,제 63 기 1분기말
nongshim,Nongshim,00108241,004370,KRW,Q1_2026,2026,11013,First-quarter report,20260515000865,BS,재무상태표,ifrs-full_OtherNoncurrentLiabilities,기타비유동부채,-,,,2026,KRW,,506275977,제 62 기말,,,60,11013,fnlttSinglAcntAll,,1445663920,제 63 기 1분기말
nongshim,Nongshim,00108241,004370,KRW,Q1_2026,2026,11013,First-quarter report,20260515000865,IS,손익계산서,dart_OperatingIncomeLoss,영업이익,-,,,2026,KRW,56051767375,,,56051767375,제 62 기 1분기,6,11013,fnlttSinglAcntAll,67424701255,67424701255,제 63 기 1분기
nongshim,Nongshim,00108241,004370,KRW,Q1_2026,2026,11013,First-quarter report,20260515000865,IS,손익계산서,dart_OtherGains,기타수익,-,,,2026,KRW,6767163327,,,6767163327,제 62 기 1분기,7,11013,fnlttSinglAcntAll,3235102322,3235102322,제 63 기 1분기
nongshim,Nongshim,00108241,004370,KRW,Q1_2026,2026,11013,First-quarter report,20260515000865,IS,손익계산서,dart_OtherLosses,기타비용,-,,,2026,KRW,1588699647,,,1588699647,제 62 기 1분기,8,11013,fnlttSinglAcntAll,1047549696,1047549696,제 63 기 1분기
nongshim,Nongshim,00108241,004370,KRW,Q1_2026,2026,11013,First-quarter report,20260515000865,IS,손익계산서,dart_TotalSellingGeneralAdministrativeExpenses,판매비와관리비,-,,,2026,KRW,197056598680,,,197056598680,제 62 기 1분기,9,11013,fnlttSinglAcntAll,215960605956,215960605956,제 63 기 1분기
nongshim,Nongshim,00108241,004370,KRW,Q1_2026,2026,11013,First-quarter report,20260515000865,IS,손익계산서,-표준계정코드 미사용-,총매출액,-,,,2026,KRW,1027366341825,,,1027366341825,제 62 기 1분기,10,11013,fnlttSinglAcntAll,1090781812942,1090781812942,제 63 기 1분기
nongshim,Nongshim,00108241,004370,KRW,Q1_2026,2026,11013,First-quarter report,20260515000865,IS,손익계산서,-표준계정코드 미사용-,매출에누리등,-,,,2026,KRW,134330022349,,,134330022349,제 62 기 1분기,11,11013,fnlttSinglAcntAll,156752807735,156752807735,제 63 기 1분기
nongshim,Nongshim,00108241,004370,KRW,Q1_2026,2026,11013,First-quarter report,20260515000865,IS,손익계산서,ifrs-full_CostOfSales,매출원가,-,,,2026,KRW,639927953421,,,639927953421,제 62 기 1분기,12,11013,fnlttSinglAcntAll,650643697996,650643697996,제 63 기 1분기
nongshim,Nongshim,00108241,004370,KRW,Q1_2026,2026,11013,First-quarter report,20260515000865,IS,손익계산서,ifrs-full_BasicEarningsLossPerShare,기본주당이익,-,,,2026,KRW,9021,,,9021,제 62 기 1분기,14,11013,fnlttSinglAcntAll,10394,10394,제 63 기 1분기
nongshim,Nongshim,00108241,004370,KRW,Q1_2026,2026,11013,First-quarter report,20260515000865,IS,손익계산서,ifrs-full_DilutedEarningsLossPerShare,희석주당이익,-,,,2026,KRW,8576,,,8576,제 62 기 1분기,15,11013,fnlttSinglAcntAll,9970,9970,제 63 기 1분기
nongshim,Nongshim,00108241,004370,KRW,Q1_2026,2026,11013,First-quarter report,20260515000865,IS,손익계산서,ifrs-full_FinanceCosts,금융비용,-,,,2026,KRW,4799081970,,,4799081970,제 62 기 1분기,16,11013,fnlttSinglAcntAll,6857769017,6857769017,제 63 기 1분기
nongshim,Nongshim,00108241,004370,KRW,Q1_2026,2026,11013,First-quarter report,20260515000865,IS,손익계산서,ifrs-full_FinanceIncome,금융수익,-,,,2026,KRW,12155728968,,,12155728968,제 62 기 1분기,17,11013,fnlttSinglAcntAll,18141223176,18141223176,제 63 기 1분기
nongshim,Nongshim,00108241,004370,KRW,Q1_2026,2026,11013,First-quarter report,20260515000865,IS,손익계산서,ifrs-full_GrossProfit,매출총이익,-,,,2026,KRW,253108366055,,,253108366055,제 62 기 1분기,18,11013,fnlttSinglAcntAll,283385307211,283385307211,제 63 기 1분기
nongshim,Nongshim,00108241,004370,KRW,Q1_2026,2026,11013,First-quarter report,20260515000865,IS,손익계산서,ifrs-full_IncomeTaxExpenseContinuingOperations,법인세비용,-,,,2026,KRW,16343121183,,,16343121183,제 62 기 1분기,19,11013,fnlttSinglAcntAll,20224907806,20224907806,제 63 기 1분기
nongshim,Nongshim,00108241,004370,KRW,Q1_2026,2026,11013,First-quarter report,20260515000865,IS,손익계산서,ifrs-full_ProfitLoss,분기순이익(손실),-,,,2026,KRW,52158932810,,,52158932810,제 62 기 1분기,20,11013,fnlttSinglAcntAll,60676367253,60676367253,제 63 기 1분기
nongshim,Nongshim,00108241,004370,KRW,Q1_2026,2026,11013,First-quarter report,20260515000865,IS,손익계산서,ifrs-full_ProfitLossAttributableToNoncontrollingInterests,비지배지분,-,,,2026,KRW,-7264602,,,-7264602,제 62 기 1분기,22,11013,fnlttSinglAcntAll,34800707,34800707,제 63 기 1분기
nongshim,Nongshim,00108241,004370,KRW,Q1_2026,2026,11013,First-quarter report,20260515000865,IS,손익계산서,ifrs-full_ProfitLossAttributableToOwnersOfParent,지배기업 소유주지분,-,,,2026,KRW,52166197412,,,52166197412,제 62 기 1분기,23,11013,fnlttSinglAcntAll,60641566546,60641566546,제 63 기 1분기
nongshim,Nongshim,00108241,004370,KRW,Q1_2026,2026,11013,First-quarter report,20260515000865,IS,손익계산서,ifrs-full_ProfitLossBeforeTax,법인세비용차감전순이익,-,,,2026,KRW,68502053993,,,68502053993,제 62 기 1분기,24,11013,fnlttSinglAcntAll,80901275059,80901275059,제 63 기 1분기
nongshim,Nongshim,00108241,004370,KRW,Q1_2026,2026,11013,First-quarter report,20260515000865,IS,손익계산서,ifrs-full_Revenue,매출액,-,,,2026,KRW,893036319476,,,893036319476,제 62 기 1분기,25,11013,fnlttSinglAcntAll,934029005207,934029005207,제 63 기 1분기
nongshim,Nongshim,00108241,004370,KRW,Q1_2026,2026,11013,First-quarter report,20260515000865,IS,손익계산서,ifrs-full_ShareOfProfitLossOfAssociatesAccountedForUsingEquityMethod,지분법손익,-,,,2026,KRW,-84824060,,,-84824060,제 62 기 1분기,26,11013,fnlttSinglAcntAll,5567019,5567019,제 63 기 1분기
nongshim,Nongshim,00108241,004370,KRW,Q1_2026,2026,11013,First-quarter report,20260515000865,CIS,포괄손익계산서,ifrs-full_ComprehensiveIncome,분기총포괄손익,-,,,2026,KRW,53213262843,,,53213262843,제 62 기 1분기,6,11013,fnlttSinglAcntAll,126757133732,126757133732,제 63 기 1분기
nongshim,Nongshim,00108241,004370,KRW,Q1_2026,2026,11013,First-quarter report,20260515000865,CIS,포괄손익계산서,ifrs-full_ComprehensiveIncomeAttributableToNoncontrollingInterests,비지배지분,-,,,2026,KRW,-7264602,,,-7264602,제 62 기 1분기,8,11013,fnlttSinglAcntAll,34800707,34800707,제 63 기 1분기
nongshim,Nongshim,00108241,004370,KRW,Q1_2026,2026,11013,First-quarter report,20260515000865,CIS,포괄손익계산서,ifrs-full_ComprehensiveIncomeAttributableToOwnersOfParent,지배기업 소유주지분,-,,,2026,KRW,53220527445,,,53220527445,제 62 기 1분기,9,11013,fnlttSinglAcntAll,126722333025,126722333025,제 63 기 1분기
nongshim,Nongshim,00108241,004370,KRW,Q1_2026,2026,11013,First-quarter report,20260515000865,CIS,포괄손익계산서,ifrs-full_OtherComprehensiveIncome,기타포괄손익,-,,,2026,KRW,1054330033,,,1054330033,제 62 기 1분기,10,11013,fnlttSinglAcntAll,66080766479,66080766479,제 63 기 1분기
nongshim,Nongshim,00108241,004370,KRW,Q1_2026,2026,11013,First-quarter report,20260515000865,CIS,포괄손익계산서,ifrs-full_GainsLossesOnExchangeDifferencesOnTranslationNetOfTax,해외사업장환산외환차이,-,,,2026,KRW,915073799,,,915073799,제 62 기 1분기,12,11013,fnlttSinglAcntAll,66431353554,66431353554,제 63 기 1분기
nongshim,Nongshim,00108241,004370,KRW,Q1_2026,2026,11013,First-quarter report,20260515000865,CIS,포괄손익계산서,ifrs-full_GainsLossesOnFinancialAssetsMeasuredAtFairValueThroughOtherComprehensiveIncomeNetOfTax,기타포괄손익-공정가치 측정 금융자산 평가손익,-,,,2026,KRW,54877170,,,54877170,제 62 기 1분기,13,11013,fnlttSinglAcntAll,25385990,25385990,제 63 기 1분기
nongshim,Nongshim,00108241,004370,KRW,Q1_2026,2026,11013,First-quarter report,20260515000865,CIS,포괄손익계산서,ifrs-full_OtherComprehensiveIncomeNetOfTaxGainsLossesFromInvestmentsInEquityInstruments,기타포괄손익-공정가치 측정 금융자산 평가손익,-,,,2026,KRW,84379064,,,84379064,제 62 기 1분기,15,11013,fnlttSinglAcntAll,-375973065,-375973065,제 63 기 1분기
nongshim,Nongshim,00108241,004370,KRW,Q1_2026,2026,11013,First-quarter report,20260515000865,CIS,포괄손익계산서,ifrs-full_ProfitLoss,분기순이익(손실),-,,,2026,KRW,52158932810,,,52158932810,제 62 기 1분기,16,11013,fnlttSinglAcntAll,60676367253,60676367253,제 63 기 1분기
nongshim,Nongshim,00108241,004370,KRW,Q1_2026,2026,11013,First-quarter report,20260515000865,CF,현금흐름표,dart_CashAndCashEquivalentsAtBeginningOfPeriodCf,기초의 현금및현금성자산,-,,,2026,KRW,,,,140894116584,제 62 기 1분기,2,11013,fnlttSinglAcntAll,,253539960716,제 63 기 1분기
nongshim,Nongshim,00108241,004370,KRW,Q1_2026,2026,11013,First-quarter report,20260515000865,CF,현금흐름표,dart_CashAndCashEquivalentsAtEndOfPeriodCf,분기말의 현금및현금성자산,-,,,2026,KRW,,,,190713185321,제 62 기 1분기,3,11013,fnlttSinglAcntAll,,260258189772,제 63 기 1분기
nongshim,Nongshim,00108241,004370,KRW,Q1_2026,2026,11013,First-quarter report,20260515000865,CF,현금흐름표,ifrs-full_CashFlowsFromUsedInFinancingActivities,재무활동으로 인한 현금흐름,-,,,2026,KRW,,,,-3343054837,제 62 기 1분기,8,11013,fnlttSinglAcntAll,,-19160880431,제 63 기 1분기
nongshim,Nongshim,00108241,004370,KRW,Q1_2026,2026,11013,First-quarter report,20260515000865,CF,현금흐름표,dart_DecreaseInGuaranteeDepositsAsFinancialActivities,임대보증금의 감소,-,,,2026,KRW,,,,194999908,제 62 기 1분기,9,11013,fnlttSinglAcntAll,,229246000,제 63 기 1분기
nongshim,Nongshim,00108241,004370,KRW,Q1_2026,2026,11013,First-quarter report,20260515000865,CF,현금흐름표,dart_IncreaseInGuaranteeDepositsAsFinancialActivities,임대보증금의 증가,-,,,2026,KRW,,,,221053000,제 62 기 1분기,10,11013,fnlttSinglAcntAll,,403267000,제 63 기 1분기
nongshim,Nongshim,00108241,004370,KRW,Q1_2026,2026,11013,First-quarter report,20260515000865,CF,현금흐름표,-표준계정코드 미사용-,재무활동으로 인한 현금유입액,-,,,2026,KRW,,,,20221053000,제 62 기 1분기,11,11013,fnlttSinglAcntAll,,403267000,제 63 기 1분기
nongshim,Nongshim,00108241,004370,KRW,Q1_2026,2026,11013,First-quarter report,20260515000865,CF,현금흐름표,-표준계정코드 미사용-,재무활동으로 인한 현금유출액,-,,,2026,KRW,,,,-23564107837,제 62 기 1분기,12,11013,fnlttSinglAcntAll,,-19564147431,제 63 기 1분기
nongshim,Nongshim,00108241,004370,KRW,Q1_2026,2026,11013,First-quarter report,20260515000865,CF,현금흐름표,ifrs-full_PaymentsOfLeaseLiabilitiesClassifiedAsFinancingActivities,리스부채의 지급,-,,,2026,KRW,,,,3145877579,제 62 기 1분기,13,11013,fnlttSinglAcntAll,,2588983515,제 63 기 1분기
nongshim,Nongshim,00108241,004370,KRW,Q1_2026,2026,11013,First-quarter report,20260515000865,CF,현금흐름표,ifrs-full_ProceedsFromBorrowingsClassifiedAsFinancingActivities,차입금의 증가,-,,,2026,KRW,,,,20000000000,제 62 기 1분기,14,11013,fnlttSinglAcntAll,,0,제 63 기 1분기
nongshim,Nongshim,00108241,004370,KRW,Q1_2026,2026,11013,First-quarter report,20260515000865,CF,현금흐름표,ifrs-full_RepaymentsOfBorrowingsClassifiedAsFinancingActivities,차입금의 상환,-,,,2026,KRW,,,,20223230350,제 62 기 1분기,15,11013,fnlttSinglAcntAll,,16745917916,제 63 기 1분기
nongshim,Nongshim,00108241,004370,KRW,Q1_2026,2026,11013,First-quarter report,20260515000865,CF,현금흐름표,ifrs-full_CashFlowsFromUsedInInvestingActivities,투자활동으로 인한 현금흐름,-,,,2026,KRW,,,,-21683937166,제 62 기 1분기,16,11013,fnlttSinglAcntAll,,-113502610458,제 63 기 1분기
nongshim,Nongshim,00108241,004370,KRW,Q1_2026,2026,11013,First-quarter report,20260515000865,CF,현금흐름표,dart_ProceedsFromSalesOfFinancialInstruments,장단기금융상품의 감소,-,,,2026,KRW,,,,95187444883,제 62 기 1분기,17,11013,fnlttSinglAcntAll,,132537500000,제 63 기 1분기
nongshim,Nongshim,00108241,004370,KRW,Q1_2026,2026,11013,First-quarter report,20260515000865,CF,현금흐름표,dart_ProceedsFromSalesOfLoansAndReceivables,기타채권의 감소,-,,,2026,KRW,,,,639542504,제 62 기 1분기,18,11013,fnlttSinglAcntAll,,369046376,제 63 기 1분기
nongshim,Nongshim,00108241,004370,KRW,Q1_2026,2026,11013,First-quarter report,20260515000865,CF,현금흐름표,dart_ProceedsFromSalesOfOtherFinancialAssets,기타금융자산의 처분,-,,,2026,KRW,,,,735719122752,제 62 기 1분기,19,11013,fnlttSinglAcntAll,,901401667935,제 63 기 1분기
nongshim,Nongshim,00108241,004370,KRW,Q1_2026,2026,11013,First-quarter report,20260515000865,CF,현금흐름표,dart_PurchaseOfFinancialInstruments,장단기금융상품의 증가,-,,,2026,KRW,,,,69475572136,제 62 기 1분기,20,11013,fnlttSinglAcntAll,,164459980000,제 63 기 1분기
nongshim,Nongshim,00108241,004370,KRW,Q1_2026,2026,11013,First-quarter report,20260515000865,CF,현금흐름표,dart_PurchaseOfLoansAndReceivables,기타채권의 증가,-,,,2026,KRW,,,,175105954,제 62 기 1분기,21,11013,fnlttSinglAcntAll,,285231528,제 63 기 1분기
nongshim,Nongshim,00108241,004370,KRW,Q1_2026,2026,11013,First-quarter report,20260515000865,CF,현금흐름표,dart_PurchaseOfOtherFinancialAssets,기타금융자산의 취득,-,,,2026,KRW,,,,782181456121,제 62 기 1분기,22,11013,fnlttSinglAcntAll,,936442302173,제 63 기 1분기
nongshim,Nongshim,00108241,004370,KRW,Q1_2026,2026,11013,First-quarter report,20260515000865,CF,현금흐름표,-표준계정코드 미사용-,투자활동으로 인한 현금유입액,-,,,2026,KRW,,,,835229779866,제 62 기 1분기,23,11013,fnlttSinglAcntAll,,1043214106891,제 63 기 1분기
nongshim,Nongshim,00108241,004370,KRW,Q1_2026,2026,11013,First-quarter report,20260515000865,CF,현금흐름표,-표준계정코드 미사용-,투자활동으로 인한 현금유출액,-,,,2026,KRW,,,,-856913717032,제 62 기 1분기,24,11013,fnlttSinglAcntAll,,-1156716717349,제 63 기 1분기
nongshim,Nongshim,00108241,004370,KRW,Q1_2026,2026,11013,First-quarter report,20260515000865,CF,현금흐름표,ifrs-full_ProceedsFromGovernmentGrantsClassifiedAsInvestingActivities,정부보조금의 수령,-,,,2026,KRW,,,,0,제 62 기 1분기,25,11013,fnlttSinglAcntAll,,8878133500,제 63 기 1분기
nongshim,Nongshim,00108241,004370,KRW,Q1_2026,2026,11013,First-quarter report,20260515000865,CF,현금흐름표,ifrs-full_ProceedsFromSalesOfIntangibleAssetsClassifiedAsInvestingActivities,무형자산의 처분,-,,,2026,KRW,,,,3620000000,제 62 기 1분기,26,11013,fnlttSinglAcntAll,,0,제 63 기 1분기
nongshim,Nongshim,00108241,004370,KRW,Q1_2026,2026,11013,First-quarter report,20260515000865,CF,현금흐름표,ifrs-full_ProceedsFromSalesOfPropertyPlantAndEquipmentClassifiedAsInvestingActivities,유형자산의 처분,-,,,2026,KRW,,,,63669727,제 62 기 1분기,27,11013,fnlttSinglAcntAll,,27759080,제 63 기 1분기
nongshim,Nongshim,00108241,004370,KRW,Q1_2026,2026,11013,First-quarter report,20260515000865,CF,현금흐름표,ifrs-full_PurchaseOfIntangibleAssetsClassifiedAsInvestingActivities,무형자산의 취득,-,,,2026,KRW,,,,39400659,제 62 기 1분기,28,11013,fnlttSinglAcntAll,,57121973,제 63 기 1분기
nongshim,Nongshim,00108241,004370,KRW,Q1_2026,2026,11013,First-quarter report,20260515000865,CF,현금흐름표,ifrs-full_PurchaseOfInvestmentProperty,투자부동산의 취득,-,,,2026,KRW,,,,18000000,제 62 기 1분기,29,11013,fnlttSinglAcntAll,,55260000,제 63 기 1분기
nongshim,Nongshim,00108241,004370,KRW,Q1_2026,2026,11013,First-quarter report,20260515000865,CF,현금흐름표,ifrs-full_PurchaseOfPropertyPlantAndEquipmentClassifiedAsInvestingActivities,유형자산의 취득,-,,,2026,KRW,,,,5024182162,제 62 기 1분기,30,11013,fnlttSinglAcntAll,,55416821675,제 63 기 1분기
nongshim,Nongshim,00108241,004370,KRW,Q1_2026,2026,11013,First-quarter report,20260515000865,CF,현금흐름표,ifrs-full_CashFlowsFromUsedInOperatingActivities,영업활동으로 인한 현금흐름,-,,,2026,KRW,,,,74163056542,제 62 기 1분기,31,11013,fnlttSinglAcntAll,,127930004595,제 63 기 1분기
nongshim,Nongshim,00108241,004370,KRW,Q1_2026,2026,11013,First-quarter report,20260515000865,CF,현금흐름표,dart_AdjustmentsForAssetsLiabilitiesOfOperatingActivities,운전자본의 조정,-,,,2026,KRW,,,,-22319932862,제 62 기 1분기,32,11013,fnlttSinglAcntAll,,21357691395,제 63 기 1분기
nongshim,Nongshim,00108241,004370,KRW,Q1_2026,2026,11013,First-quarter report,20260515000865,CF,현금흐름표,ifrs-full_AdjustmentsForReconcileProfitLoss,비현금항목의 조정,-,,,2026,KRW,,,,51252168136,제 62 기 1분기,33,11013,fnlttSinglAcntAll,,53942752916,제 63 기 1분기
nongshim,Nongshim,00108241,004370,KRW,Q1_2026,2026,11013,First-quarter report,20260515000865,CF,현금흐름표,ifrs-full_IncomeTaxesPaidRefundClassifiedAsOperatingActivities,법인세의 납부,-,,,2026,KRW,,,,11103694670,제 62 기 1분기,34,11013,fnlttSinglAcntAll,,11721442439,제 63 기 1분기
nongshim,Nongshim,00108241,004370,KRW,Q1_2026,2026,11013,First-quarter report,20260515000865,CF,현금흐름표,ifrs-full_InterestPaidClassifiedAsOperatingActivities,이자의 지급,-,,,2026,KRW,,,,843442752,제 62 기 1분기,35,11013,fnlttSinglAcntAll,,675595044,제 63 기 1분기
nongshim,Nongshim,00108241,004370,KRW,Q1_2026,2026,11013,First-quarter report,20260515000865,CF,현금흐름표,ifrs-full_InterestReceivedClassifiedAsOperatingActivities,이자의 수취,-,,,2026,KRW,,,,5019025880,제 62 기 1분기,36,11013,fnlttSinglAcntAll,,4350230514,제 63 기 1분기
nongshim,Nongshim,00108241,004370,KRW,Q1_2026,2026,11013,First-quarter report,20260515000865,CF,현금흐름표,ifrs-full_ProfitLoss,분기순이익(손실),-,,,2026,KRW,,,,52158932810,제 62 기 1분기,37,11013,fnlttSinglAcntAll,,60676367253,제 63 기 1분기
nongshim,Nongshim,00108241,004370,KRW,Q1_2026,2026,11013,First-quarter report,20260515000865,CF,현금흐름표,ifrs-full_EffectOfExchangeRateChangesOnCashAndCashEquivalents,외화표시현금의 환율변동효과,-,,,2026,KRW,,,,683004198,제 62 기 1분기,38,11013,fnlttSinglAcntAll,,11451715350,제 63 기 1분기
nongshim,Nongshim,00108241,004370,KRW,Q1_2026,2026,11013,First-quarter report,20260515000865,CF,현금흐름표,ifrs-full_IncreaseDecreaseInCashAndCashEquivalents,현금및현금성자산의 증감,-,,,2026,KRW,,,,49819068737,제 62 기 1분기,39,11013,fnlttSinglAcntAll,,6718229056,제 63 기 1분기
nongshim,Nongshim,00108241,004370,KRW,Q1_2026,2026,11013,First-quarter report,20260515000865,SCE,자본변동표,dart_ChangesInForeignExchangeRates,해외사업장환산외환차이,자본 [구성요소]|지배기업의 소유주에게 귀속되는 지분 [구성요소]|기타자본항목,,,2026,KRW,,,,915073799,제 62 기 1분기,3,11013,fnlttSinglAcntAll,,66431353554,제 63 기 1분기
nongshim,Nongshim,00108241,004370,KRW,Q1_2026,2026,11013,First-quarter report,20260515000865,SCE,자본변동표,dart_ChangesInForeignExchangeRates,해외사업장환산외환차이,자본 [구성요소]|지배기업의 소유주에게 귀속되는 지분 [구성요소]|이익잉여금 [구성요소],,,2026,KRW,,,,0,제 62 기 1분기,3,11013,fnlttSinglAcntAll,,0,제 63 기 1분기
nongshim,Nongshim,00108241,004370,KRW,Q1_2026,2026,11013,First-quarter report,20260515000865,SCE,자본변동표,dart_ChangesInForeignExchangeRates,해외사업장환산외환차이,자본 [구성요소]|지배기업의 소유주에게 귀속되는 지분 [구성요소]|자본금 [구성요소],,,2026,KRW,,,,0,제 62 기 1분기,3,11013,fnlttSinglAcntAll,,0,제 63 기 1분기
nongshim,Nongshim,00108241,004370,KRW,Q1_2026,2026,11013,First-quarter report,20260515000865,SCE,자본변동표,dart_ChangesInForeignExchangeRates,해외사업장환산외환차이,자본 [구성요소]|지배기업의 소유주에게 귀속되는 지분 [구성요소],,,2026,KRW,,,,915073799,제 62 기 1분기,3,11013,fnlttSinglAcntAll,,66431353554,제 63 기 1분기
nongshim,Nongshim,00108241,004370,KRW,Q1_2026,2026,11013,First-quarter report,20260515000865,SCE,자본변동표,dart_ChangesInForeignExchangeRates,해외사업장환산외환차이,자본 [구성요소]|비지배지분 [구성요소],,,2026,KRW,,,,0,제 62 기 1분기,3,11013,fnlttSinglAcntAll,,0,제 63 기 1분기
nongshim,Nongshim,00108241,004370,KRW,Q1_2026,2026,11013,First-quarter report,20260515000865,SCE,자본변동표,dart_ChangesInForeignExchangeRates,해외사업장환산외환차이,연결재무제표 [member],,,2026,KRW,,,,915073799,제 62 기 1분기,3,11013,fnlttSinglAcntAll,,66431353554,제 63 기 1분기
nongshim,Nongshim,00108241,004370,KRW,Q1_2026,2026,11013,First-quarter report,20260515000865,SCE,자본변동표,dart_ChangesInForeignExchangeRates,해외사업장환산외환차이,자본 [구성요소]|지배기업의 소유주에게 귀속되는 지분 [구성요소]|주식발행초과금,,,2026,KRW,,,,0,제 62 기 1분기,3,11013,fnlttSinglAcntAll,,0,제 63 기 1분기
nongshim,Nongshim,00108241,004370,KRW,Q1_2026,2026,11013,First-quarter report,20260515000865,SCE,자본변동표,dart_ChangesInReserveOfGainsAndLossesOnFinancialAssetsMeasuredAtFairValueThroughOtherComprehensiveIncome,기타포괄손익-공정가치 측정 금융자산 평가손익,자본 [구성요소]|지배기업의 소유주에게 귀속되는 지분 [구성요소],,,2026,KRW,,,,139256234,제 62 기 1분기,4,11013,fnlttSinglAcntAll,,-350587075,제 63 기 1분기
nongshim,Nongshim,00108241,004370,KRW,Q1_2026,2026,11013,First-quarter report,20260515000865,SCE,자본변동표,dart_ChangesInReserveOfGainsAndLossesOnFinancialAssetsMeasuredAtFairValueThroughOtherComprehensiveIncome,기타포괄손익-공정가치 측정 금융자산 평가손익,자본 [구성요소]|비지배지분 [구성요소],,,2026,KRW,,,,0,제 62 기 1분기,4,11013,fnlttSinglAcntAll,,0,제 63 기 1분기
nongshim,Nongshim,00108241,004370,KRW,Q1_2026,2026,11013,First-quarter report,20260515000865,SCE,자본변동표,dart_ChangesInReserveOfGainsAndLossesOnFinancialAssetsMeasuredAtFairValueThroughOtherComprehensiveIncome,기타포괄손익-공정가치 측정 금융자산 평가손익,연결재무제표 [member],,,2026,KRW,,,,139256234,제 62 기 1분기,4,11013,fnlttSinglAcntAll,,-350587075,제 63 기 1분기
nongshim,Nongshim,00108241,004370,KRW,Q1_2026,2026,11013,First-quarter report,20260515000865,SCE,자본변동표,dart_ChangesInReserveOfGainsAndLossesOnFinancialAssetsMeasuredAtFairValueThroughOtherComprehensiveIncome,기타포괄손익-공정가치 측정 금융자산 평가손익,자본 [구성요소]|지배기업의 소유주에게 귀속되는 지분 [구성요소]|기타자본항목,,,2026,KRW,,,,139256234,제 62 기 1분기,4,11013,fnlttSinglAcntAll,,-350587075,제 63 기 1분기
nongshim,Nongshim,00108241,004370,KRW,Q1_2026,2026,11013,First-quarter report,20260515000865,SCE,자본변동표,dart_ChangesInReserveOfGainsAndLossesOnFinancialAssetsMeasuredAtFairValueThroughOtherComprehensiveIncome,기타포괄손익-공정가치 측정 금융자산 평가손익,자본 [구성요소]|지배기업의 소유주에게 귀속되는 지분 [구성요소]|주식발행초과금,,,2026,KRW,,,,0,제 62 기 1분기,4,11013,fnlttSinglAcntAll,,0,제 63 기 1분기
nongshim,Nongshim,00108241,004370,KRW,Q1_2026,2026,11013,First-quarter report,20260515000865,SCE,자본변동표,dart_ChangesInReserveOfGainsAndLossesOnFinancialAssetsMeasuredAtFairValueThroughOtherComprehensiveIncome,기타포괄손익-공정가치 측정 금융자산 평가손익,자본 [구성요소]|지배기업의 소유주에게 귀속되는 지분 [구성요소]|자본금 [구성요소],,,2026,KRW,,,,0,제 62 기 1분기,4,11013,fnlttSinglAcntAll,,0,제 63 기 1분기
nongshim,Nongshim,00108241,004370,KRW,Q1_2026,2026,11013,First-quarter report,20260515000865,SCE,자본변동표,dart_ChangesInReserveOfGainsAndLossesOnFinancialAssetsMeasuredAtFairValueThroughOtherComprehensiveIncome,기타포괄손익-공정가치 측정 금융자산 평가손익,자본 [구성요소]|지배기업의 소유주에게 귀속되는 지분 [구성요소]|이익잉여금 [구성요소],,,2026,KRW,,,,0,제 62 기 1분기,4,11013,fnlttSinglAcntAll,,0,제 63 기 1분기
nongshim,Nongshim,00108241,004370,KRW,Q1_2026,2026,11013,First-quarter report,20260515000865,SCE,자본변동표,dart_EquityAtBeginningOfPeriod,기초자본,연결재무제표 [member],,,2026,KRW,,,,2672575129457,제 62 기 1분기,5,11013,fnlttSinglAcntAll,,2831185859403,제 63 기 1분기
nongshim,Nongshim,00108241,004370,KRW,Q1_2026,2026,11013,First-quarter report,20260515000865,SCE,자본변동표,dart_EquityAtBeginningOfPeriod,기초자본,자본 [구성요소]|비지배지분 [구성요소],,,2026,KRW,,,,559925952,제 62 기 1분기,5,11013,fnlttSinglAcntAll,,481401715,제 63 기 1분기
nongshim,Nongshim,00108241,004370,KRW,Q1_2026,2026,11013,First-quarter report,20260515000865,SCE,자본변동표,dart_EquityAtBeginningOfPeriod,기초자본,자본 [구성요소]|지배기업의 소유주에게 귀속되는 지분 [구성요소],,,2026,KRW,,,,2672015203505,제 62 기 1분기,5,11013,fnlttSinglAcntAll,,2830704457688,제 63 기 1분기
nongshim,Nongshim,00108241,004370,KRW,Q1_2026,2026,11013,First-quarter report,20260515000865,SCE,자본변동표,dart_EquityAtBeginningOfPeriod,기초자본,자본 [구성요소]|지배기업의 소유주에게 귀속되는 지분 [구성요소]|자본금 [구성요소],,,2026,KRW,,,,30413210000,제 62 기 1분기,5,11013,fnlttSinglAcntAll,,30413210000,제 63 기 1분기
nongshim,Nongshim,00108241,004370,KRW,Q1_2026,2026,11013,First-quarter report,20260515000865,SCE,자본변동표,dart_EquityAtBeginningOfPeriod,기초자본,자본 [구성요소]|지배기업의 소유주에게 귀속되는 지분 [구성요소]|이익잉여금 [구성요소],,,2026,KRW,,,,2437443898464,제 62 기 1분기,5,11013,fnlttSinglAcntAll,,2578245603707,제 63 기 1분기
nongshim,Nongshim,00108241,004370,KRW,Q1_2026,2026,11013,First-quarter report,20260515000865,SCE,자본변동표,dart_EquityAtBeginningOfPeriod,기초자본,자본 [구성요소]|지배기업의 소유주에게 귀속되는 지분 [구성요소]|기타자본항목,,,2026,KRW,,,,80437240732,제 62 기 1분기,5,11013,fnlttSinglAcntAll,,98324789672,제 63 기 1분기
nongshim,Nongshim,00108241,004370,KRW,Q1_2026,2026,11013,First-quarter report,20260515000865,SCE,자본변동표,dart_EquityAtBeginningOfPeriod,기초자본,자본 [구성요소]|지배기업의 소유주에게 귀속되는 지분 [구성요소]|주식발행초과금,,,2026,KRW,,,,123720854309,제 62 기 1분기,5,11013,fnlttSinglAcntAll,,123720854309,제 63 기 1분기
nongshim,Nongshim,00108241,004370,KRW,Q1_2026,2026,11013,First-quarter report,20260515000865,SCE,자본변동표,dart_OtherComprehensiveIncomeNetOfTaxDisposalOfFinancialAssetsMeasuredAtFairValueThroughOtherComprehensiveIncome,기타포괄손익-공정가치 측정 금융자산 처분,자본 [구성요소]|지배기업의 소유주에게 귀속되는 지분 [구성요소]|자본금 [구성요소],,,2026,KRW,,,,0,제 62 기 1분기,6,11013,fnlttSinglAcntAll,,0,제 63 기 1분기
nongshim,Nongshim,00108241,004370,KRW,Q1_2026,2026,11013,First-quarter report,20260515000865,SCE,자본변동표,dart_OtherComprehensiveIncomeNetOfTaxDisposalOfFinancialAssetsMeasuredAtFairValueThroughOtherComprehensiveIncome,기타포괄손익-공정가치 측정 금융자산 처분,자본 [구성요소]|지배기업의 소유주에게 귀속되는 지분 [구성요소]|이익잉여금 [구성요소],,,2026,KRW,,,,-257284712,제 62 기 1분기,6,11013,fnlttSinglAcntAll,,0,제 63 기 1분기
nongshim,Nongshim,00108241,004370,KRW,Q1_2026,2026,11013,First-quarter report,20260515000865,SCE,자본변동표,dart_OtherComprehensiveIncomeNetOfTaxDisposalOfFinancialAssetsMeasuredAtFairValueThroughOtherComprehensiveIncome,기타포괄손익-공정가치 측정 금융자산 처분,자본 [구성요소]|지배기업의 소유주에게 귀속되는 지분 [구성요소]|기타자본항목,,,2026,KRW,,,,257284712,제 62 기 1분기,6,11013,fnlttSinglAcntAll,,0,제 63 기 1분기
nongshim,Nongshim,00108241,004370,KRW,Q1_2026,2026,11013,First-quarter report,20260515000865,SCE,자본변동표,dart_OtherComprehensiveIncomeNetOfTaxDisposalOfFinancialAssetsMeasuredAtFairValueThroughOtherComprehensiveIncome,기타포괄손익-공정가치 측정 금융자산 처분,자본 [구성요소]|지배기업의 소유주에게 귀속되는 지분 [구성요소],,,2026,KRW,,,,0,제 62 기 1분기,6,11013,fnlttSinglAcntAll,,0,제 63 기 1분기
nongshim,Nongshim,00108241,004370,KRW,Q1_2026,2026,11013,First-quarter report,20260515000865,SCE,자본변동표,dart_OtherComprehensiveIncomeNetOfTaxDisposalOfFinancialAssetsMeasuredAtFairValueThroughOtherComprehensiveIncome,기타포괄손익-공정가치 측정 금융자산 처분,자본 [구성요소]|비지배지분 [구성요소],,,2026,KRW,,,,0,제 62 기 1분기,6,11013,fnlttSinglAcntAll,,0,제 63 기 1분기
nongshim,Nongshim,00108241,004370,KRW,Q1_2026,2026,11013,First-quarter report,20260515000865,SCE,자본변동표,dart_OtherComprehensiveIncomeNetOfTaxDisposalOfFinancialAssetsMeasuredAtFairValueThroughOtherComprehensiveIncome,기타포괄손익-공정가치 측정 금융자산 처분,연결재무제표 [member],,,2026,KRW,,,,0,제 62 기 1분기,6,11013,fnlttSinglAcntAll,,0,제 63 기 1분기
nongshim,Nongshim,00108241,004370,KRW,Q1_2026,2026,11013,First-quarter report,20260515000865,SCE,자본변동표,dart_OtherComprehensiveIncomeNetOfTaxDisposalOfFinancialAssetsMeasuredAtFairValueThroughOtherComprehensiveIncome,기타포괄손익-공정가치 측정 금융자산 처분,자본 [구성요소]|지배기업의 소유주에게 귀속되는 지분 [구성요소]|주식발행초과금,,,2026,KRW,,,,0,제 62 기 1분기,6,11013,fnlttSinglAcntAll,,0,제 63 기 1분기
nongshim,Nongshim,00108241,004370,KRW,Q1_2026,2026,11013,First-quarter report,20260515000865,SCE,자본변동표,ifrs-full_ComprehensiveIncome,분기총포괄손익,자본 [구성요소]|지배기업의 소유주에게 귀속되는 지분 [구성요소]|자본금 [구성요소],,,2026,KRW,,,,0,제 62 기 1분기,7,11013,fnlttSinglAcntAll,,0,제 63 기 1분기
nongshim,Nongshim,00108241,004370,KRW,Q1_2026,2026,11013,First-quarter report,20260515000865,SCE,자본변동표,ifrs-full_ComprehensiveIncome,분기총포괄손익,자본 [구성요소]|지배기업의 소유주에게 귀속되는 지분 [구성요소]|이익잉여금 [구성요소],,,2026,KRW,,,,51908912700,제 62 기 1분기,7,11013,fnlttSinglAcntAll,,60641566546,제 63 기 1분기
nongshim,Nongshim,00108241,004370,KRW,Q1_2026,2026,11013,First-quarter report,20260515000865,SCE,자본변동표,ifrs-full_ComprehensiveIncome,분기총포괄손익,자본 [구성요소]|지배기업의 소유주에게 귀속되는 지분 [구성요소]|기타자본항목,,,2026,KRW,,,,1311614745,제 62 기 1분기,7,11013,fnlttSinglAcntAll,,66080766479,제 63 기 1분기
nongshim,Nongshim,00108241,004370,KRW,Q1_2026,2026,11013,First-quarter report,20260515000865,SCE,자본변동표,ifrs-full_ComprehensiveIncome,분기총포괄손익,자본 [구성요소]|지배기업의 소유주에게 귀속되는 지분 [구성요소],,,2026,KRW,,,,53220527445,제 62 기 1분기,7,11013,fnlttSinglAcntAll,,126722333025,제 63 기 1분기
nongshim,Nongshim,00108241,004370,KRW,Q1_2026,2026,11013,First-quarter report,20260515000865,SCE,자본변동표,ifrs-full_ComprehensiveIncome,분기총포괄손익,자본 [구성요소]|비지배지분 [구성요소],,,2026,KRW,,,,-7264602,제 62 기 1분기,7,11013,fnlttSinglAcntAll,,34800707,제 63 기 1분기
nongshim,Nongshim,00108241,004370,KRW,Q1_2026,2026,11013,First-quarter report,20260515000865,SCE,자본변동표,ifrs-full_ComprehensiveIncome,분기총포괄손익,연결재무제표 [member],,,2026,KRW,,,,53213262843,제 62 기 1분기,7,11013,fnlttSinglAcntAll,,126757133732,제 63 기 1분기
nongshim,Nongshim,00108241,004370,KRW,Q1_2026,2026,11013,First-quarter report,20260515000865,SCE,자본변동표,ifrs-full_ComprehensiveIncome,분기총포괄손익,자본 [구성요소]|지배기업의 소유주에게 귀속되는 지분 [구성요소]|주식발행초과금,,,2026,KRW,,,,0,제 62 기 1분기,7,11013,fnlttSinglAcntAll,,0,제 63 기 1분기
nongshim,Nongshim,00108241,004370,KRW,Q1_2026,2026,11013,First-quarter report,20260515000865,SCE,자본변동표,ifrs-full_DividendsPaid,연차배당,자본 [구성요소]|지배기업의 소유주에게 귀속되는 지분 [구성요소]|자본금 [구성요소],,,2026,KRW,,,,0,제 62 기 1분기,8,11013,fnlttSinglAcntAll,,0,제 63 기 1분기
nongshim,Nongshim,00108241,004370,KRW,Q1_2026,2026,11013,First-quarter report,20260515000865,SCE,자본변동표,ifrs-full_DividendsPaid,연차배당,자본 [구성요소]|지배기업의 소유주에게 귀속되는 지분 [구성요소]|이익잉여금 [구성요소],,,2026,KRW,,,,-28913110000,제 62 기 1분기,8,11013,fnlttSinglAcntAll,,-35005128000,제 63 기 1분기
nongshim,Nongshim,00108241,004370,KRW,Q1_2026,2026,11013,First-quarter report,20260515000865,SCE,자본변동표,ifrs-full_DividendsPaid,연차배당,자본 [구성요소]|지배기업의 소유주에게 귀속되는 지분 [구성요소]|기타자본항목,,,2026,KRW,,,,0,제 62 기 1분기,8,11013,fnlttSinglAcntAll,,0,제 63 기 1분기
nongshim,Nongshim,00108241,004370,KRW,Q1_2026,2026,11013,First-quarter report,20260515000865,SCE,자본변동표,ifrs-full_DividendsPaid,연차배당,자본 [구성요소]|지배기업의 소유주에게 귀속되는 지분 [구성요소],,,2026,KRW,,,,-28913110000,제 62 기 1분기,8,11013,fnlttSinglAcntAll,,-35005128000,제 63 기 1분기
nongshim,Nongshim,00108241,004370,KRW,Q1_2026,2026,11013,First-quarter report,20260515000865,SCE,자본변동표,ifrs-full_DividendsPaid,연차배당,자본 [구성요소]|비지배지분 [구성요소],,,2026,KRW,,,,0,제 62 기 1분기,8,11013,fnlttSinglAcntAll,,0,제 63 기 1분기
nongshim,Nongshim,00108241,004370,KRW,Q1_2026,2026,11013,First-quarter report,20260515000865,SCE,자본변동표,ifrs-full_DividendsPaid,연차배당,연결재무제표 [member],,,2026,KRW,,,,-28913110000,제 62 기 1분기,8,11013,fnlttSinglAcntAll,,-35005128000,제 63 기 1분기
nongshim,Nongshim,00108241,004370,KRW,Q1_2026,2026,11013,First-quarter report,20260515000865,SCE,자본변동표,ifrs-full_DividendsPaid,연차배당,자본 [구성요소]|지배기업의 소유주에게 귀속되는 지분 [구성요소]|주식발행초과금,,,2026,KRW,,,,0,제 62 기 1분기,8,11013,fnlttSinglAcntAll,,0,제 63 기 1분기
nongshim,Nongshim,00108241,004370,KRW,Q1_2026,2026,11013,First-quarter report,20260515000865,SCE,자본변동표,ifrs-full_Equity,자본총계,연결재무제표 [member],,,2026,KRW,,2831185859403,,2696875282300,제 62 기 1분기,9,11013,fnlttSinglAcntAll,,2922937865135,제 63 기 1분기
nongshim,Nongshim,00108241,004370,KRW,Q1_2026,2026,11013,First-quarter report,20260515000865,SCE,자본변동표,ifrs-full_Equity,자본총계,자본 [구성요소]|비지배지분 [구성요소],,,2026,KRW,,,,552661350,제 62 기 1분기,9,11013,fnlttSinglAcntAll,,516202422,제 63 기 1분기
nongshim,Nongshim,00108241,004370,KRW,Q1_2026,2026,11013,First-quarter report,20260515000865,SCE,자본변동표,ifrs-full_Equity,자본총계,자본 [구성요소]|지배기업의 소유주에게 귀속되는 지분 [구성요소],,,2026,KRW,,,,2696322620950,제 62 기 1분기,9,11013,fnlttSinglAcntAll,,2922421662713,제 63 기 1분기
nongshim,Nongshim,00108241,004370,KRW,Q1_2026,2026,11013,First-quarter report,20260515000865,SCE,자본변동표,ifrs-full_Equity,자본총계,자본 [구성요소]|지배기업의 소유주에게 귀속되는 지분 [구성요소]|기타자본항목,,,2026,KRW,,,,81748855477,제 62 기 1분기,9,11013,fnlttSinglAcntAll,,164405556151,제 63 기 1분기
nongshim,Nongshim,00108241,004370,KRW,Q1_2026,2026,11013,First-quarter report,20260515000865,SCE,자본변동표,ifrs-full_Equity,자본총계,자본 [구성요소]|지배기업의 소유주에게 귀속되는 지분 [구성요소]|이익잉여금 [구성요소],,,2026,KRW,,,,2460439701164,제 62 기 1분기,9,11013,fnlttSinglAcntAll,,2603882042253,제 63 기 1분기
nongshim,Nongshim,00108241,004370,KRW,Q1_2026,2026,11013,First-quarter report,20260515000865,SCE,자본변동표,ifrs-full_Equity,자본총계,자본 [구성요소]|지배기업의 소유주에게 귀속되는 지분 [구성요소]|자본금 [구성요소],,,2026,KRW,,,,30413210000,제 62 기 1분기,9,11013,fnlttSinglAcntAll,,30413210000,제 63 기 1분기
nongshim,Nongshim,00108241,004370,KRW,Q1_2026,2026,11013,First-quarter report,20260515000865,SCE,자본변동표,ifrs-full_Equity,자본총계,자본 [구성요소]|지배기업의 소유주에게 귀속되는 지분 [구성요소]|주식발행초과금,,,2026,KRW,,,,123720854309,제 62 기 1분기,9,11013,fnlttSinglAcntAll,,123720854309,제 63 기 1분기
nongshim,Nongshim,00108241,004370,KRW,Q1_2026,2026,11013,First-quarter report,20260515000865,SCE,자본변동표,ifrs-full_ProfitLoss,분기순이익(손실),연결재무제표 [member],,,2026,KRW,,,,52158932810,제 62 기 1분기,10,11013,fnlttSinglAcntAll,,60676367253,제 63 기 1분기
nongshim,Nongshim,00108241,004370,KRW,Q1_2026,2026,11013,First-quarter report,20260515000865,SCE,자본변동표,ifrs-full_ProfitLoss,분기순이익(손실),자본 [구성요소]|비지배지분 [구성요소],,,2026,KRW,,,,-7264602,제 62 기 1분기,10,11013,fnlttSinglAcntAll,,34800707,제 63 기 1분기
nongshim,Nongshim,00108241,004370,KRW,Q1_2026,2026,11013,First-quarter report,20260515000865,SCE,자본변동표,ifrs-full_ProfitLoss,분기순이익(손실),자본 [구성요소]|지배기업의 소유주에게 귀속되는 지분 [구성요소],,,2026,KRW,,,,52166197412,제 62 기 1분기,10,11013,fnlttSinglAcntAll,,60641566546,제 63 기 1분기
nongshim,Nongshim,00108241,004370,KRW,Q1_2026,2026,11013,First-quarter report,20260515000865,SCE,자본변동표,ifrs-full_ProfitLoss,분기순이익(손실),자본 [구성요소]|지배기업의 소유주에게 귀속되는 지분 [구성요소]|기타자본항목,,,2026,KRW,,,,0,제 62 기 1분기,10,11013,fnlttSinglAcntAll,,0,제 63 기 1분기
nongshim,Nongshim,00108241,004370,KRW,Q1_2026,2026,11013,First-quarter report,20260515000865,SCE,자본변동표,ifrs-full_ProfitLoss,분기순이익(손실),자본 [구성요소]|지배기업의 소유주에게 귀속되는 지분 [구성요소]|이익잉여금 [구성요소],,,2026,KRW,,,,52166197412,제 62 기 1분기,10,11013,fnlttSinglAcntAll,,60641566546,제 63 기 1분기
nongshim,Nongshim,00108241,004370,KRW,Q1_2026,2026,11013,First-quarter report,20260515000865,SCE,자본변동표,ifrs-full_ProfitLoss,분기순이익(손실),자본 [구성요소]|지배기업의 소유주에게 귀속되는 지분 [구성요소]|자본금 [구성요소],,,2026,KRW,,,,0,제 62 기 1분기,10,11013,fnlttSinglAcntAll,,0,제 63 기 1분기
nongshim,Nongshim,00108241,004370,KRW,Q1_2026,2026,11013,First-quarter report,20260515000865,SCE,자본변동표,ifrs-full_ProfitLoss,분기순이익(손실),자본 [구성요소]|지배기업의 소유주에게 귀속되는 지분 [구성요소]|주식발행초과금,,,2026,KRW,,,,0,제 62 기 1분기,10,11013,fnlttSinglAcntAll,,0,제 63 기 1분기
orion,Orion,01238169,271560,KRW,FY2025,2025,11011,Annual report,20260318001320,BS,재무상태표,ifrs-full_Assets,자산총계,-,3521385127842,제 7 기,2025,KRW,,4308449797008,제 8 기,,,7,11011,fnlttSinglAcntAll,,4598663246300,제 9 기
orion,Orion,01238169,271560,KRW,FY2025,2025,11011,Annual report,20260318001320,BS,재무상태표,ifrs-full_CurrentAssets,유동자산,-,1628205234773,제 7 기,2025,KRW,,1647381241517,제 8 기,,,8,11011,fnlttSinglAcntAll,,1867027464490,제 9 기
orion,Orion,01238169,271560,KRW,FY2025,2025,11011,Annual report,20260318001320,BS,재무상태표,-표준계정코드 미사용-,단기금융예치금,-,730485107614,제 7 기,2025,KRW,,606419818686,제 8 기,,,9,11011,fnlttSinglAcntAll,,986075622834,제 9 기
orion,Orion,01238169,271560,KRW,FY2025,2025,11011,Annual report,20260318001320,BS,재무상태표,ifrs-full_CashAndCashEquivalents,현금및현금성자산,-,365849669841,제 7 기,2025,KRW,,451277283648,제 8 기,,,10,11011,fnlttSinglAcntAll,,311390944459,제 9 기
orion,Orion,01238169,271560,KRW,FY2025,2025,11011,Annual report,20260318001320,BS,재무상태표,ifrs-full_CurrentFinancialAssetsAtFairValueThroughProfitOrLoss,유동 당기손익인식금융자산,-,0,제 7 기,2025,KRW,,5000000000,제 8 기,,,11,11011,fnlttSinglAcntAll,,5000000000,제 9 기
orion,Orion,01238169,271560,KRW,FY2025,2025,11011,Annual report,20260318001320,BS,재무상태표,ifrs-full_CurrentTaxAssets,당기법인세자산,-,326262014,제 7 기,2025,KRW,,760391360,제 8 기,,,12,11011,fnlttSinglAcntAll,,1368742844,제 9 기
orion,Orion,01238169,271560,KRW,FY2025,2025,11011,Annual report,20260318001320,BS,재무상태표,ifrs-full_CurrentTradeReceivables,유동매출채권,-,191028999866,제 7 기,2025,KRW,,177313941701,제 8 기,,,13,11011,fnlttSinglAcntAll,,181999325832,제 9 기
orion,Orion,01238169,271560,KRW,FY2025,2025,11011,Annual report,20260318001320,BS,재무상태표,ifrs-full_Inventories,유동재고자산,-,259736427553,제 7 기,2025,KRW,,316592199403,제 8 기,,,14,11011,fnlttSinglAcntAll,,321414683283,제 9 기
orion,Orion,01238169,271560,KRW,FY2025,2025,11011,Annual report,20260318001320,BS,재무상태표,ifrs-full_OtherCurrentAssets,기타유동자산,-,22932594035,제 7 기,2025,KRW,,25822384214,제 8 기,,,15,11011,fnlttSinglAcntAll,,28585443363,제 9 기
orion,Orion,01238169,271560,KRW,FY2025,2025,11011,Annual report,20260318001320,BS,재무상태표,ifrs-full_OtherCurrentFinancialAssets,기타유동금융자산,-,57846173850,제 7 기,2025,KRW,,64195222505,제 8 기,,,16,11011,fnlttSinglAcntAll,,31192701875,제 9 기
orion,Orion,01238169,271560,KRW,FY2025,2025,11011,Annual report,20260318001320,BS,재무상태표,ifrs-full_NoncurrentAssets,비유동자산,-,1893179893069,제 7 기,2025,KRW,,2661068555491,제 8 기,,,17,11011,fnlttSinglAcntAll,,2731635781810,제 9 기
orion,Orion,01238169,271560,KRW,FY2025,2025,11011,Annual report,20260318001320,BS,재무상태표,-표준계정코드 미사용-,장기금융예치금,-,2000000,제 7 기,2025,KRW,,3139948180,제 8 기,,,18,11011,fnlttSinglAcntAll,,2000000,제 9 기
orion,Orion,01238169,271560,KRW,FY2025,2025,11011,Annual report,20260318001320,BS,재무상태표,ifrs-full_DeferredTaxAssets,이연법인세자산,-,6024076,제 7 기,2025,KRW,,27514821,제 8 기,,,19,11011,fnlttSinglAcntAll,,2209746,제 9 기
orion,Orion,01238169,271560,KRW,FY2025,2025,11011,Annual report,20260318001320,BS,재무상태표,ifrs-full_Goodwill,영업권,-,23848783345,제 7 기,2025,KRW,,25149516270,제 8 기,,,20,11011,fnlttSinglAcntAll,,25371716852,제 9 기
orion,Orion,01238169,271560,KRW,FY2025,2025,11011,Annual report,20260318001320,BS,재무상태표,ifrs-full_IntangibleAssetsOtherThanGoodwill,영업권 이외의 무형자산,-,29911553917,제 7 기,2025,KRW,,44970456176,제 8 기,,,21,11011,fnlttSinglAcntAll,,64846197376,제 9 기
orion,Orion,01238169,271560,KRW,FY2025,2025,11011,Annual report,20260318001320,BS,재무상태표,ifrs-full_InvestmentAccountedForUsingEquityMethod,지분법적용 투자지분,-,33100131161,제 7 기,2025,KRW,,728250061050,제 8 기,,,22,11011,fnlttSinglAcntAll,,722593209088,제 9 기
orion,Orion,01238169,271560,KRW,FY2025,2025,11011,Annual report,20260318001320,BS,재무상태표,ifrs-full_InvestmentProperty,투자부동산,-,35381317139,제 7 기,2025,KRW,,35014589327,제 8 기,,,23,11011,fnlttSinglAcntAll,,39900885383,제 9 기
orion,Orion,01238169,271560,KRW,FY2025,2025,11011,Annual report,20260318001320,BS,재무상태표,ifrs-full_NoncurrentInvestmentsInEquityInstrumentsDesignatedAtFairValueThroughOtherComprehensiveIncome,기타포괄손익-공정가치 지정 비유동지분상품투자,-,5425867300,제 7 기,2025,KRW,,6038842686,제 8 기,,,24,11011,fnlttSinglAcntAll,,5020596359,제 9 기
orion,Orion,01238169,271560,KRW,FY2025,2025,11011,Annual report,20260318001320,BS,재무상태표,ifrs-full_NoncurrentRecognisedAssetsDefinedBenefitPlan,비유동 순확정급여자산,-,11035122853,제 7 기,2025,KRW,,4808423636,제 8 기,,,25,11011,fnlttSinglAcntAll,,7871886684,제 9 기
orion,Orion,01238169,271560,KRW,FY2025,2025,11011,Annual report,20260318001320,BS,재무상태표,ifrs-full_OtherNoncurrentAssets,기타비유동자산,-,13721265107,제 7 기,2025,KRW,,2444419186,제 8 기,,,26,11011,fnlttSinglAcntAll,,3954344657,제 9 기
orion,Orion,01238169,271560,KRW,FY2025,2025,11011,Annual report,20260318001320,BS,재무상태표,ifrs-full_OtherNoncurrentFinancialAssets,기타비유동금융자산,-,19057526257,제 7 기,2025,KRW,,20397901912,제 8 기,,,27,11011,fnlttSinglAcntAll,,48696833517,제 9 기
orion,Orion,01238169,271560,KRW,FY2025,2025,11011,Annual report,20260318001320,BS,재무상태표,ifrs-full_PropertyPlantAndEquipment,유형자산,-,1658385976925,제 7 기,2025,KRW,,1701534303103,제 8 기,,,28,11011,fnlttSinglAcntAll,,1716028601401,제 9 기
orion,Orion,01238169,271560,KRW,FY2025,2025,11011,Annual report,20260318001320,BS,재무상태표,ifrs-full_RightofuseAssets,사용권자산,-,63304324989,제 7 기,2025,KRW,,89292579144,제 8 기,,,29,11011,fnlttSinglAcntAll,,97347300747,제 9 기
orion,Orion,01238169,271560,KRW,FY2025,2025,11011,Annual report,20260318001320,BS,재무상태표,ifrs-full_Equity,자본총계,-,2955476949348,제 7 기,2025,KRW,,3574045867619,제 8 기,,,31,11011,fnlttSinglAcntAll,,3912207101349,제 9 기
orion,Orion,01238169,271560,KRW,FY2025,2025,11011,Annual report,20260318001320,BS,재무상태표,ifrs-full_EquityAttributableToOwnersOfParent,지배기업의 소유주에게 귀속되는 자본,-,2862399589845,제 7 기,2025,KRW,,3471235408182,제 8 기,,,32,11011,fnlttSinglAcntAll,,3808663397961,제 9 기
orion,Orion,01238169,271560,KRW,FY2025,2025,11011,Annual report,20260318001320,BS,재무상태표,dart_ElementsOfOtherStockholdersEquity,기타자본구성요소,-,684882469455,제 7 기,2025,KRW,,821232516093,제 8 기,,,33,11011,fnlttSinglAcntAll,,874205592286,제 9 기
orion,Orion,01238169,271560,KRW,FY2025,2025,11011,Annual report,20260318001320,BS,재무상태표,dart_RetainedEarningsBeforeAppropriationsAccumulatedDeficitBeforeDisposition,미처분이익잉여금(미처리결손금),-,1227905259917,제 7 기,2025,KRW,,1504356610183,제 8 기,,,34,11011,fnlttSinglAcntAll,,1532972298314,제 9 기
orion,Orion,01238169,271560,KRW,FY2025,2025,11011,Annual report,20260318001320,BS,재무상태표,-표준계정코드 미사용-,적립금,-,332275963649,제 7 기,2025,KRW,,528310385082,제 8 기,,,35,11011,fnlttSinglAcntAll,,784149610537,제 9 기
orion,Orion,01238169,271560,KRW,FY2025,2025,11011,Annual report,20260318001320,BS,재무상태표,ifrs-full_IssuedCapital,자본금,-,19768066000,제 7 기,2025,KRW,,19768066000,제 8 기,,,36,11011,fnlttSinglAcntAll,,19768066000,제 9 기
orion,Orion,01238169,271560,KRW,FY2025,2025,11011,Annual report,20260318001320,BS,재무상태표,ifrs-full_SharePremium,주식발행초과금,-,598172192205,제 7 기,2025,KRW,,598172192205,제 8 기,,,37,11011,fnlttSinglAcntAll,,598172192205,제 9 기
orion,Orion,01238169,271560,KRW,FY2025,2025,11011,Annual report,20260318001320,BS,재무상태표,ifrs-full_TreasuryShares,자기주식,-,604361381,제 7 기,2025,KRW,,604361381,제 8 기,,,38,11011,fnlttSinglAcntAll,,604361381,제 9 기
orion,Orion,01238169,271560,KRW,FY2025,2025,11011,Annual report,20260318001320,BS,재무상태표,ifrs-full_NoncontrollingInterests,비지배지분,-,93077359503,제 7 기,2025,KRW,,102810459437,제 8 기,,,39,11011,fnlttSinglAcntAll,,103543703388,제 9 기
orion,Orion,01238169,271560,KRW,FY2025,2025,11011,Annual report,20260318001320,BS,재무상태표,ifrs-full_EquityAndLiabilities,자본과부채총계,-,3521385127842,제 7 기,2025,KRW,,4308449797008,제 8 기,,,40,11011,fnlttSinglAcntAll,,4598663246300,제 9 기
orion,Orion,01238169,271560,KRW,FY2025,2025,11011,Annual report,20260318001320,BS,재무상태표,ifrs-full_CurrentLiabilities,유동부채,-,398919908913,제 7 기,2025,KRW,,537615043736,제 8 기,,,42,11011,fnlttSinglAcntAll,,498190838043,제 9 기
orion,Orion,01238169,271560,KRW,FY2025,2025,11011,Annual report,20260318001320,BS,재무상태표,dart_CurrentDerivativeLiabilities,유동파생상품부채,-,0,제 7 기,2025,KRW,,0,제 8 기,,,43,11011,fnlttSinglAcntAll,,539741932,제 9 기
orion,Orion,01238169,271560,KRW,FY2025,2025,11011,Annual report,20260318001320,BS,재무상태표,ifrs-full_CurrentLeaseLiabilities,유동 리스부채,-,10499670904,제 7 기,2025,KRW,,12936730619,제 8 기,,,44,11011,fnlttSinglAcntAll,,13695740434,제 9 기
orion,Orion,01238169,271560,KRW,FY2025,2025,11011,Annual report,20260318001320,BS,재무상태표,ifrs-full_CurrentLoansReceivedAndCurrentPortionOfNoncurrentLoansReceived,유동성 금융기관 차입금(사채 제외),-,3812743556,제 7 기,2025,KRW,,1148616411,제 8 기,,,45,11011,fnlttSinglAcntAll,,0,제 9 기
orion,Orion,01238169,271560,KRW,FY2025,2025,11011,Annual report,20260318001320,BS,재무상태표,ifrs-full_CurrentTaxLiabilities,당기법인세부채,-,51481137538,제 7 기,2025,KRW,,59180504431,제 8 기,,,46,11011,fnlttSinglAcntAll,,54778270301,제 9 기
orion,Orion,01238169,271560,KRW,FY2025,2025,11011,Annual report,20260318001320,BS,재무상태표,ifrs-full_OtherCurrentFinancialLiabilities,기타유동금융부채,-,162913441509,제 7 기,2025,KRW,,200579258285,제 8 기,,,47,11011,fnlttSinglAcntAll,,199469757522,제 9 기
orion,Orion,01238169,271560,KRW,FY2025,2025,11011,Annual report,20260318001320,BS,재무상태표,ifrs-full_OtherCurrentLiabilities,기타 유동부채,-,47493088405,제 7 기,2025,KRW,,100578643582,제 8 기,,,48,11011,fnlttSinglAcntAll,,83886182687,제 9 기
orion,Orion,01238169,271560,KRW,FY2025,2025,11011,Annual report,20260318001320,BS,재무상태표,ifrs-full_TradeAndOtherCurrentPayablesToTradeSuppliers,유동매입채무,-,122719827001,제 7 기,2025,KRW,,163191290408,제 8 기,,,49,11011,fnlttSinglAcntAll,,145821145167,제 9 기
orion,Orion,01238169,271560,KRW,FY2025,2025,11011,Annual report,20260318001320,BS,재무상태표,ifrs-full_Liabilities,부채총계,-,565908178494,제 7 기,2025,KRW,,734403929389,제 8 기,,,50,11011,fnlttSinglAcntAll,,686456144951,제 9 기
orion,Orion,01238169,271560,KRW,FY2025,2025,11011,Annual report,20260318001320,BS,재무상태표,ifrs-full_NoncurrentLiabilities,비유동부채,-,166988269581,제 7 기,2025,KRW,,196788885653,제 8 기,,,51,11011,fnlttSinglAcntAll,,188265306908,제 9 기
orion,Orion,01238169,271560,KRW,FY2025,2025,11011,Annual report,20260318001320,BS,재무상태표,ifrs-full_DeferredTaxLiabilities,이연법인세부채,-,151443253178,제 7 기,2025,KRW,,169792036166,제 8 기,,,52,11011,fnlttSinglAcntAll,,164113294027,제 9 기
orion,Orion,01238169,271560,KRW,FY2025,2025,11011,Annual report,20260318001320,BS,재무상태표,ifrs-full_NoncurrentLeaseLiabilities,비유동 리스부채,-,14296467507,제 7 기,2025,KRW,,25790378178,제 8 기,,,53,11011,fnlttSinglAcntAll,,21820294542,제 9 기
orion,Orion,01238169,271560,KRW,FY2025,2025,11011,Annual report,20260318001320,BS,재무상태표,ifrs-full_OtherNoncurrentFinancialLiabilities,기타비유동금융부채,-,273452913,제 7 기,2025,KRW,,218049266,제 8 기,,,54,11011,fnlttSinglAcntAll,,277432971,제 9 기
orion,Orion,01238169,271560,KRW,FY2025,2025,11011,Annual report,20260318001320,BS,재무상태표,ifrs-full_OtherNoncurrentLiabilities,기타 비유동 부채,-,975095983,제 7 기,2025,KRW,,988422043,제 8 기,,,55,11011,fnlttSinglAcntAll,,2054285368,제 9 기
orion,Orion,01238169,271560,KRW,FY2025,2025,11011,Annual report,20260318001320,CIS,포괄손익계산서,dart_NonOperatingProfitLoss,순기타수익(비용),-,-7133927687,제 7 기,2025,KRW,,-28951492483,제 8 기,,,6,11011,fnlttSinglAcntAll,,-5488640793,제 9 기
orion,Orion,01238169,271560,KRW,FY2025,2025,11011,Annual report,20260318001320,CIS,포괄손익계산서,dart_OperatingIncomeLoss,영업이익(손실),-,492391149504,제 7 기,2025,KRW,,543587778241,제 8 기,,,7,11011,fnlttSinglAcntAll,,558258027192,제 9 기
orion,Orion,01238169,271560,KRW,FY2025,2025,11011,Annual report,20260318001320,CIS,포괄손익계산서,ifrs-full_ComprehensiveIncome,총포괄손익,-,353800465248,제 7 기,2025,KRW,,674805577890,제 8 기,,,8,11011,fnlttSinglAcntAll,,459572709386,제 9 기
orion,Orion,01238169,271560,KRW,FY2025,2025,11011,Annual report,20260318001320,CIS,포괄손익계산서,ifrs-full_ComprehensiveIncomeAttributableToNoncontrollingInterests,"포괄손익, 비지배지분",-,7631367266,제 7 기,2025,KRW,,16558774553,제 8 기,,,10,11011,fnlttSinglAcntAll,,8831622857,제 9 기
orion,Orion,01238169,271560,KRW,FY2025,2025,11011,Annual report,20260318001320,CIS,포괄손익계산서,ifrs-full_ComprehensiveIncomeAttributableToOwnersOfParent,"포괄손익, 지배기업의 소유주에게 귀속되는 지분",-,346169097982,제 7 기,2025,KRW,,658246803337,제 8 기,,,11,11011,fnlttSinglAcntAll,,450741086529,제 9 기
orion,Orion,01238169,271560,KRW,FY2025,2025,11011,Annual report,20260318001320,CIS,포괄손익계산서,ifrs-full_CostOfSales,매출원가,-,1784947055113,제 7 기,2025,KRW,,1908164043915,제 8 기,,,12,11011,fnlttSinglAcntAll,,2109116436904,제 9 기
orion,Orion,01238169,271560,KRW,FY2025,2025,11011,Annual report,20260318001320,CIS,포괄손익계산서,ifrs-full_BasicEarningsLossPerShare,기본주당이익(손실),-,9528,제 7 기,2025,KRW,,13271,제 8 기,,,14,11011,fnlttSinglAcntAll,,9682,제 9 기
orion,Orion,01238169,271560,KRW,FY2025,2025,11011,Annual report,20260318001320,CIS,포괄손익계산서,ifrs-full_DilutedEarningsLossPerShare,희석주당이익(손실),-,9528,제 7 기,2025,KRW,,13271,제 8 기,,,15,11011,fnlttSinglAcntAll,,9682,제 9 기
orion,Orion,01238169,271560,KRW,FY2025,2025,11011,Annual report,20260318001320,CIS,포괄손익계산서,ifrs-full_FinanceIncomeCost,순금융수익(비용),-,34191345364,제 7 기,2025,KRW,,182215007112,제 8 기,,,16,11011,fnlttSinglAcntAll,,21255407760,제 9 기
orion,Orion,01238169,271560,KRW,FY2025,2025,11011,Annual report,20260318001320,CIS,포괄손익계산서,ifrs-full_GeneralAndAdministrativeExpense,일반관리비,-,152607180370,제 7 기,2025,KRW,,156521188139,제 8 기,,,17,11011,fnlttSinglAcntAll,,176745661416,제 9 기
orion,Orion,01238169,271560,KRW,FY2025,2025,11011,Annual report,20260318001320,CIS,포괄손익계산서,ifrs-full_GrossProfit,매출총이익,-,1127410996362,제 7 기,2025,KRW,,1196174532214,제 8 기,,,18,11011,fnlttSinglAcntAll,,1223326099469,제 9 기
orion,Orion,01238169,271560,KRW,FY2025,2025,11011,Annual report,20260318001320,CIS,포괄손익계산서,ifrs-full_IncomeTaxExpenseContinuingOperations,법인세비용,-,135035952174,제 7 기,2025,KRW,,158986729859,제 8 기,,,19,11011,fnlttSinglAcntAll,,155954811819,제 9 기
orion,Orion,01238169,271560,KRW,FY2025,2025,11011,Annual report,20260318001320,CIS,포괄손익계산서,ifrs-full_OtherComprehensiveIncome,기타포괄손익,-,-31181490001,제 7 기,2025,KRW,,141576025468,제 8 기,,,20,11011,fnlttSinglAcntAll,,68975146212,제 9 기
orion,Orion,01238169,271560,KRW,FY2025,2025,11011,Annual report,20260318001320,CIS,포괄손익계산서,ifrs-full_OtherComprehensiveIncomeThatWillBeReclassifiedToProfitOrLossNetOfTax,당기손익으로 재분류될 수 있는 항목(세후기타포괄손익),-,-32661725474,제 7 기,2025,KRW,,144256814931,제 8 기,,,21,11011,fnlttSinglAcntAll,,64771973085,제 9 기
orion,Orion,01238169,271560,KRW,FY2025,2025,11011,Annual report,20260318001320,CIS,포괄손익계산서,ifrs-full_GainsLossesOnExchangeDifferencesOnTranslationNetOfTax,해외사업장환산외환차이(세후기타포괄손익),-,-32679056619,제 7 기,2025,KRW,,140520023757,제 8 기,,,22,11011,fnlttSinglAcntAll,,64265739883,제 9 기
orion,Orion,01238169,271560,KRW,FY2025,2025,11011,Annual report,20260318001320,CIS,포괄손익계산서,ifrs-full_ShareOfOtherComprehensiveIncomeOfAssociatesAndJointVenturesAccountedForUsingEquityMethod,지분법자본변동,-,17331145,제 7 기,2025,KRW,,3736791174,제 8 기,,,23,11011,fnlttSinglAcntAll,,506233202,제 9 기
orion,Orion,01238169,271560,KRW,FY2025,2025,11011,Annual report,20260318001320,CIS,포괄손익계산서,ifrs-full_OtherComprehensiveIncomeThatWillNotBeReclassifiedToProfitOrLossNetOfTax,당기손익으로 재분류되지 않는항목(세후기타포괄손익),-,1480235473,제 7 기,2025,KRW,,-2680789463,제 8 기,,,24,11011,fnlttSinglAcntAll,,4203173127,제 9 기
orion,Orion,01238169,271560,KRW,FY2025,2025,11011,Annual report,20260318001320,CIS,포괄손익계산서,dart_OtherComprehensiveIncomeNetOfTaxChangeInFairValueOfFinancialAssetsMeasuredAtFairValueThroughOtherComprehensiveIncome,기타포괄손익-공정가치측정금융자산평가손익,-,357370717,제 7 기,2025,KRW,,0,제 8 기,,,25,11011,fnlttSinglAcntAll,,-1122959205,제 9 기
orion,Orion,01238169,271560,KRW,FY2025,2025,11011,Annual report,20260318001320,CIS,포괄손익계산서,ifrs-full_IncomeTaxRelatingToComponentsOfOtherComprehensiveIncomeThatWillNotBeReclassifiedToProfitOrLoss,당기손익으로 재분류되지 않는 항목과 관련된 법인세,-,-321837460,제 7 기,2025,KRW,,843521555,제 8 기,,,26,11011,fnlttSinglAcntAll,,-396228899,제 9 기
orion,Orion,01238169,271560,KRW,FY2025,2025,11011,Annual report,20260318001320,CIS,포괄손익계산서,ifrs-full_OtherComprehensiveIncomeBeforeTaxGainsLossesOnRemeasurementsOfDefinedBenefitPlans,확정급여제도의 재측정손익(세전기타포괄손익),-,1399077068,제 7 기,2025,KRW,,-3651608461,제 8 기,,,27,11011,fnlttSinglAcntAll,,1678363504,제 9 기
orion,Orion,01238169,271560,KRW,FY2025,2025,11011,Annual report,20260318001320,CIS,포괄손익계산서,ifrs-full_ShareOfOtherComprehensiveIncomeOfAssociatesAndJointVenturesAccountedForUsingEquityMethodThatWillBeReclassifiedToProfitOrLossNetOfTax,지분법 적용대상 관계기업과 공동기업의 기타포괄손익에 대한 지분(세후기타포괄손익),-,0,제 7 기,2025,KRW,,0,제 8 기,,,28,11011,fnlttSinglAcntAll,,4784739893,제 9 기
orion,Orion,01238169,271560,KRW,FY2025,2025,11011,Annual report,20260318001320,CIS,포괄손익계산서,ifrs-full_ShareOfOtherComprehensiveIncomeOfAssociatesAndJointVenturesAccountedForUsingEquityMethodThatWillNotBeReclassifiedToProfitOrLossNetOfTax,당기손익으로 재분류되지 않는 지분법 적용대상 관계기업과 공동기업의 세후기타포괄손익에 대한 지분,-,45625148,제 7 기,2025,KRW,,127297443,제 8 기,,,29,11011,fnlttSinglAcntAll,,-740742166,제 9 기
orion,Orion,01238169,271560,KRW,FY2025,2025,11011,Annual report,20260318001320,CIS,포괄손익계산서,ifrs-full_ProfitLoss,당기순이익(손실),-,384981955249,제 7 기,2025,KRW,,533229552422,제 8 기,,,30,11011,fnlttSinglAcntAll,,390597563174,제 9 기
orion,Orion,01238169,271560,KRW,FY2025,2025,11011,Annual report,20260318001320,CIS,포괄손익계산서,ifrs-full_ProfitLossAttributableToNoncontrollingInterests,비지배지분에 귀속되는 당기순이익(손실),-,8335402513,제 7 기,2025,KRW,,8636984371,제 8 기,,,32,11011,fnlttSinglAcntAll,,7892552200,제 9 기
orion,Orion,01238169,271560,KRW,FY2025,2025,11011,Annual report,20260318001320,CIS,포괄손익계산서,ifrs-full_ProfitLossAttributableToOwnersOfParent,지배기업의 소유주에게 귀속되는 당기순이익(손실),-,376646552736,제 7 기,2025,KRW,,524592568051,제 8 기,,,33,11011,fnlttSinglAcntAll,,382705010974,제 9 기
orion,Orion,01238169,271560,KRW,FY2025,2025,11011,Annual report,20260318001320,CIS,포괄손익계산서,ifrs-full_ProfitLossBeforeTax,법인세비용차감전순이익(손실),-,520017907423,제 7 기,2025,KRW,,692216282281,제 8 기,,,34,11011,fnlttSinglAcntAll,,546552374993,제 9 기
orion,Orion,01238169,271560,KRW,FY2025,2025,11011,Annual report,20260318001320,CIS,포괄손익계산서,ifrs-full_Revenue,수익(매출액),-,2912358051475,제 7 기,2025,KRW,,3104338576129,제 8 기,,,35,11011,fnlttSinglAcntAll,,3332442536373,제 9 기
orion,Orion,01238169,271560,KRW,FY2025,2025,11011,Annual report,20260318001320,CIS,포괄손익계산서,ifrs-full_SellingExpense,판매비,-,482412666488,제 7 기,2025,KRW,,496065565834,제 8 기,,,36,11011,fnlttSinglAcntAll,,488322410861,제 9 기
orion,Orion,01238169,271560,KRW,FY2025,2025,11011,Annual report,20260318001320,CIS,포괄손익계산서,ifrs-full_ShareOfProfitLossOfAssociatesAndJointVenturesAccountedForUsingEquityMethod,지분법 적용대상인 관계기업과 공동기업의 당기순손익에 대한 지분,-,569340242,제 7 기,2025,KRW,,-4635010589,제 8 기,,,37,11011,fnlttSinglAcntAll,,-27472419166,제 9 기
orion,Orion,01238169,271560,KRW,FY2025,2025,11011,Annual report,20260318001320,CF,현금흐름표,dart_CashAndCashEquivalentsAtBeginningOfPeriodCf,기초현금및현금성자산,-,609723063482,제 7 기,2025,KRW,,365849669841,제 8 기,,,2,11011,fnlttSinglAcntAll,,451277283648,제 9 기
orion,Orion,01238169,271560,KRW,FY2025,2025,11011,Annual report,20260318001320,CF,현금흐름표,dart_CashAndCashEquivalentsAtEndOfPeriodCf,기말현금및현금성자산,-,365849669841,제 7 기,2025,KRW,,451277283648,제 8 기,,,3,11011,fnlttSinglAcntAll,,311390944459,제 9 기
orion,Orion,01238169,271560,KRW,FY2025,2025,11011,Annual report,20260318001320,CF,현금흐름표,ifrs-full_CashFlowsFromUsedInFinancingActivities,재무활동현금흐름,-,-138043048880,제 7 기,2025,KRW,,-70120504912,제 8 기,,,8,11011,fnlttSinglAcntAll,,-120881598854,제 9 기
orion,Orion,01238169,271560,KRW,FY2025,2025,11011,Annual report,20260318001320,CF,현금흐름표,dart_DecreaseInGuaranteeDepositsAsFinancialActivities,임대보증금의 감소,-,2000000,제 7 기,2025,KRW,,0,제 8 기,,,9,11011,fnlttSinglAcntAll,,52000000,제 9 기
orion,Orion,01238169,271560,KRW,FY2025,2025,11011,Annual report,20260318001320,CF,현금흐름표,dart_IncreaseInGuaranteeDepositsAsFinancialActivities,임대보증금의 증가,-,80000000,제 7 기,2025,KRW,,0,제 8 기,,,10,11011,fnlttSinglAcntAll,,0,제 9 기
orion,Orion,01238169,271560,KRW,FY2025,2025,11011,Annual report,20260318001320,CF,현금흐름표,dart_ProceedsFromShortTermBorrowings,단기차입금의 증가,-,435289931501,제 7 기,2025,KRW,,8892088228,제 8 기,,,11,11011,fnlttSinglAcntAll,,676302569,제 9 기
orion,Orion,01238169,271560,KRW,FY2025,2025,11011,Annual report,20260318001320,CF,현금흐름표,dart_RepaymentsOfBonds,사채의 상환,-,70000000000,제 7 기,2025,KRW,,0,제 8 기,,,12,11011,fnlttSinglAcntAll,,0,제 9 기
orion,Orion,01238169,271560,KRW,FY2025,2025,11011,Annual report,20260318001320,CF,현금흐름표,dart_RepaymentsOfShortTermBorrowings,단기차입금의 상환,-,454379034720,제 7 기,2025,KRW,,11557003091,제 8 기,,,13,11011,fnlttSinglAcntAll,,2088466831,제 9 기
orion,Orion,01238169,271560,KRW,FY2025,2025,11011,Annual report,20260318001320,CF,현금흐름표,ifrs-full_DividendsPaidClassifiedAsFinancingActivities,배당금지급,-,37552348600,제 7 기,2025,KRW,,56236659619,제 8 기,,,14,11011,fnlttSinglAcntAll,,106192802161,제 9 기
orion,Orion,01238169,271560,KRW,FY2025,2025,11011,Annual report,20260318001320,CF,현금흐름표,ifrs-full_PaymentsOfLeaseLiabilitiesClassifiedAsFinancingActivities,리스부채의 지급,-,11479597061,제 7 기,2025,KRW,,11218930430,제 8 기,,,15,11011,fnlttSinglAcntAll,,13224632431,제 9 기
orion,Orion,01238169,271560,KRW,FY2025,2025,11011,Annual report,20260318001320,CF,현금흐름표,ifrs-full_CashFlowsFromUsedInInvestingActivities,투자활동현금흐름,-,-540527781403,제 7 기,2025,KRW,,-504868104266,제 8 기,,,16,11011,fnlttSinglAcntAll,,-564219870386,제 9 기
orion,Orion,01238169,271560,KRW,FY2025,2025,11011,Annual report,20260318001320,CF,현금흐름표,dart_DecreaseInGuaranteeDeposits,임차보증금의 감소,-,712979371,제 7 기,2025,KRW,,2348057149,제 8 기,,,17,11011,fnlttSinglAcntAll,,700641828,제 9 기
orion,Orion,01238169,271560,KRW,FY2025,2025,11011,Annual report,20260318001320,CF,현금흐름표,dart_IncreaseInGuaranteeDeposits,임차보증금의 증가,-,1825615889,제 7 기,2025,KRW,,1774962101,제 8 기,,,18,11011,fnlttSinglAcntAll,,1222162870,제 9 기
orion,Orion,01238169,271560,KRW,FY2025,2025,11011,Annual report,20260318001320,CF,현금흐름표,dart_ProceedsFromSalesOfFinancialAssetsAtFairValueThroughOtherComprehensiveIncome,기타포괄손익-공정가치측정금융자산의처분,-,10264293695,제 7 기,2025,KRW,,0,제 8 기,,,19,11011,fnlttSinglAcntAll,,0,제 9 기
orion,Orion,01238169,271560,KRW,FY2025,2025,11011,Annual report,20260318001320,CF,현금흐름표,dart_ProceedsFromSalesOfShortTermLoansAndReceivables,단기대여금및수취채권의 처분,-,-37083486000,제 7 기,2025,KRW,,-10201335689,제 8 기,,,20,11011,fnlttSinglAcntAll,,199900000,제 9 기
orion,Orion,01238169,271560,KRW,FY2025,2025,11011,Annual report,20260318001320,CF,현금흐름표,dart_PurchaseOfShortTermLoansAndReceivables,단기대여금및수취채권의 취득,-,0,제 7 기,2025,KRW,,0,제 8 기,,,21,11011,fnlttSinglAcntAll,,3987465924,제 9 기
orion,Orion,01238169,271560,KRW,FY2025,2025,11011,Annual report,20260318001320,CF,현금흐름표,-표준계정코드 미사용-,사업결합으로 인한 감소,-,0,제 7 기,2025,KRW,,0,제 8 기,,,22,11011,fnlttSinglAcntAll,,10737930000,제 9 기
orion,Orion,01238169,271560,KRW,FY2025,2025,11011,Annual report,20260318001320,CF,현금흐름표,-표준계정코드 미사용-,영업보증금의 감소,-,179850000,제 7 기,2025,KRW,,132056950,제 8 기,,,23,11011,fnlttSinglAcntAll,,128000000,제 9 기
orion,Orion,01238169,271560,KRW,FY2025,2025,11011,Annual report,20260318001320,CF,현금흐름표,-표준계정코드 미사용-,영업보증금의 증가,-,-131940000,제 7 기,2025,KRW,,-112000000,제 8 기,,,24,11011,fnlttSinglAcntAll,,-137559000,제 9 기
orion,Orion,01238169,271560,KRW,FY2025,2025,11011,Annual report,20260318001320,CF,현금흐름표,-표준계정코드 미사용-,금융예치금의 순증감,-,-344921569672,제 7 기,2025,KRW,,175522866882,제 8 기,,,25,11011,fnlttSinglAcntAll,,-372809297532,제 9 기
orion,Orion,01238169,271560,KRW,FY2025,2025,11011,Annual report,20260318001320,CF,현금흐름표,ifrs-full_DividendsReceivedClassifiedAsInvestingActivities,배당금수취,-,0,제 7 기,2025,KRW,,901900000,제 8 기,,,26,11011,fnlttSinglAcntAll,,0,제 9 기
orion,Orion,01238169,271560,KRW,FY2025,2025,11011,Annual report,20260318001320,CF,현금흐름표,ifrs-full_ProceedsFromGovernmentGrantsClassifiedAsInvestingActivities,정부보조금의 수취,-,0,제 7 기,2025,KRW,,0,제 8 기,,,27,11011,fnlttSinglAcntAll,,937249988,제 9 기
orion,Orion,01238169,271560,KRW,FY2025,2025,11011,Annual report,20260318001320,CF,현금흐름표,ifrs-full_ProceedsFromSalesOfIntangibleAssetsClassifiedAsInvestingActivities,무형자산의 처분,-,511741523,제 7 기,2025,KRW,,1600000000,제 8 기,,,28,11011,fnlttSinglAcntAll,,193318393,제 9 기
orion,Orion,01238169,271560,KRW,FY2025,2025,11011,Annual report,20260318001320,CF,현금흐름표,ifrs-full_ProceedsFromSalesOfPropertyPlantAndEquipmentClassifiedAsInvestingActivities,유형자산의 처분,-,1192613479,제 7 기,2025,KRW,,2095496197,제 8 기,,,29,11011,fnlttSinglAcntAll,,1105027287,제 9 기
orion,Orion,01238169,271560,KRW,FY2025,2025,11011,Annual report,20260318001320,CF,현금흐름표,ifrs-full_PurchaseOfIntangibleAssetsClassifiedAsInvestingActivities,무형자산의 취득,-,2331376652,제 7 기,2025,KRW,,16220508501,제 8 기,,,30,11011,fnlttSinglAcntAll,,23759527941,제 9 기
orion,Orion,01238169,271560,KRW,FY2025,2025,11011,Annual report,20260318001320,CF,현금흐름표,ifrs-full_PurchaseOfInterestsInAssociates,관계기업투자자산의 취득,-,622000000,제 7 기,2025,KRW,,552222276325,제 8 기,,,31,11011,fnlttSinglAcntAll,,32274470000,제 9 기
orion,Orion,01238169,271560,KRW,FY2025,2025,11011,Annual report,20260318001320,CF,현금흐름표,ifrs-full_PurchaseOfPropertyPlantAndEquipmentClassifiedAsInvestingActivities,유형자산의 취득,-,166473271258,제 7 기,2025,KRW,,106937398828,제 8 기,,,32,11011,fnlttSinglAcntAll,,122555594615,제 9 기
orion,Orion,01238169,271560,KRW,FY2025,2025,11011,Annual report,20260318001320,CF,현금흐름표,ifrs-full_CashFlowsFromUsedInOperatingActivities,영업활동현금흐름,-,436961973545,제 7 기,2025,KRW,,651588436551,제 8 기,,,33,11011,fnlttSinglAcntAll,,537328134910,제 9 기
orion,Orion,01238169,271560,KRW,FY2025,2025,11011,Annual report,20260318001320,CF,현금흐름표,dart_AdjustmentsForAssetsLiabilitiesOfOperatingActivities,영업활동으로 인한 자산 부채의 변동,-,-107809932366,제 7 기,2025,KRW,,68739250137,제 8 기,,,34,11011,fnlttSinglAcntAll,,-69986532298,제 9 기
orion,Orion,01238169,271560,KRW,FY2025,2025,11011,Annual report,20260318001320,CF,현금흐름표,dart_AdjustmentsForDecreaseincreaseInFairValueOfPlanAssets,사외적립자산의공정가치의 감소(증가),-,-11926004251,제 7 기,2025,KRW,,-1610701278,제 8 기,,,35,11011,fnlttSinglAcntAll,,-6002235820,제 9 기
orion,Orion,01238169,271560,KRW,FY2025,2025,11011,Annual report,20260318001320,CF,현금흐름표,dart_AdjustmentsForDecreaseincreaseInOtherCurrentFinancialAssets,기타유동금융자산의 감소(증가),-,1890528686,제 7 기,2025,KRW,,2480697342,제 8 기,,,36,11011,fnlttSinglAcntAll,,-238244563,제 9 기
orion,Orion,01238169,271560,KRW,FY2025,2025,11011,Annual report,20260318001320,CF,현금흐름표,dart_AdjustmentsForDecreaseincreaseInOtherNonCurrentFinancialAssets,기타비유동금융자산의 감소(증가),-,9254157,제 7 기,2025,KRW,,-49012611,제 8 기,,,37,11011,fnlttSinglAcntAll,,-180290577,제 9 기
orion,Orion,01238169,271560,KRW,FY2025,2025,11011,Annual report,20260318001320,CF,현금흐름표,dart_AdjustmentsForIncreasedecreaseInOtherCurrentFinancialLiabilities,기타유동금융부채의 증가(감소),-,-22644843119,제 7 기,2025,KRW,,23772991877,제 8 기,,,38,11011,fnlttSinglAcntAll,,-14899400738,제 9 기
orion,Orion,01238169,271560,KRW,FY2025,2025,11011,Annual report,20260318001320,CF,현금흐름표,dart_CashOutflowForSeverancePay,퇴직금의지급,-,5998683538,제 7 기,2025,KRW,,7280460627,제 8 기,,,39,11011,fnlttSinglAcntAll,,6985385250,제 9 기
orion,Orion,01238169,271560,KRW,FY2025,2025,11011,Annual report,20260318001320,CF,현금흐름표,-표준계정코드 미사용-,기타비유동자산의 감소(증가) 조정,-,-11052980841,제 7 기,2025,KRW,,1869817373,제 8 기,,,40,11011,fnlttSinglAcntAll,,-4573750460,제 9 기
orion,Orion,01238169,271560,KRW,FY2025,2025,11011,Annual report,20260318001320,CF,현금흐름표,-표준계정코드 미사용-,기타장기종업원급여부채의 지급,-,-106657500,제 7 기,2025,KRW,,0,제 8 기,,,41,11011,fnlttSinglAcntAll,,0,제 9 기
orion,Orion,01238169,271560,KRW,FY2025,2025,11011,Annual report,20260318001320,CF,현금흐름표,ifrs-full_AdjustmentsForDecreaseIncreaseInInventories,재고자산의 감소(증가),-,-30239952782,제 7 기,2025,KRW,,-42297636235,제 8 기,,,42,11011,fnlttSinglAcntAll,,567420523,제 9 기
orion,Orion,01238169,271560,KRW,FY2025,2025,11011,Annual report,20260318001320,CF,현금흐름표,ifrs-full_AdjustmentsForDecreaseIncreaseInOtherCurrentAssets,기타유동자산의 감소(증가) 조정,-,-6767013468,제 7 기,2025,KRW,,-1747126184,제 8 기,,,43,11011,fnlttSinglAcntAll,,-1935402245,제 9 기
orion,Orion,01238169,271560,KRW,FY2025,2025,11011,Annual report,20260318001320,CF,현금흐름표,ifrs-full_AdjustmentsForDecreaseIncreaseInTradeAccountReceivable,매출채권의 감소(증가),-,9094097518,제 7 기,2025,KRW,,16508504105,제 8 기,,,44,11011,fnlttSinglAcntAll,,2300500337,제 9 기
orion,Orion,01238169,271560,KRW,FY2025,2025,11011,Annual report,20260318001320,CF,현금흐름표,ifrs-full_AdjustmentsForIncreaseDecreaseInOtherCurrentLiabilities,기타유동부채의 증가(감소),-,-5881176097,제 7 기,2025,KRW,,46947465521,제 8 기,,,45,11011,fnlttSinglAcntAll,,-19073751574,제 9 기
orion,Orion,01238169,271560,KRW,FY2025,2025,11011,Annual report,20260318001320,CF,현금흐름표,ifrs-full_AdjustmentsForIncreaseDecreaseInTradeAccountPayable,매입채무의 증가(감소),-,-24186501131,제 7 기,2025,KRW,,30144710854,제 8 기,,,46,11011,fnlttSinglAcntAll,,-18965991931,제 9 기
orion,Orion,01238169,271560,KRW,FY2025,2025,11011,Annual report,20260318001320,CF,현금흐름표,ifrs-full_AdjustmentsForReconcileProfitLoss,당기순이익조정을 위한 가감,-,278389410330,제 7 기,2025,KRW,,165047837667,제 8 기,,,47,11011,fnlttSinglAcntAll,,345512384429,제 9 기
orion,Orion,01238169,271560,KRW,FY2025,2025,11011,Annual report,20260318001320,CF,현금흐름표,dart_AdjustmentsForBadDebtExpenses,대손상각비 조정,-,428123645,제 7 기,2025,KRW,,624651239,제 8 기,,,48,11011,fnlttSinglAcntAll,,594667114,제 9 기
orion,Orion,01238169,271560,KRW,FY2025,2025,11011,Annual report,20260318001320,CF,현금흐름표,dart_AdjustmentsForDepreciationInvestmentProperty,투자부동산감가상각비 조정,-,166011059,제 7 기,2025,KRW,,170828646,제 8 기,,,49,11011,fnlttSinglAcntAll,,216630645,제 9 기
orion,Orion,01238169,271560,KRW,FY2025,2025,11011,Annual report,20260318001320,CF,현금흐름표,dart_AdjustmentsForDepreciationRightofuseAssets,사용권자산감가상각비 조정,-,13296761399,제 7 기,2025,KRW,,12593089117,제 8 기,,,50,11011,fnlttSinglAcntAll,,14862970393,제 9 기
orion,Orion,01238169,271560,KRW,FY2025,2025,11011,Annual report,20260318001320,CF,현금흐름표,dart_AdjustmentsForGainOnDispositionOfTangibleAssets,유형자산처분이익 조정,-,665738921,제 7 기,2025,KRW,,476868356,제 8 기,,,51,11011,fnlttSinglAcntAll,,295886118,제 9 기
orion,Orion,01238169,271560,KRW,FY2025,2025,11011,Annual report,20260318001320,CF,현금흐름표,dart_AdjustmentsForGainOnForeignExchangeTranslations,외화환산이익 조정,-,2220094936,제 7 기,2025,KRW,,4528943252,제 8 기,,,52,11011,fnlttSinglAcntAll,,4326812751,제 9 기
orion,Orion,01238169,271560,KRW,FY2025,2025,11011,Annual report,20260318001320,CF,현금흐름표,dart_AdjustmentsForGainsOnDisposalsOfIntangibleAssets,무형자산처분이익 조정,-,29829465,제 7 기,2025,KRW,,0,제 8 기,,,53,11011,fnlttSinglAcntAll,,0,제 9 기
orion,Orion,01238169,271560,KRW,FY2025,2025,11011,Annual report,20260318001320,CF,현금흐름표,dart_AdjustmentsForInterestExpenses,이자비용 조정,-,3600108205,제 7 기,2025,KRW,,1013761838,제 8 기,,,54,11011,fnlttSinglAcntAll,,14838893972,제 9 기
orion,Orion,01238169,271560,KRW,FY2025,2025,11011,Annual report,20260318001320,CF,현금흐름표,dart_AdjustmentsForLossOnDisposalOfInvestmentsInAssociates,관계기업투자자산처분손실,-,0,제 7 기,2025,KRW,,4424031203,제 8 기,,,55,11011,fnlttSinglAcntAll,,0,제 9 기
orion,Orion,01238169,271560,KRW,FY2025,2025,11011,Annual report,20260318001320,CF,현금흐름표,dart_AdjustmentsForLossesOfAssociatesAndJointVenturesAccountedForUsingEquityMethod,지분법손실 조정,-,-569340242,제 7 기,2025,KRW,,4635010589,제 8 기,,,56,11011,fnlttSinglAcntAll,,27472419166,제 9 기
orion,Orion,01238169,271560,KRW,FY2025,2025,11011,Annual report,20260318001320,CF,현금흐름표,dart_AdjustmentsForLossesOnDisposalsOfIntangibleAssets,무형자산처분손실 조정,-,71870,제 7 기,2025,KRW,,0,제 8 기,,,57,11011,fnlttSinglAcntAll,,25188730,제 9 기
orion,Orion,01238169,271560,KRW,FY2025,2025,11011,Annual report,20260318001320,CF,현금흐름표,dart_AdjustmentsForLossesOnDispositionOfPropertyPlantAndEquipment,유형자산처분손실 조정,-,8916977136,제 7 기,2025,KRW,,7767204612,제 8 기,,,58,11011,fnlttSinglAcntAll,,5416367914,제 9 기
orion,Orion,01238169,271560,KRW,FY2025,2025,11011,Annual report,20260318001320,CF,현금흐름표,dart_AdjustmentsForLossesOnForeignExchangeTranslations,외화환산손실 조정,-,1412213013,제 7 기,2025,KRW,,1153265732,제 8 기,,,59,11011,fnlttSinglAcntAll,,2204427485,제 9 기
orion,Orion,01238169,271560,KRW,FY2025,2025,11011,Annual report,20260318001320,CF,현금흐름표,dart_AdjustmentsForOtherBadDebtExpenses,기타의 대손상각비 조정,-,3610948,제 7 기,2025,KRW,,1290933024,제 8 기,,,60,11011,fnlttSinglAcntAll,,639230,제 9 기
orion,Orion,01238169,271560,KRW,FY2025,2025,11011,Annual report,20260318001320,CF,현금흐름표,dart_AdjustmentsForOtherGainsWithoutCashFlowIn,기타 현금의 유입 없는 수익등,-,546251485,제 7 기,2025,KRW,,570711286,제 8 기,,,61,11011,fnlttSinglAcntAll,,1192832454,제 9 기
orion,Orion,01238169,271560,KRW,FY2025,2025,11011,Annual report,20260318001320,CF,현금흐름표,dart_AdjustmentsForOtherLossesWithoutCashFlowOut,기타 현금의 유출 없는 비용등,-,1204911741,제 7 기,2025,KRW,,1344227998,제 8 기,,,62,11011,fnlttSinglAcntAll,,4534809208,제 9 기
orion,Orion,01238169,271560,KRW,FY2025,2025,11011,Annual report,20260318001320,CF,현금흐름표,dart_AdjustmentsForProvisionForSeveranceIndemnities,퇴직급여 조정,-,11856017076,제 7 기,2025,KRW,,11998538161,제 8 기,,,63,11011,fnlttSinglAcntAll,,14315466996,제 9 기
orion,Orion,01238169,271560,KRW,FY2025,2025,11011,Annual report,20260318001320,CF,현금흐름표,dart_AdjustmentsForShareBasedPayment,주식보상비용(환입) 조정,-,38448925,제 7 기,2025,KRW,,695000091,제 8 기,,,64,11011,fnlttSinglAcntAll,,-23503977,제 9 기
orion,Orion,01238169,271560,KRW,FY2025,2025,11011,Annual report,20260318001320,CF,현금흐름표,ifrs-full_AdjustmentsForAmortisationExpense,무형자산상각비에 대한 조정,-,3447675861,제 7 기,2025,KRW,,3168520015,제 8 기,,,65,11011,fnlttSinglAcntAll,,2660896575,제 9 기
orion,Orion,01238169,271560,KRW,FY2025,2025,11011,Annual report,20260318001320,CF,현금흐름표,ifrs-full_AdjustmentsForDepreciationExpense,감가상각비에 대한 조정,-,140281522727,제 7 기,2025,KRW,,144518960453,제 8 기,,,66,11011,fnlttSinglAcntAll,,146875397092,제 9 기
orion,Orion,01238169,271560,KRW,FY2025,2025,11011,Annual report,20260318001320,CF,현금흐름표,ifrs-full_AdjustmentsForIncomeTaxExpense,법인세비용 조정,-,135035952174,제 7 기,2025,KRW,,158986729859,제 8 기,,,67,11011,fnlttSinglAcntAll,,155954811819,제 9 기
orion,Orion,01238169,271560,KRW,FY2025,2025,11011,Annual report,20260318001320,CF,현금흐름표,ifrs-full_AdjustmentsForInterestIncome,이자수익에 대한 조정,-,37267740400,제 7 기,2025,KRW,,30960243187,제 8 기,,,68,11011,fnlttSinglAcntAll,,39161908542,제 9 기
orion,Orion,01238169,271560,KRW,FY2025,2025,11011,Annual report,20260318001320,CF,현금흐름표,ifrs-full_GainsOnChangeInFairValueOfDerivatives,파생상품평가이익,-,0,제 7 기,2025,KRW,,-152800148829,제 8 기,,,69,11011,fnlttSinglAcntAll,,0,제 9 기
orion,Orion,01238169,271560,KRW,FY2025,2025,11011,Annual report,20260318001320,CF,현금흐름표,ifrs-full_LossesOnChangeInFairValueOfDerivatives,파생상품평가손실,-,0,제 7 기,2025,KRW,,0,제 8 기,,,70,11011,fnlttSinglAcntAll,,539741932,제 9 기
orion,Orion,01238169,271560,KRW,FY2025,2025,11011,Annual report,20260318001320,CF,현금흐름표,ifrs-full_IncomeTaxesPaidClassifiedAsOperatingActivities,"법인세 납부, 영업활동",-,150869440948,제 7 기,2025,KRW,,149363110123,제 8 기,,,71,11011,fnlttSinglAcntAll,,168553290739,제 9 기
orion,Orion,01238169,271560,KRW,FY2025,2025,11011,Annual report,20260318001320,CF,현금흐름표,ifrs-full_InterestPaidClassifiedAsOperatingActivities,이자지급(영업),-,4080961636,제 7 기,2025,KRW,,701636732,제 8 기,,,72,11011,fnlttSinglAcntAll,,520375895,제 9 기
orion,Orion,01238169,271560,KRW,FY2025,2025,11011,Annual report,20260318001320,CF,현금흐름표,ifrs-full_InterestReceivedClassifiedAsOperatingActivities,이자수취,-,36350942916,제 7 기,2025,KRW,,34636543180,제 8 기,,,73,11011,fnlttSinglAcntAll,,40278386239,제 9 기
orion,Orion,01238169,271560,KRW,FY2025,2025,11011,Annual report,20260318001320,CF,현금흐름표,ifrs-full_ProfitLoss,당기순이익(손실),-,384981955249,제 7 기,2025,KRW,,533229552422,제 8 기,,,74,11011,fnlttSinglAcntAll,,390597563174,제 9 기
orion,Orion,01238169,271560,KRW,FY2025,2025,11011,Annual report,20260318001320,CF,현금흐름표,ifrs-full_EffectOfExchangeRateChangesOnCashAndCashEquivalents,현금및현금성자산에 대한 환율변동효과,-,-2264536903,제 7 기,2025,KRW,,8827786434,제 8 기,,,75,11011,fnlttSinglAcntAll,,7886995141,제 9 기
orion,Orion,01238169,271560,KRW,FY2025,2025,11011,Annual report,20260318001320,CF,현금흐름표,ifrs-full_IncreaseDecreaseInCashAndCashEquivalents,현금및현금성자산의순증가(감소),-,-243873393641,제 7 기,2025,KRW,,85427613807,제 8 기,,,76,11011,fnlttSinglAcntAll,,-139886339189,제 9 기
orion,Orion,01238169,271560,KRW,FY2025,2025,11011,Annual report,20260318001320,SCE,자본변동표,dart_EquityAtBeginningOfPeriod,기초자본,연결재무제표 [member],2639228832700,제 7 기,2025,KRW,,2955476949348,제 8 기,,,3,11011,fnlttSinglAcntAll,,3574045867619,제 9 기
orion,Orion,01238169,271560,KRW,FY2025,2025,11011,Annual report,20260318001320,SCE,자본변동표,dart_EquityAtBeginningOfPeriod,기초자본,자본 [구성요소]|비지배지분 [구성요소],85445992237,제 7 기,2025,KRW,,93077359503,제 8 기,,,3,11011,fnlttSinglAcntAll,,102810459437,제 9 기
orion,Orion,01238169,271560,KRW,FY2025,2025,11011,Annual report,20260318001320,SCE,자본변동표,dart_EquityAtBeginningOfPeriod,기초자본,자본 [구성요소]|지배기업의 소유주에게 귀속되는 지분 [구성요소],2553782840463,제 7 기,2025,KRW,,2862399589845,제 8 기,,,3,11011,fnlttSinglAcntAll,,3471235408182,제 9 기
orion,Orion,01238169,271560,KRW,FY2025,2025,11011,Annual report,20260318001320,SCE,자본변동표,dart_EquityAtBeginningOfPeriod,기초자본,자본 [구성요소]|지배기업의 소유주에게 귀속되는 지분 [구성요소]|기타자본구성요소 [구성요소],718196486763,제 7 기,2025,KRW,,684882469455,제 8 기,,,3,11011,fnlttSinglAcntAll,,821232516093,제 9 기
orion,Orion,01238169,271560,KRW,FY2025,2025,11011,Annual report,20260318001320,SCE,자본변동표,dart_EquityAtBeginningOfPeriod,기초자본,자본 [구성요소]|지배기업의 소유주에게 귀속되는 지분 [구성요소]|미처분이익잉여금(미처리결손금) [구성요소],962982145619,제 7 기,2025,KRW,,1227905259917,제 8 기,,,3,11011,fnlttSinglAcntAll,,1504356610183,제 9 기
orion,Orion,01238169,271560,KRW,FY2025,2025,11011,Annual report,20260318001320,SCE,자본변동표,dart_EquityAtBeginningOfPeriod,기초자본,자본 [구성요소]|지배기업의 소유주에게 귀속되는 지분 [구성요소]|자기주식 [구성요소],-604361381,제 7 기,2025,KRW,,-604361381,제 8 기,,,3,11011,fnlttSinglAcntAll,,-604361381,제 9 기
orion,Orion,01238169,271560,KRW,FY2025,2025,11011,Annual report,20260318001320,SCE,자본변동표,dart_EquityAtBeginningOfPeriod,기초자본,자본 [구성요소]|지배기업의 소유주에게 귀속되는 지분 [구성요소]|자본금 [구성요소],19768066000,제 7 기,2025,KRW,,19768066000,제 8 기,,,3,11011,fnlttSinglAcntAll,,19768066000,제 9 기
orion,Orion,01238169,271560,KRW,FY2025,2025,11011,Annual report,20260318001320,SCE,자본변동표,dart_EquityAtBeginningOfPeriod,기초자본,자본 [구성요소]|지배기업의 소유주에게 귀속되는 지분 [구성요소]|적립금 [구성요소],255268311257,제 7 기,2025,KRW,,332275963649,제 8 기,,,3,11011,fnlttSinglAcntAll,,528310385082,제 9 기
orion,Orion,01238169,271560,KRW,FY2025,2025,11011,Annual report,20260318001320,SCE,자본변동표,dart_EquityAtBeginningOfPeriod,기초자본,자본 [구성요소]|지배기업의 소유주에게 귀속되는 지분 [구성요소]|주식발행초과금 [구성요소],598172192205,제 7 기,2025,KRW,,598172192205,제 8 기,,,3,11011,fnlttSinglAcntAll,,598172192205,제 9 기
orion,Orion,01238169,271560,KRW,FY2025,2025,11011,Annual report,20260318001320,SCE,자본변동표,dart_IncreaseDecreaseThroughChangesInAccountingPolicies,회계정책변경에 따른 증가(감소),자본 [구성요소]|지배기업의 소유주에게 귀속되는 지분 [구성요소],0,제 7 기,2025,KRW,,,제 8 기,,,4,11011,fnlttSinglAcntAll,,,제 9 기
orion,Orion,01238169,271560,KRW,FY2025,2025,11011,Annual report,20260318001320,SCE,자본변동표,-표준계정코드 미사용-,수정후 기초자본,연결재무제표 [member],2639228832700,제 7 기,2025,KRW,,2955476949348,제 8 기,,,5,11011,fnlttSinglAcntAll,,3574045867619,제 9 기
orion,Orion,01238169,271560,KRW,FY2025,2025,11011,Annual report,20260318001320,SCE,자본변동표,-표준계정코드 미사용-,수정후 기초자본,자본 [구성요소]|비지배지분 [구성요소],85445992237,제 7 기,2025,KRW,,93077359503,제 8 기,,,5,11011,fnlttSinglAcntAll,,102810459437,제 9 기
orion,Orion,01238169,271560,KRW,FY2025,2025,11011,Annual report,20260318001320,SCE,자본변동표,-표준계정코드 미사용-,수정후 기초자본,자본 [구성요소]|지배기업의 소유주에게 귀속되는 지분 [구성요소],2553782840463,제 7 기,2025,KRW,,2862399589845,제 8 기,,,5,11011,fnlttSinglAcntAll,,3471235408182,제 9 기
orion,Orion,01238169,271560,KRW,FY2025,2025,11011,Annual report,20260318001320,SCE,자본변동표,-표준계정코드 미사용-,수정후 기초자본,자본 [구성요소]|지배기업의 소유주에게 귀속되는 지분 [구성요소]|기타자본구성요소 [구성요소],718196486763,제 7 기,2025,KRW,,684882469455,제 8 기,,,5,11011,fnlttSinglAcntAll,,821232516093,제 9 기
orion,Orion,01238169,271560,KRW,FY2025,2025,11011,Annual report,20260318001320,SCE,자본변동표,-표준계정코드 미사용-,수정후 기초자본,자본 [구성요소]|지배기업의 소유주에게 귀속되는 지분 [구성요소]|미처분이익잉여금(미처리결손금) [구성요소],962982145619,제 7 기,2025,KRW,,1227905259917,제 8 기,,,5,11011,fnlttSinglAcntAll,,1504356610183,제 9 기
orion,Orion,01238169,271560,KRW,FY2025,2025,11011,Annual report,20260318001320,SCE,자본변동표,-표준계정코드 미사용-,수정후 기초자본,자본 [구성요소]|지배기업의 소유주에게 귀속되는 지분 [구성요소]|자기주식 [구성요소],-604361381,제 7 기,2025,KRW,,-604361381,제 8 기,,,5,11011,fnlttSinglAcntAll,,-604361381,제 9 기
orion,Orion,01238169,271560,KRW,FY2025,2025,11011,Annual report,20260318001320,SCE,자본변동표,-표준계정코드 미사용-,수정후 기초자본,자본 [구성요소]|지배기업의 소유주에게 귀속되는 지분 [구성요소]|자본금 [구성요소],19768066000,제 7 기,2025,KRW,,19768066000,제 8 기,,,5,11011,fnlttSinglAcntAll,,19768066000,제 9 기
orion,Orion,01238169,271560,KRW,FY2025,2025,11011,Annual report,20260318001320,SCE,자본변동표,-표준계정코드 미사용-,수정후 기초자본,자본 [구성요소]|지배기업의 소유주에게 귀속되는 지분 [구성요소]|적립금 [구성요소],255268311257,제 7 기,2025,KRW,,332275963649,제 8 기,,,5,11011,fnlttSinglAcntAll,,528310385082,제 9 기
orion,Orion,01238169,271560,KRW,FY2025,2025,11011,Annual report,20260318001320,SCE,자본변동표,-표준계정코드 미사용-,수정후 기초자본,자본 [구성요소]|지배기업의 소유주에게 귀속되는 지분 [구성요소]|주식발행초과금 [구성요소],598172192205,제 7 기,2025,KRW,,598172192205,제 8 기,,,5,11011,fnlttSinglAcntAll,,598172192205,제 9 기
orion,Orion,01238169,271560,KRW,FY2025,2025,11011,Annual report,20260318001320,SCE,자본변동표,-표준계정코드 미사용-,종속기업 및 관계기업의 사업결합에 따른 변동,연결재무제표 [member],0,제 7 기,2025,KRW,,,제 8 기,,,6,11011,fnlttSinglAcntAll,,-15218673495,제 9 기
orion,Orion,01238169,271560,KRW,FY2025,2025,11011,Annual report,20260318001320,SCE,자본변동표,-표준계정코드 미사용-,종속기업 및 관계기업의 사업결합에 따른 변동,자본 [구성요소]|비지배지분 [구성요소],0,제 7 기,2025,KRW,,0,제 8 기,,,6,11011,fnlttSinglAcntAll,,-727546745,제 9 기
orion,Orion,01238169,271560,KRW,FY2025,2025,11011,Annual report,20260318001320,SCE,자본변동표,-표준계정코드 미사용-,종속기업 및 관계기업의 사업결합에 따른 변동,자본 [구성요소]|지배기업의 소유주에게 귀속되는 지분 [구성요소],0,제 7 기,2025,KRW,,0,제 8 기,,,6,11011,fnlttSinglAcntAll,,-14491126750,제 9 기
orion,Orion,01238169,271560,KRW,FY2025,2025,11011,Annual report,20260318001320,SCE,자본변동표,-표준계정코드 미사용-,종속기업 및 관계기업의 사업결합에 따른 변동,자본 [구성요소]|지배기업의 소유주에게 귀속되는 지분 [구성요소]|기타자본구성요소 [구성요소],0,제 7 기,2025,KRW,,0,제 8 기,,,6,11011,fnlttSinglAcntAll,,-14491126750,제 9 기
orion,Orion,01238169,271560,KRW,FY2025,2025,11011,Annual report,20260318001320,SCE,자본변동표,-표준계정코드 미사용-,종속기업 및 관계기업의 사업결합에 따른 변동,자본 [구성요소]|지배기업의 소유주에게 귀속되는 지분 [구성요소]|미처분이익잉여금(미처리결손금) [구성요소],0,제 7 기,2025,KRW,,0,제 8 기,,,6,11011,fnlttSinglAcntAll,,0,제 9 기
orion,Orion,01238169,271560,KRW,FY2025,2025,11011,Annual report,20260318001320,SCE,자본변동표,-표준계정코드 미사용-,종속기업 및 관계기업의 사업결합에 따른 변동,자본 [구성요소]|지배기업의 소유주에게 귀속되는 지분 [구성요소]|자기주식 [구성요소],0,제 7 기,2025,KRW,,0,제 8 기,,,6,11011,fnlttSinglAcntAll,,0,제 9 기
orion,Orion,01238169,271560,KRW,FY2025,2025,11011,Annual report,20260318001320,SCE,자본변동표,-표준계정코드 미사용-,종속기업 및 관계기업의 사업결합에 따른 변동,자본 [구성요소]|지배기업의 소유주에게 귀속되는 지분 [구성요소]|자본금 [구성요소],0,제 7 기,2025,KRW,,0,제 8 기,,,6,11011,fnlttSinglAcntAll,,0,제 9 기
orion,Orion,01238169,271560,KRW,FY2025,2025,11011,Annual report,20260318001320,SCE,자본변동표,-표준계정코드 미사용-,종속기업 및 관계기업의 사업결합에 따른 변동,자본 [구성요소]|지배기업의 소유주에게 귀속되는 지분 [구성요소]|적립금 [구성요소],0,제 7 기,2025,KRW,,0,제 8 기,,,6,11011,fnlttSinglAcntAll,,0,제 9 기
orion,Orion,01238169,271560,KRW,FY2025,2025,11011,Annual report,20260318001320,SCE,자본변동표,-표준계정코드 미사용-,종속기업 및 관계기업의 사업결합에 따른 변동,자본 [구성요소]|지배기업의 소유주에게 귀속되는 지분 [구성요소]|주식발행초과금 [구성요소],0,제 7 기,2025,KRW,,0,제 8 기,,,6,11011,fnlttSinglAcntAll,,0,제 9 기
orion,Orion,01238169,271560,KRW,FY2025,2025,11011,Annual report,20260318001320,SCE,자본변동표,-표준계정코드 미사용-,법정적립금 전입,연결재무제표 [member],0,제 7 기,2025,KRW,,0,제 8 기,,,7,11011,fnlttSinglAcntAll,,0,제 9 기
orion,Orion,01238169,271560,KRW,FY2025,2025,11011,Annual report,20260318001320,SCE,자본변동표,-표준계정코드 미사용-,법정적립금 전입,자본 [구성요소]|비지배지분 [구성요소],0,제 7 기,2025,KRW,,0,제 8 기,,,7,11011,fnlttSinglAcntAll,,0,제 9 기
orion,Orion,01238169,271560,KRW,FY2025,2025,11011,Annual report,20260318001320,SCE,자본변동표,-표준계정코드 미사용-,법정적립금 전입,자본 [구성요소]|지배기업의 소유주에게 귀속되는 지분 [구성요소],0,제 7 기,2025,KRW,,0,제 8 기,,,7,11011,fnlttSinglAcntAll,,0,제 9 기
orion,Orion,01238169,271560,KRW,FY2025,2025,11011,Annual report,20260318001320,SCE,자본변동표,-표준계정코드 미사용-,법정적립금 전입,자본 [구성요소]|지배기업의 소유주에게 귀속되는 지분 [구성요소]|기타자본구성요소 [구성요소],0,제 7 기,2025,KRW,,0,제 8 기,,,7,11011,fnlttSinglAcntAll,,0,제 9 기
orion,Orion,01238169,271560,KRW,FY2025,2025,11011,Annual report,20260318001320,SCE,자본변동표,-표준계정코드 미사용-,법정적립금 전입,자본 [구성요소]|지배기업의 소유주에게 귀속되는 지분 [구성요소]|미처분이익잉여금(미처리결손금) [구성요소],-2034469621,제 7 기,2025,KRW,,-4662323948,제 8 기,,,7,11011,fnlttSinglAcntAll,,-1927073707,제 9 기
orion,Orion,01238169,271560,KRW,FY2025,2025,11011,Annual report,20260318001320,SCE,자본변동표,-표준계정코드 미사용-,법정적립금 전입,자본 [구성요소]|지배기업의 소유주에게 귀속되는 지분 [구성요소]|자기주식 [구성요소],0,제 7 기,2025,KRW,,0,제 8 기,,,7,11011,fnlttSinglAcntAll,,0,제 9 기
orion,Orion,01238169,271560,KRW,FY2025,2025,11011,Annual report,20260318001320,SCE,자본변동표,-표준계정코드 미사용-,법정적립금 전입,자본 [구성요소]|지배기업의 소유주에게 귀속되는 지분 [구성요소]|자본금 [구성요소],0,제 7 기,2025,KRW,,0,제 8 기,,,7,11011,fnlttSinglAcntAll,,0,제 9 기
orion,Orion,01238169,271560,KRW,FY2025,2025,11011,Annual report,20260318001320,SCE,자본변동표,-표준계정코드 미사용-,법정적립금 전입,자본 [구성요소]|지배기업의 소유주에게 귀속되는 지분 [구성요소]|적립금 [구성요소],2034469621,제 7 기,2025,KRW,,4662323948,제 8 기,,,7,11011,fnlttSinglAcntAll,,1927073707,제 9 기
orion,Orion,01238169,271560,KRW,FY2025,2025,11011,Annual report,20260318001320,SCE,자본변동표,-표준계정코드 미사용-,법정적립금 전입,자본 [구성요소]|지배기업의 소유주에게 귀속되는 지분 [구성요소]|주식발행초과금 [구성요소],0,제 7 기,2025,KRW,,0,제 8 기,,,7,11011,fnlttSinglAcntAll,,0,제 9 기
orion,Orion,01238169,271560,KRW,FY2025,2025,11011,Annual report,20260318001320,SCE,자본변동표,-표준계정코드 미사용-,임의적립금 전입,연결재무제표 [member],0,제 7 기,2025,KRW,,0,제 8 기,,,8,11011,fnlttSinglAcntAll,,0,제 9 기
orion,Orion,01238169,271560,KRW,FY2025,2025,11011,Annual report,20260318001320,SCE,자본변동표,-표준계정코드 미사용-,임의적립금 전입,자본 [구성요소]|비지배지분 [구성요소],0,제 7 기,2025,KRW,,0,제 8 기,,,8,11011,fnlttSinglAcntAll,,0,제 9 기
orion,Orion,01238169,271560,KRW,FY2025,2025,11011,Annual report,20260318001320,SCE,자본변동표,-표준계정코드 미사용-,임의적립금 전입,자본 [구성요소]|지배기업의 소유주에게 귀속되는 지분 [구성요소],0,제 7 기,2025,KRW,,0,제 8 기,,,8,11011,fnlttSinglAcntAll,,0,제 9 기
orion,Orion,01238169,271560,KRW,FY2025,2025,11011,Annual report,20260318001320,SCE,자본변동표,-표준계정코드 미사용-,임의적립금 전입,자본 [구성요소]|지배기업의 소유주에게 귀속되는 지분 [구성요소]|기타자본구성요소 [구성요소],0,제 7 기,2025,KRW,,0,제 8 기,,,8,11011,fnlttSinglAcntAll,,0,제 9 기
orion,Orion,01238169,271560,KRW,FY2025,2025,11011,Annual report,20260318001320,SCE,자본변동표,-표준계정코드 미사용-,임의적립금 전입,자본 [구성요소]|지배기업의 소유주에게 귀속되는 지분 [구성요소]|미처분이익잉여금(미처리결손금) [구성요소],-74973182771,제 7 기,2025,KRW,,-191372097485,제 8 기,,,8,11011,fnlttSinglAcntAll,,-253912151748,제 9 기
orion,Orion,01238169,271560,KRW,FY2025,2025,11011,Annual report,20260318001320,SCE,자본변동표,-표준계정코드 미사용-,임의적립금 전입,자본 [구성요소]|지배기업의 소유주에게 귀속되는 지분 [구성요소]|자기주식 [구성요소],0,제 7 기,2025,KRW,,0,제 8 기,,,8,11011,fnlttSinglAcntAll,,0,제 9 기
orion,Orion,01238169,271560,KRW,FY2025,2025,11011,Annual report,20260318001320,SCE,자본변동표,-표준계정코드 미사용-,임의적립금 전입,자본 [구성요소]|지배기업의 소유주에게 귀속되는 지분 [구성요소]|자본금 [구성요소],0,제 7 기,2025,KRW,,0,제 8 기,,,8,11011,fnlttSinglAcntAll,,0,제 9 기
orion,Orion,01238169,271560,KRW,FY2025,2025,11011,Annual report,20260318001320,SCE,자본변동표,-표준계정코드 미사용-,임의적립금 전입,자본 [구성요소]|지배기업의 소유주에게 귀속되는 지분 [구성요소]|적립금 [구성요소],74973182771,제 7 기,2025,KRW,,191372097485,제 8 기,,,8,11011,fnlttSinglAcntAll,,253912151748,제 9 기
orion,Orion,01238169,271560,KRW,FY2025,2025,11011,Annual report,20260318001320,SCE,자본변동표,-표준계정코드 미사용-,임의적립금 전입,자본 [구성요소]|지배기업의 소유주에게 귀속되는 지분 [구성요소]|주식발행초과금 [구성요소],0,제 7 기,2025,KRW,,0,제 8 기,,,8,11011,fnlttSinglAcntAll,,0,제 9 기
orion,Orion,01238169,271560,KRW,FY2025,2025,11011,Annual report,20260318001320,SCE,자본변동표,ifrs-full_ComprehensiveIncome,총포괄손익,연결재무제표 [member],353800465248,제 7 기,2025,KRW,,674805577890,제 8 기,,,9,11011,fnlttSinglAcntAll,,459572709386,제 9 기
orion,Orion,01238169,271560,KRW,FY2025,2025,11011,Annual report,20260318001320,SCE,자본변동표,ifrs-full_ComprehensiveIncome,총포괄손익,자본 [구성요소]|비지배지분 [구성요소],7631367266,제 7 기,2025,KRW,,16558774553,제 8 기,,,9,11011,fnlttSinglAcntAll,,8831622857,제 9 기
orion,Orion,01238169,271560,KRW,FY2025,2025,11011,Annual report,20260318001320,SCE,자본변동표,ifrs-full_ComprehensiveIncome,총포괄손익,자본 [구성요소]|지배기업의 소유주에게 귀속되는 지분 [구성요소],346169097982,제 7 기,2025,KRW,,658246803337,제 8 기,,,9,11011,fnlttSinglAcntAll,,450741086529,제 9 기
orion,Orion,01238169,271560,KRW,FY2025,2025,11011,Annual report,20260318001320,SCE,자본변동표,ifrs-full_ComprehensiveIncome,총포괄손익,자본 [구성요소]|지배기업의 소유주에게 귀속되는 지분 [구성요소]|기타자본구성요소 [구성요소],-33314017308,제 7 기,2025,KRW,,136350046638,제 8 기,,,9,11011,fnlttSinglAcntAll,,67464202943,제 9 기
orion,Orion,01238169,271560,KRW,FY2025,2025,11011,Annual report,20260318001320,SCE,자본변동표,ifrs-full_ComprehensiveIncome,총포괄손익,자본 [구성요소]|지배기업의 소유주에게 귀속되는 지분 [구성요소]|미처분이익잉여금(미처리결손금) [구성요소],379483115290,제 7 기,2025,KRW,,521896756699,제 8 기,,,9,11011,fnlttSinglAcntAll,,383276883586,제 9 기
orion,Orion,01238169,271560,KRW,FY2025,2025,11011,Annual report,20260318001320,SCE,자본변동표,ifrs-full_ComprehensiveIncome,총포괄손익,자본 [구성요소]|지배기업의 소유주에게 귀속되는 지분 [구성요소]|자기주식 [구성요소],0,제 7 기,2025,KRW,,0,제 8 기,,,9,11011,fnlttSinglAcntAll,,0,제 9 기
orion,Orion,01238169,271560,KRW,FY2025,2025,11011,Annual report,20260318001320,SCE,자본변동표,ifrs-full_ComprehensiveIncome,총포괄손익,자본 [구성요소]|지배기업의 소유주에게 귀속되는 지분 [구성요소]|자본금 [구성요소],0,제 7 기,2025,KRW,,0,제 8 기,,,9,11011,fnlttSinglAcntAll,,0,제 9 기
orion,Orion,01238169,271560,KRW,FY2025,2025,11011,Annual report,20260318001320,SCE,자본변동표,ifrs-full_ComprehensiveIncome,총포괄손익,자본 [구성요소]|지배기업의 소유주에게 귀속되는 지분 [구성요소]|적립금 [구성요소],0,제 7 기,2025,KRW,,0,제 8 기,,,9,11011,fnlttSinglAcntAll,,0,제 9 기
orion,Orion,01238169,271560,KRW,FY2025,2025,11011,Annual report,20260318001320,SCE,자본변동표,ifrs-full_ComprehensiveIncome,총포괄손익,자본 [구성요소]|지배기업의 소유주에게 귀속되는 지분 [구성요소]|주식발행초과금 [구성요소],0,제 7 기,2025,KRW,,0,제 8 기,,,9,11011,fnlttSinglAcntAll,,0,제 9 기
orion,Orion,01238169,271560,KRW,FY2025,2025,11011,Annual report,20260318001320,SCE,자본변동표,ifrs-full_DividendsPaid,소유주에 대한 배분으로 인식된 배당금,연결재무제표 [member],37552348600,제 7 기,2025,KRW,,56236659619,제 8 기,,,10,11011,fnlttSinglAcntAll,,106192802161,제 9 기
orion,Orion,01238169,271560,KRW,FY2025,2025,11011,Annual report,20260318001320,SCE,자본변동표,ifrs-full_DividendsPaid,소유주에 대한 배분으로 인식된 배당금,자본 [구성요소]|비지배지분 [구성요소],0,제 7 기,2025,KRW,,6825674619,제 8 기,,,10,11011,fnlttSinglAcntAll,,7370832161,제 9 기
orion,Orion,01238169,271560,KRW,FY2025,2025,11011,Annual report,20260318001320,SCE,자본변동표,ifrs-full_DividendsPaid,소유주에 대한 배분으로 인식된 배당금,자본 [구성요소]|지배기업의 소유주에게 귀속되는 지분 [구성요소],37552348600,제 7 기,2025,KRW,,49410985000,제 8 기,,,10,11011,fnlttSinglAcntAll,,98821970000,제 9 기
orion,Orion,01238169,271560,KRW,FY2025,2025,11011,Annual report,20260318001320,SCE,자본변동표,ifrs-full_DividendsPaid,소유주에 대한 배분으로 인식된 배당금,자본 [구성요소]|지배기업의 소유주에게 귀속되는 지분 [구성요소]|기타자본구성요소 [구성요소],0,제 7 기,2025,KRW,,0,제 8 기,,,10,11011,fnlttSinglAcntAll,,0,제 9 기
orion,Orion,01238169,271560,KRW,FY2025,2025,11011,Annual report,20260318001320,SCE,자본변동표,ifrs-full_DividendsPaid,소유주에 대한 배분으로 인식된 배당금,자본 [구성요소]|지배기업의 소유주에게 귀속되는 지분 [구성요소]|미처분이익잉여금(미처리결손금) [구성요소],37552348600,제 7 기,2025,KRW,,49410985000,제 8 기,,,10,11011,fnlttSinglAcntAll,,98821970000,제 9 기
orion,Orion,01238169,271560,KRW,FY2025,2025,11011,Annual report,20260318001320,SCE,자본변동표,ifrs-full_DividendsPaid,소유주에 대한 배분으로 인식된 배당금,자본 [구성요소]|지배기업의 소유주에게 귀속되는 지분 [구성요소]|자기주식 [구성요소],0,제 7 기,2025,KRW,,0,제 8 기,,,10,11011,fnlttSinglAcntAll,,0,제 9 기
orion,Orion,01238169,271560,KRW,FY2025,2025,11011,Annual report,20260318001320,SCE,자본변동표,ifrs-full_DividendsPaid,소유주에 대한 배분으로 인식된 배당금,자본 [구성요소]|지배기업의 소유주에게 귀속되는 지분 [구성요소]|자본금 [구성요소],0,제 7 기,2025,KRW,,0,제 8 기,,,10,11011,fnlttSinglAcntAll,,0,제 9 기
orion,Orion,01238169,271560,KRW,FY2025,2025,11011,Annual report,20260318001320,SCE,자본변동표,ifrs-full_DividendsPaid,소유주에 대한 배분으로 인식된 배당금,자본 [구성요소]|지배기업의 소유주에게 귀속되는 지분 [구성요소]|적립금 [구성요소],0,제 7 기,2025,KRW,,0,제 8 기,,,10,11011,fnlttSinglAcntAll,,0,제 9 기
orion,Orion,01238169,271560,KRW,FY2025,2025,11011,Annual report,20260318001320,SCE,자본변동표,ifrs-full_DividendsPaid,소유주에 대한 배분으로 인식된 배당금,자본 [구성요소]|지배기업의 소유주에게 귀속되는 지분 [구성요소]|주식발행초과금 [구성요소],0,제 7 기,2025,KRW,,0,제 8 기,,,10,11011,fnlttSinglAcntAll,,0,제 9 기
orion,Orion,01238169,271560,KRW,FY2025,2025,11011,Annual report,20260318001320,SCE,자본변동표,ifrs-full_Equity,자본총계,연결재무제표 [member],2955476949348,제 7 기,2025,KRW,,3574045867619,제 8 기,,,11,11011,fnlttSinglAcntAll,,3912207101349,제 9 기
orion,Orion,01238169,271560,KRW,FY2025,2025,11011,Annual report,20260318001320,SCE,자본변동표,ifrs-full_Equity,자본총계,자본 [구성요소]|비지배지분 [구성요소],93077359503,제 7 기,2025,KRW,,102810459437,제 8 기,,,11,11011,fnlttSinglAcntAll,,103543703388,제 9 기
orion,Orion,01238169,271560,KRW,FY2025,2025,11011,Annual report,20260318001320,SCE,자본변동표,ifrs-full_Equity,자본총계,자본 [구성요소]|지배기업의 소유주에게 귀속되는 지분 [구성요소],2862399589845,제 7 기,2025,KRW,,3471235408182,제 8 기,,,11,11011,fnlttSinglAcntAll,,3808663397961,제 9 기
orion,Orion,01238169,271560,KRW,FY2025,2025,11011,Annual report,20260318001320,SCE,자본변동표,ifrs-full_Equity,자본총계,자본 [구성요소]|지배기업의 소유주에게 귀속되는 지분 [구성요소]|기타자본구성요소 [구성요소],684882469455,제 7 기,2025,KRW,,821232516093,제 8 기,,,11,11011,fnlttSinglAcntAll,,874205592286,제 9 기
orion,Orion,01238169,271560,KRW,FY2025,2025,11011,Annual report,20260318001320,SCE,자본변동표,ifrs-full_Equity,자본총계,자본 [구성요소]|지배기업의 소유주에게 귀속되는 지분 [구성요소]|미처분이익잉여금(미처리결손금) [구성요소],1227905259917,제 7 기,2025,KRW,,1504356610183,제 8 기,,,11,11011,fnlttSinglAcntAll,,1532972298314,제 9 기
orion,Orion,01238169,271560,KRW,FY2025,2025,11011,Annual report,20260318001320,SCE,자본변동표,ifrs-full_Equity,자본총계,자본 [구성요소]|지배기업의 소유주에게 귀속되는 지분 [구성요소]|자기주식 [구성요소],-604361381,제 7 기,2025,KRW,,-604361381,제 8 기,,,11,11011,fnlttSinglAcntAll,,-604361381,제 9 기
orion,Orion,01238169,271560,KRW,FY2025,2025,11011,Annual report,20260318001320,SCE,자본변동표,ifrs-full_Equity,자본총계,자본 [구성요소]|지배기업의 소유주에게 귀속되는 지분 [구성요소]|자본금 [구성요소],19768066000,제 7 기,2025,KRW,,19768066000,제 8 기,,,11,11011,fnlttSinglAcntAll,,19768066000,제 9 기
orion,Orion,01238169,271560,KRW,FY2025,2025,11011,Annual report,20260318001320,SCE,자본변동표,ifrs-full_Equity,자본총계,자본 [구성요소]|지배기업의 소유주에게 귀속되는 지분 [구성요소]|적립금 [구성요소],332275963649,제 7 기,2025,KRW,,528310385082,제 8 기,,,11,11011,fnlttSinglAcntAll,,784149610537,제 9 기
orion,Orion,01238169,271560,KRW,FY2025,2025,11011,Annual report,20260318001320,SCE,자본변동표,ifrs-full_Equity,자본총계,자본 [구성요소]|지배기업의 소유주에게 귀속되는 지분 [구성요소]|주식발행초과금 [구성요소],598172192205,제 7 기,2025,KRW,,598172192205,제 8 기,,,11,11011,fnlttSinglAcntAll,,598172192205,제 9 기
orion,Orion,01238169,271560,KRW,FY2025,2025,11011,Annual report,20260318001320,SCE,자본변동표,ifrs-full_IncreaseDecreaseThroughTransactionsWithOwners,소유주와의 거래 합계,연결재무제표 [member],-37552348600,제 7 기,2025,KRW,,-56236659619,제 8 기,,,12,11011,fnlttSinglAcntAll,,-121411475656,제 9 기
orion,Orion,01238169,271560,KRW,FY2025,2025,11011,Annual report,20260318001320,SCE,자본변동표,ifrs-full_IncreaseDecreaseThroughTransactionsWithOwners,소유주와의 거래 합계,자본 [구성요소]|비지배지분 [구성요소],0,제 7 기,2025,KRW,,-6825674619,제 8 기,,,12,11011,fnlttSinglAcntAll,,-8098378906,제 9 기
orion,Orion,01238169,271560,KRW,FY2025,2025,11011,Annual report,20260318001320,SCE,자본변동표,ifrs-full_IncreaseDecreaseThroughTransactionsWithOwners,소유주와의 거래 합계,자본 [구성요소]|지배기업의 소유주에게 귀속되는 지분 [구성요소],-37552348600,제 7 기,2025,KRW,,-49410985000,제 8 기,,,12,11011,fnlttSinglAcntAll,,-113313096750,제 9 기
orion,Orion,01238169,271560,KRW,FY2025,2025,11011,Annual report,20260318001320,SCE,자본변동표,ifrs-full_IncreaseDecreaseThroughTransactionsWithOwners,소유주와의 거래 합계,자본 [구성요소]|지배기업의 소유주에게 귀속되는 지분 [구성요소]|기타자본구성요소 [구성요소],0,제 7 기,2025,KRW,,0,제 8 기,,,12,11011,fnlttSinglAcntAll,,-14491126750,제 9 기
orion,Orion,01238169,271560,KRW,FY2025,2025,11011,Annual report,20260318001320,SCE,자본변동표,ifrs-full_IncreaseDecreaseThroughTransactionsWithOwners,소유주와의 거래 합계,자본 [구성요소]|지배기업의 소유주에게 귀속되는 지분 [구성요소]|미처분이익잉여금(미처리결손금) [구성요소],-114560000992,제 7 기,2025,KRW,,-245445406433,제 8 기,,,12,11011,fnlttSinglAcntAll,,-354661195455,제 9 기
orion,Orion,01238169,271560,KRW,FY2025,2025,11011,Annual report,20260318001320,SCE,자본변동표,ifrs-full_IncreaseDecreaseThroughTransactionsWithOwners,소유주와의 거래 합계,자본 [구성요소]|지배기업의 소유주에게 귀속되는 지분 [구성요소]|자기주식 [구성요소],0,제 7 기,2025,KRW,,0,제 8 기,,,12,11011,fnlttSinglAcntAll,,0,제 9 기
orion,Orion,01238169,271560,KRW,FY2025,2025,11011,Annual report,20260318001320,SCE,자본변동표,ifrs-full_IncreaseDecreaseThroughTransactionsWithOwners,소유주와의 거래 합계,자본 [구성요소]|지배기업의 소유주에게 귀속되는 지분 [구성요소]|자본금 [구성요소],0,제 7 기,2025,KRW,,0,제 8 기,,,12,11011,fnlttSinglAcntAll,,0,제 9 기
orion,Orion,01238169,271560,KRW,FY2025,2025,11011,Annual report,20260318001320,SCE,자본변동표,ifrs-full_IncreaseDecreaseThroughTransactionsWithOwners,소유주와의 거래 합계,자본 [구성요소]|지배기업의 소유주에게 귀속되는 지분 [구성요소]|적립금 [구성요소],77007652392,제 7 기,2025,KRW,,196034421433,제 8 기,,,12,11011,fnlttSinglAcntAll,,255839225455,제 9 기
orion,Orion,01238169,271560,KRW,FY2025,2025,11011,Annual report,20260318001320,SCE,자본변동표,ifrs-full_IncreaseDecreaseThroughTransactionsWithOwners,소유주와의 거래 합계,자본 [구성요소]|지배기업의 소유주에게 귀속되는 지분 [구성요소]|주식발행초과금 [구성요소],0,제 7 기,2025,KRW,,0,제 8 기,,,12,11011,fnlttSinglAcntAll,,0,제 9 기
orion,Orion,01238169,271560,KRW,FY2025,2025,11011,Annual report,20260318001320,SCE,자본변동표,ifrs-full_OtherComprehensiveIncome,기타포괄손익,연결재무제표 [member],-31181490001,제 7 기,2025,KRW,,141576025468,제 8 기,,,13,11011,fnlttSinglAcntAll,,68975146212,제 9 기
orion,Orion,01238169,271560,KRW,FY2025,2025,11011,Annual report,20260318001320,SCE,자본변동표,ifrs-full_OtherComprehensiveIncome,기타포괄손익,자본 [구성요소]|비지배지분 [구성요소],-704035247,제 7 기,2025,KRW,,7921790182,제 8 기,,,13,11011,fnlttSinglAcntAll,,939070657,제 9 기
orion,Orion,01238169,271560,KRW,FY2025,2025,11011,Annual report,20260318001320,SCE,자본변동표,ifrs-full_OtherComprehensiveIncome,기타포괄손익,자본 [구성요소]|지배기업의 소유주에게 귀속되는 지분 [구성요소],-30477454754,제 7 기,2025,KRW,,133654235286,제 8 기,,,13,11011,fnlttSinglAcntAll,,68036075555,제 9 기
orion,Orion,01238169,271560,KRW,FY2025,2025,11011,Annual report,20260318001320,SCE,자본변동표,ifrs-full_OtherComprehensiveIncome,기타포괄손익,자본 [구성요소]|지배기업의 소유주에게 귀속되는 지분 [구성요소]|기타자본구성요소 [구성요소],-33314017308,제 7 기,2025,KRW,,136350046638,제 8 기,,,13,11011,fnlttSinglAcntAll,,67464202943,제 9 기
orion,Orion,01238169,271560,KRW,FY2025,2025,11011,Annual report,20260318001320,SCE,자본변동표,ifrs-full_OtherComprehensiveIncome,기타포괄손익,자본 [구성요소]|지배기업의 소유주에게 귀속되는 지분 [구성요소]|미처분이익잉여금(미처리결손금) [구성요소],2836562554,제 7 기,2025,KRW,,-2695811352,제 8 기,,,13,11011,fnlttSinglAcntAll,,571872612,제 9 기
orion,Orion,01238169,271560,KRW,FY2025,2025,11011,Annual report,20260318001320,SCE,자본변동표,ifrs-full_OtherComprehensiveIncome,기타포괄손익,자본 [구성요소]|지배기업의 소유주에게 귀속되는 지분 [구성요소]|자기주식 [구성요소],0,제 7 기,2025,KRW,,0,제 8 기,,,13,11011,fnlttSinglAcntAll,,0,제 9 기
orion,Orion,01238169,271560,KRW,FY2025,2025,11011,Annual report,20260318001320,SCE,자본변동표,ifrs-full_OtherComprehensiveIncome,기타포괄손익,자본 [구성요소]|지배기업의 소유주에게 귀속되는 지분 [구성요소]|자본금 [구성요소],0,제 7 기,2025,KRW,,0,제 8 기,,,13,11011,fnlttSinglAcntAll,,0,제 9 기
orion,Orion,01238169,271560,KRW,FY2025,2025,11011,Annual report,20260318001320,SCE,자본변동표,ifrs-full_OtherComprehensiveIncome,기타포괄손익,자본 [구성요소]|지배기업의 소유주에게 귀속되는 지분 [구성요소]|적립금 [구성요소],0,제 7 기,2025,KRW,,0,제 8 기,,,13,11011,fnlttSinglAcntAll,,0,제 9 기
orion,Orion,01238169,271560,KRW,FY2025,2025,11011,Annual report,20260318001320,SCE,자본변동표,ifrs-full_OtherComprehensiveIncome,기타포괄손익,자본 [구성요소]|지배기업의 소유주에게 귀속되는 지분 [구성요소]|주식발행초과금 [구성요소],0,제 7 기,2025,KRW,,0,제 8 기,,,13,11011,fnlttSinglAcntAll,,0,제 9 기
orion,Orion,01238169,271560,KRW,FY2025,2025,11011,Annual report,20260318001320,SCE,자본변동표,dart_OtherComprehensiveIncomeNetOfTaxChangeInFairValueOfFinancialAssetsMeasuredAtFairValueThroughOtherComprehensiveIncome,기타포괄손익-공정가치측정금융자산평가손익,연결재무제표 [member],357370717,제 7 기,2025,KRW,,0,제 8 기,,,14,11011,fnlttSinglAcntAll,,-1122959205,제 9 기
orion,Orion,01238169,271560,KRW,FY2025,2025,11011,Annual report,20260318001320,SCE,자본변동표,dart_OtherComprehensiveIncomeNetOfTaxChangeInFairValueOfFinancialAssetsMeasuredAtFairValueThroughOtherComprehensiveIncome,기타포괄손익-공정가치측정금융자산평가손익,자본 [구성요소]|비지배지분 [구성요소],17323048,제 7 기,2025,KRW,,0,제 8 기,,,14,11011,fnlttSinglAcntAll,,-54433875,제 9 기
orion,Orion,01238169,271560,KRW,FY2025,2025,11011,Annual report,20260318001320,SCE,자본변동표,dart_OtherComprehensiveIncomeNetOfTaxChangeInFairValueOfFinancialAssetsMeasuredAtFairValueThroughOtherComprehensiveIncome,기타포괄손익-공정가치측정금융자산평가손익,자본 [구성요소]|지배기업의 소유주에게 귀속되는 지분 [구성요소],340047669,제 7 기,2025,KRW,,0,제 8 기,,,14,11011,fnlttSinglAcntAll,,-1068525330,제 9 기
orion,Orion,01238169,271560,KRW,FY2025,2025,11011,Annual report,20260318001320,SCE,자본변동표,dart_OtherComprehensiveIncomeNetOfTaxChangeInFairValueOfFinancialAssetsMeasuredAtFairValueThroughOtherComprehensiveIncome,기타포괄손익-공정가치측정금융자산평가손익,자본 [구성요소]|지배기업의 소유주에게 귀속되는 지분 [구성요소]|기타자본구성요소 [구성요소],340047669,제 7 기,2025,KRW,,0,제 8 기,,,14,11011,fnlttSinglAcntAll,,-1068525330,제 9 기
orion,Orion,01238169,271560,KRW,FY2025,2025,11011,Annual report,20260318001320,SCE,자본변동표,dart_OtherComprehensiveIncomeNetOfTaxChangeInFairValueOfFinancialAssetsMeasuredAtFairValueThroughOtherComprehensiveIncome,기타포괄손익-공정가치측정금융자산평가손익,자본 [구성요소]|지배기업의 소유주에게 귀속되는 지분 [구성요소]|미처분이익잉여금(미처리결손금) [구성요소],0,제 7 기,2025,KRW,,0,제 8 기,,,14,11011,fnlttSinglAcntAll,,0,제 9 기
orion,Orion,01238169,271560,KRW,FY2025,2025,11011,Annual report,20260318001320,SCE,자본변동표,dart_OtherComprehensiveIncomeNetOfTaxChangeInFairValueOfFinancialAssetsMeasuredAtFairValueThroughOtherComprehensiveIncome,기타포괄손익-공정가치측정금융자산평가손익,자본 [구성요소]|지배기업의 소유주에게 귀속되는 지분 [구성요소]|자기주식 [구성요소],0,제 7 기,2025,KRW,,0,제 8 기,,,14,11011,fnlttSinglAcntAll,,0,제 9 기
orion,Orion,01238169,271560,KRW,FY2025,2025,11011,Annual report,20260318001320,SCE,자본변동표,dart_OtherComprehensiveIncomeNetOfTaxChangeInFairValueOfFinancialAssetsMeasuredAtFairValueThroughOtherComprehensiveIncome,기타포괄손익-공정가치측정금융자산평가손익,자본 [구성요소]|지배기업의 소유주에게 귀속되는 지분 [구성요소]|자본금 [구성요소],0,제 7 기,2025,KRW,,0,제 8 기,,,14,11011,fnlttSinglAcntAll,,0,제 9 기
orion,Orion,01238169,271560,KRW,FY2025,2025,11011,Annual report,20260318001320,SCE,자본변동표,dart_OtherComprehensiveIncomeNetOfTaxChangeInFairValueOfFinancialAssetsMeasuredAtFairValueThroughOtherComprehensiveIncome,기타포괄손익-공정가치측정금융자산평가손익,자본 [구성요소]|지배기업의 소유주에게 귀속되는 지분 [구성요소]|적립금 [구성요소],0,제 7 기,2025,KRW,,0,제 8 기,,,14,11011,fnlttSinglAcntAll,,0,제 9 기
orion,Orion,01238169,271560,KRW,FY2025,2025,11011,Annual report,20260318001320,SCE,자본변동표,dart_OtherComprehensiveIncomeNetOfTaxChangeInFairValueOfFinancialAssetsMeasuredAtFairValueThroughOtherComprehensiveIncome,기타포괄손익-공정가치측정금융자산평가손익,자본 [구성요소]|지배기업의 소유주에게 귀속되는 지분 [구성요소]|주식발행초과금 [구성요소],0,제 7 기,2025,KRW,,0,제 8 기,,,14,11011,fnlttSinglAcntAll,,0,제 9 기
orion,Orion,01238169,271560,KRW,FY2025,2025,11011,Annual report,20260318001320,SCE,자본변동표,dart_TransferOfAmountRecognisedInOtherComprehensiveIncomeAndAccumulatedInEquityRelatingToDisposalOfInvestmentsInEquityInstruments,기타포괄손익지분증권처분이익잉여금대체,연결재무제표 [member],0,제 7 기,2025,KRW,,0,제 8 기,,,15,11011,fnlttSinglAcntAll,,0,제 9 기
orion,Orion,01238169,271560,KRW,FY2025,2025,11011,Annual report,20260318001320,SCE,자본변동표,dart_TransferOfAmountRecognisedInOtherComprehensiveIncomeAndAccumulatedInEquityRelatingToDisposalOfInvestmentsInEquityInstruments,기타포괄손익지분증권처분이익잉여금대체,자본 [구성요소]|비지배지분 [구성요소],0,제 7 기,2025,KRW,,0,제 8 기,,,15,11011,fnlttSinglAcntAll,,0,제 9 기
orion,Orion,01238169,271560,KRW,FY2025,2025,11011,Annual report,20260318001320,SCE,자본변동표,dart_TransferOfAmountRecognisedInOtherComprehensiveIncomeAndAccumulatedInEquityRelatingToDisposalOfInvestmentsInEquityInstruments,기타포괄손익지분증권처분이익잉여금대체,자본 [구성요소]|지배기업의 소유주에게 귀속되는 지분 [구성요소],0,제 7 기,2025,KRW,,0,제 8 기,,,15,11011,fnlttSinglAcntAll,,0,제 9 기
orion,Orion,01238169,271560,KRW,FY2025,2025,11011,Annual report,20260318001320,SCE,자본변동표,dart_TransferOfAmountRecognisedInOtherComprehensiveIncomeAndAccumulatedInEquityRelatingToDisposalOfInvestmentsInEquityInstruments,기타포괄손익지분증권처분이익잉여금대체,자본 [구성요소]|지배기업의 소유주에게 귀속되는 지분 [구성요소]|기타자본구성요소 [구성요소],-1713697798,제 7 기,2025,KRW,,0,제 8 기,,,15,11011,fnlttSinglAcntAll,,0,제 9 기
orion,Orion,01238169,271560,KRW,FY2025,2025,11011,Annual report,20260318001320,SCE,자본변동표,dart_TransferOfAmountRecognisedInOtherComprehensiveIncomeAndAccumulatedInEquityRelatingToDisposalOfInvestmentsInEquityInstruments,기타포괄손익지분증권처분이익잉여금대체,자본 [구성요소]|지배기업의 소유주에게 귀속되는 지분 [구성요소]|미처분이익잉여금(미처리결손금) [구성요소],1713697798,제 7 기,2025,KRW,,0,제 8 기,,,15,11011,fnlttSinglAcntAll,,0,제 9 기
orion,Orion,01238169,271560,KRW,FY2025,2025,11011,Annual report,20260318001320,SCE,자본변동표,dart_TransferOfAmountRecognisedInOtherComprehensiveIncomeAndAccumulatedInEquityRelatingToDisposalOfInvestmentsInEquityInstruments,기타포괄손익지분증권처분이익잉여금대체,자본 [구성요소]|지배기업의 소유주에게 귀속되는 지분 [구성요소]|자기주식 [구성요소],0,제 7 기,2025,KRW,,,제 8 기,,,15,11011,fnlttSinglAcntAll,,0,제 9 기
orion,Orion,01238169,271560,KRW,FY2025,2025,11011,Annual report,20260318001320,SCE,자본변동표,dart_TransferOfAmountRecognisedInOtherComprehensiveIncomeAndAccumulatedInEquityRelatingToDisposalOfInvestmentsInEquityInstruments,기타포괄손익지분증권처분이익잉여금대체,자본 [구성요소]|지배기업의 소유주에게 귀속되는 지분 [구성요소]|자본금 [구성요소],0,제 7 기,2025,KRW,,0,제 8 기,,,15,11011,fnlttSinglAcntAll,,0,제 9 기
orion,Orion,01238169,271560,KRW,FY2025,2025,11011,Annual report,20260318001320,SCE,자본변동표,dart_TransferOfAmountRecognisedInOtherComprehensiveIncomeAndAccumulatedInEquityRelatingToDisposalOfInvestmentsInEquityInstruments,기타포괄손익지분증권처분이익잉여금대체,자본 [구성요소]|지배기업의 소유주에게 귀속되는 지분 [구성요소]|적립금 [구성요소],0,제 7 기,2025,KRW,,0,제 8 기,,,15,11011,fnlttSinglAcntAll,,0,제 9 기
orion,Orion,01238169,271560,KRW,FY2025,2025,11011,Annual report,20260318001320,SCE,자본변동표,dart_TransferOfAmountRecognisedInOtherComprehensiveIncomeAndAccumulatedInEquityRelatingToDisposalOfInvestmentsInEquityInstruments,기타포괄손익지분증권처분이익잉여금대체,자본 [구성요소]|지배기업의 소유주에게 귀속되는 지분 [구성요소]|주식발행초과금 [구성요소],0,제 7 기,2025,KRW,,0,제 8 기,,,15,11011,fnlttSinglAcntAll,,0,제 9 기
orion,Orion,01238169,271560,KRW,FY2025,2025,11011,Annual report,20260318001320,SCE,자본변동표,ifrs-full_GainsLossesOnExchangeDifferencesOnTranslationNetOfTax,해외사업장환산외환차이(세후기타포괄손익),연결재무제표 [member],-32679056619,제 7 기,2025,KRW,,140520023757,제 8 기,,,16,11011,fnlttSinglAcntAll,,64265739883,제 9 기
orion,Orion,01238169,271560,KRW,FY2025,2025,11011,Annual report,20260318001320,SCE,자본변동표,ifrs-full_GainsLossesOnExchangeDifferencesOnTranslationNetOfTax,해외사업장환산외환차이(세후기타포괄손익),자본 [구성요소]|비지배지분 [구성요소],-721358295,제 7 기,2025,KRW,,7731709727,제 8 기,,,16,11011,fnlttSinglAcntAll,,761987722,제 9 기
orion,Orion,01238169,271560,KRW,FY2025,2025,11011,Annual report,20260318001320,SCE,자본변동표,ifrs-full_GainsLossesOnExchangeDifferencesOnTranslationNetOfTax,해외사업장환산외환차이(세후기타포괄손익),자본 [구성요소]|지배기업의 소유주에게 귀속되는 지분 [구성요소],-31957698324,제 7 기,2025,KRW,,132788314030,제 8 기,,,16,11011,fnlttSinglAcntAll,,63503752161,제 9 기
orion,Orion,01238169,271560,KRW,FY2025,2025,11011,Annual report,20260318001320,SCE,자본변동표,ifrs-full_GainsLossesOnExchangeDifferencesOnTranslationNetOfTax,해외사업장환산외환차이(세후기타포괄손익),자본 [구성요소]|지배기업의 소유주에게 귀속되는 지분 [구성요소]|기타자본구성요소 [구성요소],-31957698324,제 7 기,2025,KRW,,132788314030,제 8 기,,,16,11011,fnlttSinglAcntAll,,63503752161,제 9 기
orion,Orion,01238169,271560,KRW,FY2025,2025,11011,Annual report,20260318001320,SCE,자본변동표,ifrs-full_GainsLossesOnExchangeDifferencesOnTranslationNetOfTax,해외사업장환산외환차이(세후기타포괄손익),자본 [구성요소]|지배기업의 소유주에게 귀속되는 지분 [구성요소]|미처분이익잉여금(미처리결손금) [구성요소],0,제 7 기,2025,KRW,,0,제 8 기,,,16,11011,fnlttSinglAcntAll,,0,제 9 기
orion,Orion,01238169,271560,KRW,FY2025,2025,11011,Annual report,20260318001320,SCE,자본변동표,ifrs-full_GainsLossesOnExchangeDifferencesOnTranslationNetOfTax,해외사업장환산외환차이(세후기타포괄손익),자본 [구성요소]|지배기업의 소유주에게 귀속되는 지분 [구성요소]|자기주식 [구성요소],0,제 7 기,2025,KRW,,0,제 8 기,,,16,11011,fnlttSinglAcntAll,,0,제 9 기
orion,Orion,01238169,271560,KRW,FY2025,2025,11011,Annual report,20260318001320,SCE,자본변동표,ifrs-full_GainsLossesOnExchangeDifferencesOnTranslationNetOfTax,해외사업장환산외환차이(세후기타포괄손익),자본 [구성요소]|지배기업의 소유주에게 귀속되는 지분 [구성요소]|자본금 [구성요소],0,제 7 기,2025,KRW,,0,제 8 기,,,16,11011,fnlttSinglAcntAll,,0,제 9 기
orion,Orion,01238169,271560,KRW,FY2025,2025,11011,Annual report,20260318001320,SCE,자본변동표,ifrs-full_GainsLossesOnExchangeDifferencesOnTranslationNetOfTax,해외사업장환산외환차이(세후기타포괄손익),자본 [구성요소]|지배기업의 소유주에게 귀속되는 지분 [구성요소]|적립금 [구성요소],0,제 7 기,2025,KRW,,0,제 8 기,,,16,11011,fnlttSinglAcntAll,,0,제 9 기
orion,Orion,01238169,271560,KRW,FY2025,2025,11011,Annual report,20260318001320,SCE,자본변동표,ifrs-full_GainsLossesOnExchangeDifferencesOnTranslationNetOfTax,해외사업장환산외환차이(세후기타포괄손익),자본 [구성요소]|지배기업의 소유주에게 귀속되는 지분 [구성요소]|주식발행초과금 [구성요소],0,제 7 기,2025,KRW,,0,제 8 기,,,16,11011,fnlttSinglAcntAll,,0,제 9 기
orion,Orion,01238169,271560,KRW,FY2025,2025,11011,Annual report,20260318001320,SCE,자본변동표,ifrs-full_OtherComprehensiveIncomeNetOfTaxGainsLossesOnRemeasurementsOfDefinedBenefitPlans,확정급여제도의 재측정손익(세후기타포괄손익),연결재무제표 [member],1077239608,제 7 기,2025,KRW,,-2808086906,제 8 기,,,17,11011,fnlttSinglAcntAll,,1282134605,제 9 기
orion,Orion,01238169,271560,KRW,FY2025,2025,11011,Annual report,20260318001320,SCE,자본변동표,ifrs-full_OtherComprehensiveIncomeNetOfTaxGainsLossesOnRemeasurementsOfDefinedBenefitPlans,확정급여제도의 재측정손익(세후기타포괄손익),자본 [구성요소]|비지배지분 [구성요소],0,제 7 기,2025,KRW,,0,제 8 기,,,17,11011,fnlttSinglAcntAll,,0,제 9 기
orion,Orion,01238169,271560,KRW,FY2025,2025,11011,Annual report,20260318001320,SCE,자본변동표,ifrs-full_OtherComprehensiveIncomeNetOfTaxGainsLossesOnRemeasurementsOfDefinedBenefitPlans,확정급여제도의 재측정손익(세후기타포괄손익),자본 [구성요소]|지배기업의 소유주에게 귀속되는 지분 [구성요소],1077239608,제 7 기,2025,KRW,,-2808086906,제 8 기,,,17,11011,fnlttSinglAcntAll,,1282134605,제 9 기
orion,Orion,01238169,271560,KRW,FY2025,2025,11011,Annual report,20260318001320,SCE,자본변동표,ifrs-full_OtherComprehensiveIncomeNetOfTaxGainsLossesOnRemeasurementsOfDefinedBenefitPlans,확정급여제도의 재측정손익(세후기타포괄손익),자본 [구성요소]|지배기업의 소유주에게 귀속되는 지분 [구성요소]|기타자본구성요소 [구성요소],0,제 7 기,2025,KRW,,0,제 8 기,,,17,11011,fnlttSinglAcntAll,,0,제 9 기
orion,Orion,01238169,271560,KRW,FY2025,2025,11011,Annual report,20260318001320,SCE,자본변동표,ifrs-full_OtherComprehensiveIncomeNetOfTaxGainsLossesOnRemeasurementsOfDefinedBenefitPlans,확정급여제도의 재측정손익(세후기타포괄손익),자본 [구성요소]|지배기업의 소유주에게 귀속되는 지분 [구성요소]|미처분이익잉여금(미처리결손금) [구성요소],1077239608,제 7 기,2025,KRW,,-2808086906,제 8 기,,,17,11011,fnlttSinglAcntAll,,1282134605,제 9 기
orion,Orion,01238169,271560,KRW,FY2025,2025,11011,Annual report,20260318001320,SCE,자본변동표,ifrs-full_OtherComprehensiveIncomeNetOfTaxGainsLossesOnRemeasurementsOfDefinedBenefitPlans,확정급여제도의 재측정손익(세후기타포괄손익),자본 [구성요소]|지배기업의 소유주에게 귀속되는 지분 [구성요소]|자기주식 [구성요소],0,제 7 기,2025,KRW,,0,제 8 기,,,17,11011,fnlttSinglAcntAll,,0,제 9 기
orion,Orion,01238169,271560,KRW,FY2025,2025,11011,Annual report,20260318001320,SCE,자본변동표,ifrs-full_OtherComprehensiveIncomeNetOfTaxGainsLossesOnRemeasurementsOfDefinedBenefitPlans,확정급여제도의 재측정손익(세후기타포괄손익),자본 [구성요소]|지배기업의 소유주에게 귀속되는 지분 [구성요소]|자본금 [구성요소],0,제 7 기,2025,KRW,,0,제 8 기,,,17,11011,fnlttSinglAcntAll,,0,제 9 기
orion,Orion,01238169,271560,KRW,FY2025,2025,11011,Annual report,20260318001320,SCE,자본변동표,ifrs-full_OtherComprehensiveIncomeNetOfTaxGainsLossesOnRemeasurementsOfDefinedBenefitPlans,확정급여제도의 재측정손익(세후기타포괄손익),자본 [구성요소]|지배기업의 소유주에게 귀속되는 지분 [구성요소]|적립금 [구성요소],0,제 7 기,2025,KRW,,0,제 8 기,,,17,11011,fnlttSinglAcntAll,,0,제 9 기
orion,Orion,01238169,271560,KRW,FY2025,2025,11011,Annual report,20260318001320,SCE,자본변동표,ifrs-full_OtherComprehensiveIncomeNetOfTaxGainsLossesOnRemeasurementsOfDefinedBenefitPlans,확정급여제도의 재측정손익(세후기타포괄손익),자본 [구성요소]|지배기업의 소유주에게 귀속되는 지분 [구성요소]|주식발행초과금 [구성요소],0,제 7 기,2025,KRW,,0,제 8 기,,,17,11011,fnlttSinglAcntAll,,0,제 9 기
orion,Orion,01238169,271560,KRW,FY2025,2025,11011,Annual report,20260318001320,SCE,자본변동표,ifrs-full_ShareOfOtherComprehensiveIncomeOfAssociatesAndJointVenturesAccountedForUsingEquityMethod,지분법자본변동,연결재무제표 [member],17331145,제 7 기,2025,KRW,,3736791174,제 8 기,,,18,11011,fnlttSinglAcntAll,,506233202,제 9 기
orion,Orion,01238169,271560,KRW,FY2025,2025,11011,Annual report,20260318001320,SCE,자본변동표,ifrs-full_ShareOfOtherComprehensiveIncomeOfAssociatesAndJointVenturesAccountedForUsingEquityMethod,지분법자본변동,자본 [구성요소]|비지배지분 [구성요소],0,제 7 기,2025,KRW,,175058566,제 8 기,,,18,11011,fnlttSinglAcntAll,,30063415,제 9 기
orion,Orion,01238169,271560,KRW,FY2025,2025,11011,Annual report,20260318001320,SCE,자본변동표,ifrs-full_ShareOfOtherComprehensiveIncomeOfAssociatesAndJointVenturesAccountedForUsingEquityMethod,지분법자본변동,자본 [구성요소]|지배기업의 소유주에게 귀속되는 지분 [구성요소],17331145,제 7 기,2025,KRW,,3561732608,제 8 기,,,18,11011,fnlttSinglAcntAll,,476169787,제 9 기
orion,Orion,01238169,271560,KRW,FY2025,2025,11011,Annual report,20260318001320,SCE,자본변동표,ifrs-full_ShareOfOtherComprehensiveIncomeOfAssociatesAndJointVenturesAccountedForUsingEquityMethod,지분법자본변동,자본 [구성요소]|지배기업의 소유주에게 귀속되는 지분 [구성요소]|기타자본구성요소 [구성요소],17331145,제 7 기,2025,KRW,,3561732608,제 8 기,,,18,11011,fnlttSinglAcntAll,,476169787,제 9 기
orion,Orion,01238169,271560,KRW,FY2025,2025,11011,Annual report,20260318001320,SCE,자본변동표,ifrs-full_ShareOfOtherComprehensiveIncomeOfAssociatesAndJointVenturesAccountedForUsingEquityMethod,지분법자본변동,자본 [구성요소]|지배기업의 소유주에게 귀속되는 지분 [구성요소]|미처분이익잉여금(미처리결손금) [구성요소],0,제 7 기,2025,KRW,,0,제 8 기,,,18,11011,fnlttSinglAcntAll,,0,제 9 기
orion,Orion,01238169,271560,KRW,FY2025,2025,11011,Annual report,20260318001320,SCE,자본변동표,ifrs-full_ShareOfOtherComprehensiveIncomeOfAssociatesAndJointVenturesAccountedForUsingEquityMethod,지분법자본변동,자본 [구성요소]|지배기업의 소유주에게 귀속되는 지분 [구성요소]|자기주식 [구성요소],0,제 7 기,2025,KRW,,0,제 8 기,,,18,11011,fnlttSinglAcntAll,,0,제 9 기
orion,Orion,01238169,271560,KRW,FY2025,2025,11011,Annual report,20260318001320,SCE,자본변동표,ifrs-full_ShareOfOtherComprehensiveIncomeOfAssociatesAndJointVenturesAccountedForUsingEquityMethod,지분법자본변동,자본 [구성요소]|지배기업의 소유주에게 귀속되는 지분 [구성요소]|자본금 [구성요소],0,제 7 기,2025,KRW,,0,제 8 기,,,18,11011,fnlttSinglAcntAll,,0,제 9 기
orion,Orion,01238169,271560,KRW,FY2025,2025,11011,Annual report,20260318001320,SCE,자본변동표,ifrs-full_ShareOfOtherComprehensiveIncomeOfAssociatesAndJointVenturesAccountedForUsingEquityMethod,지분법자본변동,자본 [구성요소]|지배기업의 소유주에게 귀속되는 지분 [구성요소]|적립금 [구성요소],0,제 7 기,2025,KRW,,0,제 8 기,,,18,11011,fnlttSinglAcntAll,,0,제 9 기
orion,Orion,01238169,271560,KRW,FY2025,2025,11011,Annual report,20260318001320,SCE,자본변동표,ifrs-full_ShareOfOtherComprehensiveIncomeOfAssociatesAndJointVenturesAccountedForUsingEquityMethod,지분법자본변동,자본 [구성요소]|지배기업의 소유주에게 귀속되는 지분 [구성요소]|주식발행초과금 [구성요소],0,제 7 기,2025,KRW,,0,제 8 기,,,18,11011,fnlttSinglAcntAll,,0,제 9 기
orion,Orion,01238169,271560,KRW,FY2025,2025,11011,Annual report,20260318001320,SCE,자본변동표,ifrs-full_ShareOfOtherComprehensiveIncomeOfAssociatesAndJointVenturesAccountedForUsingEquityMethodThatWillBeReclassifiedToProfitOrLossNetOfTax,지분법 적용대상 관계기업과 공동기업의 기타포괄손익에 대한 지분(세후기타포괄손익),연결재무제표 [member],0,제 7 기,2025,KRW,,0,제 8 기,,,19,11011,fnlttSinglAcntAll,,4784739893,제 9 기
orion,Orion,01238169,271560,KRW,FY2025,2025,11011,Annual report,20260318001320,SCE,자본변동표,ifrs-full_ShareOfOtherComprehensiveIncomeOfAssociatesAndJointVenturesAccountedForUsingEquityMethodThatWillBeReclassifiedToProfitOrLossNetOfTax,지분법 적용대상 관계기업과 공동기업의 기타포괄손익에 대한 지분(세후기타포괄손익),자본 [구성요소]|비지배지분 [구성요소],0,제 7 기,2025,KRW,,0,제 8 기,,,19,11011,fnlttSinglAcntAll,,231933568,제 9 기
orion,Orion,01238169,271560,KRW,FY2025,2025,11011,Annual report,20260318001320,SCE,자본변동표,ifrs-full_ShareOfOtherComprehensiveIncomeOfAssociatesAndJointVenturesAccountedForUsingEquityMethodThatWillBeReclassifiedToProfitOrLossNetOfTax,지분법 적용대상 관계기업과 공동기업의 기타포괄손익에 대한 지분(세후기타포괄손익),자본 [구성요소]|지배기업의 소유주에게 귀속되는 지분 [구성요소],0,제 7 기,2025,KRW,,0,제 8 기,,,19,11011,fnlttSinglAcntAll,,4552806325,제 9 기
orion,Orion,01238169,271560,KRW,FY2025,2025,11011,Annual report,20260318001320,SCE,자본변동표,ifrs-full_ShareOfOtherComprehensiveIncomeOfAssociatesAndJointVenturesAccountedForUsingEquityMethodThatWillBeReclassifiedToProfitOrLossNetOfTax,지분법 적용대상 관계기업과 공동기업의 기타포괄손익에 대한 지분(세후기타포괄손익),자본 [구성요소]|지배기업의 소유주에게 귀속되는 지분 [구성요소]|기타자본구성요소 [구성요소],0,제 7 기,2025,KRW,,0,제 8 기,,,19,11011,fnlttSinglAcntAll,,4552806325,제 9 기
orion,Orion,01238169,271560,KRW,FY2025,2025,11011,Annual report,20260318001320,SCE,자본변동표,ifrs-full_ShareOfOtherComprehensiveIncomeOfAssociatesAndJointVenturesAccountedForUsingEquityMethodThatWillBeReclassifiedToProfitOrLossNetOfTax,지분법 적용대상 관계기업과 공동기업의 기타포괄손익에 대한 지분(세후기타포괄손익),자본 [구성요소]|지배기업의 소유주에게 귀속되는 지분 [구성요소]|미처분이익잉여금(미처리결손금) [구성요소],0,제 7 기,2025,KRW,,0,제 8 기,,,19,11011,fnlttSinglAcntAll,,0,제 9 기
orion,Orion,01238169,271560,KRW,FY2025,2025,11011,Annual report,20260318001320,SCE,자본변동표,ifrs-full_ShareOfOtherComprehensiveIncomeOfAssociatesAndJointVenturesAccountedForUsingEquityMethodThatWillBeReclassifiedToProfitOrLossNetOfTax,지분법 적용대상 관계기업과 공동기업의 기타포괄손익에 대한 지분(세후기타포괄손익),자본 [구성요소]|지배기업의 소유주에게 귀속되는 지분 [구성요소]|자기주식 [구성요소],0,제 7 기,2025,KRW,,0,제 8 기,,,19,11011,fnlttSinglAcntAll,,0,제 9 기
orion,Orion,01238169,271560,KRW,FY2025,2025,11011,Annual report,20260318001320,SCE,자본변동표,ifrs-full_ShareOfOtherComprehensiveIncomeOfAssociatesAndJointVenturesAccountedForUsingEquityMethodThatWillBeReclassifiedToProfitOrLossNetOfTax,지분법 적용대상 관계기업과 공동기업의 기타포괄손익에 대한 지분(세후기타포괄손익),자본 [구성요소]|지배기업의 소유주에게 귀속되는 지분 [구성요소]|자본금 [구성요소],0,제 7 기,2025,KRW,,0,제 8 기,,,19,11011,fnlttSinglAcntAll,,0,제 9 기
orion,Orion,01238169,271560,KRW,FY2025,2025,11011,Annual report,20260318001320,SCE,자본변동표,ifrs-full_ShareOfOtherComprehensiveIncomeOfAssociatesAndJointVenturesAccountedForUsingEquityMethodThatWillBeReclassifiedToProfitOrLossNetOfTax,지분법 적용대상 관계기업과 공동기업의 기타포괄손익에 대한 지분(세후기타포괄손익),자본 [구성요소]|지배기업의 소유주에게 귀속되는 지분 [구성요소]|적립금 [구성요소],0,제 7 기,2025,KRW,,0,제 8 기,,,19,11011,fnlttSinglAcntAll,,0,제 9 기
orion,Orion,01238169,271560,KRW,FY2025,2025,11011,Annual report,20260318001320,SCE,자본변동표,ifrs-full_ShareOfOtherComprehensiveIncomeOfAssociatesAndJointVenturesAccountedForUsingEquityMethodThatWillBeReclassifiedToProfitOrLossNetOfTax,지분법 적용대상 관계기업과 공동기업의 기타포괄손익에 대한 지분(세후기타포괄손익),자본 [구성요소]|지배기업의 소유주에게 귀속되는 지분 [구성요소]|주식발행초과금 [구성요소],0,제 7 기,2025,KRW,,0,제 8 기,,,19,11011,fnlttSinglAcntAll,,0,제 9 기
orion,Orion,01238169,271560,KRW,FY2025,2025,11011,Annual report,20260318001320,SCE,자본변동표,ifrs-full_ShareOfOtherComprehensiveIncomeOfAssociatesAndJointVenturesAccountedForUsingEquityMethodThatWillNotBeReclassifiedToProfitOrLossNetOfTax,당기손익으로 재분류되지 않는 지분법 적용대상 관계기업과 공동기업의 세후기타포괄손익에 대한 지분,연결재무제표 [member],45625148,제 7 기,2025,KRW,,127297443,제 8 기,,,20,11011,fnlttSinglAcntAll,,-740742166,제 9 기
orion,Orion,01238169,271560,KRW,FY2025,2025,11011,Annual report,20260318001320,SCE,자본변동표,ifrs-full_ShareOfOtherComprehensiveIncomeOfAssociatesAndJointVenturesAccountedForUsingEquityMethodThatWillNotBeReclassifiedToProfitOrLossNetOfTax,당기손익으로 재분류되지 않는 지분법 적용대상 관계기업과 공동기업의 세후기타포괄손익에 대한 지분,자본 [구성요소]|비지배지분 [구성요소],0,제 7 기,2025,KRW,,15021889,제 8 기,,,20,11011,fnlttSinglAcntAll,,-30480173,제 9 기
orion,Orion,01238169,271560,KRW,FY2025,2025,11011,Annual report,20260318001320,SCE,자본변동표,ifrs-full_ShareOfOtherComprehensiveIncomeOfAssociatesAndJointVenturesAccountedForUsingEquityMethodThatWillNotBeReclassifiedToProfitOrLossNetOfTax,당기손익으로 재분류되지 않는 지분법 적용대상 관계기업과 공동기업의 세후기타포괄손익에 대한 지분,자본 [구성요소]|지배기업의 소유주에게 귀속되는 지분 [구성요소],45625148,제 7 기,2025,KRW,,112275554,제 8 기,,,20,11011,fnlttSinglAcntAll,,-710261993,제 9 기
orion,Orion,01238169,271560,KRW,FY2025,2025,11011,Annual report,20260318001320,SCE,자본변동표,ifrs-full_ShareOfOtherComprehensiveIncomeOfAssociatesAndJointVenturesAccountedForUsingEquityMethodThatWillNotBeReclassifiedToProfitOrLossNetOfTax,당기손익으로 재분류되지 않는 지분법 적용대상 관계기업과 공동기업의 세후기타포괄손익에 대한 지분,자본 [구성요소]|지배기업의 소유주에게 귀속되는 지분 [구성요소]|기타자본구성요소 [구성요소],0,제 7 기,2025,KRW,,0,제 8 기,,,20,11011,fnlttSinglAcntAll,,0,제 9 기
orion,Orion,01238169,271560,KRW,FY2025,2025,11011,Annual report,20260318001320,SCE,자본변동표,ifrs-full_ShareOfOtherComprehensiveIncomeOfAssociatesAndJointVenturesAccountedForUsingEquityMethodThatWillNotBeReclassifiedToProfitOrLossNetOfTax,당기손익으로 재분류되지 않는 지분법 적용대상 관계기업과 공동기업의 세후기타포괄손익에 대한 지분,자본 [구성요소]|지배기업의 소유주에게 귀속되는 지분 [구성요소]|미처분이익잉여금(미처리결손금) [구성요소],45625148,제 7 기,2025,KRW,,112275554,제 8 기,,,20,11011,fnlttSinglAcntAll,,-710261993,제 9 기
orion,Orion,01238169,271560,KRW,FY2025,2025,11011,Annual report,20260318001320,SCE,자본변동표,ifrs-full_ShareOfOtherComprehensiveIncomeOfAssociatesAndJointVenturesAccountedForUsingEquityMethodThatWillNotBeReclassifiedToProfitOrLossNetOfTax,당기손익으로 재분류되지 않는 지분법 적용대상 관계기업과 공동기업의 세후기타포괄손익에 대한 지분,자본 [구성요소]|지배기업의 소유주에게 귀속되는 지분 [구성요소]|자기주식 [구성요소],0,제 7 기,2025,KRW,,0,제 8 기,,,20,11011,fnlttSinglAcntAll,,0,제 9 기
orion,Orion,01238169,271560,KRW,FY2025,2025,11011,Annual report,20260318001320,SCE,자본변동표,ifrs-full_ShareOfOtherComprehensiveIncomeOfAssociatesAndJointVenturesAccountedForUsingEquityMethodThatWillNotBeReclassifiedToProfitOrLossNetOfTax,당기손익으로 재분류되지 않는 지분법 적용대상 관계기업과 공동기업의 세후기타포괄손익에 대한 지분,자본 [구성요소]|지배기업의 소유주에게 귀속되는 지분 [구성요소]|자본금 [구성요소],0,제 7 기,2025,KRW,,0,제 8 기,,,20,11011,fnlttSinglAcntAll,,0,제 9 기
orion,Orion,01238169,271560,KRW,FY2025,2025,11011,Annual report,20260318001320,SCE,자본변동표,ifrs-full_ShareOfOtherComprehensiveIncomeOfAssociatesAndJointVenturesAccountedForUsingEquityMethodThatWillNotBeReclassifiedToProfitOrLossNetOfTax,당기손익으로 재분류되지 않는 지분법 적용대상 관계기업과 공동기업의 세후기타포괄손익에 대한 지분,자본 [구성요소]|지배기업의 소유주에게 귀속되는 지분 [구성요소]|적립금 [구성요소],0,제 7 기,2025,KRW,,0,제 8 기,,,20,11011,fnlttSinglAcntAll,,0,제 9 기
orion,Orion,01238169,271560,KRW,FY2025,2025,11011,Annual report,20260318001320,SCE,자본변동표,ifrs-full_ShareOfOtherComprehensiveIncomeOfAssociatesAndJointVenturesAccountedForUsingEquityMethodThatWillNotBeReclassifiedToProfitOrLossNetOfTax,당기손익으로 재분류되지 않는 지분법 적용대상 관계기업과 공동기업의 세후기타포괄손익에 대한 지분,자본 [구성요소]|지배기업의 소유주에게 귀속되는 지분 [구성요소]|주식발행초과금 [구성요소],0,제 7 기,2025,KRW,,0,제 8 기,,,20,11011,fnlttSinglAcntAll,,0,제 9 기
orion,Orion,01238169,271560,KRW,FY2025,2025,11011,Annual report,20260318001320,SCE,자본변동표,ifrs-full_ProfitLoss,당기순이익(손실),연결재무제표 [member],384981955249,제 7 기,2025,KRW,,533229552422,제 8 기,,,21,11011,fnlttSinglAcntAll,,390597563174,제 9 기
orion,Orion,01238169,271560,KRW,FY2025,2025,11011,Annual report,20260318001320,SCE,자본변동표,ifrs-full_ProfitLoss,당기순이익(손실),자본 [구성요소]|비지배지분 [구성요소],8335402513,제 7 기,2025,KRW,,8636984371,제 8 기,,,21,11011,fnlttSinglAcntAll,,7892552200,제 9 기
orion,Orion,01238169,271560,KRW,FY2025,2025,11011,Annual report,20260318001320,SCE,자본변동표,ifrs-full_ProfitLoss,당기순이익(손실),자본 [구성요소]|지배기업의 소유주에게 귀속되는 지분 [구성요소],376646552736,제 7 기,2025,KRW,,524592568051,제 8 기,,,21,11011,fnlttSinglAcntAll,,382705010974,제 9 기
orion,Orion,01238169,271560,KRW,FY2025,2025,11011,Annual report,20260318001320,SCE,자본변동표,ifrs-full_ProfitLoss,당기순이익(손실),자본 [구성요소]|지배기업의 소유주에게 귀속되는 지분 [구성요소]|기타자본구성요소 [구성요소],0,제 7 기,2025,KRW,,0,제 8 기,,,21,11011,fnlttSinglAcntAll,,0,제 9 기
orion,Orion,01238169,271560,KRW,FY2025,2025,11011,Annual report,20260318001320,SCE,자본변동표,ifrs-full_ProfitLoss,당기순이익(손실),자본 [구성요소]|지배기업의 소유주에게 귀속되는 지분 [구성요소]|미처분이익잉여금(미처리결손금) [구성요소],376646552736,제 7 기,2025,KRW,,524592568051,제 8 기,,,21,11011,fnlttSinglAcntAll,,382705010974,제 9 기
orion,Orion,01238169,271560,KRW,FY2025,2025,11011,Annual report,20260318001320,SCE,자본변동표,ifrs-full_ProfitLoss,당기순이익(손실),자본 [구성요소]|지배기업의 소유주에게 귀속되는 지분 [구성요소]|자기주식 [구성요소],0,제 7 기,2025,KRW,,0,제 8 기,,,21,11011,fnlttSinglAcntAll,,0,제 9 기
orion,Orion,01238169,271560,KRW,FY2025,2025,11011,Annual report,20260318001320,SCE,자본변동표,ifrs-full_ProfitLoss,당기순이익(손실),자본 [구성요소]|지배기업의 소유주에게 귀속되는 지분 [구성요소]|자본금 [구성요소],0,제 7 기,2025,KRW,,0,제 8 기,,,21,11011,fnlttSinglAcntAll,,0,제 9 기
orion,Orion,01238169,271560,KRW,FY2025,2025,11011,Annual report,20260318001320,SCE,자본변동표,ifrs-full_ProfitLoss,당기순이익(손실),자본 [구성요소]|지배기업의 소유주에게 귀속되는 지분 [구성요소]|적립금 [구성요소],0,제 7 기,2025,KRW,,0,제 8 기,,,21,11011,fnlttSinglAcntAll,,0,제 9 기
orion,Orion,01238169,271560,KRW,FY2025,2025,11011,Annual report,20260318001320,SCE,자본변동표,ifrs-full_ProfitLoss,당기순이익(손실),자본 [구성요소]|지배기업의 소유주에게 귀속되는 지분 [구성요소]|주식발행초과금 [구성요소],0,제 7 기,2025,KRW,,0,제 8 기,,,21,11011,fnlttSinglAcntAll,,0,제 9 기
orion,Orion,01238169,271560,KRW,Q1_2026,2026,11013,First-quarter report,20260515000512,BS,재무상태표,ifrs-full_Assets,자산총계,-,,,2026,KRW,,4598663246300,제 9 기말,,,7,11013,fnlttSinglAcntAll,,4800677268920,제 10 기 1분기말
orion,Orion,01238169,271560,KRW,Q1_2026,2026,11013,First-quarter report,20260515000512,BS,재무상태표,ifrs-full_CurrentAssets,유동자산,-,,,2026,KRW,,1867027464490,제 9 기말,,,8,11013,fnlttSinglAcntAll,,1993616348374,제 10 기 1분기말
orion,Orion,01238169,271560,KRW,Q1_2026,2026,11013,First-quarter report,20260515000512,BS,재무상태표,-표준계정코드 미사용-,단기금융예치금,-,,,2026,KRW,,986075622834,제 9 기말,,,9,11013,fnlttSinglAcntAll,,1115719641792,제 10 기 1분기말
orion,Orion,01238169,271560,KRW,Q1_2026,2026,11013,First-quarter report,20260515000512,BS,재무상태표,ifrs-full_CashAndCashEquivalents,현금및현금성자산,-,,,2026,KRW,,311390944459,제 9 기말,,,10,11013,fnlttSinglAcntAll,,315002154751,제 10 기 1분기말
orion,Orion,01238169,271560,KRW,Q1_2026,2026,11013,First-quarter report,20260515000512,BS,재무상태표,ifrs-full_CurrentFinancialAssetsAtFairValueThroughProfitOrLoss,유동 당기손익인식금융자산,-,,,2026,KRW,,5000000000,제 9 기말,,,11,11013,fnlttSinglAcntAll,,5000000000,제 10 기 1분기말
orion,Orion,01238169,271560,KRW,Q1_2026,2026,11013,First-quarter report,20260515000512,BS,재무상태표,ifrs-full_CurrentTaxAssets,당기법인세자산,-,,,2026,KRW,,1368742844,제 9 기말,,,12,11013,fnlttSinglAcntAll,,752740565,제 10 기 1분기말
orion,Orion,01238169,271560,KRW,Q1_2026,2026,11013,First-quarter report,20260515000512,BS,재무상태표,ifrs-full_CurrentTradeReceivables,유동매출채권,-,,,2026,KRW,,181999325832,제 9 기말,,,13,11013,fnlttSinglAcntAll,,177539926113,제 10 기 1분기말
orion,Orion,01238169,271560,KRW,Q1_2026,2026,11013,First-quarter report,20260515000512,BS,재무상태표,ifrs-full_Inventories,유동재고자산,-,,,2026,KRW,,321414683283,제 9 기말,,,14,11013,fnlttSinglAcntAll,,305370579659,제 10 기 1분기말
orion,Orion,01238169,271560,KRW,Q1_2026,2026,11013,First-quarter report,20260515000512,BS,재무상태표,ifrs-full_OtherCurrentAssets,기타유동자산,-,,,2026,KRW,,28585443363,제 9 기말,,,15,11013,fnlttSinglAcntAll,,36718777298,제 10 기 1분기말
orion,Orion,01238169,271560,KRW,Q1_2026,2026,11013,First-quarter report,20260515000512,BS,재무상태표,ifrs-full_OtherCurrentFinancialAssets,기타유동금융자산,-,,,2026,KRW,,31192701875,제 9 기말,,,16,11013,fnlttSinglAcntAll,,37512528196,제 10 기 1분기말
orion,Orion,01238169,271560,KRW,Q1_2026,2026,11013,First-quarter report,20260515000512,BS,재무상태표,ifrs-full_NoncurrentAssets,비유동자산,-,,,2026,KRW,,2731635781810,제 9 기말,,,17,11013,fnlttSinglAcntAll,,2807060920546,제 10 기 1분기말
orion,Orion,01238169,271560,KRW,Q1_2026,2026,11013,First-quarter report,20260515000512,BS,재무상태표,-표준계정코드 미사용-,장기금융예치금,-,,,2026,KRW,,2000000,제 9 기말,,,18,11013,fnlttSinglAcntAll,,2000000,제 10 기 1분기말
orion,Orion,01238169,271560,KRW,Q1_2026,2026,11013,First-quarter report,20260515000512,BS,재무상태표,ifrs-full_DeferredTaxAssets,이연법인세자산,-,,,2026,KRW,,2209746,제 9 기말,,,19,11013,fnlttSinglAcntAll,,6638241,제 10 기 1분기말
orion,Orion,01238169,271560,KRW,Q1_2026,2026,11013,First-quarter report,20260515000512,BS,재무상태표,ifrs-full_Goodwill,영업권,-,,,2026,KRW,,25371716852,제 9 기말,,,20,11013,fnlttSinglAcntAll,,26259245828,제 10 기 1분기말
orion,Orion,01238169,271560,KRW,Q1_2026,2026,11013,First-quarter report,20260515000512,BS,재무상태표,ifrs-full_IntangibleAssetsOtherThanGoodwill,영업권 이외의 무형자산,-,44970456000,제 8 기,2026,KRW,,64846197376,제 9 기말,,,21,11013,fnlttSinglAcntAll,,69529559785,제 10 기 1분기말
orion,Orion,01238169,271560,KRW,Q1_2026,2026,11013,First-quarter report,20260515000512,BS,재무상태표,ifrs-full_InvestmentAccountedForUsingEquityMethod,지분법적용 투자지분,-,,,2026,KRW,,722593209088,제 9 기말,,,22,11013,fnlttSinglAcntAll,,707728905198,제 10 기 1분기말
orion,Orion,01238169,271560,KRW,Q1_2026,2026,11013,First-quarter report,20260515000512,BS,재무상태표,ifrs-full_InvestmentProperty,투자부동산,-,35014589000,제 8 기,2026,KRW,,39900885383,제 9 기말,,,23,11013,fnlttSinglAcntAll,,40605763086,제 10 기 1분기말
orion,Orion,01238169,271560,KRW,Q1_2026,2026,11013,First-quarter report,20260515000512,BS,재무상태표,ifrs-full_NoncurrentInvestmentsInEquityInstrumentsDesignatedAtFairValueThroughOtherComprehensiveIncome,기타포괄손익-공정가치 지정 비유동지분상품투자,-,,,2026,KRW,,5020596359,제 9 기말,,,24,11013,fnlttSinglAcntAll,,5362397069,제 10 기 1분기말
orion,Orion,01238169,271560,KRW,Q1_2026,2026,11013,First-quarter report,20260515000512,BS,재무상태표,ifrs-full_NoncurrentRecognisedAssetsDefinedBenefitPlan,비유동 순확정급여자산,-,,,2026,KRW,,7871886684,제 9 기말,,,25,11013,fnlttSinglAcntAll,,777779582,제 10 기 1분기말
orion,Orion,01238169,271560,KRW,Q1_2026,2026,11013,First-quarter report,20260515000512,BS,재무상태표,ifrs-full_OtherNoncurrentAssets,기타비유동자산,-,,,2026,KRW,,3954344657,제 9 기말,,,26,11013,fnlttSinglAcntAll,,5782550099,제 10 기 1분기말
orion,Orion,01238169,271560,KRW,Q1_2026,2026,11013,First-quarter report,20260515000512,BS,재무상태표,ifrs-full_OtherNoncurrentFinancialAssets,기타비유동금융자산,-,,,2026,KRW,,48696833517,제 9 기말,,,27,11013,fnlttSinglAcntAll,,51319076540,제 10 기 1분기말
orion,Orion,01238169,271560,KRW,Q1_2026,2026,11013,First-quarter report,20260515000512,BS,재무상태표,ifrs-full_PropertyPlantAndEquipment,유형자산,-,1701534303000,제 8 기,2026,KRW,,1716028601401,제 9 기말,,,28,11013,fnlttSinglAcntAll,,1800846808480,제 10 기 1분기말
orion,Orion,01238169,271560,KRW,Q1_2026,2026,11013,First-quarter report,20260515000512,BS,재무상태표,ifrs-full_RightofuseAssets,사용권자산,-,89292579000,제 8 기,2026,KRW,,97347300747,제 9 기말,,,29,11013,fnlttSinglAcntAll,,98840196638,제 10 기 1분기말
orion,Orion,01238169,271560,KRW,Q1_2026,2026,11013,First-quarter report,20260515000512,BS,재무상태표,ifrs-full_Equity,자본총계,-,,,2026,KRW,,3912207101349,제 9 기말,,,31,11013,fnlttSinglAcntAll,,4009347043669,제 10 기 1분기말
orion,Orion,01238169,271560,KRW,Q1_2026,2026,11013,First-quarter report,20260515000512,BS,재무상태표,ifrs-full_EquityAttributableToOwnersOfParent,지배기업의 소유주에게 귀속되는 자본,-,,,2026,KRW,,3808663397961,제 9 기말,,,32,11013,fnlttSinglAcntAll,,3898100420781,제 10 기 1분기말
orion,Orion,01238169,271560,KRW,Q1_2026,2026,11013,First-quarter report,20260515000512,BS,재무상태표,dart_ElementsOfOtherStockholdersEquity,기타자본구성요소,-,,,2026,KRW,,874205592286,제 9 기말,,,33,11013,fnlttSinglAcntAll,,977905139435,제 10 기 1분기말
orion,Orion,01238169,271560,KRW,Q1_2026,2026,11013,First-quarter report,20260515000512,BS,재무상태표,dart_RetainedEarningsBeforeAppropriationsAccumulatedDeficitBeforeDisposition,미처분이익잉여금(미처리결손금),-,,,2026,KRW,,1532972298314,제 9 기말,,,34,11013,fnlttSinglAcntAll,,1338709773985,제 10 기 1분기말
orion,Orion,01238169,271560,KRW,Q1_2026,2026,11013,First-quarter report,20260515000512,BS,재무상태표,-표준계정코드 미사용-,적립금,-,,,2026,KRW,,784149610537,제 9 기말,,,35,11013,fnlttSinglAcntAll,,964149610537,제 10 기 1분기말
orion,Orion,01238169,271560,KRW,Q1_2026,2026,11013,First-quarter report,20260515000512,BS,재무상태표,ifrs-full_IssuedCapital,자본금,-,,,2026,KRW,,19768066000,제 9 기말,,,36,11013,fnlttSinglAcntAll,,19768066000,제 10 기 1분기말
orion,Orion,01238169,271560,KRW,Q1_2026,2026,11013,First-quarter report,20260515000512,BS,재무상태표,ifrs-full_SharePremium,주식발행초과금,-,,,2026,KRW,,598172192205,제 9 기말,,,37,11013,fnlttSinglAcntAll,,598172192205,제 10 기 1분기말
orion,Orion,01238169,271560,KRW,Q1_2026,2026,11013,First-quarter report,20260515000512,BS,재무상태표,ifrs-full_TreasuryShares,자기주식,-,,,2026,KRW,,604361381,제 9 기말,,,38,11013,fnlttSinglAcntAll,,604361381,제 10 기 1분기말
orion,Orion,01238169,271560,KRW,Q1_2026,2026,11013,First-quarter report,20260515000512,BS,재무상태표,ifrs-full_NoncontrollingInterests,비지배지분,-,,,2026,KRW,,103543703388,제 9 기말,,,39,11013,fnlttSinglAcntAll,,111246622888,제 10 기 1분기말
orion,Orion,01238169,271560,KRW,Q1_2026,2026,11013,First-quarter report,20260515000512,BS,재무상태표,ifrs-full_EquityAndLiabilities,자본과부채총계,-,,,2026,KRW,,4598663246300,제 9 기말,,,40,11013,fnlttSinglAcntAll,,4800677268920,제 10 기 1분기말
orion,Orion,01238169,271560,KRW,Q1_2026,2026,11013,First-quarter report,20260515000512,BS,재무상태표,ifrs-full_CurrentLiabilities,유동부채,-,,,2026,KRW,,498190838043,제 9 기말,,,42,11013,fnlttSinglAcntAll,,587680312256,제 10 기 1분기말
orion,Orion,01238169,271560,KRW,Q1_2026,2026,11013,First-quarter report,20260515000512,BS,재무상태표,dart_CurrentDerivativeLiabilities,유동파생상품부채,-,,,2026,KRW,,539741932,제 9 기말,,,43,11013,fnlttSinglAcntAll,,3573745820,제 10 기 1분기말
orion,Orion,01238169,271560,KRW,Q1_2026,2026,11013,First-quarter report,20260515000512,BS,재무상태표,ifrs-full_CurrentLeaseLiabilities,유동 리스부채,-,,,2026,KRW,,13695740434,제 9 기말,,,44,11013,fnlttSinglAcntAll,,13936339072,제 10 기 1분기말
orion,Orion,01238169,271560,KRW,Q1_2026,2026,11013,First-quarter report,20260515000512,BS,재무상태표,ifrs-full_CurrentTaxLiabilities,당기법인세부채,-,,,2026,KRW,,54778270301,제 9 기말,,,45,11013,fnlttSinglAcntAll,,47665006162,제 10 기 1분기말
orion,Orion,01238169,271560,KRW,Q1_2026,2026,11013,First-quarter report,20260515000512,BS,재무상태표,ifrs-full_OtherCurrentFinancialLiabilities,기타유동금융부채,-,,,2026,KRW,,199469757522,제 9 기말,,,46,11013,fnlttSinglAcntAll,,325957230194,제 10 기 1분기말
orion,Orion,01238169,271560,KRW,Q1_2026,2026,11013,First-quarter report,20260515000512,BS,재무상태표,ifrs-full_OtherCurrentLiabilities,기타 유동부채,-,,,2026,KRW,,83886182687,제 9 기말,,,47,11013,fnlttSinglAcntAll,,63662686879,제 10 기 1분기말
orion,Orion,01238169,271560,KRW,Q1_2026,2026,11013,First-quarter report,20260515000512,BS,재무상태표,ifrs-full_TradeAndOtherCurrentPayablesToTradeSuppliers,유동매입채무,-,,,2026,KRW,,145821145167,제 9 기말,,,48,11013,fnlttSinglAcntAll,,132885304129,제 10 기 1분기말
orion,Orion,01238169,271560,KRW,Q1_2026,2026,11013,First-quarter report,20260515000512,BS,재무상태표,ifrs-full_Liabilities,부채총계,-,,,2026,KRW,,686456144951,제 9 기말,,,49,11013,fnlttSinglAcntAll,,791330225251,제 10 기 1분기말
orion,Orion,01238169,271560,KRW,Q1_2026,2026,11013,First-quarter report,20260515000512,BS,재무상태표,ifrs-full_NoncurrentLiabilities,비유동부채,-,,,2026,KRW,,188265306908,제 9 기말,,,50,11013,fnlttSinglAcntAll,,203649912995,제 10 기 1분기말
orion,Orion,01238169,271560,KRW,Q1_2026,2026,11013,First-quarter report,20260515000512,BS,재무상태표,ifrs-full_DeferredTaxLiabilities,이연법인세부채,-,,,2026,KRW,,164113294027,제 9 기말,,,51,11013,fnlttSinglAcntAll,,180642652953,제 10 기 1분기말
orion,Orion,01238169,271560,KRW,Q1_2026,2026,11013,First-quarter report,20260515000512,BS,재무상태표,ifrs-full_NoncurrentLeaseLiabilities,비유동 리스부채,-,,,2026,KRW,,21820294542,제 9 기말,,,52,11013,fnlttSinglAcntAll,,20566337963,제 10 기 1분기말
orion,Orion,01238169,271560,KRW,Q1_2026,2026,11013,First-quarter report,20260515000512,BS,재무상태표,ifrs-full_OtherNoncurrentFinancialLiabilities,기타비유동금융부채,-,,,2026,KRW,,277432971,제 9 기말,,,53,11013,fnlttSinglAcntAll,,97027312,제 10 기 1분기말
orion,Orion,01238169,271560,KRW,Q1_2026,2026,11013,First-quarter report,20260515000512,BS,재무상태표,ifrs-full_OtherNoncurrentLiabilities,기타 비유동 부채,-,,,2026,KRW,,2054285368,제 9 기말,,,54,11013,fnlttSinglAcntAll,,2343894767,제 10 기 1분기말
orion,Orion,01238169,271560,KRW,Q1_2026,2026,11013,First-quarter report,20260515000512,CIS,포괄손익계산서,dart_NonOperatingProfitLoss,순기타수익(비용),-,,,2026,KRW,1208741695,,,1208741695,제 9 기 1분기,6,11013,fnlttSinglAcntAll,-667863515,-667863515,제 10 기 1분기
orion,Orion,01238169,271560,KRW,Q1_2026,2026,11013,First-quarter report,20260515000512,CIS,포괄손익계산서,dart_OperatingIncomeLoss,영업이익(손실),-,,,2026,KRW,131375562707,,,131375562707,제 9 기 1분기,7,11013,fnlttSinglAcntAll,165471489634,165471489634,제 10 기 1분기
orion,Orion,01238169,271560,KRW,Q1_2026,2026,11013,First-quarter report,20260515000512,CIS,포괄손익계산서,dart_TotalSellingGeneralAdministrativeExpenses,판매비와관리비,-,,,2026,KRW,165548269028,,,165548269028,제 9 기 1분기,8,11013,fnlttSinglAcntAll,181634902904,181634902904,제 10 기 1분기
orion,Orion,01238169,271560,KRW,Q1_2026,2026,11013,First-quarter report,20260515000512,CIS,포괄손익계산서,ifrs-full_ComprehensiveIncome,총포괄손익,-,,,2026,KRW,158086531926,,,158086531926,제 9 기 1분기,9,11013,fnlttSinglAcntAll,235490700320,235490700320,제 10 기 1분기
orion,Orion,01238169,271560,KRW,Q1_2026,2026,11013,First-quarter report,20260515000512,CIS,포괄손익계산서,ifrs-full_ComprehensiveIncomeAttributableToNoncontrollingInterests,"포괄손익, 비지배지분",-,,,2026,KRW,2678969947,,,2678969947,제 9 기 1분기,11,11013,fnlttSinglAcntAll,7702919500,7702919500,제 10 기 1분기
orion,Orion,01238169,271560,KRW,Q1_2026,2026,11013,First-quarter report,20260515000512,CIS,포괄손익계산서,ifrs-full_ComprehensiveIncomeAttributableToOwnersOfParent,"포괄손익, 지배기업의 소유주에게 귀속되는 지분",-,,,2026,KRW,155407561979,,,155407561979,제 9 기 1분기,12,11013,fnlttSinglAcntAll,227787780820,227787780820,제 10 기 1분기
orion,Orion,01238169,271560,KRW,Q1_2026,2026,11013,First-quarter report,20260515000512,CIS,포괄손익계산서,ifrs-full_CostOfSales,매출원가,-,,,2026,KRW,504848916384,,,504848916384,제 9 기 1분기,13,11013,fnlttSinglAcntAll,583248993345,583248993345,제 10 기 1분기
orion,Orion,01238169,271560,KRW,Q1_2026,2026,11013,First-quarter report,20260515000512,CIS,포괄손익계산서,ifrs-full_BasicEarningsLossPerShare,기본주당이익(손실),-,,,2026,KRW,2639,,,2639,제 9 기 1분기,15,11013,fnlttSinglAcntAll,3149,3149,제 10 기 1분기
orion,Orion,01238169,271560,KRW,Q1_2026,2026,11013,First-quarter report,20260515000512,CIS,포괄손익계산서,ifrs-full_DilutedEarningsLossPerShare,희석주당이익(손실),-,,,2026,KRW,2639,,,2639,제 9 기 1분기,16,11013,fnlttSinglAcntAll,3149,3149,제 10 기 1분기
orion,Orion,01238169,271560,KRW,Q1_2026,2026,11013,First-quarter report,20260515000512,CIS,포괄손익계산서,ifrs-full_FinanceIncomeCost,순금융수익(비용),-,,,2026,KRW,7355426448,,,7355426448,제 9 기 1분기,17,11013,fnlttSinglAcntAll,23346600003,23346600003,제 10 기 1분기
orion,Orion,01238169,271560,KRW,Q1_2026,2026,11013,First-quarter report,20260515000512,CIS,포괄손익계산서,ifrs-full_GrossProfit,매출총이익,-,,,2026,KRW,296923831735,,,296923831735,제 9 기 1분기,18,11013,fnlttSinglAcntAll,347106392538,347106392538,제 10 기 1분기
orion,Orion,01238169,271560,KRW,Q1_2026,2026,11013,First-quarter report,20260515000512,CIS,포괄손익계산서,ifrs-full_IncomeTaxExpenseContinuingOperations,법인세비용,-,,,2026,KRW,38854931451,,,38854931451,제 9 기 1분기,19,11013,fnlttSinglAcntAll,49827635847,49827635847,제 10 기 1분기
orion,Orion,01238169,271560,KRW,Q1_2026,2026,11013,First-quarter report,20260515000512,CIS,포괄손익계산서,ifrs-full_OtherComprehensiveIncome,기타포괄손익,-,,,2026,KRW,51954506098,,,51954506098,제 9 기 1분기,20,11013,fnlttSinglAcntAll,108678733158,108678733158,제 10 기 1분기
orion,Orion,01238169,271560,KRW,Q1_2026,2026,11013,First-quarter report,20260515000512,CIS,포괄손익계산서,ifrs-full_OtherComprehensiveIncomeThatWillBeReclassifiedToProfitOrLossNetOfTax,당기손익으로 재분류될 수 있는 항목(세후기타포괄손익),-,,,2026,KRW,52114577694,,,52114577694,제 9 기 1분기,21,11013,fnlttSinglAcntAll,111080129793,111080129793,제 10 기 1분기
orion,Orion,01238169,271560,KRW,Q1_2026,2026,11013,First-quarter report,20260515000512,CIS,포괄손익계산서,ifrs-full_GainsLossesOnExchangeDifferencesOnTranslationNetOfTax,해외사업장환산외환차이(세후기타포괄손익),-,,,2026,KRW,51567682436,,,51567682436,제 9 기 1분기,22,11013,fnlttSinglAcntAll,110824262241,110824262241,제 10 기 1분기
orion,Orion,01238169,271560,KRW,Q1_2026,2026,11013,First-quarter report,20260515000512,CIS,포괄손익계산서,ifrs-full_ShareOfOtherComprehensiveIncomeOfAssociatesAndJointVenturesAccountedForUsingEquityMethod,지분법자본변동,-,,,2026,KRW,546895258,,,546895258,제 9 기 1분기,23,11013,fnlttSinglAcntAll,255867552,255867552,제 10 기 1분기
orion,Orion,01238169,271560,KRW,Q1_2026,2026,11013,First-quarter report,20260515000512,CIS,포괄손익계산서,ifrs-full_OtherComprehensiveIncomeThatWillNotBeReclassifiedToProfitOrLossNetOfTax,당기손익으로 재분류되지 않는항목(세후기타포괄손익),-,,,2026,KRW,-160071596,,,-160071596,제 9 기 1분기,24,11013,fnlttSinglAcntAll,-2401396635,-2401396635,제 10 기 1분기
orion,Orion,01238169,271560,KRW,Q1_2026,2026,11013,First-quarter report,20260515000512,CIS,포괄손익계산서,ifrs-full_IncomeTaxRelatingToComponentsOfOtherComprehensiveIncomeThatWillNotBeReclassifiedToProfitOrLoss,당기손익으로 재분류되지 않는 항목과 관련된 법인세,-,,,2026,KRW,-29404222,,,-29404222,제 9 기 1분기,26,11013,fnlttSinglAcntAll,61090093,61090093,제 10 기 1분기
orion,Orion,01238169,271560,KRW,Q1_2026,2026,11013,First-quarter report,20260515000512,CIS,포괄손익계산서,ifrs-full_OtherComprehensiveIncomeBeforeTaxGainsLossesOnRemeasurementsOfDefinedBenefitPlans,확정급여제도의 재측정손익(세전기타포괄손익),-,,,2026,KRW,127291004,,,127291004,제 9 기 1분기,27,11013,fnlttSinglAcntAll,-252438399,-252438399,제 10 기 1분기
orion,Orion,01238169,271560,KRW,Q1_2026,2026,11013,First-quarter report,20260515000512,CIS,포괄손익계산서,ifrs-full_ShareOfOtherComprehensiveIncomeOfAssociatesAndJointVenturesAccountedForUsingEquityMethodThatWillBeReclassifiedToProfitOrLossNetOfTax,지분법 적용대상 관계기업과 공동기업의 기타포괄손익에 대한 지분(세후기타포괄손익),-,,,2026,KRW,0,,,0,제 9 기 1분기,28,11013,fnlttSinglAcntAll,-1994647233,-1994647233,제 10 기 1분기
orion,Orion,01238169,271560,KRW,Q1_2026,2026,11013,First-quarter report,20260515000512,CIS,포괄손익계산서,ifrs-full_ShareOfOtherComprehensiveIncomeOfAssociatesAndJointVenturesAccountedForUsingEquityMethodThatWillNotBeReclassifiedToProfitOrLossNetOfTax,당기손익으로 재분류되지 않는 지분법 적용대상 관계기업과 공동기업의 세후기타포괄손익에 대한 지분,-,,,2026,KRW,-257958378,,,-257958378,제 9 기 1분기,29,11013,fnlttSinglAcntAll,-215401096,-215401096,제 10 기 1분기
orion,Orion,01238169,271560,KRW,Q1_2026,2026,11013,First-quarter report,20260515000512,CIS,포괄손익계산서,ifrs-full_ProfitLoss,당기순이익(손실),-,,,2026,KRW,106132025828,,,106132025828,제 9 기 1분기,30,11013,fnlttSinglAcntAll,126811967162,126811967162,제 10 기 1분기
orion,Orion,01238169,271560,KRW,Q1_2026,2026,11013,First-quarter report,20260515000512,CIS,포괄손익계산서,ifrs-full_ProfitLossAttributableToNoncontrollingInterests,비지배지분에 귀속되는 당기순이익(손실),-,,,2026,KRW,1798752530,,,1798752530,제 9 기 1분기,32,11013,fnlttSinglAcntAll,2327425356,2327425356,제 10 기 1분기
orion,Orion,01238169,271560,KRW,Q1_2026,2026,11013,First-quarter report,20260515000512,CIS,포괄손익계산서,ifrs-full_ProfitLossAttributableToOwnersOfParent,지배기업의 소유주에게 귀속되는 당기순이익(손실),-,,,2026,KRW,104333273298,,,104333273298,제 9 기 1분기,33,11013,fnlttSinglAcntAll,124484541806,124484541806,제 10 기 1분기
orion,Orion,01238169,271560,KRW,Q1_2026,2026,11013,First-quarter report,20260515000512,CIS,포괄손익계산서,ifrs-full_ProfitLossBeforeTax,법인세비용차감전순이익(손실),-,,,2026,KRW,144986957279,,,144986957279,제 9 기 1분기,34,11013,fnlttSinglAcntAll,176639603009,176639603009,제 10 기 1분기
orion,Orion,01238169,271560,KRW,Q1_2026,2026,11013,First-quarter report,20260515000512,CIS,포괄손익계산서,ifrs-full_Revenue,수익(매출액),-,,,2026,KRW,801772748119,,,801772748119,제 9 기 1분기,35,11013,fnlttSinglAcntAll,930355385883,930355385883,제 10 기 1분기
orion,Orion,01238169,271560,KRW,Q1_2026,2026,11013,First-quarter report,20260515000512,CIS,포괄손익계산서,ifrs-full_ShareOfProfitLossOfAssociatesAndJointVenturesAccountedForUsingEquityMethod,지분법 적용대상인 관계기업과 공동기업의 당기순손익에 대한 지분,-,,,2026,KRW,5047226429,,,5047226429,제 9 기 1분기,36,11013,fnlttSinglAcntAll,-11510623113,-11510623113,제 10 기 1분기
orion,Orion,01238169,271560,KRW,Q1_2026,2026,11013,First-quarter report,20260515000512,CF,현금흐름표,dart_CashAndCashEquivalentsAtBeginningOfPeriodCf,기초현금및현금성자산,-,,,2026,KRW,,,,451277283648,제 9 기 1분기,2,11013,fnlttSinglAcntAll,,311390944459,제 10 기 1분기
orion,Orion,01238169,271560,KRW,Q1_2026,2026,11013,First-quarter report,20260515000512,CF,현금흐름표,dart_CashAndCashEquivalentsAtEndOfPeriodCf,기말현금및현금성자산,-,,,2026,KRW,,,,480927911133,제 9 기 1분기,3,11013,fnlttSinglAcntAll,,315002154751,제 10 기 1분기
orion,Orion,01238169,271560,KRW,Q1_2026,2026,11013,First-quarter report,20260515000512,CF,현금흐름표,ifrs-full_CashFlowsFromUsedInFinancingActivities,재무활동현금흐름,-,,,2026,KRW,,,,-4289106330,제 9 기 1분기,8,11013,fnlttSinglAcntAll,,-3499494832,제 10 기 1분기
orion,Orion,01238169,271560,KRW,Q1_2026,2026,11013,First-quarter report,20260515000512,CF,현금흐름표,dart_DecreaseInGuaranteeDepositsAsFinancialActivities,임대보증금의 감소,-,,,2026,KRW,,,,2000000,제 9 기 1분기,9,11013,fnlttSinglAcntAll,,0,제 10 기 1분기
orion,Orion,01238169,271560,KRW,Q1_2026,2026,11013,First-quarter report,20260515000512,CF,현금흐름표,dart_ProceedsFromShortTermBorrowings,단기차입금의 증가,-,,,2026,KRW,,,,1050635930,제 9 기 1분기,10,11013,fnlttSinglAcntAll,,0,제 10 기 1분기
orion,Orion,01238169,271560,KRW,Q1_2026,2026,11013,First-quarter report,20260515000512,CF,현금흐름표,dart_RepaymentsOfShortTermBorrowings,단기차입금의 상환,-,,,2026,KRW,,,,2188637503,제 9 기 1분기,11,11013,fnlttSinglAcntAll,,0,제 10 기 1분기
orion,Orion,01238169,271560,KRW,Q1_2026,2026,11013,First-quarter report,20260515000512,CF,현금흐름표,ifrs-full_PaymentsOfLeaseLiabilitiesClassifiedAsFinancingActivities,리스부채의 지급,-,,,2026,KRW,,,,3149104757,제 9 기 1분기,12,11013,fnlttSinglAcntAll,,3499494832,제 10 기 1분기
orion,Orion,01238169,271560,KRW,Q1_2026,2026,11013,First-quarter report,20260515000512,CF,현금흐름표,ifrs-full_CashFlowsFromUsedInInvestingActivities,투자활동현금흐름,-,,,2026,KRW,,,,4390946670,제 9 기 1분기,13,11013,fnlttSinglAcntAll,,-155808206506,제 10 기 1분기
orion,Orion,01238169,271560,KRW,Q1_2026,2026,11013,First-quarter report,20260515000512,CF,현금흐름표,dart_DecreaseInGuaranteeDeposits,임차보증금의 감소,-,,,2026,KRW,,,,80348410,제 9 기 1분기,14,11013,fnlttSinglAcntAll,,171186859,제 10 기 1분기
orion,Orion,01238169,271560,KRW,Q1_2026,2026,11013,First-quarter report,20260515000512,CF,현금흐름표,dart_IncreaseInGuaranteeDeposits,임차보증금의 증가,-,,,2026,KRW,,,,118359890,제 9 기 1분기,15,11013,fnlttSinglAcntAll,,120423079,제 10 기 1분기
orion,Orion,01238169,271560,KRW,Q1_2026,2026,11013,First-quarter report,20260515000512,CF,현금흐름표,dart_ProceedsFromSalesOfShortTermLoansAndReceivables,단기대여금및수취채권의 처분,-,,,2026,KRW,,,,376335040,제 9 기 1분기,16,11013,fnlttSinglAcntAll,,13439124,제 10 기 1분기
orion,Orion,01238169,271560,KRW,Q1_2026,2026,11013,First-quarter report,20260515000512,CF,현금흐름표,dart_PurchaseOfShortTermLoansAndReceivables,단기대여금및수취채권의 취득,-,,,2026,KRW,,,,1345477500,제 9 기 1분기,17,11013,fnlttSinglAcntAll,,2094939000,제 10 기 1분기
orion,Orion,01238169,271560,KRW,Q1_2026,2026,11013,First-quarter report,20260515000512,CF,현금흐름표,-표준계정코드 미사용-,영업보증금의 증가,-,,,2026,KRW,,,,-16000000,제 9 기 1분기,18,11013,fnlttSinglAcntAll,,0,제 10 기 1분기
orion,Orion,01238169,271560,KRW,Q1_2026,2026,11013,First-quarter report,20260515000512,CF,현금흐름표,-표준계정코드 미사용-,금융예치금의 순증감,-,,,2026,KRW,,,,22309721778,제 9 기 1분기,19,11013,fnlttSinglAcntAll,,-75559653370,제 10 기 1분기
orion,Orion,01238169,271560,KRW,Q1_2026,2026,11013,First-quarter report,20260515000512,CF,현금흐름표,ifrs-full_ProceedsFromGovernmentGrantsClassifiedAsInvestingActivities,정부보조금의 수취,-,,,2026,KRW,,,,0,제 9 기 1분기,20,11013,fnlttSinglAcntAll,,19200000,제 10 기 1분기
orion,Orion,01238169,271560,KRW,Q1_2026,2026,11013,First-quarter report,20260515000512,CF,현금흐름표,ifrs-full_ProceedsFromSalesOfPropertyPlantAndEquipmentClassifiedAsInvestingActivities,유형자산의 처분,-,,,2026,KRW,,,,253760071,제 9 기 1분기,21,11013,fnlttSinglAcntAll,,458614561,제 10 기 1분기
orion,Orion,01238169,271560,KRW,Q1_2026,2026,11013,First-quarter report,20260515000512,CF,현금흐름표,ifrs-full_PurchaseOfIntangibleAssetsClassifiedAsInvestingActivities,무형자산의 취득,-,,,2026,KRW,,,,5298679079,제 9 기 1분기,22,11013,fnlttSinglAcntAll,,5451507862,제 10 기 1분기
orion,Orion,01238169,271560,KRW,Q1_2026,2026,11013,First-quarter report,20260515000512,CF,현금흐름표,ifrs-full_PurchaseOfPropertyPlantAndEquipmentClassifiedAsInvestingActivities,유형자산의 취득,-,,,2026,KRW,,,,11850702160,제 9 기 1분기,23,11013,fnlttSinglAcntAll,,73244123739,제 10 기 1분기
orion,Orion,01238169,271560,KRW,Q1_2026,2026,11013,First-quarter report,20260515000512,CF,현금흐름표,ifrs-full_CashFlowsFromUsedInOperatingActivities,영업활동현금흐름,-,,,2026,KRW,,,,22471907943,제 9 기 1분기,24,11013,fnlttSinglAcntAll,,157704021610,제 10 기 1분기
orion,Orion,01238169,271560,KRW,Q1_2026,2026,11013,First-quarter report,20260515000512,CF,현금흐름표,dart_AdjustmentsForAssetsLiabilitiesOfOperatingActivities,영업활동으로 인한 자산 부채의 변동,-,,,2026,KRW,,,,-105347901310,제 9 기 1분기,25,11013,fnlttSinglAcntAll,,-12807198097,제 10 기 1분기
orion,Orion,01238169,271560,KRW,Q1_2026,2026,11013,First-quarter report,20260515000512,CF,현금흐름표,dart_AdjustmentsForDecreaseincreaseInFairValueOfPlanAssets,사외적립자산의공정가치의 감소(증가),-,,,2026,KRW,,,,1462199246,제 9 기 1분기,26,11013,fnlttSinglAcntAll,,3061400111,제 10 기 1분기
orion,Orion,01238169,271560,KRW,Q1_2026,2026,11013,First-quarter report,20260515000512,CF,현금흐름표,dart_AdjustmentsForDecreaseincreaseInOtherCurrentFinancialAssets,기타유동금융자산의 감소(증가),-,,,2026,KRW,,,,1708167235,제 9 기 1분기,27,11013,fnlttSinglAcntAll,,3337106449,제 10 기 1분기
orion,Orion,01238169,271560,KRW,Q1_2026,2026,11013,First-quarter report,20260515000512,CF,현금흐름표,dart_AdjustmentsForDecreaseincreaseInOtherNonCurrentFinancialAssets,기타비유동금융자산의 감소(증가),-,,,2026,KRW,,,,148707869,제 9 기 1분기,28,11013,fnlttSinglAcntAll,,96203278,제 10 기 1분기
orion,Orion,01238169,271560,KRW,Q1_2026,2026,11013,First-quarter report,20260515000512,CF,현금흐름표,dart_AdjustmentsForIncreasedecreaseInOtherCurrentFinancialLiabilities,기타유동금융부채의 증가(감소),-,,,2026,KRW,,,,-27321376723,제 9 기 1분기,29,11013,fnlttSinglAcntAll,,1131957265,제 10 기 1분기
orion,Orion,01238169,271560,KRW,Q1_2026,2026,11013,First-quarter report,20260515000512,CF,현금흐름표,dart_CashOutflowForSeverancePay,퇴직금의지급,-,,,2026,KRW,,,,2866971559,제 9 기 1분기,30,11013,fnlttSinglAcntAll,,4618528568,제 10 기 1분기
orion,Orion,01238169,271560,KRW,Q1_2026,2026,11013,First-quarter report,20260515000512,CF,현금흐름표,-표준계정코드 미사용-,기타비유동자산의 감소(증가) 조정,-,,,2026,KRW,,,,-5481294500,제 9 기 1분기,31,11013,fnlttSinglAcntAll,,-1003031910,제 10 기 1분기
orion,Orion,01238169,271560,KRW,Q1_2026,2026,11013,First-quarter report,20260515000512,CF,현금흐름표,-표준계정코드 미사용-,기타장기종업원급여부채의 지급,-,,,2026,KRW,,,,52760061,제 9 기 1분기,32,11013,fnlttSinglAcntAll,,0,제 10 기 1분기
orion,Orion,01238169,271560,KRW,Q1_2026,2026,11013,First-quarter report,20260515000512,CF,현금흐름표,ifrs-full_AdjustmentsForDecreaseIncreaseInInventories,재고자산의 감소(증가),-,,,2026,KRW,,,,27920867865,제 9 기 1분기,33,11013,fnlttSinglAcntAll,,28402219642,제 10 기 1분기
orion,Orion,01238169,271560,KRW,Q1_2026,2026,11013,First-quarter report,20260515000512,CF,현금흐름표,ifrs-full_AdjustmentsForDecreaseIncreaseInOtherCurrentAssets,기타유동자산의 감소(증가) 조정,-,,,2026,KRW,,,,-3458700852,제 9 기 1분기,34,11013,fnlttSinglAcntAll,,-7029376605,제 10 기 1분기
orion,Orion,01238169,271560,KRW,Q1_2026,2026,11013,First-quarter report,20260515000512,CF,현금흐름표,ifrs-full_AdjustmentsForDecreaseIncreaseInTradeAccountReceivable,매출채권의 감소(증가),-,,,2026,KRW,,,,15948479498,제 9 기 1분기,35,11013,fnlttSinglAcntAll,,8053726269,제 10 기 1분기
orion,Orion,01238169,271560,KRW,Q1_2026,2026,11013,First-quarter report,20260515000512,CF,현금흐름표,ifrs-full_AdjustmentsForIncreaseDecreaseInOtherCurrentLiabilities,기타유동부채의 증가(감소),-,,,2026,KRW,,,,-60351095472,제 9 기 1분기,36,11013,fnlttSinglAcntAll,,-23937975178,제 10 기 1분기
orion,Orion,01238169,271560,KRW,Q1_2026,2026,11013,First-quarter report,20260515000512,CF,현금흐름표,ifrs-full_AdjustmentsForIncreaseDecreaseInTradeAccountPayable,매입채무의 증가(감소),-,,,2026,KRW,,,,-53109643978,제 9 기 1분기,37,11013,fnlttSinglAcntAll,,-20300898850,제 10 기 1분기
orion,Orion,01238169,271560,KRW,Q1_2026,2026,11013,First-quarter report,20260515000512,CF,현금흐름표,ifrs-full_AdjustmentsForReconcileProfitLoss,당기순이익조정을 위한 가감,-,,,2026,KRW,,,,68879196762,제 9 기 1분기,38,11013,fnlttSinglAcntAll,,86640427421,제 10 기 1분기
orion,Orion,01238169,271560,KRW,Q1_2026,2026,11013,First-quarter report,20260515000512,CF,현금흐름표,dart_AdjustmentsForDepreciationInvestmentProperty,투자부동산감가상각비 조정,-,,,2026,KRW,,,,39156865,제 9 기 1분기,39,11013,fnlttSinglAcntAll,,80870426,제 10 기 1분기
orion,Orion,01238169,271560,KRW,Q1_2026,2026,11013,First-quarter report,20260515000512,CF,현금흐름표,dart_AdjustmentsForDepreciationRightofuseAssets,사용권자산감가상각비 조정,-,,,2026,KRW,,,,3788361690,제 9 기 1분기,40,11013,fnlttSinglAcntAll,,4220871032,제 10 기 1분기
orion,Orion,01238169,271560,KRW,Q1_2026,2026,11013,First-quarter report,20260515000512,CF,현금흐름표,dart_AdjustmentsForGainOnDispositionOfTangibleAssets,유형자산처분이익 조정,-,,,2026,KRW,,,,98425939,제 9 기 1분기,41,11013,fnlttSinglAcntAll,,408106570,제 10 기 1분기
orion,Orion,01238169,271560,KRW,Q1_2026,2026,11013,First-quarter report,20260515000512,CF,현금흐름표,dart_AdjustmentsForGainOnForeignExchangeTranslations,외화환산이익 조정,-,,,2026,KRW,,,,2648798690,제 9 기 1분기,42,11013,fnlttSinglAcntAll,,13842326655,제 10 기 1분기
orion,Orion,01238169,271560,KRW,Q1_2026,2026,11013,First-quarter report,20260515000512,CF,현금흐름표,dart_AdjustmentsForInterestExpenses,이자비용 조정,-,,,2026,KRW,,,,437219418,제 9 기 1분기,43,11013,fnlttSinglAcntAll,,441684331,제 10 기 1분기
orion,Orion,01238169,271560,KRW,Q1_2026,2026,11013,First-quarter report,20260515000512,CF,현금흐름표,dart_AdjustmentsForLossesOfAssociatesAndJointVenturesAccountedForUsingEquityMethod,지분법손실 조정,-,,,2026,KRW,,,,-5047226429,제 9 기 1분기,44,11013,fnlttSinglAcntAll,,11510623113,제 10 기 1분기
orion,Orion,01238169,271560,KRW,Q1_2026,2026,11013,First-quarter report,20260515000512,CF,현금흐름표,dart_AdjustmentsForLossesOnDispositionOfPropertyPlantAndEquipment,유형자산처분손실 조정,-,,,2026,KRW,,,,729522272,제 9 기 1분기,45,11013,fnlttSinglAcntAll,,76032612,제 10 기 1분기
orion,Orion,01238169,271560,KRW,Q1_2026,2026,11013,First-quarter report,20260515000512,CF,현금흐름표,dart_AdjustmentsForLossesOnForeignExchangeTranslations,외화환산손실 조정,-,,,2026,KRW,,,,1171306707,제 9 기 1분기,46,11013,fnlttSinglAcntAll,,493739586,제 10 기 1분기
orion,Orion,01238169,271560,KRW,Q1_2026,2026,11013,First-quarter report,20260515000512,CF,현금흐름표,dart_AdjustmentsForOtherBadDebtExpenses,기타의 대손상각비 조정,-,,,2026,KRW,,,,0,제 9 기 1분기,47,11013,fnlttSinglAcntAll,,2510014,제 10 기 1분기
orion,Orion,01238169,271560,KRW,Q1_2026,2026,11013,First-quarter report,20260515000512,CF,현금흐름표,dart_AdjustmentsForOtherGainsWithoutCashFlowIn,기타 현금의 유입 없는 수익등,-,,,2026,KRW,,,,356518366,제 9 기 1분기,48,11013,fnlttSinglAcntAll,,8434591,제 10 기 1분기
orion,Orion,01238169,271560,KRW,Q1_2026,2026,11013,First-quarter report,20260515000512,CF,현금흐름표,dart_AdjustmentsForOtherLossesWithoutCashFlowOut,기타 현금의 유출 없는 비용등,-,,,2026,KRW,,,,130117337,제 9 기 1분기,49,11013,fnlttSinglAcntAll,,392722977,제 10 기 1분기
orion,Orion,01238169,271560,KRW,Q1_2026,2026,11013,First-quarter report,20260515000512,CF,현금흐름표,dart_AdjustmentsForProvisionForSeveranceIndemnities,퇴직급여 조정,-,,,2026,KRW,,,,3507201715,제 9 기 1분기,50,11013,fnlttSinglAcntAll,,3954399121,제 10 기 1분기
orion,Orion,01238169,271560,KRW,Q1_2026,2026,11013,First-quarter report,20260515000512,CF,현금흐름표,dart_ImpairmentLossRecoveryOfAccountsReceivables,매출채권손상차손(환입),-,,,2026,KRW,,,,8791413,제 9 기 1분기,51,11013,fnlttSinglAcntAll,,-77659469,제 10 기 1분기
orion,Orion,01238169,271560,KRW,Q1_2026,2026,11013,First-quarter report,20260515000512,CF,현금흐름표,ifrs-full_AdjustmentsForAmortisationExpense,무형자산상각비에 대한 조정,-,,,2026,KRW,,,,684693684,제 9 기 1분기,52,11013,fnlttSinglAcntAll,,1502324589,제 10 기 1분기
orion,Orion,01238169,271560,KRW,Q1_2026,2026,11013,First-quarter report,20260515000512,CF,현금흐름표,ifrs-full_AdjustmentsForDepreciationExpense,감가상각비에 대한 조정,-,,,2026,KRW,,,,36764412452,제 9 기 1분기,53,11013,fnlttSinglAcntAll,,37911579678,제 10 기 1분기
orion,Orion,01238169,271560,KRW,Q1_2026,2026,11013,First-quarter report,20260515000512,CF,현금흐름표,ifrs-full_AdjustmentsForIncomeTaxExpense,법인세비용 조정,-,,,2026,KRW,,,,38854931451,제 9 기 1분기,54,11013,fnlttSinglAcntAll,,49827635847,제 10 기 1분기
orion,Orion,01238169,271560,KRW,Q1_2026,2026,11013,First-quarter report,20260515000512,CF,현금흐름표,ifrs-full_AdjustmentsForInterestIncome,이자수익에 대한 조정,-,,,2026,KRW,,,,9085548818,제 9 기 1분기,55,11013,fnlttSinglAcntAll,,12472042508,제 10 기 1분기
orion,Orion,01238169,271560,KRW,Q1_2026,2026,11013,First-quarter report,20260515000512,CF,현금흐름표,ifrs-full_LossesOnChangeInFairValueOfDerivatives,파생상품평가손실,-,,,2026,KRW,,,,0,제 9 기 1분기,56,11013,fnlttSinglAcntAll,,3034003888,제 10 기 1분기
orion,Orion,01238169,271560,KRW,Q1_2026,2026,11013,First-quarter report,20260515000512,CF,현금흐름표,ifrs-full_IncomeTaxesPaidClassifiedAsOperatingActivities,"법인세 납부, 영업활동",-,,,2026,KRW,,,,53786659850,제 9 기 1분기,57,11013,fnlttSinglAcntAll,,50678945231,제 10 기 1분기
orion,Orion,01238169,271560,KRW,Q1_2026,2026,11013,First-quarter report,20260515000512,CF,현금흐름표,ifrs-full_InterestPaidClassifiedAsOperatingActivities,이자지급(영업),-,,,2026,KRW,,,,131384863,제 9 기 1분기,58,11013,fnlttSinglAcntAll,,125011333,제 10 기 1분기
orion,Orion,01238169,271560,KRW,Q1_2026,2026,11013,First-quarter report,20260515000512,CF,현금흐름표,ifrs-full_InterestReceivedClassifiedAsOperatingActivities,이자수취,-,,,2026,KRW,,,,6726631376,제 9 기 1분기,59,11013,fnlttSinglAcntAll,,7862781688,제 10 기 1분기
orion,Orion,01238169,271560,KRW,Q1_2026,2026,11013,First-quarter report,20260515000512,CF,현금흐름표,ifrs-full_ProfitLoss,당기순이익(손실),-,,,2026,KRW,,,,106132025828,제 9 기 1분기,60,11013,fnlttSinglAcntAll,,126811967162,제 10 기 1분기
orion,Orion,01238169,271560,KRW,Q1_2026,2026,11013,First-quarter report,20260515000512,CF,현금흐름표,ifrs-full_EffectOfExchangeRateChangesOnCashAndCashEquivalents,현금및현금성자산에 대한 환율변동효과,-,,,2026,KRW,,,,7076879202,제 9 기 1분기,61,11013,fnlttSinglAcntAll,,5214890020,제 10 기 1분기
orion,Orion,01238169,271560,KRW,Q1_2026,2026,11013,First-quarter report,20260515000512,CF,현금흐름표,ifrs-full_IncreaseDecreaseInCashAndCashEquivalents,현금및현금성자산의순증가(감소),-,,,2026,KRW,,,,29650627485,제 9 기 1분기,62,11013,fnlttSinglAcntAll,,3611210292,제 10 기 1분기
orion,Orion,01238169,271560,KRW,Q1_2026,2026,11013,First-quarter report,20260515000512,SCE,자본변동표,dart_EquityAtBeginningOfPeriod,기초자본,연결재무제표 [member],,,2026,KRW,,,,3574045867619,제 9 기 1분기,3,11013,fnlttSinglAcntAll,,3912207101349,제 10 기 1분기
orion,Orion,01238169,271560,KRW,Q1_2026,2026,11013,First-quarter report,20260515000512,SCE,자본변동표,dart_EquityAtBeginningOfPeriod,기초자본,자본 [구성요소]|비지배지분 [구성요소],,,2026,KRW,,,,102810459437,제 9 기 1분기,3,11013,fnlttSinglAcntAll,,103543703388,제 10 기 1분기
orion,Orion,01238169,271560,KRW,Q1_2026,2026,11013,First-quarter report,20260515000512,SCE,자본변동표,dart_EquityAtBeginningOfPeriod,기초자본,자본 [구성요소]|지배기업의 소유주에게 귀속되는 지분 [구성요소],,,2026,KRW,,,,3471235408182,제 9 기 1분기,3,11013,fnlttSinglAcntAll,,3808663397961,제 10 기 1분기
orion,Orion,01238169,271560,KRW,Q1_2026,2026,11013,First-quarter report,20260515000512,SCE,자본변동표,dart_EquityAtBeginningOfPeriod,기초자본,자본 [구성요소]|지배기업의 소유주에게 귀속되는 지분 [구성요소]|기타자본구성요소 [구성요소],,,2026,KRW,,,,821232516093,제 9 기 1분기,3,11013,fnlttSinglAcntAll,,874205592286,제 10 기 1분기
orion,Orion,01238169,271560,KRW,Q1_2026,2026,11013,First-quarter report,20260515000512,SCE,자본변동표,dart_EquityAtBeginningOfPeriod,기초자본,자본 [구성요소]|지배기업의 소유주에게 귀속되는 지분 [구성요소]|미처분이익잉여금(미처리결손금) [구성요소],,,2026,KRW,,,,1504356610183,제 9 기 1분기,3,11013,fnlttSinglAcntAll,,1532972298314,제 10 기 1분기
orion,Orion,01238169,271560,KRW,Q1_2026,2026,11013,First-quarter report,20260515000512,SCE,자본변동표,dart_EquityAtBeginningOfPeriod,기초자본,자본 [구성요소]|지배기업의 소유주에게 귀속되는 지분 [구성요소]|자기주식 [구성요소],,,2026,KRW,,,,-604361381,제 9 기 1분기,3,11013,fnlttSinglAcntAll,,-604361381,제 10 기 1분기
orion,Orion,01238169,271560,KRW,Q1_2026,2026,11013,First-quarter report,20260515000512,SCE,자본변동표,dart_EquityAtBeginningOfPeriod,기초자본,자본 [구성요소]|지배기업의 소유주에게 귀속되는 지분 [구성요소]|자본금 [구성요소],,,2026,KRW,,,,19768066000,제 9 기 1분기,3,11013,fnlttSinglAcntAll,,19768066000,제 10 기 1분기
orion,Orion,01238169,271560,KRW,Q1_2026,2026,11013,First-quarter report,20260515000512,SCE,자본변동표,dart_EquityAtBeginningOfPeriod,기초자본,자본 [구성요소]|지배기업의 소유주에게 귀속되는 지분 [구성요소]|적립금 [구성요소],,,2026,KRW,,,,528310385082,제 9 기 1분기,3,11013,fnlttSinglAcntAll,,784149610537,제 10 기 1분기
orion,Orion,01238169,271560,KRW,Q1_2026,2026,11013,First-quarter report,20260515000512,SCE,자본변동표,dart_EquityAtBeginningOfPeriod,기초자본,자본 [구성요소]|지배기업의 소유주에게 귀속되는 지분 [구성요소]|주식발행초과금 [구성요소],,,2026,KRW,,,,598172192205,제 9 기 1분기,3,11013,fnlttSinglAcntAll,,598172192205,제 10 기 1분기
orion,Orion,01238169,271560,KRW,Q1_2026,2026,11013,First-quarter report,20260515000512,SCE,자본변동표,dart_IncreaseDecreaseThroughChangesInAccountingPolicies,회계정책변경에 따른 증가(감소),연결재무제표 [member],,,2026,KRW,,,,0,제 9 기 1분기,4,11013,fnlttSinglAcntAll,,0,제 10 기 1분기
orion,Orion,01238169,271560,KRW,Q1_2026,2026,11013,First-quarter report,20260515000512,SCE,자본변동표,dart_IncreaseDecreaseThroughChangesInAccountingPolicies,회계정책변경에 따른 증가(감소),자본 [구성요소]|비지배지분 [구성요소],,,2026,KRW,,,,0,제 9 기 1분기,4,11013,fnlttSinglAcntAll,,0,제 10 기 1분기
orion,Orion,01238169,271560,KRW,Q1_2026,2026,11013,First-quarter report,20260515000512,SCE,자본변동표,dart_IncreaseDecreaseThroughChangesInAccountingPolicies,회계정책변경에 따른 증가(감소),자본 [구성요소]|지배기업의 소유주에게 귀속되는 지분 [구성요소],,,2026,KRW,,,,0,제 9 기 1분기,4,11013,fnlttSinglAcntAll,,0,제 10 기 1분기
orion,Orion,01238169,271560,KRW,Q1_2026,2026,11013,First-quarter report,20260515000512,SCE,자본변동표,dart_IncreaseDecreaseThroughChangesInAccountingPolicies,회계정책변경에 따른 증가(감소),자본 [구성요소]|지배기업의 소유주에게 귀속되는 지분 [구성요소]|기타자본구성요소 [구성요소],,,2026,KRW,,,,0,제 9 기 1분기,4,11013,fnlttSinglAcntAll,,0,제 10 기 1분기
orion,Orion,01238169,271560,KRW,Q1_2026,2026,11013,First-quarter report,20260515000512,SCE,자본변동표,dart_IncreaseDecreaseThroughChangesInAccountingPolicies,회계정책변경에 따른 증가(감소),자본 [구성요소]|지배기업의 소유주에게 귀속되는 지분 [구성요소]|미처분이익잉여금(미처리결손금) [구성요소],,,2026,KRW,,,,0,제 9 기 1분기,4,11013,fnlttSinglAcntAll,,0,제 10 기 1분기
orion,Orion,01238169,271560,KRW,Q1_2026,2026,11013,First-quarter report,20260515000512,SCE,자본변동표,dart_IncreaseDecreaseThroughChangesInAccountingPolicies,회계정책변경에 따른 증가(감소),자본 [구성요소]|지배기업의 소유주에게 귀속되는 지분 [구성요소]|자기주식 [구성요소],,,2026,KRW,,,,0,제 9 기 1분기,4,11013,fnlttSinglAcntAll,,0,제 10 기 1분기
orion,Orion,01238169,271560,KRW,Q1_2026,2026,11013,First-quarter report,20260515000512,SCE,자본변동표,dart_IncreaseDecreaseThroughChangesInAccountingPolicies,회계정책변경에 따른 증가(감소),자본 [구성요소]|지배기업의 소유주에게 귀속되는 지분 [구성요소]|자본금 [구성요소],,,2026,KRW,,,,0,제 9 기 1분기,4,11013,fnlttSinglAcntAll,,0,제 10 기 1분기
orion,Orion,01238169,271560,KRW,Q1_2026,2026,11013,First-quarter report,20260515000512,SCE,자본변동표,dart_IncreaseDecreaseThroughChangesInAccountingPolicies,회계정책변경에 따른 증가(감소),자본 [구성요소]|지배기업의 소유주에게 귀속되는 지분 [구성요소]|적립금 [구성요소],,,2026,KRW,,,,0,제 9 기 1분기,4,11013,fnlttSinglAcntAll,,0,제 10 기 1분기
orion,Orion,01238169,271560,KRW,Q1_2026,2026,11013,First-quarter report,20260515000512,SCE,자본변동표,dart_IncreaseDecreaseThroughChangesInAccountingPolicies,회계정책변경에 따른 증가(감소),자본 [구성요소]|지배기업의 소유주에게 귀속되는 지분 [구성요소]|주식발행초과금 [구성요소],,,2026,KRW,,,,0,제 9 기 1분기,4,11013,fnlttSinglAcntAll,,0,제 10 기 1분기
orion,Orion,01238169,271560,KRW,Q1_2026,2026,11013,First-quarter report,20260515000512,SCE,자본변동표,-표준계정코드 미사용-,수정후 기초자본,연결재무제표 [member],,,2026,KRW,,,,3574045867619,제 9 기 1분기,5,11013,fnlttSinglAcntAll,,3912207101349,제 10 기 1분기
orion,Orion,01238169,271560,KRW,Q1_2026,2026,11013,First-quarter report,20260515000512,SCE,자본변동표,-표준계정코드 미사용-,수정후 기초자본,자본 [구성요소]|비지배지분 [구성요소],,,2026,KRW,,,,102810459437,제 9 기 1분기,5,11013,fnlttSinglAcntAll,,103543703388,제 10 기 1분기
orion,Orion,01238169,271560,KRW,Q1_2026,2026,11013,First-quarter report,20260515000512,SCE,자본변동표,-표준계정코드 미사용-,수정후 기초자본,자본 [구성요소]|지배기업의 소유주에게 귀속되는 지분 [구성요소],,,2026,KRW,,,,3471235408182,제 9 기 1분기,5,11013,fnlttSinglAcntAll,,3808663397961,제 10 기 1분기
orion,Orion,01238169,271560,KRW,Q1_2026,2026,11013,First-quarter report,20260515000512,SCE,자본변동표,-표준계정코드 미사용-,수정후 기초자본,자본 [구성요소]|지배기업의 소유주에게 귀속되는 지분 [구성요소]|기타자본구성요소 [구성요소],,,2026,KRW,,,,821232516093,제 9 기 1분기,5,11013,fnlttSinglAcntAll,,874205592286,제 10 기 1분기
orion,Orion,01238169,271560,KRW,Q1_2026,2026,11013,First-quarter report,20260515000512,SCE,자본변동표,-표준계정코드 미사용-,수정후 기초자본,자본 [구성요소]|지배기업의 소유주에게 귀속되는 지분 [구성요소]|미처분이익잉여금(미처리결손금) [구성요소],,,2026,KRW,,,,1504356610183,제 9 기 1분기,5,11013,fnlttSinglAcntAll,,1532972298314,제 10 기 1분기
orion,Orion,01238169,271560,KRW,Q1_2026,2026,11013,First-quarter report,20260515000512,SCE,자본변동표,-표준계정코드 미사용-,수정후 기초자본,자본 [구성요소]|지배기업의 소유주에게 귀속되는 지분 [구성요소]|자기주식 [구성요소],,,2026,KRW,,,,-604361381,제 9 기 1분기,5,11013,fnlttSinglAcntAll,,-604361381,제 10 기 1분기
orion,Orion,01238169,271560,KRW,Q1_2026,2026,11013,First-quarter report,20260515000512,SCE,자본변동표,-표준계정코드 미사용-,수정후 기초자본,자본 [구성요소]|지배기업의 소유주에게 귀속되는 지분 [구성요소]|자본금 [구성요소],,,2026,KRW,,,,19768066000,제 9 기 1분기,5,11013,fnlttSinglAcntAll,,19768066000,제 10 기 1분기
orion,Orion,01238169,271560,KRW,Q1_2026,2026,11013,First-quarter report,20260515000512,SCE,자본변동표,-표준계정코드 미사용-,수정후 기초자본,자본 [구성요소]|지배기업의 소유주에게 귀속되는 지분 [구성요소]|적립금 [구성요소],,,2026,KRW,,,,528310385082,제 9 기 1분기,5,11013,fnlttSinglAcntAll,,784149610537,제 10 기 1분기
orion,Orion,01238169,271560,KRW,Q1_2026,2026,11013,First-quarter report,20260515000512,SCE,자본변동표,-표준계정코드 미사용-,수정후 기초자본,자본 [구성요소]|지배기업의 소유주에게 귀속되는 지분 [구성요소]|주식발행초과금 [구성요소],,,2026,KRW,,,,598172192205,제 9 기 1분기,5,11013,fnlttSinglAcntAll,,598172192205,제 10 기 1분기
orion,Orion,01238169,271560,KRW,Q1_2026,2026,11013,First-quarter report,20260515000512,SCE,자본변동표,-표준계정코드 미사용-,임의적립금 전입,연결재무제표 [member],,,2026,KRW,,,,0,제 9 기 1분기,6,11013,fnlttSinglAcntAll,,0,제 10 기 1분기
orion,Orion,01238169,271560,KRW,Q1_2026,2026,11013,First-quarter report,20260515000512,SCE,자본변동표,-표준계정코드 미사용-,임의적립금 전입,자본 [구성요소]|비지배지분 [구성요소],,,2026,KRW,,,,0,제 9 기 1분기,6,11013,fnlttSinglAcntAll,,0,제 10 기 1분기
orion,Orion,01238169,271560,KRW,Q1_2026,2026,11013,First-quarter report,20260515000512,SCE,자본변동표,-표준계정코드 미사용-,임의적립금 전입,자본 [구성요소]|지배기업의 소유주에게 귀속되는 지분 [구성요소],,,2026,KRW,,,,0,제 9 기 1분기,6,11013,fnlttSinglAcntAll,,0,제 10 기 1분기
orion,Orion,01238169,271560,KRW,Q1_2026,2026,11013,First-quarter report,20260515000512,SCE,자본변동표,-표준계정코드 미사용-,임의적립금 전입,자본 [구성요소]|지배기업의 소유주에게 귀속되는 지분 [구성요소]|기타자본구성요소 [구성요소],,,2026,KRW,,,,0,제 9 기 1분기,6,11013,fnlttSinglAcntAll,,0,제 10 기 1분기
orion,Orion,01238169,271560,KRW,Q1_2026,2026,11013,First-quarter report,20260515000512,SCE,자본변동표,-표준계정코드 미사용-,임의적립금 전입,자본 [구성요소]|지배기업의 소유주에게 귀속되는 지분 [구성요소]|미처분이익잉여금(미처리결손금) [구성요소],,,2026,KRW,,,,-253912151748,제 9 기 1분기,6,11013,fnlttSinglAcntAll,,-180000000000,제 10 기 1분기
orion,Orion,01238169,271560,KRW,Q1_2026,2026,11013,First-quarter report,20260515000512,SCE,자본변동표,-표준계정코드 미사용-,임의적립금 전입,자본 [구성요소]|지배기업의 소유주에게 귀속되는 지분 [구성요소]|자기주식 [구성요소],,,2026,KRW,,,,0,제 9 기 1분기,6,11013,fnlttSinglAcntAll,,0,제 10 기 1분기
orion,Orion,01238169,271560,KRW,Q1_2026,2026,11013,First-quarter report,20260515000512,SCE,자본변동표,-표준계정코드 미사용-,임의적립금 전입,자본 [구성요소]|지배기업의 소유주에게 귀속되는 지분 [구성요소]|자본금 [구성요소],,,2026,KRW,,,,0,제 9 기 1분기,6,11013,fnlttSinglAcntAll,,0,제 10 기 1분기
orion,Orion,01238169,271560,KRW,Q1_2026,2026,11013,First-quarter report,20260515000512,SCE,자본변동표,-표준계정코드 미사용-,임의적립금 전입,자본 [구성요소]|지배기업의 소유주에게 귀속되는 지분 [구성요소]|적립금 [구성요소],,,2026,KRW,,,,253912151748,제 9 기 1분기,6,11013,fnlttSinglAcntAll,,180000000000,제 10 기 1분기
orion,Orion,01238169,271560,KRW,Q1_2026,2026,11013,First-quarter report,20260515000512,SCE,자본변동표,-표준계정코드 미사용-,임의적립금 전입,자본 [구성요소]|지배기업의 소유주에게 귀속되는 지분 [구성요소]|주식발행초과금 [구성요소],,,2026,KRW,,,,0,제 9 기 1분기,6,11013,fnlttSinglAcntAll,,0,제 10 기 1분기
orion,Orion,01238169,271560,KRW,Q1_2026,2026,11013,First-quarter report,20260515000512,SCE,자본변동표,ifrs-full_ComprehensiveIncome,총포괄손익,연결재무제표 [member],,,2026,KRW,,,,158086531926,제 9 기 1분기,7,11013,fnlttSinglAcntAll,,235490700320,제 10 기 1분기
orion,Orion,01238169,271560,KRW,Q1_2026,2026,11013,First-quarter report,20260515000512,SCE,자본변동표,ifrs-full_ComprehensiveIncome,총포괄손익,자본 [구성요소]|비지배지분 [구성요소],,,2026,KRW,,,,2678969947,제 9 기 1분기,7,11013,fnlttSinglAcntAll,,7702919500,제 10 기 1분기
orion,Orion,01238169,271560,KRW,Q1_2026,2026,11013,First-quarter report,20260515000512,SCE,자본변동표,ifrs-full_ComprehensiveIncome,총포괄손익,자본 [구성요소]|지배기업의 소유주에게 귀속되는 지분 [구성요소],,,2026,KRW,,,,155407561979,제 9 기 1분기,7,11013,fnlttSinglAcntAll,,227787780820,제 10 기 1분기
orion,Orion,01238169,271560,KRW,Q1_2026,2026,11013,First-quarter report,20260515000512,SCE,자본변동표,ifrs-full_ComprehensiveIncome,총포괄손익,자본 [구성요소]|지배기업의 소유주에게 귀속되는 지분 [구성요소]|기타자본구성요소 [구성요소],,,2026,KRW,,,,51221856106,제 9 기 1분기,7,11013,fnlttSinglAcntAll,,103699547149,제 10 기 1분기
orion,Orion,01238169,271560,KRW,Q1_2026,2026,11013,First-quarter report,20260515000512,SCE,자본변동표,ifrs-full_ComprehensiveIncome,총포괄손익,자본 [구성요소]|지배기업의 소유주에게 귀속되는 지분 [구성요소]|미처분이익잉여금(미처리결손금) [구성요소],,,2026,KRW,,,,104185705873,제 9 기 1분기,7,11013,fnlttSinglAcntAll,,124088233671,제 10 기 1분기
orion,Orion,01238169,271560,KRW,Q1_2026,2026,11013,First-quarter report,20260515000512,SCE,자본변동표,ifrs-full_ComprehensiveIncome,총포괄손익,자본 [구성요소]|지배기업의 소유주에게 귀속되는 지분 [구성요소]|자기주식 [구성요소],,,2026,KRW,,,,0,제 9 기 1분기,7,11013,fnlttSinglAcntAll,,0,제 10 기 1분기
orion,Orion,01238169,271560,KRW,Q1_2026,2026,11013,First-quarter report,20260515000512,SCE,자본변동표,ifrs-full_ComprehensiveIncome,총포괄손익,자본 [구성요소]|지배기업의 소유주에게 귀속되는 지분 [구성요소]|자본금 [구성요소],,,2026,KRW,,,,0,제 9 기 1분기,7,11013,fnlttSinglAcntAll,,0,제 10 기 1분기
orion,Orion,01238169,271560,KRW,Q1_2026,2026,11013,First-quarter report,20260515000512,SCE,자본변동표,ifrs-full_ComprehensiveIncome,총포괄손익,자본 [구성요소]|지배기업의 소유주에게 귀속되는 지분 [구성요소]|적립금 [구성요소],,,2026,KRW,,,,0,제 9 기 1분기,7,11013,fnlttSinglAcntAll,,0,제 10 기 1분기
orion,Orion,01238169,271560,KRW,Q1_2026,2026,11013,First-quarter report,20260515000512,SCE,자본변동표,ifrs-full_ComprehensiveIncome,총포괄손익,자본 [구성요소]|지배기업의 소유주에게 귀속되는 지분 [구성요소]|주식발행초과금 [구성요소],,,2026,KRW,,,,0,제 9 기 1분기,7,11013,fnlttSinglAcntAll,,0,제 10 기 1분기
orion,Orion,01238169,271560,KRW,Q1_2026,2026,11013,First-quarter report,20260515000512,SCE,자본변동표,ifrs-full_DividendsPaid,소유주에 대한 배분으로 인식된 배당금,연결재무제표 [member],,,2026,KRW,,,,98821970000,제 9 기 1분기,8,11013,fnlttSinglAcntAll,,138350758000,제 10 기 1분기
orion,Orion,01238169,271560,KRW,Q1_2026,2026,11013,First-quarter report,20260515000512,SCE,자본변동표,ifrs-full_DividendsPaid,소유주에 대한 배분으로 인식된 배당금,자본 [구성요소]|비지배지분 [구성요소],,,2026,KRW,,,,0,제 9 기 1분기,8,11013,fnlttSinglAcntAll,,0,제 10 기 1분기
orion,Orion,01238169,271560,KRW,Q1_2026,2026,11013,First-quarter report,20260515000512,SCE,자본변동표,ifrs-full_DividendsPaid,소유주에 대한 배분으로 인식된 배당금,자본 [구성요소]|지배기업의 소유주에게 귀속되는 지분 [구성요소],,,2026,KRW,,,,98821970000,제 9 기 1분기,8,11013,fnlttSinglAcntAll,,138350758000,제 10 기 1분기
orion,Orion,01238169,271560,KRW,Q1_2026,2026,11013,First-quarter report,20260515000512,SCE,자본변동표,ifrs-full_DividendsPaid,소유주에 대한 배분으로 인식된 배당금,자본 [구성요소]|지배기업의 소유주에게 귀속되는 지분 [구성요소]|기타자본구성요소 [구성요소],,,2026,KRW,,,,0,제 9 기 1분기,8,11013,fnlttSinglAcntAll,,0,제 10 기 1분기
orion,Orion,01238169,271560,KRW,Q1_2026,2026,11013,First-quarter report,20260515000512,SCE,자본변동표,ifrs-full_DividendsPaid,소유주에 대한 배분으로 인식된 배당금,자본 [구성요소]|지배기업의 소유주에게 귀속되는 지분 [구성요소]|미처분이익잉여금(미처리결손금) [구성요소],,,2026,KRW,,,,98821970000,제 9 기 1분기,8,11013,fnlttSinglAcntAll,,138350758000,제 10 기 1분기
orion,Orion,01238169,271560,KRW,Q1_2026,2026,11013,First-quarter report,20260515000512,SCE,자본변동표,ifrs-full_DividendsPaid,소유주에 대한 배분으로 인식된 배당금,자본 [구성요소]|지배기업의 소유주에게 귀속되는 지분 [구성요소]|자기주식 [구성요소],,,2026,KRW,,,,0,제 9 기 1분기,8,11013,fnlttSinglAcntAll,,0,제 10 기 1분기
orion,Orion,01238169,271560,KRW,Q1_2026,2026,11013,First-quarter report,20260515000512,SCE,자본변동표,ifrs-full_DividendsPaid,소유주에 대한 배분으로 인식된 배당금,자본 [구성요소]|지배기업의 소유주에게 귀속되는 지분 [구성요소]|자본금 [구성요소],,,2026,KRW,,,,0,제 9 기 1분기,8,11013,fnlttSinglAcntAll,,0,제 10 기 1분기
orion,Orion,01238169,271560,KRW,Q1_2026,2026,11013,First-quarter report,20260515000512,SCE,자본변동표,ifrs-full_DividendsPaid,소유주에 대한 배분으로 인식된 배당금,자본 [구성요소]|지배기업의 소유주에게 귀속되는 지분 [구성요소]|적립금 [구성요소],,,2026,KRW,,,,0,제 9 기 1분기,8,11013,fnlttSinglAcntAll,,0,제 10 기 1분기
orion,Orion,01238169,271560,KRW,Q1_2026,2026,11013,First-quarter report,20260515000512,SCE,자본변동표,ifrs-full_DividendsPaid,소유주에 대한 배분으로 인식된 배당금,자본 [구성요소]|지배기업의 소유주에게 귀속되는 지분 [구성요소]|주식발행초과금 [구성요소],,,2026,KRW,,,,0,제 9 기 1분기,8,11013,fnlttSinglAcntAll,,0,제 10 기 1분기
orion,Orion,01238169,271560,KRW,Q1_2026,2026,11013,First-quarter report,20260515000512,SCE,자본변동표,ifrs-full_Equity,자본총계,연결재무제표 [member],,,2026,KRW,,3912207101349,,3633310429545,제 9 기 1분기,9,11013,fnlttSinglAcntAll,,4009347043669,제 10 기 1분기
orion,Orion,01238169,271560,KRW,Q1_2026,2026,11013,First-quarter report,20260515000512,SCE,자본변동표,ifrs-full_Equity,자본총계,자본 [구성요소]|비지배지분 [구성요소],,,2026,KRW,,,,105489429384,제 9 기 1분기,9,11013,fnlttSinglAcntAll,,111246622888,제 10 기 1분기
orion,Orion,01238169,271560,KRW,Q1_2026,2026,11013,First-quarter report,20260515000512,SCE,자본변동표,ifrs-full_Equity,자본총계,자본 [구성요소]|지배기업의 소유주에게 귀속되는 지분 [구성요소],,,2026,KRW,,,,3527821000161,제 9 기 1분기,9,11013,fnlttSinglAcntAll,,3898100420781,제 10 기 1분기
orion,Orion,01238169,271560,KRW,Q1_2026,2026,11013,First-quarter report,20260515000512,SCE,자본변동표,ifrs-full_Equity,자본총계,자본 [구성요소]|지배기업의 소유주에게 귀속되는 지분 [구성요소]|기타자본구성요소 [구성요소],,,2026,KRW,,,,872454372199,제 9 기 1분기,9,11013,fnlttSinglAcntAll,,977905139435,제 10 기 1분기
orion,Orion,01238169,271560,KRW,Q1_2026,2026,11013,First-quarter report,20260515000512,SCE,자본변동표,ifrs-full_Equity,자본총계,자본 [구성요소]|지배기업의 소유주에게 귀속되는 지분 [구성요소]|미처분이익잉여금(미처리결손금) [구성요소],,,2026,KRW,,,,1255808194308,제 9 기 1분기,9,11013,fnlttSinglAcntAll,,1338709773985,제 10 기 1분기
orion,Orion,01238169,271560,KRW,Q1_2026,2026,11013,First-quarter report,20260515000512,SCE,자본변동표,ifrs-full_Equity,자본총계,자본 [구성요소]|지배기업의 소유주에게 귀속되는 지분 [구성요소]|자기주식 [구성요소],,,2026,KRW,,,,-604361381,제 9 기 1분기,9,11013,fnlttSinglAcntAll,,-604361381,제 10 기 1분기
orion,Orion,01238169,271560,KRW,Q1_2026,2026,11013,First-quarter report,20260515000512,SCE,자본변동표,ifrs-full_Equity,자본총계,자본 [구성요소]|지배기업의 소유주에게 귀속되는 지분 [구성요소]|자본금 [구성요소],,,2026,KRW,,,,19768066000,제 9 기 1분기,9,11013,fnlttSinglAcntAll,,19768066000,제 10 기 1분기
orion,Orion,01238169,271560,KRW,Q1_2026,2026,11013,First-quarter report,20260515000512,SCE,자본변동표,ifrs-full_Equity,자본총계,자본 [구성요소]|지배기업의 소유주에게 귀속되는 지분 [구성요소]|적립금 [구성요소],,,2026,KRW,,,,782222536830,제 9 기 1분기,9,11013,fnlttSinglAcntAll,,964149610537,제 10 기 1분기
orion,Orion,01238169,271560,KRW,Q1_2026,2026,11013,First-quarter report,20260515000512,SCE,자본변동표,ifrs-full_Equity,자본총계,자본 [구성요소]|지배기업의 소유주에게 귀속되는 지분 [구성요소]|주식발행초과금 [구성요소],,,2026,KRW,,,,598172192205,제 9 기 1분기,9,11013,fnlttSinglAcntAll,,598172192205,제 10 기 1분기
orion,Orion,01238169,271560,KRW,Q1_2026,2026,11013,First-quarter report,20260515000512,SCE,자본변동표,ifrs-full_IncreaseDecreaseThroughTransactionsWithOwners,소유주와의 거래 합계,연결재무제표 [member],,,2026,KRW,,,,-98821970000,제 9 기 1분기,10,11013,fnlttSinglAcntAll,,-138350758000,제 10 기 1분기
orion,Orion,01238169,271560,KRW,Q1_2026,2026,11013,First-quarter report,20260515000512,SCE,자본변동표,ifrs-full_IncreaseDecreaseThroughTransactionsWithOwners,소유주와의 거래 합계,자본 [구성요소]|비지배지분 [구성요소],,,2026,KRW,,,,0,제 9 기 1분기,10,11013,fnlttSinglAcntAll,,0,제 10 기 1분기
orion,Orion,01238169,271560,KRW,Q1_2026,2026,11013,First-quarter report,20260515000512,SCE,자본변동표,ifrs-full_IncreaseDecreaseThroughTransactionsWithOwners,소유주와의 거래 합계,자본 [구성요소]|지배기업의 소유주에게 귀속되는 지분 [구성요소],,,2026,KRW,,,,-98821970000,제 9 기 1분기,10,11013,fnlttSinglAcntAll,,-138350758000,제 10 기 1분기
orion,Orion,01238169,271560,KRW,Q1_2026,2026,11013,First-quarter report,20260515000512,SCE,자본변동표,ifrs-full_IncreaseDecreaseThroughTransactionsWithOwners,소유주와의 거래 합계,자본 [구성요소]|지배기업의 소유주에게 귀속되는 지분 [구성요소]|기타자본구성요소 [구성요소],,,2026,KRW,,,,0,제 9 기 1분기,10,11013,fnlttSinglAcntAll,,0,제 10 기 1분기
orion,Orion,01238169,271560,KRW,Q1_2026,2026,11013,First-quarter report,20260515000512,SCE,자본변동표,ifrs-full_IncreaseDecreaseThroughTransactionsWithOwners,소유주와의 거래 합계,자본 [구성요소]|지배기업의 소유주에게 귀속되는 지분 [구성요소]|미처분이익잉여금(미처리결손금) [구성요소],,,2026,KRW,,,,-352734121748,제 9 기 1분기,10,11013,fnlttSinglAcntAll,,-318350758000,제 10 기 1분기
orion,Orion,01238169,271560,KRW,Q1_2026,2026,11013,First-quarter report,20260515000512,SCE,자본변동표,ifrs-full_IncreaseDecreaseThroughTransactionsWithOwners,소유주와의 거래 합계,자본 [구성요소]|지배기업의 소유주에게 귀속되는 지분 [구성요소]|자기주식 [구성요소],,,2026,KRW,,,,0,제 9 기 1분기,10,11013,fnlttSinglAcntAll,,0,제 10 기 1분기
orion,Orion,01238169,271560,KRW,Q1_2026,2026,11013,First-quarter report,20260515000512,SCE,자본변동표,ifrs-full_IncreaseDecreaseThroughTransactionsWithOwners,소유주와의 거래 합계,자본 [구성요소]|지배기업의 소유주에게 귀속되는 지분 [구성요소]|자본금 [구성요소],,,2026,KRW,,,,0,제 9 기 1분기,10,11013,fnlttSinglAcntAll,,0,제 10 기 1분기
orion,Orion,01238169,271560,KRW,Q1_2026,2026,11013,First-quarter report,20260515000512,SCE,자본변동표,ifrs-full_IncreaseDecreaseThroughTransactionsWithOwners,소유주와의 거래 합계,자본 [구성요소]|지배기업의 소유주에게 귀속되는 지분 [구성요소]|적립금 [구성요소],,,2026,KRW,,,,253912151748,제 9 기 1분기,10,11013,fnlttSinglAcntAll,,180000000000,제 10 기 1분기
orion,Orion,01238169,271560,KRW,Q1_2026,2026,11013,First-quarter report,20260515000512,SCE,자본변동표,ifrs-full_IncreaseDecreaseThroughTransactionsWithOwners,소유주와의 거래 합계,자본 [구성요소]|지배기업의 소유주에게 귀속되는 지분 [구성요소]|주식발행초과금 [구성요소],,,2026,KRW,,,,0,제 9 기 1분기,10,11013,fnlttSinglAcntAll,,0,제 10 기 1분기
orion,Orion,01238169,271560,KRW,Q1_2026,2026,11013,First-quarter report,20260515000512,SCE,자본변동표,ifrs-full_OtherComprehensiveIncome,기타포괄손익,연결재무제표 [member],,,2026,KRW,,,,51954506098,제 9 기 1분기,11,11013,fnlttSinglAcntAll,,108678733158,제 10 기 1분기
orion,Orion,01238169,271560,KRW,Q1_2026,2026,11013,First-quarter report,20260515000512,SCE,자본변동표,ifrs-full_OtherComprehensiveIncome,기타포괄손익,자본 [구성요소]|비지배지분 [구성요소],,,2026,KRW,,,,880217417,제 9 기 1분기,11,11013,fnlttSinglAcntAll,,5375494144,제 10 기 1분기
orion,Orion,01238169,271560,KRW,Q1_2026,2026,11013,First-quarter report,20260515000512,SCE,자본변동표,ifrs-full_OtherComprehensiveIncome,기타포괄손익,자본 [구성요소]|지배기업의 소유주에게 귀속되는 지분 [구성요소],,,2026,KRW,,,,51074288681,제 9 기 1분기,11,11013,fnlttSinglAcntAll,,103303239014,제 10 기 1분기
orion,Orion,01238169,271560,KRW,Q1_2026,2026,11013,First-quarter report,20260515000512,SCE,자본변동표,ifrs-full_OtherComprehensiveIncome,기타포괄손익,자본 [구성요소]|지배기업의 소유주에게 귀속되는 지분 [구성요소]|기타자본구성요소 [구성요소],,,2026,KRW,,,,51221856106,제 9 기 1분기,11,11013,fnlttSinglAcntAll,,103699547149,제 10 기 1분기
orion,Orion,01238169,271560,KRW,Q1_2026,2026,11013,First-quarter report,20260515000512,SCE,자본변동표,ifrs-full_OtherComprehensiveIncome,기타포괄손익,자본 [구성요소]|지배기업의 소유주에게 귀속되는 지분 [구성요소]|미처분이익잉여금(미처리결손금) [구성요소],,,2026,KRW,,,,-147567425,제 9 기 1분기,11,11013,fnlttSinglAcntAll,,-396308135,제 10 기 1분기
orion,Orion,01238169,271560,KRW,Q1_2026,2026,11013,First-quarter report,20260515000512,SCE,자본변동표,ifrs-full_OtherComprehensiveIncome,기타포괄손익,자본 [구성요소]|지배기업의 소유주에게 귀속되는 지분 [구성요소]|자기주식 [구성요소],,,2026,KRW,,,,0,제 9 기 1분기,11,11013,fnlttSinglAcntAll,,0,제 10 기 1분기
orion,Orion,01238169,271560,KRW,Q1_2026,2026,11013,First-quarter report,20260515000512,SCE,자본변동표,ifrs-full_OtherComprehensiveIncome,기타포괄손익,자본 [구성요소]|지배기업의 소유주에게 귀속되는 지분 [구성요소]|자본금 [구성요소],,,2026,KRW,,,,0,제 9 기 1분기,11,11013,fnlttSinglAcntAll,,0,제 10 기 1분기
orion,Orion,01238169,271560,KRW,Q1_2026,2026,11013,First-quarter report,20260515000512,SCE,자본변동표,ifrs-full_OtherComprehensiveIncome,기타포괄손익,자본 [구성요소]|지배기업의 소유주에게 귀속되는 지분 [구성요소]|적립금 [구성요소],,,2026,KRW,,,,0,제 9 기 1분기,11,11013,fnlttSinglAcntAll,,0,제 10 기 1분기
orion,Orion,01238169,271560,KRW,Q1_2026,2026,11013,First-quarter report,20260515000512,SCE,자본변동표,ifrs-full_OtherComprehensiveIncome,기타포괄손익,자본 [구성요소]|지배기업의 소유주에게 귀속되는 지분 [구성요소]|주식발행초과금 [구성요소],,,2026,KRW,,,,0,제 9 기 1분기,11,11013,fnlttSinglAcntAll,,0,제 10 기 1분기
orion,Orion,01238169,271560,KRW,Q1_2026,2026,11013,First-quarter report,20260515000512,SCE,자본변동표,ifrs-full_GainsLossesOnExchangeDifferencesOnTranslationNetOfTax,해외사업장환산외환차이(세후기타포괄손익),연결재무제표 [member],,,2026,KRW,,,,51567682436,제 9 기 1분기,12,11013,fnlttSinglAcntAll,,110824262241,제 10 기 1분기
orion,Orion,01238169,271560,KRW,Q1_2026,2026,11013,First-quarter report,20260515000512,SCE,자본변동표,ifrs-full_GainsLossesOnExchangeDifferencesOnTranslationNetOfTax,해외사업장환산외환차이(세후기타포괄손익),자본 [구성요소]|비지배지분 [구성요소],,,2026,KRW,,,,866060042,제 9 기 1분기,12,11013,fnlttSinglAcntAll,,5482635343,제 10 기 1분기
orion,Orion,01238169,271560,KRW,Q1_2026,2026,11013,First-quarter report,20260515000512,SCE,자본변동표,ifrs-full_GainsLossesOnExchangeDifferencesOnTranslationNetOfTax,해외사업장환산외환차이(세후기타포괄손익),자본 [구성요소]|지배기업의 소유주에게 귀속되는 지분 [구성요소],,,2026,KRW,,,,50701622394,제 9 기 1분기,12,11013,fnlttSinglAcntAll,,105341626898,제 10 기 1분기
orion,Orion,01238169,271560,KRW,Q1_2026,2026,11013,First-quarter report,20260515000512,SCE,자본변동표,ifrs-full_GainsLossesOnExchangeDifferencesOnTranslationNetOfTax,해외사업장환산외환차이(세후기타포괄손익),자본 [구성요소]|지배기업의 소유주에게 귀속되는 지분 [구성요소]|기타자본구성요소 [구성요소],,,2026,KRW,,,,50701622394,제 9 기 1분기,12,11013,fnlttSinglAcntAll,,105341626898,제 10 기 1분기
orion,Orion,01238169,271560,KRW,Q1_2026,2026,11013,First-quarter report,20260515000512,SCE,자본변동표,ifrs-full_GainsLossesOnExchangeDifferencesOnTranslationNetOfTax,해외사업장환산외환차이(세후기타포괄손익),자본 [구성요소]|지배기업의 소유주에게 귀속되는 지분 [구성요소]|미처분이익잉여금(미처리결손금) [구성요소],,,2026,KRW,,,,0,제 9 기 1분기,12,11013,fnlttSinglAcntAll,,0,제 10 기 1분기
orion,Orion,01238169,271560,KRW,Q1_2026,2026,11013,First-quarter report,20260515000512,SCE,자본변동표,ifrs-full_GainsLossesOnExchangeDifferencesOnTranslationNetOfTax,해외사업장환산외환차이(세후기타포괄손익),자본 [구성요소]|지배기업의 소유주에게 귀속되는 지분 [구성요소]|자기주식 [구성요소],,,2026,KRW,,,,0,제 9 기 1분기,12,11013,fnlttSinglAcntAll,,0,제 10 기 1분기
orion,Orion,01238169,271560,KRW,Q1_2026,2026,11013,First-quarter report,20260515000512,SCE,자본변동표,ifrs-full_GainsLossesOnExchangeDifferencesOnTranslationNetOfTax,해외사업장환산외환차이(세후기타포괄손익),자본 [구성요소]|지배기업의 소유주에게 귀속되는 지분 [구성요소]|자본금 [구성요소],,,2026,KRW,,,,0,제 9 기 1분기,12,11013,fnlttSinglAcntAll,,0,제 10 기 1분기
orion,Orion,01238169,271560,KRW,Q1_2026,2026,11013,First-quarter report,20260515000512,SCE,자본변동표,ifrs-full_GainsLossesOnExchangeDifferencesOnTranslationNetOfTax,해외사업장환산외환차이(세후기타포괄손익),자본 [구성요소]|지배기업의 소유주에게 귀속되는 지분 [구성요소]|적립금 [구성요소],,,2026,KRW,,,,0,제 9 기 1분기,12,11013,fnlttSinglAcntAll,,0,제 10 기 1분기
orion,Orion,01238169,271560,KRW,Q1_2026,2026,11013,First-quarter report,20260515000512,SCE,자본변동표,ifrs-full_GainsLossesOnExchangeDifferencesOnTranslationNetOfTax,해외사업장환산외환차이(세후기타포괄손익),자본 [구성요소]|지배기업의 소유주에게 귀속되는 지분 [구성요소]|주식발행초과금 [구성요소],,,2026,KRW,,,,0,제 9 기 1분기,12,11013,fnlttSinglAcntAll,,0,제 10 기 1분기
orion,Orion,01238169,271560,KRW,Q1_2026,2026,11013,First-quarter report,20260515000512,SCE,자본변동표,ifrs-full_OtherComprehensiveIncomeNetOfTaxGainsLossesOnRemeasurementsOfDefinedBenefitPlans,확정급여제도의 재측정손익(세후기타포괄손익),연결재무제표 [member],,,2026,KRW,,,,97886782,제 9 기 1분기,13,11013,fnlttSinglAcntAll,,-191348306,제 10 기 1분기
orion,Orion,01238169,271560,KRW,Q1_2026,2026,11013,First-quarter report,20260515000512,SCE,자본변동표,ifrs-full_OtherComprehensiveIncomeNetOfTaxGainsLossesOnRemeasurementsOfDefinedBenefitPlans,확정급여제도의 재측정손익(세후기타포괄손익),자본 [구성요소]|비지배지분 [구성요소],,,2026,KRW,,,,0,제 9 기 1분기,13,11013,fnlttSinglAcntAll,,0,제 10 기 1분기
orion,Orion,01238169,271560,KRW,Q1_2026,2026,11013,First-quarter report,20260515000512,SCE,자본변동표,ifrs-full_OtherComprehensiveIncomeNetOfTaxGainsLossesOnRemeasurementsOfDefinedBenefitPlans,확정급여제도의 재측정손익(세후기타포괄손익),자본 [구성요소]|지배기업의 소유주에게 귀속되는 지분 [구성요소],,,2026,KRW,,,,97886782,제 9 기 1분기,13,11013,fnlttSinglAcntAll,,-191348306,제 10 기 1분기
orion,Orion,01238169,271560,KRW,Q1_2026,2026,11013,First-quarter report,20260515000512,SCE,자본변동표,ifrs-full_OtherComprehensiveIncomeNetOfTaxGainsLossesOnRemeasurementsOfDefinedBenefitPlans,확정급여제도의 재측정손익(세후기타포괄손익),자본 [구성요소]|지배기업의 소유주에게 귀속되는 지분 [구성요소]|기타자본구성요소 [구성요소],,,2026,KRW,,,,0,제 9 기 1분기,13,11013,fnlttSinglAcntAll,,0,제 10 기 1분기
orion,Orion,01238169,271560,KRW,Q1_2026,2026,11013,First-quarter report,20260515000512,SCE,자본변동표,ifrs-full_OtherComprehensiveIncomeNetOfTaxGainsLossesOnRemeasurementsOfDefinedBenefitPlans,확정급여제도의 재측정손익(세후기타포괄손익),자본 [구성요소]|지배기업의 소유주에게 귀속되는 지분 [구성요소]|미처분이익잉여금(미처리결손금) [구성요소],,,2026,KRW,,,,97886782,제 9 기 1분기,13,11013,fnlttSinglAcntAll,,-191348306,제 10 기 1분기
orion,Orion,01238169,271560,KRW,Q1_2026,2026,11013,First-quarter report,20260515000512,SCE,자본변동표,ifrs-full_OtherComprehensiveIncomeNetOfTaxGainsLossesOnRemeasurementsOfDefinedBenefitPlans,확정급여제도의 재측정손익(세후기타포괄손익),자본 [구성요소]|지배기업의 소유주에게 귀속되는 지분 [구성요소]|자기주식 [구성요소],,,2026,KRW,,,,0,제 9 기 1분기,13,11013,fnlttSinglAcntAll,,0,제 10 기 1분기
orion,Orion,01238169,271560,KRW,Q1_2026,2026,11013,First-quarter report,20260515000512,SCE,자본변동표,ifrs-full_OtherComprehensiveIncomeNetOfTaxGainsLossesOnRemeasurementsOfDefinedBenefitPlans,확정급여제도의 재측정손익(세후기타포괄손익),자본 [구성요소]|지배기업의 소유주에게 귀속되는 지분 [구성요소]|자본금 [구성요소],,,2026,KRW,,,,0,제 9 기 1분기,13,11013,fnlttSinglAcntAll,,0,제 10 기 1분기
orion,Orion,01238169,271560,KRW,Q1_2026,2026,11013,First-quarter report,20260515000512,SCE,자본변동표,ifrs-full_OtherComprehensiveIncomeNetOfTaxGainsLossesOnRemeasurementsOfDefinedBenefitPlans,확정급여제도의 재측정손익(세후기타포괄손익),자본 [구성요소]|지배기업의 소유주에게 귀속되는 지분 [구성요소]|적립금 [구성요소],,,2026,KRW,,,,0,제 9 기 1분기,13,11013,fnlttSinglAcntAll,,0,제 10 기 1분기
orion,Orion,01238169,271560,KRW,Q1_2026,2026,11013,First-quarter report,20260515000512,SCE,자본변동표,ifrs-full_OtherComprehensiveIncomeNetOfTaxGainsLossesOnRemeasurementsOfDefinedBenefitPlans,확정급여제도의 재측정손익(세후기타포괄손익),자본 [구성요소]|지배기업의 소유주에게 귀속되는 지분 [구성요소]|주식발행초과금 [구성요소],,,2026,KRW,,,,0,제 9 기 1분기,13,11013,fnlttSinglAcntAll,,0,제 10 기 1분기
orion,Orion,01238169,271560,KRW,Q1_2026,2026,11013,First-quarter report,20260515000512,SCE,자본변동표,ifrs-full_ShareOfOtherComprehensiveIncomeOfAssociatesAndJointVenturesAccountedForUsingEquityMethod,지분법자본변동,연결재무제표 [member],,,2026,KRW,,,,546895258,제 9 기 1분기,14,11013,fnlttSinglAcntAll,,255867552,제 10 기 1분기
orion,Orion,01238169,271560,KRW,Q1_2026,2026,11013,First-quarter report,20260515000512,SCE,자본변동표,ifrs-full_ShareOfOtherComprehensiveIncomeOfAssociatesAndJointVenturesAccountedForUsingEquityMethod,지분법자본변동,자본 [구성요소]|비지배지분 [구성요소],,,2026,KRW,,,,26661546,제 9 기 1분기,14,11013,fnlttSinglAcntAll,,-12200,제 10 기 1분기
orion,Orion,01238169,271560,KRW,Q1_2026,2026,11013,First-quarter report,20260515000512,SCE,자본변동표,ifrs-full_ShareOfOtherComprehensiveIncomeOfAssociatesAndJointVenturesAccountedForUsingEquityMethod,지분법자본변동,자본 [구성요소]|지배기업의 소유주에게 귀속되는 지분 [구성요소],,,2026,KRW,,,,520233712,제 9 기 1분기,14,11013,fnlttSinglAcntAll,,255879752,제 10 기 1분기
orion,Orion,01238169,271560,KRW,Q1_2026,2026,11013,First-quarter report,20260515000512,SCE,자본변동표,ifrs-full_ShareOfOtherComprehensiveIncomeOfAssociatesAndJointVenturesAccountedForUsingEquityMethod,지분법자본변동,자본 [구성요소]|지배기업의 소유주에게 귀속되는 지분 [구성요소]|기타자본구성요소 [구성요소],,,2026,KRW,,,,520233712,제 9 기 1분기,14,11013,fnlttSinglAcntAll,,255879752,제 10 기 1분기
orion,Orion,01238169,271560,KRW,Q1_2026,2026,11013,First-quarter report,20260515000512,SCE,자본변동표,ifrs-full_ShareOfOtherComprehensiveIncomeOfAssociatesAndJointVenturesAccountedForUsingEquityMethod,지분법자본변동,자본 [구성요소]|지배기업의 소유주에게 귀속되는 지분 [구성요소]|미처분이익잉여금(미처리결손금) [구성요소],,,2026,KRW,,,,0,제 9 기 1분기,14,11013,fnlttSinglAcntAll,,0,제 10 기 1분기
orion,Orion,01238169,271560,KRW,Q1_2026,2026,11013,First-quarter report,20260515000512,SCE,자본변동표,ifrs-full_ShareOfOtherComprehensiveIncomeOfAssociatesAndJointVenturesAccountedForUsingEquityMethod,지분법자본변동,자본 [구성요소]|지배기업의 소유주에게 귀속되는 지분 [구성요소]|자기주식 [구성요소],,,2026,KRW,,,,0,제 9 기 1분기,14,11013,fnlttSinglAcntAll,,0,제 10 기 1분기
orion,Orion,01238169,271560,KRW,Q1_2026,2026,11013,First-quarter report,20260515000512,SCE,자본변동표,ifrs-full_ShareOfOtherComprehensiveIncomeOfAssociatesAndJointVenturesAccountedForUsingEquityMethod,지분법자본변동,자본 [구성요소]|지배기업의 소유주에게 귀속되는 지분 [구성요소]|자본금 [구성요소],,,2026,KRW,,,,0,제 9 기 1분기,14,11013,fnlttSinglAcntAll,,0,제 10 기 1분기
orion,Orion,01238169,271560,KRW,Q1_2026,2026,11013,First-quarter report,20260515000512,SCE,자본변동표,ifrs-full_ShareOfOtherComprehensiveIncomeOfAssociatesAndJointVenturesAccountedForUsingEquityMethod,지분법자본변동,자본 [구성요소]|지배기업의 소유주에게 귀속되는 지분 [구성요소]|적립금 [구성요소],,,2026,KRW,,,,0,제 9 기 1분기,14,11013,fnlttSinglAcntAll,,0,제 10 기 1분기
orion,Orion,01238169,271560,KRW,Q1_2026,2026,11013,First-quarter report,20260515000512,SCE,자본변동표,ifrs-full_ShareOfOtherComprehensiveIncomeOfAssociatesAndJointVenturesAccountedForUsingEquityMethod,지분법자본변동,자본 [구성요소]|지배기업의 소유주에게 귀속되는 지분 [구성요소]|주식발행초과금 [구성요소],,,2026,KRW,,,,0,제 9 기 1분기,14,11013,fnlttSinglAcntAll,,0,제 10 기 1분기
orion,Orion,01238169,271560,KRW,Q1_2026,2026,11013,First-quarter report,20260515000512,SCE,자본변동표,ifrs-full_ShareOfOtherComprehensiveIncomeOfAssociatesAndJointVenturesAccountedForUsingEquityMethodThatWillBeReclassifiedToProfitOrLossNetOfTax,지분법 적용대상 관계기업과 공동기업의 기타포괄손익에 대한 지분(세후기타포괄손익),연결재무제표 [member],,,2026,KRW,,,,0,제 9 기 1분기,15,11013,fnlttSinglAcntAll,,-1994647233,제 10 기 1분기
orion,Orion,01238169,271560,KRW,Q1_2026,2026,11013,First-quarter report,20260515000512,SCE,자본변동표,ifrs-full_ShareOfOtherComprehensiveIncomeOfAssociatesAndJointVenturesAccountedForUsingEquityMethodThatWillBeReclassifiedToProfitOrLossNetOfTax,지분법 적용대상 관계기업과 공동기업의 기타포괄손익에 대한 지분(세후기타포괄손익),자본 [구성요소]|비지배지분 [구성요소],,,2026,KRW,,,,0,제 9 기 1분기,15,11013,fnlttSinglAcntAll,,-96687732,제 10 기 1분기
orion,Orion,01238169,271560,KRW,Q1_2026,2026,11013,First-quarter report,20260515000512,SCE,자본변동표,ifrs-full_ShareOfOtherComprehensiveIncomeOfAssociatesAndJointVenturesAccountedForUsingEquityMethodThatWillBeReclassifiedToProfitOrLossNetOfTax,지분법 적용대상 관계기업과 공동기업의 기타포괄손익에 대한 지분(세후기타포괄손익),자본 [구성요소]|지배기업의 소유주에게 귀속되는 지분 [구성요소],,,2026,KRW,,,,0,제 9 기 1분기,15,11013,fnlttSinglAcntAll,,-1897959501,제 10 기 1분기
orion,Orion,01238169,271560,KRW,Q1_2026,2026,11013,First-quarter report,20260515000512,SCE,자본변동표,ifrs-full_ShareOfOtherComprehensiveIncomeOfAssociatesAndJointVenturesAccountedForUsingEquityMethodThatWillBeReclassifiedToProfitOrLossNetOfTax,지분법 적용대상 관계기업과 공동기업의 기타포괄손익에 대한 지분(세후기타포괄손익),자본 [구성요소]|지배기업의 소유주에게 귀속되는 지분 [구성요소]|기타자본구성요소 [구성요소],,,2026,KRW,,,,0,제 9 기 1분기,15,11013,fnlttSinglAcntAll,,-1897959501,제 10 기 1분기
orion,Orion,01238169,271560,KRW,Q1_2026,2026,11013,First-quarter report,20260515000512,SCE,자본변동표,ifrs-full_ShareOfOtherComprehensiveIncomeOfAssociatesAndJointVenturesAccountedForUsingEquityMethodThatWillBeReclassifiedToProfitOrLossNetOfTax,지분법 적용대상 관계기업과 공동기업의 기타포괄손익에 대한 지분(세후기타포괄손익),자본 [구성요소]|지배기업의 소유주에게 귀속되는 지분 [구성요소]|미처분이익잉여금(미처리결손금) [구성요소],,,2026,KRW,,,,0,제 9 기 1분기,15,11013,fnlttSinglAcntAll,,0,제 10 기 1분기
orion,Orion,01238169,271560,KRW,Q1_2026,2026,11013,First-quarter report,20260515000512,SCE,자본변동표,ifrs-full_ShareOfOtherComprehensiveIncomeOfAssociatesAndJointVenturesAccountedForUsingEquityMethodThatWillBeReclassifiedToProfitOrLossNetOfTax,지분법 적용대상 관계기업과 공동기업의 기타포괄손익에 대한 지분(세후기타포괄손익),자본 [구성요소]|지배기업의 소유주에게 귀속되는 지분 [구성요소]|자기주식 [구성요소],,,2026,KRW,,,,0,제 9 기 1분기,15,11013,fnlttSinglAcntAll,,0,제 10 기 1분기
orion,Orion,01238169,271560,KRW,Q1_2026,2026,11013,First-quarter report,20260515000512,SCE,자본변동표,ifrs-full_ShareOfOtherComprehensiveIncomeOfAssociatesAndJointVenturesAccountedForUsingEquityMethodThatWillBeReclassifiedToProfitOrLossNetOfTax,지분법 적용대상 관계기업과 공동기업의 기타포괄손익에 대한 지분(세후기타포괄손익),자본 [구성요소]|지배기업의 소유주에게 귀속되는 지분 [구성요소]|자본금 [구성요소],,,2026,KRW,,,,0,제 9 기 1분기,15,11013,fnlttSinglAcntAll,,0,제 10 기 1분기
orion,Orion,01238169,271560,KRW,Q1_2026,2026,11013,First-quarter report,20260515000512,SCE,자본변동표,ifrs-full_ShareOfOtherComprehensiveIncomeOfAssociatesAndJointVenturesAccountedForUsingEquityMethodThatWillBeReclassifiedToProfitOrLossNetOfTax,지분법 적용대상 관계기업과 공동기업의 기타포괄손익에 대한 지분(세후기타포괄손익),자본 [구성요소]|지배기업의 소유주에게 귀속되는 지분 [구성요소]|적립금 [구성요소],,,2026,KRW,,,,0,제 9 기 1분기,15,11013,fnlttSinglAcntAll,,0,제 10 기 1분기
orion,Orion,01238169,271560,KRW,Q1_2026,2026,11013,First-quarter report,20260515000512,SCE,자본변동표,ifrs-full_ShareOfOtherComprehensiveIncomeOfAssociatesAndJointVenturesAccountedForUsingEquityMethodThatWillBeReclassifiedToProfitOrLossNetOfTax,지분법 적용대상 관계기업과 공동기업의 기타포괄손익에 대한 지분(세후기타포괄손익),자본 [구성요소]|지배기업의 소유주에게 귀속되는 지분 [구성요소]|주식발행초과금 [구성요소],,,2026,KRW,,,,0,제 9 기 1분기,15,11013,fnlttSinglAcntAll,,0,제 10 기 1분기
orion,Orion,01238169,271560,KRW,Q1_2026,2026,11013,First-quarter report,20260515000512,SCE,자본변동표,ifrs-full_ShareOfOtherComprehensiveIncomeOfAssociatesAndJointVenturesAccountedForUsingEquityMethodThatWillNotBeReclassifiedToProfitOrLossNetOfTax,당기손익으로 재분류되지 않는 지분법 적용대상 관계기업과 공동기업의 세후기타포괄손익에 대한 지분,연결재무제표 [member],,,2026,KRW,,,,-257958378,제 9 기 1분기,16,11013,fnlttSinglAcntAll,,-215401096,제 10 기 1분기
orion,Orion,01238169,271560,KRW,Q1_2026,2026,11013,First-quarter report,20260515000512,SCE,자본변동표,ifrs-full_ShareOfOtherComprehensiveIncomeOfAssociatesAndJointVenturesAccountedForUsingEquityMethodThatWillNotBeReclassifiedToProfitOrLossNetOfTax,당기손익으로 재분류되지 않는 지분법 적용대상 관계기업과 공동기업의 세후기타포괄손익에 대한 지분,자본 [구성요소]|비지배지분 [구성요소],,,2026,KRW,,,,-12504171,제 9 기 1분기,16,11013,fnlttSinglAcntAll,,-10441267,제 10 기 1분기
orion,Orion,01238169,271560,KRW,Q1_2026,2026,11013,First-quarter report,20260515000512,SCE,자본변동표,ifrs-full_ShareOfOtherComprehensiveIncomeOfAssociatesAndJointVenturesAccountedForUsingEquityMethodThatWillNotBeReclassifiedToProfitOrLossNetOfTax,당기손익으로 재분류되지 않는 지분법 적용대상 관계기업과 공동기업의 세후기타포괄손익에 대한 지분,자본 [구성요소]|지배기업의 소유주에게 귀속되는 지분 [구성요소],,,2026,KRW,,,,-245454207,제 9 기 1분기,16,11013,fnlttSinglAcntAll,,-204959829,제 10 기 1분기
orion,Orion,01238169,271560,KRW,Q1_2026,2026,11013,First-quarter report,20260515000512,SCE,자본변동표,ifrs-full_ShareOfOtherComprehensiveIncomeOfAssociatesAndJointVenturesAccountedForUsingEquityMethodThatWillNotBeReclassifiedToProfitOrLossNetOfTax,당기손익으로 재분류되지 않는 지분법 적용대상 관계기업과 공동기업의 세후기타포괄손익에 대한 지분,자본 [구성요소]|지배기업의 소유주에게 귀속되는 지분 [구성요소]|기타자본구성요소 [구성요소],,,2026,KRW,,,,0,제 9 기 1분기,16,11013,fnlttSinglAcntAll,,0,제 10 기 1분기
orion,Orion,01238169,271560,KRW,Q1_2026,2026,11013,First-quarter report,20260515000512,SCE,자본변동표,ifrs-full_ShareOfOtherComprehensiveIncomeOfAssociatesAndJointVenturesAccountedForUsingEquityMethodThatWillNotBeReclassifiedToProfitOrLossNetOfTax,당기손익으로 재분류되지 않는 지분법 적용대상 관계기업과 공동기업의 세후기타포괄손익에 대한 지분,자본 [구성요소]|지배기업의 소유주에게 귀속되는 지분 [구성요소]|미처분이익잉여금(미처리결손금) [구성요소],,,2026,KRW,,,,-245454207,제 9 기 1분기,16,11013,fnlttSinglAcntAll,,-204959829,제 10 기 1분기
orion,Orion,01238169,271560,KRW,Q1_2026,2026,11013,First-quarter report,20260515000512,SCE,자본변동표,ifrs-full_ShareOfOtherComprehensiveIncomeOfAssociatesAndJointVenturesAccountedForUsingEquityMethodThatWillNotBeReclassifiedToProfitOrLossNetOfTax,당기손익으로 재분류되지 않는 지분법 적용대상 관계기업과 공동기업의 세후기타포괄손익에 대한 지분,자본 [구성요소]|지배기업의 소유주에게 귀속되는 지분 [구성요소]|자기주식 [구성요소],,,2026,KRW,,,,0,제 9 기 1분기,16,11013,fnlttSinglAcntAll,,0,제 10 기 1분기
orion,Orion,01238169,271560,KRW,Q1_2026,2026,11013,First-quarter report,20260515000512,SCE,자본변동표,ifrs-full_ShareOfOtherComprehensiveIncomeOfAssociatesAndJointVenturesAccountedForUsingEquityMethodThatWillNotBeReclassifiedToProfitOrLossNetOfTax,당기손익으로 재분류되지 않는 지분법 적용대상 관계기업과 공동기업의 세후기타포괄손익에 대한 지분,자본 [구성요소]|지배기업의 소유주에게 귀속되는 지분 [구성요소]|자본금 [구성요소],,,2026,KRW,,,,0,제 9 기 1분기,16,11013,fnlttSinglAcntAll,,0,제 10 기 1분기
orion,Orion,01238169,271560,KRW,Q1_2026,2026,11013,First-quarter report,20260515000512,SCE,자본변동표,ifrs-full_ShareOfOtherComprehensiveIncomeOfAssociatesAndJointVenturesAccountedForUsingEquityMethodThatWillNotBeReclassifiedToProfitOrLossNetOfTax,당기손익으로 재분류되지 않는 지분법 적용대상 관계기업과 공동기업의 세후기타포괄손익에 대한 지분,자본 [구성요소]|지배기업의 소유주에게 귀속되는 지분 [구성요소]|적립금 [구성요소],,,2026,KRW,,,,0,제 9 기 1분기,16,11013,fnlttSinglAcntAll,,0,제 10 기 1분기
orion,Orion,01238169,271560,KRW,Q1_2026,2026,11013,First-quarter report,20260515000512,SCE,자본변동표,ifrs-full_ShareOfOtherComprehensiveIncomeOfAssociatesAndJointVenturesAccountedForUsingEquityMethodThatWillNotBeReclassifiedToProfitOrLossNetOfTax,당기손익으로 재분류되지 않는 지분법 적용대상 관계기업과 공동기업의 세후기타포괄손익에 대한 지분,자본 [구성요소]|지배기업의 소유주에게 귀속되는 지분 [구성요소]|주식발행초과금 [구성요소],,,2026,KRW,,,,0,제 9 기 1분기,16,11013,fnlttSinglAcntAll,,0,제 10 기 1분기
orion,Orion,01238169,271560,KRW,Q1_2026,2026,11013,First-quarter report,20260515000512,SCE,자본변동표,ifrs-full_ProfitLoss,당기순이익(손실),연결재무제표 [member],,,2026,KRW,,,,106132025828,제 9 기 1분기,17,11013,fnlttSinglAcntAll,,126811967162,제 10 기 1분기
orion,Orion,01238169,271560,KRW,Q1_2026,2026,11013,First-quarter report,20260515000512,SCE,자본변동표,ifrs-full_ProfitLoss,당기순이익(손실),자본 [구성요소]|비지배지분 [구성요소],,,2026,KRW,,,,1798752530,제 9 기 1분기,17,11013,fnlttSinglAcntAll,,2327425356,제 10 기 1분기
orion,Orion,01238169,271560,KRW,Q1_2026,2026,11013,First-quarter report,20260515000512,SCE,자본변동표,ifrs-full_ProfitLoss,당기순이익(손실),자본 [구성요소]|지배기업의 소유주에게 귀속되는 지분 [구성요소],,,2026,KRW,,,,104333273298,제 9 기 1분기,17,11013,fnlttSinglAcntAll,,124484541806,제 10 기 1분기
orion,Orion,01238169,271560,KRW,Q1_2026,2026,11013,First-quarter report,20260515000512,SCE,자본변동표,ifrs-full_ProfitLoss,당기순이익(손실),자본 [구성요소]|지배기업의 소유주에게 귀속되는 지분 [구성요소]|기타자본구성요소 [구성요소],,,2026,KRW,,,,0,제 9 기 1분기,17,11013,fnlttSinglAcntAll,,0,제 10 기 1분기
orion,Orion,01238169,271560,KRW,Q1_2026,2026,11013,First-quarter report,20260515000512,SCE,자본변동표,ifrs-full_ProfitLoss,당기순이익(손실),자본 [구성요소]|지배기업의 소유주에게 귀속되는 지분 [구성요소]|미처분이익잉여금(미처리결손금) [구성요소],,,2026,KRW,,,,104333273298,제 9 기 1분기,17,11013,fnlttSinglAcntAll,,124484541806,제 10 기 1분기
orion,Orion,01238169,271560,KRW,Q1_2026,2026,11013,First-quarter report,20260515000512,SCE,자본변동표,ifrs-full_ProfitLoss,당기순이익(손실),자본 [구성요소]|지배기업의 소유주에게 귀속되는 지분 [구성요소]|자기주식 [구성요소],,,2026,KRW,,,,0,제 9 기 1분기,17,11013,fnlttSinglAcntAll,,0,제 10 기 1분기
orion,Orion,01238169,271560,KRW,Q1_2026,2026,11013,First-quarter report,20260515000512,SCE,자본변동표,ifrs-full_ProfitLoss,당기순이익(손실),자본 [구성요소]|지배기업의 소유주에게 귀속되는 지분 [구성요소]|자본금 [구성요소],,,2026,KRW,,,,0,제 9 기 1분기,17,11013,fnlttSinglAcntAll,,0,제 10 기 1분기
orion,Orion,01238169,271560,KRW,Q1_2026,2026,11013,First-quarter report,20260515000512,SCE,자본변동표,ifrs-full_ProfitLoss,당기순이익(손실),자본 [구성요소]|지배기업의 소유주에게 귀속되는 지분 [구성요소]|적립금 [구성요소],,,2026,KRW,,,,0,제 9 기 1분기,17,11013,fnlttSinglAcntAll,,0,제 10 기 1분기
orion,Orion,01238169,271560,KRW,Q1_2026,2026,11013,First-quarter report,20260515000512,SCE,자본변동표,ifrs-full_ProfitLoss,당기순이익(손실),자본 [구성요소]|지배기업의 소유주에게 귀속되는 지분 [구성요소]|주식발행초과금 [구성요소],,,2026,KRW,,,,0,제 9 기 1분기,17,11013,fnlttSinglAcntAll,,0,제 10 기 1분기
ottogi,Ottogi,00141529,007310,KRW,FY2025,2025,11011,Annual report,20260318000621,BS,재무상태표,ifrs-full_Assets,자산총계,-,3496482529068,제 53 기,2025,KRW,,3597403088294,제 54 기,,,7,11011,fnlttSinglAcntAll,,3641076426477,제 55 기
ottogi,Ottogi,00141529,007310,KRW,FY2025,2025,11011,Annual report,20260318000621,BS,재무상태표,ifrs-full_CurrentAssets,유동자산,-,1450698715577,제 53 기,2025,KRW,,1478843336530,제 54 기,,,8,11011,fnlttSinglAcntAll,,1501272831876,제 55 기
ottogi,Ottogi,00141529,007310,KRW,FY2025,2025,11011,Annual report,20260318000621,BS,재무상태표,-표준계정코드 미사용-,온실가스배출자산,-,6706,제 53 기,2025,KRW,,6254,제 54 기,,,9,11011,fnlttSinglAcntAll,,8676,제 55 기
ottogi,Ottogi,00141529,007310,KRW,FY2025,2025,11011,Annual report,20260318000621,BS,재무상태표,ifrs-full_CashAndCashEquivalents,현금및현금성자산,-,324550590210,제 53 기,2025,KRW,,330729499629,제 54 기,,,10,11011,fnlttSinglAcntAll,,412685029869,제 55 기
ottogi,Ottogi,00141529,007310,KRW,FY2025,2025,11011,Annual report,20260318000621,BS,재무상태표,ifrs-full_CurrentDerivativeFinancialAssets,파생상품자산,-,0,제 53 기,2025,KRW,,6063483772,제 54 기,,,11,11011,fnlttSinglAcntAll,,24443638,제 55 기
ottogi,Ottogi,00141529,007310,KRW,FY2025,2025,11011,Annual report,20260318000621,BS,재무상태표,ifrs-full_CurrentFinancialAssetsAtAmortisedCost,상각후원가측정금융자산,-,265799407243,제 53 기,2025,KRW,,296433665181,제 54 기,,,12,11011,fnlttSinglAcntAll,,223154007956,제 55 기
ottogi,Ottogi,00141529,007310,KRW,FY2025,2025,11011,Annual report,20260318000621,BS,재무상태표,ifrs-full_CurrentFinancialAssetsAtFairValueThroughProfitOrLoss,당기손익-공정가치측정금융자산,-,43848201618,제 53 기,2025,KRW,,39536479401,제 54 기,,,13,11011,fnlttSinglAcntAll,,31274774038,제 55 기
ottogi,Ottogi,00141529,007310,KRW,FY2025,2025,11011,Annual report,20260318000621,BS,재무상태표,ifrs-full_CurrentPrepaidExpenses,선급비용,-,8410256962,제 53 기,2025,KRW,,9543179450,제 54 기,,,14,11011,fnlttSinglAcntAll,,7343894720,제 55 기
ottogi,Ottogi,00141529,007310,KRW,FY2025,2025,11011,Annual report,20260318000621,BS,재무상태표,ifrs-full_CurrentPrepayments,선급금,-,3327481113,제 53 기,2025,KRW,,4128896273,제 54 기,,,15,11011,fnlttSinglAcntAll,,4531580508,제 55 기
ottogi,Ottogi,00141529,007310,KRW,FY2025,2025,11011,Annual report,20260318000621,BS,재무상태표,ifrs-full_CurrentTaxAssets,당기법인세자산,-,2465707911,제 53 기,2025,KRW,,1868645518,제 54 기,,,16,11011,fnlttSinglAcntAll,,1642188820,제 55 기
ottogi,Ottogi,00141529,007310,KRW,FY2025,2025,11011,Annual report,20260318000621,BS,재무상태표,ifrs-full_Inventories,재고자산,-,505763486790,제 53 기,2025,KRW,,493022118847,제 54 기,,,17,11011,fnlttSinglAcntAll,,519871022255,제 55 기
ottogi,Ottogi,00141529,007310,KRW,FY2025,2025,11011,Annual report,20260318000621,BS,재무상태표,ifrs-full_TradeAndOtherCurrentReceivables,매출채권및기타채권,-,296533577024,제 53 기,2025,KRW,,297517362205,제 54 기,,,18,11011,fnlttSinglAcntAll,,300745881396,제 55 기
ottogi,Ottogi,00141529,007310,KRW,FY2025,2025,11011,Annual report,20260318000621,BS,재무상태표,ifrs-full_NoncurrentAssets,비유동자산,-,2045783813491,제 53 기,2025,KRW,,2118559751764,제 54 기,,,19,11011,fnlttSinglAcntAll,,2139803594601,제 55 기
ottogi,Ottogi,00141529,007310,KRW,FY2025,2025,11011,Annual report,20260318000621,BS,재무상태표,ifrs-full_DeferredTaxAssets,이연법인세자산,-,6152738401,제 53 기,2025,KRW,,6913267489,제 54 기,,,20,11011,fnlttSinglAcntAll,,17937302035,제 55 기
ottogi,Ottogi,00141529,007310,KRW,FY2025,2025,11011,Annual report,20260318000621,BS,재무상태표,ifrs-full_IntangibleAssetsAndGoodwill,무형자산,-,68381565883,제 53 기,2025,KRW,,64019815327,제 54 기,,,21,11011,fnlttSinglAcntAll,,58717783289,제 55 기
ottogi,Ottogi,00141529,007310,KRW,FY2025,2025,11011,Annual report,20260318000621,BS,재무상태표,ifrs-full_InvestmentProperty,투자부동산,-,155611042374,제 53 기,2025,KRW,,167019196969,제 54 기,,,22,11011,fnlttSinglAcntAll,,129811674327,제 55 기
ottogi,Ottogi,00141529,007310,KRW,FY2025,2025,11011,Annual report,20260318000621,BS,재무상태표,ifrs-full_InvestmentsInAssociatesAccountedForUsingEquityMethod,관계기업투자,-,21884819304,제 53 기,2025,KRW,,22645878292,제 54 기,,,23,11011,fnlttSinglAcntAll,,24818625744,제 55 기
ottogi,Ottogi,00141529,007310,KRW,FY2025,2025,11011,Annual report,20260318000621,BS,재무상태표,ifrs-full_NoncurrentFinancialAssetsAtAmortisedCost,상각후원가측정금융자산,-,2002460000,제 53 기,2025,KRW,,1136970000,제 54 기,,,24,11011,fnlttSinglAcntAll,,12353990000,제 55 기
ottogi,Ottogi,00141529,007310,KRW,FY2025,2025,11011,Annual report,20260318000621,BS,재무상태표,ifrs-full_NoncurrentFinancialAssetsAtFairValueThroughProfitOrLoss,당기손익-공정가치측정금융자산,-,4906606036,제 53 기,2025,KRW,,6092132495,제 54 기,,,25,11011,fnlttSinglAcntAll,,6294406899,제 55 기
ottogi,Ottogi,00141529,007310,KRW,FY2025,2025,11011,Annual report,20260318000621,BS,재무상태표,ifrs-full_NoncurrentFinancialAssetsMeasuredAtFairValueThroughOtherComprehensiveIncome,기타포괄손익-공정가치측정금융자산,-,5496360367,제 53 기,2025,KRW,,5541416450,제 54 기,,,26,11011,fnlttSinglAcntAll,,5623567749,제 55 기
ottogi,Ottogi,00141529,007310,KRW,FY2025,2025,11011,Annual report,20260318000621,BS,재무상태표,ifrs-full_NoncurrentReceivables,매출채권및기타채권,-,11597428637,제 53 기,2025,KRW,,14675481800,제 54 기,,,27,11011,fnlttSinglAcntAll,,17115041073,제 55 기
ottogi,Ottogi,00141529,007310,KRW,FY2025,2025,11011,Annual report,20260318000621,BS,재무상태표,ifrs-full_NoncurrentRecognisedAssetsDefinedBenefitPlan,순사외적립자산,-,30614262283,제 53 기,2025,KRW,,19331189855,제 54 기,,,28,11011,fnlttSinglAcntAll,,28534042870,제 55 기
ottogi,Ottogi,00141529,007310,KRW,FY2025,2025,11011,Annual report,20260318000621,BS,재무상태표,ifrs-full_PropertyPlantAndEquipment,유형자산,-,1739136530206,제 53 기,2025,KRW,,1811184403087,제 54 기,,,29,11011,fnlttSinglAcntAll,,1838597160615,제 55 기
ottogi,Ottogi,00141529,007310,KRW,FY2025,2025,11011,Annual report,20260318000621,BS,재무상태표,ifrs-full_Equity,자본총계,-,2063540799084,제 53 기,2025,KRW,,2181531596082,제 54 기,,,31,11011,fnlttSinglAcntAll,,2202787081084,제 55 기
ottogi,Ottogi,00141529,007310,KRW,FY2025,2025,11011,Annual report,20260318000621,BS,재무상태표,ifrs-full_EquityAttributableToOwnersOfParent,지배기업 소유주지분,-,1934531240841,제 53 기,2025,KRW,,2053882013247,제 54 기,,,32,11011,fnlttSinglAcntAll,,2074266342959,제 55 기
ottogi,Ottogi,00141529,007310,KRW,FY2025,2025,11011,Annual report,20260318000621,BS,재무상태표,dart_CapitalSurplus,자본잉여금,-,330468245236,제 53 기,2025,KRW,,330468245236,제 54 기,,,33,11011,fnlttSinglAcntAll,,330468245236,제 55 기
ottogi,Ottogi,00141529,007310,KRW,FY2025,2025,11011,Annual report,20260318000621,BS,재무상태표,dart_ElementsOfOtherStockholdersEquity,자본조정,-,-336899585548,제 53 기,2025,KRW,,-336899585548,제 54 기,,,34,11011,fnlttSinglAcntAll,,-336899585548,제 55 기
ottogi,Ottogi,00141529,007310,KRW,FY2025,2025,11011,Annual report,20260318000621,BS,재무상태표,dart_OtherComprehensiveIncomeLossAccumulatedAmount,기타포괄손익누계액,-,7548547050,제 53 기,2025,KRW,,29073487115,제 54 기,,,35,11011,fnlttSinglAcntAll,,27525885843,제 55 기
ottogi,Ottogi,00141529,007310,KRW,FY2025,2025,11011,Annual report,20260318000621,BS,재무상태표,ifrs-full_IssuedCapital,자본금,-,20039150000,제 53 기,2025,KRW,,20039150000,제 54 기,,,36,11011,fnlttSinglAcntAll,,20039150000,제 55 기
ottogi,Ottogi,00141529,007310,KRW,FY2025,2025,11011,Annual report,20260318000621,BS,재무상태표,ifrs-full_RetainedEarnings,이익잉여금,-,1913374884103,제 53 기,2025,KRW,,2011200716444,제 54 기,,,37,11011,fnlttSinglAcntAll,,2033132647428,제 55 기
ottogi,Ottogi,00141529,007310,KRW,FY2025,2025,11011,Annual report,20260318000621,BS,재무상태표,ifrs-full_NoncontrollingInterests,비지배지분,-,129009558243,제 53 기,2025,KRW,,127649582835,제 54 기,,,38,11011,fnlttSinglAcntAll,,128520738125,제 55 기
ottogi,Ottogi,00141529,007310,KRW,FY2025,2025,11011,Annual report,20260318000621,BS,재무상태표,ifrs-full_EquityAndLiabilities,자본과부채총계,-,3496482529068,제 53 기,2025,KRW,,3597403088294,제 54 기,,,39,11011,fnlttSinglAcntAll,,3641076426477,제 55 기
ottogi,Ottogi,00141529,007310,KRW,FY2025,2025,11011,Annual report,20260318000621,BS,재무상태표,ifrs-full_CurrentLiabilities,유동부채,-,904873432138,제 53 기,2025,KRW,,1028844274979,제 54 기,,,41,11011,fnlttSinglAcntAll,,1047644993447,제 55 기
ottogi,Ottogi,00141529,007310,KRW,FY2025,2025,11011,Annual report,20260318000621,BS,재무상태표,ifrs-full_CurrentAdvances,선수금,-,10948660204,제 53 기,2025,KRW,,14527675508,제 54 기,,,42,11011,fnlttSinglAcntAll,,17488877734,제 55 기
ottogi,Ottogi,00141529,007310,KRW,FY2025,2025,11011,Annual report,20260318000621,BS,재무상태표,ifrs-full_CurrentDerivativeFinancialLiabilities,파생상품부채,-,2848299892,제 53 기,2025,KRW,,0,제 54 기,,,43,11011,fnlttSinglAcntAll,,774439399,제 55 기
ottogi,Ottogi,00141529,007310,KRW,FY2025,2025,11011,Annual report,20260318000621,BS,재무상태표,ifrs-full_CurrentLeaseLiabilities,유동성리스부채,-,17041637619,제 53 기,2025,KRW,,26105390709,제 54 기,,,44,11011,fnlttSinglAcntAll,,22828035783,제 55 기
ottogi,Ottogi,00141529,007310,KRW,FY2025,2025,11011,Annual report,20260318000621,BS,재무상태표,ifrs-full_CurrentPortionOfLongtermBorrowings,유동성장기차입금,-,87494118568,제 53 기,2025,KRW,,199675725387,제 54 기,,,45,11011,fnlttSinglAcntAll,,94016930021,제 55 기
ottogi,Ottogi,00141529,007310,KRW,FY2025,2025,11011,Annual report,20260318000621,BS,재무상태표,ifrs-full_CurrentTaxLiabilities,당기법인세부채,-,23895298959,제 53 기,2025,KRW,,21337100526,제 54 기,,,46,11011,fnlttSinglAcntAll,,16979690735,제 55 기
ottogi,Ottogi,00141529,007310,KRW,FY2025,2025,11011,Annual report,20260318000621,BS,재무상태표,ifrs-full_OtherShorttermProvisions,충당부채,-,10523990012,제 53 기,2025,KRW,,11580031537,제 54 기,,,47,11011,fnlttSinglAcntAll,,11782926749,제 55 기
ottogi,Ottogi,00141529,007310,KRW,FY2025,2025,11011,Annual report,20260318000621,BS,재무상태표,ifrs-full_ShorttermBorrowings,단기차입금,-,416084368075,제 53 기,2025,KRW,,371439265214,제 54 기,,,48,11011,fnlttSinglAcntAll,,509239504017,제 55 기
ottogi,Ottogi,00141529,007310,KRW,FY2025,2025,11011,Annual report,20260318000621,BS,재무상태표,ifrs-full_TradeAndOtherCurrentPayables,매입채무및기타채무,-,336037058809,제 53 기,2025,KRW,,384179086098,제 54 기,,,49,11011,fnlttSinglAcntAll,,374534589009,제 55 기
ottogi,Ottogi,00141529,007310,KRW,FY2025,2025,11011,Annual report,20260318000621,BS,재무상태표,ifrs-full_Liabilities,부채총계,-,1432941729984,제 53 기,2025,KRW,,1415871492212,제 54 기,,,50,11011,fnlttSinglAcntAll,,1438289345393,제 55 기
ottogi,Ottogi,00141529,007310,KRW,FY2025,2025,11011,Annual report,20260318000621,BS,재무상태표,ifrs-full_NoncurrentLiabilities,비유동부채,-,528068297846,제 53 기,2025,KRW,,387027217233,제 54 기,,,51,11011,fnlttSinglAcntAll,,390644351946,제 55 기
ottogi,Ottogi,00141529,007310,KRW,FY2025,2025,11011,Annual report,20260318000621,BS,재무상태표,-표준계정코드 미사용-,장기종업원급여부채,-,1495132308,제 53 기,2025,KRW,,1740414513,제 54 기,,,52,11011,fnlttSinglAcntAll,,2174369801,제 55 기
ottogi,Ottogi,00141529,007310,KRW,FY2025,2025,11011,Annual report,20260318000621,BS,재무상태표,ifrs-full_DeferredTaxLiabilities,이연법인세부채,-,134000861450,제 53 기,2025,KRW,,134713314653,제 54 기,,,53,11011,fnlttSinglAcntAll,,142250361047,제 55 기
ottogi,Ottogi,00141529,007310,KRW,FY2025,2025,11011,Annual report,20260318000621,BS,재무상태표,ifrs-full_LongtermBorrowings,장기차입금,-,349741006197,제 53 기,2025,KRW,,193882915867,제 54 기,,,54,11011,fnlttSinglAcntAll,,186473980697,제 55 기
ottogi,Ottogi,00141529,007310,KRW,FY2025,2025,11011,Annual report,20260318000621,BS,재무상태표,ifrs-full_NoncurrentDerivativeFinancialLiabilities,파생상품부채,-,228552954,제 53 기,2025,KRW,,0,제 54 기,,,55,11011,fnlttSinglAcntAll,,0,제 55 기
ottogi,Ottogi,00141529,007310,KRW,FY2025,2025,11011,Annual report,20260318000621,BS,재무상태표,ifrs-full_NoncurrentLeaseLiabilities,리스부채,-,31466689538,제 53 기,2025,KRW,,45941200240,제 54 기,,,56,11011,fnlttSinglAcntAll,,48541569578,제 55 기
ottogi,Ottogi,00141529,007310,KRW,FY2025,2025,11011,Annual report,20260318000621,BS,재무상태표,ifrs-full_NoncurrentPayables,매입채무및기타채무,-,11136055399,제 53 기,2025,KRW,,10704414337,제 54 기,,,57,11011,fnlttSinglAcntAll,,11157517893,제 55 기
ottogi,Ottogi,00141529,007310,KRW,FY2025,2025,11011,Annual report,20260318000621,BS,재무상태표,ifrs-full_OtherLongtermProvisions,충당부채,-,0,제 53 기,2025,KRW,,44957623,제 54 기,,,58,11011,fnlttSinglAcntAll,,46552930,제 55 기
ottogi,Ottogi,00141529,007310,KRW,FY2025,2025,11011,Annual report,20260318000621,CIS,포괄손익계산서,dart_OperatingIncomeLoss,영업이익,-,254893843560,제 53 기,2025,KRW,,222014509063,제 54 기,,,6,11011,fnlttSinglAcntAll,,177251297728,제 55 기
ottogi,Ottogi,00141529,007310,KRW,FY2025,2025,11011,Annual report,20260318000621,CIS,포괄손익계산서,dart_OtherGains,기타수익,-,24171305405,제 53 기,2025,KRW,,26471382001,제 54 기,,,7,11011,fnlttSinglAcntAll,,29429055288,제 55 기
ottogi,Ottogi,00141529,007310,KRW,FY2025,2025,11011,Annual report,20260318000621,CIS,포괄손익계산서,dart_OtherLosses,기타비용,-,33241789299,제 53 기,2025,KRW,,56122532264,제 54 기,,,8,11011,fnlttSinglAcntAll,,81384763046,제 55 기
ottogi,Ottogi,00141529,007310,KRW,FY2025,2025,11011,Annual report,20260318000621,CIS,포괄손익계산서,dart_TotalSellingGeneralAdministrativeExpenses,판매비와관리비,-,350221228846,제 53 기,2025,KRW,,381377210836,제 54 기,,,9,11011,fnlttSinglAcntAll,,414390433563,제 55 기
ottogi,Ottogi,00141529,007310,KRW,FY2025,2025,11011,Annual report,20260318000621,CIS,포괄손익계산서,ifrs-full_ComprehensiveIncome,총포괄이익,-,148657375909,제 53 기,2025,KRW,,150479839998,제 54 기,,,10,11011,fnlttSinglAcntAll,,53744528002,제 55 기
ottogi,Ottogi,00141529,007310,KRW,FY2025,2025,11011,Annual report,20260318000621,CIS,포괄손익계산서,ifrs-full_ComprehensiveIncomeAttributableToNoncontrollingInterests,비지배지분,-,858500102,제 53 기,2025,KRW,,409124592,제 54 기,,,11,11011,fnlttSinglAcntAll,,2640255290,제 55 기
ottogi,Ottogi,00141529,007310,KRW,FY2025,2025,11011,Annual report,20260318000621,CIS,포괄손익계산서,ifrs-full_ComprehensiveIncomeAttributableToOwnersOfParent,지배기업 소유주지분,-,147798875807,제 53 기,2025,KRW,,150070715406,제 54 기,,,12,11011,fnlttSinglAcntAll,,51104272712,제 55 기
ottogi,Ottogi,00141529,007310,KRW,FY2025,2025,11011,Annual report,20260318000621,CIS,포괄손익계산서,ifrs-full_CostOfSales,매출원가,-,2849433404995,제 53 기,2025,KRW,,2935729162991,제 54 기,,,13,11011,fnlttSinglAcntAll,,3082903690714,제 55 기
ottogi,Ottogi,00141529,007310,KRW,FY2025,2025,11011,Annual report,20260318000621,CIS,포괄손익계산서,ifrs-full_BasicEarningsLossPerShare,기본주당이익,-,46972,제 53 기,2025,KRW,,40048,제 54 기,,,15,11011,fnlttSinglAcntAll,,20279,제 55 기
ottogi,Ottogi,00141529,007310,KRW,FY2025,2025,11011,Annual report,20260318000621,CIS,포괄손익계산서,ifrs-full_DilutedEarningsLossPerShare,희석주당이익,-,46972,제 53 기,2025,KRW,,40048,제 54 기,,,16,11011,fnlttSinglAcntAll,,20279,제 55 기
ottogi,Ottogi,00141529,007310,KRW,FY2025,2025,11011,Annual report,20260318000621,CIS,포괄손익계산서,ifrs-full_FinanceCosts,금융비용,-,52385578549,제 53 기,2025,KRW,,39753379307,제 54 기,,,17,11011,fnlttSinglAcntAll,,35965377004,제 55 기
ottogi,Ottogi,00141529,007310,KRW,FY2025,2025,11011,Annual report,20260318000621,CIS,포괄손익계산서,ifrs-full_FinanceIncome,금융수익,-,25128434662,제 53 기,2025,KRW,,35422519530,제 54 기,,,18,11011,fnlttSinglAcntAll,,19933939724,제 55 기
ottogi,Ottogi,00141529,007310,KRW,FY2025,2025,11011,Annual report,20260318000621,CIS,포괄손익계산서,ifrs-full_GrossProfit,매출총이익,-,605115072406,제 53 기,2025,KRW,,603391719899,제 54 기,,,19,11011,fnlttSinglAcntAll,,591641731291,제 55 기
ottogi,Ottogi,00141529,007310,KRW,FY2025,2025,11011,Annual report,20260318000621,CIS,포괄손익계산서,ifrs-full_IncomeTaxExpenseContinuingOperations,법인세비용,-,58303754733,제 53 기,2025,KRW,,51453754277,제 54 기,,,20,11011,fnlttSinglAcntAll,,39691523654,제 55 기
ottogi,Ottogi,00141529,007310,KRW,FY2025,2025,11011,Annual report,20260318000621,CIS,포괄손익계산서,ifrs-full_OtherComprehensiveIncome,법인세비용차감후기타포괄손익,-,-13023992764,제 53 기,2025,KRW,,12879846265,제 54 기,,,21,11011,fnlttSinglAcntAll,,-18391133486,제 55 기
ottogi,Ottogi,00141529,007310,KRW,FY2025,2025,11011,Annual report,20260318000621,CIS,포괄손익계산서,ifrs-full_OtherComprehensiveIncomeThatWillBeReclassifiedToProfitOrLossNetOfTax,후속적으로 당기손익으로 재분류될 수 있는 항목,-,736345655,제 53 기,2025,KRW,,21524940065,제 54 기,,,22,11011,fnlttSinglAcntAll,,-2039955280,제 55 기
ottogi,Ottogi,00141529,007310,KRW,FY2025,2025,11011,Annual report,20260318000621,CIS,포괄손익계산서,ifrs-full_GainsLossesOnCashFlowHedgesNetOfTax,파생상품평가손익,-,-361242094,제 53 기,2025,KRW,,0,제 54 기,,,23,11011,fnlttSinglAcntAll,,0,제 55 기
ottogi,Ottogi,00141529,007310,KRW,FY2025,2025,11011,Annual report,20260318000621,CIS,포괄손익계산서,ifrs-full_GainsLossesOnExchangeDifferencesOnTranslationNetOfTax,해외사업환산손익,-,958294109,제 53 기,2025,KRW,,21949647477,제 54 기,,,24,11011,fnlttSinglAcntAll,,-2076853860,제 55 기
ottogi,Ottogi,00141529,007310,KRW,FY2025,2025,11011,Annual report,20260318000621,CIS,포괄손익계산서,ifrs-full_GainsLossesOnFinancialAssetsMeasuredAtFairValueThroughOtherComprehensiveIncomeNetOfTax,기타포괄손익-공정가치측정금융자산평가이익(손실),-,139293640,제 53 기,2025,KRW,,-424707412,제 54 기,,,25,11011,fnlttSinglAcntAll,,36898580,제 55 기
ottogi,Ottogi,00141529,007310,KRW,FY2025,2025,11011,Annual report,20260318000621,CIS,포괄손익계산서,ifrs-full_OtherComprehensiveIncomeThatWillNotBeReclassifiedToProfitOrLossNetOfTax,후속적으로 당기손익으로 재분류되지 않는 항목,-,-13760338419,제 53 기,2025,KRW,,-8645093800,제 54 기,,,26,11011,fnlttSinglAcntAll,,-16351178206,제 55 기
ottogi,Ottogi,00141529,007310,KRW,FY2025,2025,11011,Annual report,20260318000621,CIS,포괄손익계산서,ifrs-full_OtherComprehensiveIncomeNetOfTaxGainsLossesOnRemeasurementsOfDefinedBenefitPlans,확정급여부채의 재측정요소,-,-13760338419,제 53 기,2025,KRW,,-8645093800,제 54 기,,,27,11011,fnlttSinglAcntAll,,-16351178206,제 55 기
ottogi,Ottogi,00141529,007310,KRW,FY2025,2025,11011,Annual report,20260318000621,CIS,포괄손익계산서,ifrs-full_ProfitLoss,당기순이익,-,161681368673,제 53 기,2025,KRW,,137599993733,제 54 기,,,28,11011,fnlttSinglAcntAll,,72135661488,제 55 기
ottogi,Ottogi,00141529,007310,KRW,FY2025,2025,11011,Annual report,20260318000621,CIS,포괄손익계산서,ifrs-full_ProfitLossAttributableToNoncontrollingInterests,비지배지분,-,1350049466,제 53 기,2025,KRW,,902307083,제 54 기,,,29,11011,fnlttSinglAcntAll,,2917641594,제 55 기
ottogi,Ottogi,00141529,007310,KRW,FY2025,2025,11011,Annual report,20260318000621,CIS,포괄손익계산서,ifrs-full_ProfitLossAttributableToOwnersOfParent,지배기업 소유주지분,-,160331319207,제 53 기,2025,KRW,,136697686650,제 54 기,,,30,11011,fnlttSinglAcntAll,,69218019894,제 55 기
ottogi,Ottogi,00141529,007310,KRW,FY2025,2025,11011,Annual report,20260318000621,CIS,포괄손익계산서,ifrs-full_ProfitLossBeforeTax,법인세비용차감전순이익,-,219985123406,제 53 기,2025,KRW,,189053748010,제 54 기,,,31,11011,fnlttSinglAcntAll,,111827185142,제 55 기
ottogi,Ottogi,00141529,007310,KRW,FY2025,2025,11011,Annual report,20260318000621,CIS,포괄손익계산서,ifrs-full_Revenue,매출,-,3454548477401,제 53 기,2025,KRW,,3539120882890,제 54 기,,,32,11011,fnlttSinglAcntAll,,3674545422005,제 55 기
ottogi,Ottogi,00141529,007310,KRW,FY2025,2025,11011,Annual report,20260318000621,CIS,포괄손익계산서,ifrs-full_ShareOfProfitLossOfAssociatesAccountedForUsingEquityMethod,지분법이익,-,1418907627,제 53 기,2025,KRW,,1021248987,제 54 기,,,33,11011,fnlttSinglAcntAll,,2563032452,제 55 기
ottogi,Ottogi,00141529,007310,KRW,FY2025,2025,11011,Annual report,20260318000621,CF,현금흐름표,dart_CashAndCashEquivalentsAtBeginningOfPeriodCf,기초 현금및현금성자산,-,241038293666,제 53 기,2025,KRW,,324550590210,제 54 기,,,2,11011,fnlttSinglAcntAll,,330729499629,제 55 기
ottogi,Ottogi,00141529,007310,KRW,FY2025,2025,11011,Annual report,20260318000621,CF,현금흐름표,dart_CashAndCashEquivalentsAtEndOfPeriodCf,기말 현금및현금성자산,-,324550590210,제 53 기,2025,KRW,,330729499629,제 54 기,,,3,11011,fnlttSinglAcntAll,,412685029869,제 55 기
ottogi,Ottogi,00141529,007310,KRW,FY2025,2025,11011,Annual report,20260318000621,CF,현금흐름표,ifrs-full_CashFlowsFromUsedInFinancingActivities,재무활동으로 인한 현금흐름,-,-223042631511,제 53 기,2025,KRW,,-160992281690,제 54 기,,,8,11011,fnlttSinglAcntAll,,-34345187526,제 55 기
ottogi,Ottogi,00141529,007310,KRW,FY2025,2025,11011,Annual report,20260318000621,CF,현금흐름표,dart_CashReceiptsFromFutureContractsForwardContractsOptionContractsAndSwapContractsClassifiedAsFinancingActivities,파생상품자산의 감소,-,167609631,제 53 기,2025,KRW,,0,제 54 기,,,9,11011,fnlttSinglAcntAll,,4525961636,제 55 기
ottogi,Ottogi,00141529,007310,KRW,FY2025,2025,11011,Annual report,20260318000621,CF,현금흐름표,dart_DecreaseInGuaranteeDepositsAsFinancialActivities,임대보증금의 감소,-,5480000,제 53 기,2025,KRW,,81359670,제 54 기,,,10,11011,fnlttSinglAcntAll,,491187900,제 55 기
ottogi,Ottogi,00141529,007310,KRW,FY2025,2025,11011,Annual report,20260318000621,CF,현금흐름표,dart_IncreaseInGuaranteeDepositsAsFinancialActivities,임대보증금의 증가,-,17452026,제 53 기,2025,KRW,,340310527,제 54 기,,,11,11011,fnlttSinglAcntAll,,22537768,제 55 기
ottogi,Ottogi,00141529,007310,KRW,FY2025,2025,11011,Annual report,20260318000621,CF,현금흐름표,dart_PaymentsOfFinanceLeaseLiabilitiesClassifiedAsFinancingActivities,리스부채의 상환,-,15516160984,제 53 기,2025,KRW,,22448426030,제 54 기,,,12,11011,fnlttSinglAcntAll,,27888166897,제 55 기
ottogi,Ottogi,00141529,007310,KRW,FY2025,2025,11011,Annual report,20260318000621,CF,현금흐름표,dart_ProceedsFromLongTermBorrowings,장기차입금의 차입,-,85366898000,제 53 기,2025,KRW,,113275118000,제 54 기,,,13,11011,fnlttSinglAcntAll,,170002715000,제 55 기
ottogi,Ottogi,00141529,007310,KRW,FY2025,2025,11011,Annual report,20260318000621,CF,현금흐름표,dart_ProceedsFromShortTermBorrowings,단기차입금의 차입,-,682897560076,제 53 기,2025,KRW,,699362217151,제 54 기,,,14,11011,fnlttSinglAcntAll,,899405233939,제 55 기
ottogi,Ottogi,00141529,007310,KRW,FY2025,2025,11011,Annual report,20260318000621,CF,현금흐름표,dart_RepaymentsOfLongTermBorrowings,장기차입금의 상환,-,14750000000,제 53 기,2025,KRW,,66500000000,제 54 기,,,15,11011,fnlttSinglAcntAll,,36137138224,제 55 기
ottogi,Ottogi,00141529,007310,KRW,FY2025,2025,11011,Annual report,20260318000621,CF,현금흐름표,dart_RepaymentsOfShortTermBorrowings,단기차입금의 상환,-,811884812303,제 53 기,2025,KRW,,755627722200,제 54 기,,,16,11011,fnlttSinglAcntAll,,768683335866,제 55 기
ottogi,Ottogi,00141529,007310,KRW,FY2025,2025,11011,Annual report,20260318000621,CF,현금흐름표,-표준계정코드 미사용-,파생상품부채의 감소,-,5112123261,제 53 기,2025,KRW,,61663960,제 54 기,,,17,11011,fnlttSinglAcntAll,,0,제 55 기
ottogi,Ottogi,00141529,007310,KRW,FY2025,2025,11011,Annual report,20260318000621,CF,현금흐름표,-표준계정코드 미사용-,파생상품부채의 증가,-,0,제 53 기,2025,KRW,,5180108654,제 54 기,,,18,11011,fnlttSinglAcntAll,,863900000,제 55 기
ottogi,Ottogi,00141529,007310,KRW,FY2025,2025,11011,Annual report,20260318000621,CF,현금흐름표,-표준계정코드 미사용-,유동성장기차입금의 상환,-,111587106696,제 53 기,2025,KRW,,101941821162,제 54 기,,,19,11011,fnlttSinglAcntAll,,243476663982,제 55 기
ottogi,Ottogi,00141529,007310,KRW,FY2025,2025,11011,Annual report,20260318000621,CF,현금흐름표,ifrs-full_DividendsPaidClassifiedAsFinancingActivities,배당금의 지급,-,32636468000,제 53 기,2025,KRW,,32489043000,제 54 기,,,20,11011,fnlttSinglAcntAll,,32489043000,제 55 기
ottogi,Ottogi,00141529,007310,KRW,FY2025,2025,11011,Annual report,20260318000621,CF,현금흐름표,ifrs-full_CashFlowsFromUsedInInvestingActivities,투자활동으로 인한 현금흐름,-,-103027917583,제 53 기,2025,KRW,,-198180181323,제 54 기,,,21,11011,fnlttSinglAcntAll,,-100605912526,제 55 기
ottogi,Ottogi,00141529,007310,KRW,FY2025,2025,11011,Annual report,20260318000621,CF,현금흐름표,dart_DecreaseInGuaranteeDeposits,보증금의 감소,-,2476128995,제 53 기,2025,KRW,,2019192897,제 54 기,,,22,11011,fnlttSinglAcntAll,,709682852,제 55 기
ottogi,Ottogi,00141529,007310,KRW,FY2025,2025,11011,Annual report,20260318000621,CF,현금흐름표,dart_IncreaseInGuaranteeDeposits,보증금의 증가,-,2572589554,제 53 기,2025,KRW,,5044315699,제 54 기,,,23,11011,fnlttSinglAcntAll,,2712989508,제 55 기
ottogi,Ottogi,00141529,007310,KRW,FY2025,2025,11011,Annual report,20260318000621,CF,현금흐름표,dart_ProceedsFromSalesOfFairValueFinancialAsset,당기손익-공정가치측정금융자산의 처분,-,43549888638,제 53 기,2025,KRW,,49067160977,제 54 기,,,24,11011,fnlttSinglAcntAll,,33365239090,제 55 기
ottogi,Ottogi,00141529,007310,KRW,FY2025,2025,11011,Annual report,20260318000621,CF,현금흐름표,dart_ProceedsFromSalesOfFinancialAssetsAtAmortisedCostClassifiedAsInvestingActivities,상각후원가측정금융자산의 처분,-,487198665131,제 53 기,2025,KRW,,427879242886,제 54 기,,,25,11011,fnlttSinglAcntAll,,447464524421,제 55 기
ottogi,Ottogi,00141529,007310,KRW,FY2025,2025,11011,Annual report,20260318000621,CF,현금흐름표,dart_ProceedsFromSalesOfFinancialAssetsAtFairValueThroughOtherComprehensiveIncome,기타포괄손익-공정가치측정금융자산의 처분,-,-634658040,제 53 기,2025,KRW,,0,제 54 기,,,26,11011,fnlttSinglAcntAll,,10272678,제 55 기
ottogi,Ottogi,00141529,007310,KRW,FY2025,2025,11011,Annual report,20260318000621,CF,현금흐름표,dart_ProceedsFromSalesOfLongTermLoansAndReceivables,장기대여금의 감소,-,30120000,제 53 기,2025,KRW,,31180000,제 54 기,,,27,11011,fnlttSinglAcntAll,,55120000,제 55 기
ottogi,Ottogi,00141529,007310,KRW,FY2025,2025,11011,Annual report,20260318000621,CF,현금흐름표,dart_ProceedsFromSalesOfShortTermLoansAndReceivables,단기대여금의 감소,-,180614000,제 53 기,2025,KRW,,482678000,제 54 기,,,28,11011,fnlttSinglAcntAll,,201932000,제 55 기
ottogi,Ottogi,00141529,007310,KRW,FY2025,2025,11011,Annual report,20260318000621,CF,현금흐름표,dart_PurchaseOfFairValueFinancialAsset,당기손익-공정가치측정금융자산의 취득,-,67978978227,제 53 기,2025,KRW,,46011141187,제 54 기,,,29,11011,fnlttSinglAcntAll,,27217598617,제 55 기
ottogi,Ottogi,00141529,007310,KRW,FY2025,2025,11011,Annual report,20260318000621,CF,현금흐름표,dart_PurchaseOfFinancialAssetsAtAmortisedCostClassifiedAsInvestingActivities,상각후원가측정금융자산의 취득,-,456682797109,제 53 기,2025,KRW,,457648010824,제 54 기,,,30,11011,fnlttSinglAcntAll,,385401887196,제 55 기
ottogi,Ottogi,00141529,007310,KRW,FY2025,2025,11011,Annual report,20260318000621,CF,현금흐름표,dart_PurchaseOfLongTermLoansAndReceivables,장기대여금의 증가,-,20000000,제 53 기,2025,KRW,,40000000,제 54 기,,,31,11011,fnlttSinglAcntAll,,95000000,제 55 기
ottogi,Ottogi,00141529,007310,KRW,FY2025,2025,11011,Annual report,20260318000621,CF,현금흐름표,dart_PurchaseOfShortTermLoansAndReceivables,단기대여금의 증가,-,489500000,제 53 기,2025,KRW,,191000000,제 54 기,,,32,11011,fnlttSinglAcntAll,,227000000,제 55 기
ottogi,Ottogi,00141529,007310,KRW,FY2025,2025,11011,Annual report,20260318000621,CF,현금흐름표,ifrs-full_DividendsReceivedClassifiedAsInvestingActivities,배당금의 수취,-,195376335,제 53 기,2025,KRW,,333234884,제 54 기,,,33,11011,fnlttSinglAcntAll,,435485000,제 55 기
ottogi,Ottogi,00141529,007310,KRW,FY2025,2025,11011,Annual report,20260318000621,CF,현금흐름표,ifrs-full_InterestReceivedClassifiedAsInvestingActivities,이자의 수취,-,19920565236,제 53 기,2025,KRW,,20024076836,제 54 기,,,34,11011,fnlttSinglAcntAll,,17545369574,제 55 기
ottogi,Ottogi,00141529,007310,KRW,FY2025,2025,11011,Annual report,20260318000621,CF,현금흐름표,ifrs-full_ProceedsFromSalesOfIntangibleAssetsClassifiedAsInvestingActivities,무형자산의 처분,-,0,제 53 기,2025,KRW,,330000000,제 54 기,,,35,11011,fnlttSinglAcntAll,,0,제 55 기
ottogi,Ottogi,00141529,007310,KRW,FY2025,2025,11011,Annual report,20260318000621,CF,현금흐름표,ifrs-full_ProceedsFromSalesOfPropertyPlantAndEquipmentClassifiedAsInvestingActivities,유형자산의 처분,-,1186030558,제 53 기,2025,KRW,,440175022,제 54 기,,,36,11011,fnlttSinglAcntAll,,418630559,제 55 기
ottogi,Ottogi,00141529,007310,KRW,FY2025,2025,11011,Annual report,20260318000621,CF,현금흐름표,ifrs-full_PurchaseOfIntangibleAssetsClassifiedAsInvestingActivities,무형자산의 취득,-,5028094641,제 53 기,2025,KRW,,3612614145,제 54 기,,,37,11011,fnlttSinglAcntAll,,2253635488,제 55 기
ottogi,Ottogi,00141529,007310,KRW,FY2025,2025,11011,Annual report,20260318000621,CF,현금흐름표,ifrs-full_PurchaseOfInvestmentProperty,투자부동산의 취득,-,300746100,제 53 기,2025,KRW,,2167061261,제 54 기,,,38,11011,fnlttSinglAcntAll,,0,제 55 기
ottogi,Ottogi,00141529,007310,KRW,FY2025,2025,11011,Annual report,20260318000621,CF,현금흐름표,ifrs-full_PurchaseOfPropertyPlantAndEquipmentClassifiedAsInvestingActivities,유형자산의 취득,-,124057942805,제 53 기,2025,KRW,,184072979709,제 54 기,,,39,11011,fnlttSinglAcntAll,,182904057891,제 55 기
ottogi,Ottogi,00141529,007310,KRW,FY2025,2025,11011,Annual report,20260318000621,CF,현금흐름표,ifrs-full_CashFlowsFromUsedInOperatingActivities,영업활동으로 인한 현금흐름,-,410835663970,제 53 기,2025,KRW,,361114671353,제 54 기,,,40,11011,fnlttSinglAcntAll,,218874761016,제 55 기
ottogi,Ottogi,00141529,007310,KRW,FY2025,2025,11011,Annual report,20260318000621,CF,현금흐름표,ifrs-full_CashFlowsFromUsedInOperations,영업에서 창출된 현금흐름,-,521946095590,제 53 기,2025,KRW,,450107830643,제 54 기,,,41,11011,fnlttSinglAcntAll,,288993272916,제 55 기
ottogi,Ottogi,00141529,007310,KRW,FY2025,2025,11011,Annual report,20260318000621,CF,현금흐름표,ifrs-full_IncomeTaxesPaidRefundClassifiedAsOperatingActivities,법인세의 납부,-,62902562461,제 53 기,2025,KRW,,48084648095,제 54 기,,,42,11011,fnlttSinglAcntAll,,41644726341,제 55 기
ottogi,Ottogi,00141529,007310,KRW,FY2025,2025,11011,Annual report,20260318000621,CF,현금흐름표,ifrs-full_InterestPaidClassifiedAsOperatingActivities,이자의 지급,-,48207869159,제 53 기,2025,KRW,,40908511195,제 54 기,,,43,11011,fnlttSinglAcntAll,,28473785559,제 55 기
ottogi,Ottogi,00141529,007310,KRW,FY2025,2025,11011,Annual report,20260318000621,CF,현금흐름표,ifrs-full_EffectOfExchangeRateChangesOnCashAndCashEquivalents,외화표시 현금및현금성자산에 대한 환율변동효과,-,-1252818332,제 53 기,2025,KRW,,4236701079,제 54 기,,,44,11011,fnlttSinglAcntAll,,-1968130724,제 55 기
ottogi,Ottogi,00141529,007310,KRW,FY2025,2025,11011,Annual report,20260318000621,CF,현금흐름표,ifrs-full_IncreaseDecreaseInCashAndCashEquivalentsBeforeEffectOfExchangeRateChanges,현금및현금성자산의 순증가,-,84765114876,제 53 기,2025,KRW,,1942208340,제 54 기,,,45,11011,fnlttSinglAcntAll,,83923660964,제 55 기
ottogi,Ottogi,00141529,007310,KRW,FY2025,2025,11011,Annual report,20260318000621,SCE,자본변동표,dart_EquityAtBeginningOfPeriod,기초자본,자본 [구성요소]|지배기업의 소유주에게 귀속되는 지분 [구성요소]|자본금 [구성요소],20039150000,제 53 기,2025,KRW,,20039150000,제 54 기,,,3,11011,fnlttSinglAcntAll,,20039150000,제 55 기
ottogi,Ottogi,00141529,007310,KRW,FY2025,2025,11011,Annual report,20260318000621,SCE,자본변동표,dart_EquityAtBeginningOfPeriod,기초자본,자본 [구성요소]|지배기업의 소유주에게 귀속되는 지분 [구성요소]|이익잉여금 [구성요소],1797032296951,제 53 기,2025,KRW,,1913374884103,제 54 기,,,3,11011,fnlttSinglAcntAll,,2011200716444,제 55 기
ottogi,Ottogi,00141529,007310,KRW,FY2025,2025,11011,Annual report,20260318000621,SCE,자본변동표,dart_EquityAtBeginningOfPeriod,기초자본,자본 [구성요소]|지배기업의 소유주에게 귀속되는 지분 [구성요소]|자본잉여금 [구성요소],330468245236,제 53 기,2025,KRW,,330468245236,제 54 기,,,3,11011,fnlttSinglAcntAll,,330468245236,제 55 기
ottogi,Ottogi,00141529,007310,KRW,FY2025,2025,11011,Annual report,20260318000621,SCE,자본변동표,dart_EquityAtBeginningOfPeriod,기초자본,연결재무제표 [member],1947519891175,제 53 기,2025,KRW,,2063540799084,제 54 기,,,3,11011,fnlttSinglAcntAll,,2181531596082,제 55 기
ottogi,Ottogi,00141529,007310,KRW,FY2025,2025,11011,Annual report,20260318000621,SCE,자본변동표,dart_EquityAtBeginningOfPeriod,기초자본,자본 [구성요소]|비지배지분 [구성요소],130067583141,제 53 기,2025,KRW,,129009558243,제 54 기,,,3,11011,fnlttSinglAcntAll,,127649582835,제 55 기
ottogi,Ottogi,00141529,007310,KRW,FY2025,2025,11011,Annual report,20260318000621,SCE,자본변동표,dart_EquityAtBeginningOfPeriod,기초자본,자본 [구성요소]|지배기업의 소유주에게 귀속되는 지분 [구성요소],1817452308034,제 53 기,2025,KRW,,1934531240841,제 54 기,,,3,11011,fnlttSinglAcntAll,,2053882013247,제 55 기
ottogi,Ottogi,00141529,007310,KRW,FY2025,2025,11011,Annual report,20260318000621,SCE,자본변동표,dart_EquityAtBeginningOfPeriod,기초자본,자본 [구성요소]|지배기업의 소유주에게 귀속되는 지분 [구성요소]|기타자본구성요소 [구성요소],-336899585548,제 53 기,2025,KRW,,-336899585548,제 54 기,,,3,11011,fnlttSinglAcntAll,,-336899585548,제 55 기
ottogi,Ottogi,00141529,007310,KRW,FY2025,2025,11011,Annual report,20260318000621,SCE,자본변동표,dart_EquityAtBeginningOfPeriod,기초자본,자본 [구성요소]|지배기업의 소유주에게 귀속되는 지분 [구성요소]|기타포괄손익누계액 [구성요소],6812201395,제 53 기,2025,KRW,,7548547050,제 54 기,,,3,11011,fnlttSinglAcntAll,,29073487115,제 55 기
ottogi,Ottogi,00141529,007310,KRW,FY2025,2025,11011,Annual report,20260318000621,SCE,자본변동표,dart_TransferOfAmountRecognisedInOtherComprehensiveIncomeAndAccumulatedInEquityRelatingToDisposalOfInvestmentsInEquityInstruments,기타포괄손익의 이익잉여금 대체,연결재무제표 [member],,제 53 기,2025,KRW,,,제 54 기,,,4,11011,fnlttSinglAcntAll,,0,제 55 기
ottogi,Ottogi,00141529,007310,KRW,FY2025,2025,11011,Annual report,20260318000621,SCE,자본변동표,dart_TransferOfAmountRecognisedInOtherComprehensiveIncomeAndAccumulatedInEquityRelatingToDisposalOfInvestmentsInEquityInstruments,기타포괄손익의 이익잉여금 대체,자본 [구성요소]|지배기업의 소유주에게 귀속되는 지분 [구성요소]|자본금 [구성요소],,제 53 기,2025,KRW,,,제 54 기,,,4,11011,fnlttSinglAcntAll,,0,제 55 기
ottogi,Ottogi,00141529,007310,KRW,FY2025,2025,11011,Annual report,20260318000621,SCE,자본변동표,dart_TransferOfAmountRecognisedInOtherComprehensiveIncomeAndAccumulatedInEquityRelatingToDisposalOfInvestmentsInEquityInstruments,기타포괄손익의 이익잉여금 대체,자본 [구성요소]|지배기업의 소유주에게 귀속되는 지분 [구성요소]|이익잉여금 [구성요소],,제 53 기,2025,KRW,,0,제 54 기,,,4,11011,fnlttSinglAcntAll,,-492354008,제 55 기
ottogi,Ottogi,00141529,007310,KRW,FY2025,2025,11011,Annual report,20260318000621,SCE,자본변동표,dart_TransferOfAmountRecognisedInOtherComprehensiveIncomeAndAccumulatedInEquityRelatingToDisposalOfInvestmentsInEquityInstruments,기타포괄손익의 이익잉여금 대체,자본 [구성요소]|지배기업의 소유주에게 귀속되는 지분 [구성요소]|기타포괄손익누계액 [구성요소],,제 53 기,2025,KRW,,,제 54 기,,,4,11011,fnlttSinglAcntAll,,492354008,제 55 기
ottogi,Ottogi,00141529,007310,KRW,FY2025,2025,11011,Annual report,20260318000621,SCE,자본변동표,dart_TransferOfAmountRecognisedInOtherComprehensiveIncomeAndAccumulatedInEquityRelatingToDisposalOfInvestmentsInEquityInstruments,기타포괄손익의 이익잉여금 대체,자본 [구성요소]|지배기업의 소유주에게 귀속되는 지분 [구성요소]|기타자본구성요소 [구성요소],,제 53 기,2025,KRW,,,제 54 기,,,4,11011,fnlttSinglAcntAll,,0,제 55 기
ottogi,Ottogi,00141529,007310,KRW,FY2025,2025,11011,Annual report,20260318000621,SCE,자본변동표,dart_TransferOfAmountRecognisedInOtherComprehensiveIncomeAndAccumulatedInEquityRelatingToDisposalOfInvestmentsInEquityInstruments,기타포괄손익의 이익잉여금 대체,자본 [구성요소]|지배기업의 소유주에게 귀속되는 지분 [구성요소],,제 53 기,2025,KRW,,,제 54 기,,,4,11011,fnlttSinglAcntAll,,0,제 55 기
ottogi,Ottogi,00141529,007310,KRW,FY2025,2025,11011,Annual report,20260318000621,SCE,자본변동표,dart_TransferOfAmountRecognisedInOtherComprehensiveIncomeAndAccumulatedInEquityRelatingToDisposalOfInvestmentsInEquityInstruments,기타포괄손익의 이익잉여금 대체,자본 [구성요소]|비지배지분 [구성요소],,제 53 기,2025,KRW,,,제 54 기,,,4,11011,fnlttSinglAcntAll,,0,제 55 기
ottogi,Ottogi,00141529,007310,KRW,FY2025,2025,11011,Annual report,20260318000621,SCE,자본변동표,dart_TransferOfAmountRecognisedInOtherComprehensiveIncomeAndAccumulatedInEquityRelatingToDisposalOfInvestmentsInEquityInstruments,기타포괄손익의 이익잉여금 대체,자본 [구성요소]|지배기업의 소유주에게 귀속되는 지분 [구성요소]|자본잉여금 [구성요소],,제 53 기,2025,KRW,,,제 54 기,,,4,11011,fnlttSinglAcntAll,,0,제 55 기
ottogi,Ottogi,00141529,007310,KRW,FY2025,2025,11011,Annual report,20260318000621,SCE,자본변동표,ifrs-full_ComprehensiveIncome,총포괄이익,자본 [구성요소]|지배기업의 소유주에게 귀속되는 지분 [구성요소]|자본금 [구성요소],0,제 53 기,2025,KRW,,0,제 54 기,,,5,11011,fnlttSinglAcntAll,,0,제 55 기
ottogi,Ottogi,00141529,007310,KRW,FY2025,2025,11011,Annual report,20260318000621,SCE,자본변동표,ifrs-full_ComprehensiveIncome,총포괄이익,자본 [구성요소]|지배기업의 소유주에게 귀속되는 지분 [구성요소]|이익잉여금 [구성요소],147062530152,제 53 기,2025,KRW,,128545775341,제 54 기,,,5,11011,fnlttSinglAcntAll,,53144227992,제 55 기
ottogi,Ottogi,00141529,007310,KRW,FY2025,2025,11011,Annual report,20260318000621,SCE,자본변동표,ifrs-full_ComprehensiveIncome,총포괄이익,자본 [구성요소]|지배기업의 소유주에게 귀속되는 지분 [구성요소]|기타포괄손익누계액 [구성요소],736345655,제 53 기,2025,KRW,,21524940065,제 54 기,,,5,11011,fnlttSinglAcntAll,,-2039955280,제 55 기
ottogi,Ottogi,00141529,007310,KRW,FY2025,2025,11011,Annual report,20260318000621,SCE,자본변동표,ifrs-full_ComprehensiveIncome,총포괄이익,자본 [구성요소]|지배기업의 소유주에게 귀속되는 지분 [구성요소]|기타자본구성요소 [구성요소],0,제 53 기,2025,KRW,,0,제 54 기,,,5,11011,fnlttSinglAcntAll,,0,제 55 기
ottogi,Ottogi,00141529,007310,KRW,FY2025,2025,11011,Annual report,20260318000621,SCE,자본변동표,ifrs-full_ComprehensiveIncome,총포괄이익,자본 [구성요소]|지배기업의 소유주에게 귀속되는 지분 [구성요소],147798875807,제 53 기,2025,KRW,,150070715406,제 54 기,,,5,11011,fnlttSinglAcntAll,,51104272712,제 55 기
ottogi,Ottogi,00141529,007310,KRW,FY2025,2025,11011,Annual report,20260318000621,SCE,자본변동표,ifrs-full_ComprehensiveIncome,총포괄이익,자본 [구성요소]|비지배지분 [구성요소],858500102,제 53 기,2025,KRW,,409124592,제 54 기,,,5,11011,fnlttSinglAcntAll,,2640255290,제 55 기
ottogi,Ottogi,00141529,007310,KRW,FY2025,2025,11011,Annual report,20260318000621,SCE,자본변동표,ifrs-full_ComprehensiveIncome,총포괄이익,연결재무제표 [member],148657375909,제 53 기,2025,KRW,,150479839998,제 54 기,,,5,11011,fnlttSinglAcntAll,,53744528002,제 55 기
ottogi,Ottogi,00141529,007310,KRW,FY2025,2025,11011,Annual report,20260318000621,SCE,자본변동표,ifrs-full_ComprehensiveIncome,총포괄이익,자본 [구성요소]|지배기업의 소유주에게 귀속되는 지분 [구성요소]|자본잉여금 [구성요소],0,제 53 기,2025,KRW,,0,제 54 기,,,5,11011,fnlttSinglAcntAll,,0,제 55 기
ottogi,Ottogi,00141529,007310,KRW,FY2025,2025,11011,Annual report,20260318000621,SCE,자본변동표,ifrs-full_GainsLossesOnCashFlowHedgesNetOfTax,파생상품평가손익,자본 [구성요소]|지배기업의 소유주에게 귀속되는 지분 [구성요소],-361242094,제 53 기,2025,KRW,,,제 54 기,,,6,11011,fnlttSinglAcntAll,,,제 55 기
ottogi,Ottogi,00141529,007310,KRW,FY2025,2025,11011,Annual report,20260318000621,SCE,자본변동표,ifrs-full_GainsLossesOnCashFlowHedgesNetOfTax,파생상품평가손익,자본 [구성요소]|비지배지분 [구성요소],0,제 53 기,2025,KRW,,,제 54 기,,,6,11011,fnlttSinglAcntAll,,,제 55 기
ottogi,Ottogi,00141529,007310,KRW,FY2025,2025,11011,Annual report,20260318000621,SCE,자본변동표,ifrs-full_GainsLossesOnCashFlowHedgesNetOfTax,파생상품평가손익,연결재무제표 [member],-361242094,제 53 기,2025,KRW,,0,제 54 기,,,6,11011,fnlttSinglAcntAll,,0,제 55 기
ottogi,Ottogi,00141529,007310,KRW,FY2025,2025,11011,Annual report,20260318000621,SCE,자본변동표,ifrs-full_GainsLossesOnCashFlowHedgesNetOfTax,파생상품평가손익,자본 [구성요소]|지배기업의 소유주에게 귀속되는 지분 [구성요소]|기타자본구성요소 [구성요소],0,제 53 기,2025,KRW,,,제 54 기,,,6,11011,fnlttSinglAcntAll,,,제 55 기
ottogi,Ottogi,00141529,007310,KRW,FY2025,2025,11011,Annual report,20260318000621,SCE,자본변동표,ifrs-full_GainsLossesOnCashFlowHedgesNetOfTax,파생상품평가손익,자본 [구성요소]|지배기업의 소유주에게 귀속되는 지분 [구성요소]|기타포괄손익누계액 [구성요소],-361242094,제 53 기,2025,KRW,,,제 54 기,,,6,11011,fnlttSinglAcntAll,,,제 55 기
ottogi,Ottogi,00141529,007310,KRW,FY2025,2025,11011,Annual report,20260318000621,SCE,자본변동표,ifrs-full_GainsLossesOnCashFlowHedgesNetOfTax,파생상품평가손익,자본 [구성요소]|지배기업의 소유주에게 귀속되는 지분 [구성요소]|이익잉여금 [구성요소],0,제 53 기,2025,KRW,,,제 54 기,,,6,11011,fnlttSinglAcntAll,,,제 55 기
ottogi,Ottogi,00141529,007310,KRW,FY2025,2025,11011,Annual report,20260318000621,SCE,자본변동표,ifrs-full_GainsLossesOnCashFlowHedgesNetOfTax,파생상품평가손익,자본 [구성요소]|지배기업의 소유주에게 귀속되는 지분 [구성요소]|자본금 [구성요소],0,제 53 기,2025,KRW,,,제 54 기,,,6,11011,fnlttSinglAcntAll,,,제 55 기
ottogi,Ottogi,00141529,007310,KRW,FY2025,2025,11011,Annual report,20260318000621,SCE,자본변동표,ifrs-full_GainsLossesOnCashFlowHedgesNetOfTax,파생상품평가손익,자본 [구성요소]|지배기업의 소유주에게 귀속되는 지분 [구성요소]|자본잉여금 [구성요소],0,제 53 기,2025,KRW,,,제 54 기,,,6,11011,fnlttSinglAcntAll,,,제 55 기
ottogi,Ottogi,00141529,007310,KRW,FY2025,2025,11011,Annual report,20260318000621,SCE,자본변동표,ifrs-full_GainsLossesOnExchangeDifferencesOnTranslationNetOfTax,해외사업환산손익,자본 [구성요소]|지배기업의 소유주에게 귀속되는 지분 [구성요소],958294109,제 53 기,2025,KRW,,21949647477,제 54 기,,,7,11011,fnlttSinglAcntAll,,-2076853860,제 55 기
ottogi,Ottogi,00141529,007310,KRW,FY2025,2025,11011,Annual report,20260318000621,SCE,자본변동표,ifrs-full_GainsLossesOnExchangeDifferencesOnTranslationNetOfTax,해외사업환산손익,자본 [구성요소]|비지배지분 [구성요소],0,제 53 기,2025,KRW,,0,제 54 기,,,7,11011,fnlttSinglAcntAll,,0,제 55 기
ottogi,Ottogi,00141529,007310,KRW,FY2025,2025,11011,Annual report,20260318000621,SCE,자본변동표,ifrs-full_GainsLossesOnExchangeDifferencesOnTranslationNetOfTax,해외사업환산손익,연결재무제표 [member],958294109,제 53 기,2025,KRW,,21949647477,제 54 기,,,7,11011,fnlttSinglAcntAll,,-2076853860,제 55 기
ottogi,Ottogi,00141529,007310,KRW,FY2025,2025,11011,Annual report,20260318000621,SCE,자본변동표,ifrs-full_GainsLossesOnExchangeDifferencesOnTranslationNetOfTax,해외사업환산손익,자본 [구성요소]|지배기업의 소유주에게 귀속되는 지분 [구성요소]|기타자본구성요소 [구성요소],0,제 53 기,2025,KRW,,0,제 54 기,,,7,11011,fnlttSinglAcntAll,,0,제 55 기
ottogi,Ottogi,00141529,007310,KRW,FY2025,2025,11011,Annual report,20260318000621,SCE,자본변동표,ifrs-full_GainsLossesOnExchangeDifferencesOnTranslationNetOfTax,해외사업환산손익,자본 [구성요소]|지배기업의 소유주에게 귀속되는 지분 [구성요소]|자본잉여금 [구성요소],0,제 53 기,2025,KRW,,0,제 54 기,,,7,11011,fnlttSinglAcntAll,,0,제 55 기
ottogi,Ottogi,00141529,007310,KRW,FY2025,2025,11011,Annual report,20260318000621,SCE,자본변동표,ifrs-full_GainsLossesOnExchangeDifferencesOnTranslationNetOfTax,해외사업환산손익,자본 [구성요소]|지배기업의 소유주에게 귀속되는 지분 [구성요소]|자본금 [구성요소],0,제 53 기,2025,KRW,,0,제 54 기,,,7,11011,fnlttSinglAcntAll,,0,제 55 기
ottogi,Ottogi,00141529,007310,KRW,FY2025,2025,11011,Annual report,20260318000621,SCE,자본변동표,ifrs-full_GainsLossesOnExchangeDifferencesOnTranslationNetOfTax,해외사업환산손익,자본 [구성요소]|지배기업의 소유주에게 귀속되는 지분 [구성요소]|이익잉여금 [구성요소],0,제 53 기,2025,KRW,,0,제 54 기,,,7,11011,fnlttSinglAcntAll,,0,제 55 기
ottogi,Ottogi,00141529,007310,KRW,FY2025,2025,11011,Annual report,20260318000621,SCE,자본변동표,ifrs-full_GainsLossesOnExchangeDifferencesOnTranslationNetOfTax,해외사업환산손익,자본 [구성요소]|지배기업의 소유주에게 귀속되는 지분 [구성요소]|기타포괄손익누계액 [구성요소],958294109,제 53 기,2025,KRW,,21949647477,제 54 기,,,7,11011,fnlttSinglAcntAll,,-2076853860,제 55 기
ottogi,Ottogi,00141529,007310,KRW,FY2025,2025,11011,Annual report,20260318000621,SCE,자본변동표,ifrs-full_GainsLossesOnFinancialAssetsMeasuredAtFairValueThroughOtherComprehensiveIncomeNetOfTax,기타포괄손익-공정가치측정금융자산평가이익(손실),연결재무제표 [member],139293640,제 53 기,2025,KRW,,-424707412,제 54 기,,,8,11011,fnlttSinglAcntAll,,36898580,제 55 기
ottogi,Ottogi,00141529,007310,KRW,FY2025,2025,11011,Annual report,20260318000621,SCE,자본변동표,ifrs-full_GainsLossesOnFinancialAssetsMeasuredAtFairValueThroughOtherComprehensiveIncomeNetOfTax,기타포괄손익-공정가치측정금융자산평가이익(손실),자본 [구성요소]|비지배지분 [구성요소],0,제 53 기,2025,KRW,,0,제 54 기,,,8,11011,fnlttSinglAcntAll,,0,제 55 기
ottogi,Ottogi,00141529,007310,KRW,FY2025,2025,11011,Annual report,20260318000621,SCE,자본변동표,ifrs-full_GainsLossesOnFinancialAssetsMeasuredAtFairValueThroughOtherComprehensiveIncomeNetOfTax,기타포괄손익-공정가치측정금융자산평가이익(손실),자본 [구성요소]|지배기업의 소유주에게 귀속되는 지분 [구성요소],139293640,제 53 기,2025,KRW,,-424707412,제 54 기,,,8,11011,fnlttSinglAcntAll,,36898580,제 55 기
ottogi,Ottogi,00141529,007310,KRW,FY2025,2025,11011,Annual report,20260318000621,SCE,자본변동표,ifrs-full_GainsLossesOnFinancialAssetsMeasuredAtFairValueThroughOtherComprehensiveIncomeNetOfTax,기타포괄손익-공정가치측정금융자산평가이익(손실),자본 [구성요소]|지배기업의 소유주에게 귀속되는 지분 [구성요소]|자본금 [구성요소],0,제 53 기,2025,KRW,,0,제 54 기,,,8,11011,fnlttSinglAcntAll,,0,제 55 기
ottogi,Ottogi,00141529,007310,KRW,FY2025,2025,11011,Annual report,20260318000621,SCE,자본변동표,ifrs-full_GainsLossesOnFinancialAssetsMeasuredAtFairValueThroughOtherComprehensiveIncomeNetOfTax,기타포괄손익-공정가치측정금융자산평가이익(손실),자본 [구성요소]|지배기업의 소유주에게 귀속되는 지분 [구성요소]|이익잉여금 [구성요소],0,제 53 기,2025,KRW,,0,제 54 기,,,8,11011,fnlttSinglAcntAll,,0,제 55 기
ottogi,Ottogi,00141529,007310,KRW,FY2025,2025,11011,Annual report,20260318000621,SCE,자본변동표,ifrs-full_GainsLossesOnFinancialAssetsMeasuredAtFairValueThroughOtherComprehensiveIncomeNetOfTax,기타포괄손익-공정가치측정금융자산평가이익(손실),자본 [구성요소]|지배기업의 소유주에게 귀속되는 지분 [구성요소]|기타포괄손익누계액 [구성요소],139293640,제 53 기,2025,KRW,,-424707412,제 54 기,,,8,11011,fnlttSinglAcntAll,,36898580,제 55 기
ottogi,Ottogi,00141529,007310,KRW,FY2025,2025,11011,Annual report,20260318000621,SCE,자본변동표,ifrs-full_GainsLossesOnFinancialAssetsMeasuredAtFairValueThroughOtherComprehensiveIncomeNetOfTax,기타포괄손익-공정가치측정금융자산평가이익(손실),자본 [구성요소]|지배기업의 소유주에게 귀속되는 지분 [구성요소]|기타자본구성요소 [구성요소],0,제 53 기,2025,KRW,,0,제 54 기,,,8,11011,fnlttSinglAcntAll,,0,제 55 기
ottogi,Ottogi,00141529,007310,KRW,FY2025,2025,11011,Annual report,20260318000621,SCE,자본변동표,ifrs-full_GainsLossesOnFinancialAssetsMeasuredAtFairValueThroughOtherComprehensiveIncomeNetOfTax,기타포괄손익-공정가치측정금융자산평가이익(손실),자본 [구성요소]|지배기업의 소유주에게 귀속되는 지분 [구성요소]|자본잉여금 [구성요소],0,제 53 기,2025,KRW,,0,제 54 기,,,8,11011,fnlttSinglAcntAll,,0,제 55 기
ottogi,Ottogi,00141529,007310,KRW,FY2025,2025,11011,Annual report,20260318000621,SCE,자본변동표,ifrs-full_OtherComprehensiveIncomeNetOfTaxGainsLossesOnRemeasurementsOfDefinedBenefitPlans,확정급여부채의 재측정요소,연결재무제표 [member],-13760338419,제 53 기,2025,KRW,,-8645093800,제 54 기,,,9,11011,fnlttSinglAcntAll,,-16351178206,제 55 기
ottogi,Ottogi,00141529,007310,KRW,FY2025,2025,11011,Annual report,20260318000621,SCE,자본변동표,ifrs-full_OtherComprehensiveIncomeNetOfTaxGainsLossesOnRemeasurementsOfDefinedBenefitPlans,확정급여부채의 재측정요소,자본 [구성요소]|비지배지분 [구성요소],-491549364,제 53 기,2025,KRW,,-493182491,제 54 기,,,9,11011,fnlttSinglAcntAll,,-277386304,제 55 기
ottogi,Ottogi,00141529,007310,KRW,FY2025,2025,11011,Annual report,20260318000621,SCE,자본변동표,ifrs-full_OtherComprehensiveIncomeNetOfTaxGainsLossesOnRemeasurementsOfDefinedBenefitPlans,확정급여부채의 재측정요소,자본 [구성요소]|지배기업의 소유주에게 귀속되는 지분 [구성요소],-13268789055,제 53 기,2025,KRW,,-8151911309,제 54 기,,,9,11011,fnlttSinglAcntAll,,-16073791902,제 55 기
ottogi,Ottogi,00141529,007310,KRW,FY2025,2025,11011,Annual report,20260318000621,SCE,자본변동표,ifrs-full_OtherComprehensiveIncomeNetOfTaxGainsLossesOnRemeasurementsOfDefinedBenefitPlans,확정급여부채의 재측정요소,자본 [구성요소]|지배기업의 소유주에게 귀속되는 지분 [구성요소]|기타자본구성요소 [구성요소],0,제 53 기,2025,KRW,,0,제 54 기,,,9,11011,fnlttSinglAcntAll,,0,제 55 기
ottogi,Ottogi,00141529,007310,KRW,FY2025,2025,11011,Annual report,20260318000621,SCE,자본변동표,ifrs-full_OtherComprehensiveIncomeNetOfTaxGainsLossesOnRemeasurementsOfDefinedBenefitPlans,확정급여부채의 재측정요소,자본 [구성요소]|지배기업의 소유주에게 귀속되는 지분 [구성요소]|기타포괄손익누계액 [구성요소],0,제 53 기,2025,KRW,,0,제 54 기,,,9,11011,fnlttSinglAcntAll,,0,제 55 기
ottogi,Ottogi,00141529,007310,KRW,FY2025,2025,11011,Annual report,20260318000621,SCE,자본변동표,ifrs-full_OtherComprehensiveIncomeNetOfTaxGainsLossesOnRemeasurementsOfDefinedBenefitPlans,확정급여부채의 재측정요소,자본 [구성요소]|지배기업의 소유주에게 귀속되는 지분 [구성요소]|이익잉여금 [구성요소],-13268789055,제 53 기,2025,KRW,,-8151911309,제 54 기,,,9,11011,fnlttSinglAcntAll,,-16073791902,제 55 기
ottogi,Ottogi,00141529,007310,KRW,FY2025,2025,11011,Annual report,20260318000621,SCE,자본변동표,ifrs-full_OtherComprehensiveIncomeNetOfTaxGainsLossesOnRemeasurementsOfDefinedBenefitPlans,확정급여부채의 재측정요소,자본 [구성요소]|지배기업의 소유주에게 귀속되는 지분 [구성요소]|자본금 [구성요소],0,제 53 기,2025,KRW,,0,제 54 기,,,9,11011,fnlttSinglAcntAll,,0,제 55 기
ottogi,Ottogi,00141529,007310,KRW,FY2025,2025,11011,Annual report,20260318000621,SCE,자본변동표,ifrs-full_OtherComprehensiveIncomeNetOfTaxGainsLossesOnRemeasurementsOfDefinedBenefitPlans,확정급여부채의 재측정요소,자본 [구성요소]|지배기업의 소유주에게 귀속되는 지분 [구성요소]|자본잉여금 [구성요소],0,제 53 기,2025,KRW,,0,제 54 기,,,9,11011,fnlttSinglAcntAll,,0,제 55 기
ottogi,Ottogi,00141529,007310,KRW,FY2025,2025,11011,Annual report,20260318000621,SCE,자본변동표,ifrs-full_ProfitLoss,당기순이익,자본 [구성요소]|지배기업의 소유주에게 귀속되는 지분 [구성요소],160331319207,제 53 기,2025,KRW,,136697686650,제 54 기,,,10,11011,fnlttSinglAcntAll,,69218019894,제 55 기
ottogi,Ottogi,00141529,007310,KRW,FY2025,2025,11011,Annual report,20260318000621,SCE,자본변동표,ifrs-full_ProfitLoss,당기순이익,자본 [구성요소]|비지배지분 [구성요소],1350049466,제 53 기,2025,KRW,,902307083,제 54 기,,,10,11011,fnlttSinglAcntAll,,2917641594,제 55 기
ottogi,Ottogi,00141529,007310,KRW,FY2025,2025,11011,Annual report,20260318000621,SCE,자본변동표,ifrs-full_ProfitLoss,당기순이익,연결재무제표 [member],161681368673,제 53 기,2025,KRW,,137599993733,제 54 기,,,10,11011,fnlttSinglAcntAll,,72135661488,제 55 기
ottogi,Ottogi,00141529,007310,KRW,FY2025,2025,11011,Annual report,20260318000621,SCE,자본변동표,ifrs-full_ProfitLoss,당기순이익,자본 [구성요소]|지배기업의 소유주에게 귀속되는 지분 [구성요소]|기타자본구성요소 [구성요소],0,제 53 기,2025,KRW,,0,제 54 기,,,10,11011,fnlttSinglAcntAll,,0,제 55 기
ottogi,Ottogi,00141529,007310,KRW,FY2025,2025,11011,Annual report,20260318000621,SCE,자본변동표,ifrs-full_ProfitLoss,당기순이익,자본 [구성요소]|지배기업의 소유주에게 귀속되는 지분 [구성요소]|기타포괄손익누계액 [구성요소],0,제 53 기,2025,KRW,,0,제 54 기,,,10,11011,fnlttSinglAcntAll,,0,제 55 기
ottogi,Ottogi,00141529,007310,KRW,FY2025,2025,11011,Annual report,20260318000621,SCE,자본변동표,ifrs-full_ProfitLoss,당기순이익,자본 [구성요소]|지배기업의 소유주에게 귀속되는 지분 [구성요소]|이익잉여금 [구성요소],160331319207,제 53 기,2025,KRW,,136697686650,제 54 기,,,10,11011,fnlttSinglAcntAll,,69218019894,제 55 기
ottogi,Ottogi,00141529,007310,KRW,FY2025,2025,11011,Annual report,20260318000621,SCE,자본변동표,ifrs-full_ProfitLoss,당기순이익,자본 [구성요소]|지배기업의 소유주에게 귀속되는 지분 [구성요소]|자본금 [구성요소],0,제 53 기,2025,KRW,,0,제 54 기,,,10,11011,fnlttSinglAcntAll,,0,제 55 기
ottogi,Ottogi,00141529,007310,KRW,FY2025,2025,11011,Annual report,20260318000621,SCE,자본변동표,ifrs-full_ProfitLoss,당기순이익,자본 [구성요소]|지배기업의 소유주에게 귀속되는 지분 [구성요소]|자본잉여금 [구성요소],0,제 53 기,2025,KRW,,0,제 54 기,,,10,11011,fnlttSinglAcntAll,,0,제 55 기
ottogi,Ottogi,00141529,007310,KRW,FY2025,2025,11011,Annual report,20260318000621,SCE,자본변동표,ifrs-full_DividendsPaid,배당,자본 [구성요소]|지배기업의 소유주에게 귀속되는 지분 [구성요소],30719943000,제 53 기,2025,KRW,,30719943000,제 54 기,,,11,11011,fnlttSinglAcntAll,,30719943000,제 55 기
ottogi,Ottogi,00141529,007310,KRW,FY2025,2025,11011,Annual report,20260318000621,SCE,자본변동표,ifrs-full_DividendsPaid,배당,자본 [구성요소]|비지배지분 [구성요소],1916525000,제 53 기,2025,KRW,,1769100000,제 54 기,,,11,11011,fnlttSinglAcntAll,,1769100000,제 55 기
ottogi,Ottogi,00141529,007310,KRW,FY2025,2025,11011,Annual report,20260318000621,SCE,자본변동표,ifrs-full_DividendsPaid,배당,연결재무제표 [member],32636468000,제 53 기,2025,KRW,,32489043000,제 54 기,,,11,11011,fnlttSinglAcntAll,,32489043000,제 55 기
ottogi,Ottogi,00141529,007310,KRW,FY2025,2025,11011,Annual report,20260318000621,SCE,자본변동표,ifrs-full_DividendsPaid,배당,자본 [구성요소]|지배기업의 소유주에게 귀속되는 지분 [구성요소]|기타자본구성요소 [구성요소],0,제 53 기,2025,KRW,,0,제 54 기,,,11,11011,fnlttSinglAcntAll,,0,제 55 기
ottogi,Ottogi,00141529,007310,KRW,FY2025,2025,11011,Annual report,20260318000621,SCE,자본변동표,ifrs-full_DividendsPaid,배당,자본 [구성요소]|지배기업의 소유주에게 귀속되는 지분 [구성요소]|자본잉여금 [구성요소],0,제 53 기,2025,KRW,,0,제 54 기,,,11,11011,fnlttSinglAcntAll,,0,제 55 기
ottogi,Ottogi,00141529,007310,KRW,FY2025,2025,11011,Annual report,20260318000621,SCE,자본변동표,ifrs-full_DividendsPaid,배당,자본 [구성요소]|지배기업의 소유주에게 귀속되는 지분 [구성요소]|자본금 [구성요소],0,제 53 기,2025,KRW,,0,제 54 기,,,11,11011,fnlttSinglAcntAll,,0,제 55 기
ottogi,Ottogi,00141529,007310,KRW,FY2025,2025,11011,Annual report,20260318000621,SCE,자본변동표,ifrs-full_DividendsPaid,배당,자본 [구성요소]|지배기업의 소유주에게 귀속되는 지분 [구성요소]|이익잉여금 [구성요소],30719943000,제 53 기,2025,KRW,,30719943000,제 54 기,,,11,11011,fnlttSinglAcntAll,,30719943000,제 55 기
ottogi,Ottogi,00141529,007310,KRW,FY2025,2025,11011,Annual report,20260318000621,SCE,자본변동표,ifrs-full_DividendsPaid,배당,자본 [구성요소]|지배기업의 소유주에게 귀속되는 지분 [구성요소]|기타포괄손익누계액 [구성요소],0,제 53 기,2025,KRW,,0,제 54 기,,,11,11011,fnlttSinglAcntAll,,0,제 55 기
ottogi,Ottogi,00141529,007310,KRW,FY2025,2025,11011,Annual report,20260318000621,SCE,자본변동표,ifrs-full_Equity,자본총계,연결재무제표 [member],2063540799084,제 53 기,2025,KRW,,2181531596082,제 54 기,,,12,11011,fnlttSinglAcntAll,,2202787081084,제 55 기
ottogi,Ottogi,00141529,007310,KRW,FY2025,2025,11011,Annual report,20260318000621,SCE,자본변동표,ifrs-full_Equity,자본총계,자본 [구성요소]|비지배지분 [구성요소],129009558243,제 53 기,2025,KRW,,127649582835,제 54 기,,,12,11011,fnlttSinglAcntAll,,128520738125,제 55 기
ottogi,Ottogi,00141529,007310,KRW,FY2025,2025,11011,Annual report,20260318000621,SCE,자본변동표,ifrs-full_Equity,자본총계,자본 [구성요소]|지배기업의 소유주에게 귀속되는 지분 [구성요소],1934531240841,제 53 기,2025,KRW,,2053882013247,제 54 기,,,12,11011,fnlttSinglAcntAll,,2074266342959,제 55 기
ottogi,Ottogi,00141529,007310,KRW,FY2025,2025,11011,Annual report,20260318000621,SCE,자본변동표,ifrs-full_Equity,자본총계,자본 [구성요소]|지배기업의 소유주에게 귀속되는 지분 [구성요소]|자본금 [구성요소],20039150000,제 53 기,2025,KRW,,20039150000,제 54 기,,,12,11011,fnlttSinglAcntAll,,20039150000,제 55 기
ottogi,Ottogi,00141529,007310,KRW,FY2025,2025,11011,Annual report,20260318000621,SCE,자본변동표,ifrs-full_Equity,자본총계,자본 [구성요소]|지배기업의 소유주에게 귀속되는 지분 [구성요소]|이익잉여금 [구성요소],1913374884103,제 53 기,2025,KRW,,2011200716444,제 54 기,,,12,11011,fnlttSinglAcntAll,,2033132647428,제 55 기
ottogi,Ottogi,00141529,007310,KRW,FY2025,2025,11011,Annual report,20260318000621,SCE,자본변동표,ifrs-full_Equity,자본총계,자본 [구성요소]|지배기업의 소유주에게 귀속되는 지분 [구성요소]|기타포괄손익누계액 [구성요소],7548547050,제 53 기,2025,KRW,,29073487115,제 54 기,,,12,11011,fnlttSinglAcntAll,,27525885843,제 55 기
ottogi,Ottogi,00141529,007310,KRW,FY2025,2025,11011,Annual report,20260318000621,SCE,자본변동표,ifrs-full_Equity,자본총계,자본 [구성요소]|지배기업의 소유주에게 귀속되는 지분 [구성요소]|기타자본구성요소 [구성요소],-336899585548,제 53 기,2025,KRW,,-336899585548,제 54 기,,,12,11011,fnlttSinglAcntAll,,-336899585548,제 55 기
ottogi,Ottogi,00141529,007310,KRW,FY2025,2025,11011,Annual report,20260318000621,SCE,자본변동표,ifrs-full_Equity,자본총계,자본 [구성요소]|지배기업의 소유주에게 귀속되는 지분 [구성요소]|자본잉여금 [구성요소],330468245236,제 53 기,2025,KRW,,330468245236,제 54 기,,,12,11011,fnlttSinglAcntAll,,330468245236,제 55 기
ottogi,Ottogi,00141529,007310,KRW,Q1_2026,2026,11013,First-quarter report,20260515001174,BS,재무상태표,ifrs-full_Assets,자산총계,-,,,2026,KRW,,3641076426477,제 55 기말,,,7,11013,fnlttSinglAcntAll,,3705069596709,제 56 기 1분기말
ottogi,Ottogi,00141529,007310,KRW,Q1_2026,2026,11013,First-quarter report,20260515001174,BS,재무상태표,ifrs-full_CurrentAssets,유동자산,-,,,2026,KRW,,1501272831876,제 55 기말,,,8,11013,fnlttSinglAcntAll,,1497733630233,제 56 기 1분기말
ottogi,Ottogi,00141529,007310,KRW,Q1_2026,2026,11013,First-quarter report,20260515001174,BS,재무상태표,-표준계정코드 미사용-,온실가스배출자산,-,,,2026,KRW,,8676,제 55 기말,,,9,11013,fnlttSinglAcntAll,,8676,제 56 기 1분기말
ottogi,Ottogi,00141529,007310,KRW,Q1_2026,2026,11013,First-quarter report,20260515001174,BS,재무상태표,ifrs-full_CashAndCashEquivalents,현금및현금성자산,-,,,2026,KRW,,412685029869,제 55 기말,,,10,11013,fnlttSinglAcntAll,,387786652434,제 56 기 1분기말
ottogi,Ottogi,00141529,007310,KRW,Q1_2026,2026,11013,First-quarter report,20260515001174,BS,재무상태표,ifrs-full_CurrentDerivativeFinancialAssets,파생상품자산,-,,,2026,KRW,,24443638,제 55 기말,,,11,11013,fnlttSinglAcntAll,,3453688603,제 56 기 1분기말
ottogi,Ottogi,00141529,007310,KRW,Q1_2026,2026,11013,First-quarter report,20260515001174,BS,재무상태표,ifrs-full_CurrentFinancialAssetsAtFairValueThroughProfitOrLoss,당기손익-공정가치측정금융자산,-,,,2026,KRW,,31274774038,제 55 기말,,,12,11013,fnlttSinglAcntAll,,32680070526,제 56 기 1분기말
ottogi,Ottogi,00141529,007310,KRW,Q1_2026,2026,11013,First-quarter report,20260515001174,BS,재무상태표,ifrs-full_CurrentPrepaidExpenses,선급비용,-,,,2026,KRW,,7343894720,제 55 기말,,,13,11013,fnlttSinglAcntAll,,7376603332,제 56 기 1분기말
ottogi,Ottogi,00141529,007310,KRW,Q1_2026,2026,11013,First-quarter report,20260515001174,BS,재무상태표,ifrs-full_CurrentPrepayments,선급금,-,,,2026,KRW,,4531580508,제 55 기말,,,14,11013,fnlttSinglAcntAll,,5663335836,제 56 기 1분기말
ottogi,Ottogi,00141529,007310,KRW,Q1_2026,2026,11013,First-quarter report,20260515001174,BS,재무상태표,ifrs-full_CurrentTaxAssets,당기법인세자산,-,,,2026,KRW,,1642188820,제 55 기말,,,15,11013,fnlttSinglAcntAll,,1836559369,제 56 기 1분기말
ottogi,Ottogi,00141529,007310,KRW,Q1_2026,2026,11013,First-quarter report,20260515001174,BS,재무상태표,ifrs-full_Inventories,재고자산,-,,,2026,KRW,,519871022255,제 55 기말,,,16,11013,fnlttSinglAcntAll,,523356397099,제 56 기 1분기말
ottogi,Ottogi,00141529,007310,KRW,Q1_2026,2026,11013,First-quarter report,20260515001174,BS,재무상태표,ifrs-full_OtherCurrentFinancialAssets,상각후원가측정금융자산,-,,,2026,KRW,,223154007956,제 55 기말,,,17,11013,fnlttSinglAcntAll,,219180405472,제 56 기 1분기말
ottogi,Ottogi,00141529,007310,KRW,Q1_2026,2026,11013,First-quarter report,20260515001174,BS,재무상태표,ifrs-full_TradeAndOtherCurrentReceivables,매출채권및기타채권,-,,,2026,KRW,,300745881396,제 55 기말,,,18,11013,fnlttSinglAcntAll,,316399908886,제 56 기 1분기말
ottogi,Ottogi,00141529,007310,KRW,Q1_2026,2026,11013,First-quarter report,20260515001174,BS,재무상태표,ifrs-full_NoncurrentAssets,비유동자산,-,,,2026,KRW,,2139803594601,제 55 기말,,,19,11013,fnlttSinglAcntAll,,2207335966476,제 56 기 1분기말
ottogi,Ottogi,00141529,007310,KRW,Q1_2026,2026,11013,First-quarter report,20260515001174,BS,재무상태표,ifrs-full_DeferredTaxAssets,이연법인세자산,-,,,2026,KRW,,17937302035,제 55 기말,,,20,11013,fnlttSinglAcntAll,,18448970930,제 56 기 1분기말
ottogi,Ottogi,00141529,007310,KRW,Q1_2026,2026,11013,First-quarter report,20260515001174,BS,재무상태표,ifrs-full_IntangibleAssetsAndGoodwill,무형자산,-,64019815000,제 54 기,2026,KRW,,58717783289,제 55 기말,,,21,11013,fnlttSinglAcntAll,,57841890242,제 56 기 1분기말
ottogi,Ottogi,00141529,007310,KRW,Q1_2026,2026,11013,First-quarter report,20260515001174,BS,재무상태표,ifrs-full_InvestmentProperty,투자부동산,-,167019197000,제 54 기,2026,KRW,,129811674327,제 55 기말,,,22,11013,fnlttSinglAcntAll,,132649798581,제 56 기 1분기말
ottogi,Ottogi,00141529,007310,KRW,Q1_2026,2026,11013,First-quarter report,20260515001174,BS,재무상태표,ifrs-full_InvestmentsInAssociatesAccountedForUsingEquityMethod,관계기업투자,-,,,2026,KRW,,24818625744,제 55 기말,,,23,11013,fnlttSinglAcntAll,,24649923157,제 56 기 1분기말
ottogi,Ottogi,00141529,007310,KRW,Q1_2026,2026,11013,First-quarter report,20260515001174,BS,재무상태표,ifrs-full_NoncurrentFinancialAssetsAtFairValueThroughProfitOrLoss,당기손익-공정가치측정금융자산,-,,,2026,KRW,,6294406899,제 55 기말,,,24,11013,fnlttSinglAcntAll,,6294406899,제 56 기 1분기말
ottogi,Ottogi,00141529,007310,KRW,Q1_2026,2026,11013,First-quarter report,20260515001174,BS,재무상태표,ifrs-full_NoncurrentFinancialAssetsMeasuredAtFairValueThroughOtherComprehensiveIncome,기타포괄손익-공정가치측정금융자산,-,,,2026,KRW,,5623567749,제 55 기말,,,25,11013,fnlttSinglAcntAll,,5824886295,제 56 기 1분기말
ottogi,Ottogi,00141529,007310,KRW,Q1_2026,2026,11013,First-quarter report,20260515001174,BS,재무상태표,ifrs-full_NoncurrentReceivables,매출채권및기타채권,-,,,2026,KRW,,17115041073,제 55 기말,,,26,11013,fnlttSinglAcntAll,,17289534374,제 56 기 1분기말
ottogi,Ottogi,00141529,007310,KRW,Q1_2026,2026,11013,First-quarter report,20260515001174,BS,재무상태표,ifrs-full_NoncurrentRecognisedAssetsDefinedBenefitPlan,순사외적립자산,-,,,2026,KRW,,28534042870,제 55 기말,,,27,11013,fnlttSinglAcntAll,,26304154606,제 56 기 1분기말
ottogi,Ottogi,00141529,007310,KRW,Q1_2026,2026,11013,First-quarter report,20260515001174,BS,재무상태표,ifrs-full_OtherNoncurrentFinancialAssets,상각후원가측정금융자산,-,,,2026,KRW,,12353990000,제 55 기말,,,28,11013,fnlttSinglAcntAll,,12988040000,제 56 기 1분기말
ottogi,Ottogi,00141529,007310,KRW,Q1_2026,2026,11013,First-quarter report,20260515001174,BS,재무상태표,ifrs-full_PropertyPlantAndEquipment,유형자산,-,1811184403000,제 54 기,2026,KRW,,1838597160615,제 55 기말,,,29,11013,fnlttSinglAcntAll,,1905044361392,제 56 기 1분기말
ottogi,Ottogi,00141529,007310,KRW,Q1_2026,2026,11013,First-quarter report,20260515001174,BS,재무상태표,ifrs-full_Equity,자본총계,-,,,2026,KRW,,2202787081084,제 55 기말,,,31,11013,fnlttSinglAcntAll,,2223743920334,제 56 기 1분기말
ottogi,Ottogi,00141529,007310,KRW,Q1_2026,2026,11013,First-quarter report,20260515001174,BS,재무상태표,ifrs-full_EquityAttributableToOwnersOfParent,지배기업 소유주지분,-,,,2026,KRW,,2074266342959,제 55 기말,,,32,11013,fnlttSinglAcntAll,,2098075028252,제 56 기 1분기말
ottogi,Ottogi,00141529,007310,KRW,Q1_2026,2026,11013,First-quarter report,20260515001174,BS,재무상태표,dart_CapitalSurplus,자본잉여금,-,,,2026,KRW,,330468245236,제 55 기말,,,33,11013,fnlttSinglAcntAll,,330468245236,제 56 기 1분기말
ottogi,Ottogi,00141529,007310,KRW,Q1_2026,2026,11013,First-quarter report,20260515001174,BS,재무상태표,dart_ElementsOfOtherStockholdersEquity,자본조정,-,,,2026,KRW,,-336899585548,제 55 기말,,,34,11013,fnlttSinglAcntAll,,-336899585548,제 56 기 1분기말
ottogi,Ottogi,00141529,007310,KRW,Q1_2026,2026,11013,First-quarter report,20260515001174,BS,재무상태표,dart_OtherComprehensiveIncomeLossAccumulatedAmount,기타포괄손익누계액,-,,,2026,KRW,,27525885843,제 55 기말,,,35,11013,fnlttSinglAcntAll,,41453619612,제 56 기 1분기말
ottogi,Ottogi,00141529,007310,KRW,Q1_2026,2026,11013,First-quarter report,20260515001174,BS,재무상태표,ifrs-full_IssuedCapital,자본금,-,,,2026,KRW,,20039150000,제 55 기말,,,36,11013,fnlttSinglAcntAll,,20039150000,제 56 기 1분기말
ottogi,Ottogi,00141529,007310,KRW,Q1_2026,2026,11013,First-quarter report,20260515001174,BS,재무상태표,ifrs-full_RetainedEarnings,이익잉여금,-,,,2026,KRW,,2033132647428,제 55 기말,,,37,11013,fnlttSinglAcntAll,,2043013598952,제 56 기 1분기말
ottogi,Ottogi,00141529,007310,KRW,Q1_2026,2026,11013,First-quarter report,20260515001174,BS,재무상태표,ifrs-full_NoncontrollingInterests,비지배지분,-,,,2026,KRW,,128520738125,제 55 기말,,,38,11013,fnlttSinglAcntAll,,125668892082,제 56 기 1분기말
ottogi,Ottogi,00141529,007310,KRW,Q1_2026,2026,11013,First-quarter report,20260515001174,BS,재무상태표,ifrs-full_EquityAndLiabilities,자본과부채총계,-,,,2026,KRW,,3641076426477,제 55 기말,,,39,11013,fnlttSinglAcntAll,,3705069596709,제 56 기 1분기말
ottogi,Ottogi,00141529,007310,KRW,Q1_2026,2026,11013,First-quarter report,20260515001174,BS,재무상태표,ifrs-full_CurrentLiabilities,유동부채,-,,,2026,KRW,,1047644993447,제 55 기말,,,41,11013,fnlttSinglAcntAll,,1137225783178,제 56 기 1분기말
ottogi,Ottogi,00141529,007310,KRW,Q1_2026,2026,11013,First-quarter report,20260515001174,BS,재무상태표,ifrs-full_CurrentAdvances,선수금,-,,,2026,KRW,,17488877734,제 55 기말,,,42,11013,fnlttSinglAcntAll,,18197772675,제 56 기 1분기말
ottogi,Ottogi,00141529,007310,KRW,Q1_2026,2026,11013,First-quarter report,20260515001174,BS,재무상태표,ifrs-full_CurrentDerivativeFinancialLiabilities,파생상품부채,-,,,2026,KRW,,774439399,제 55 기말,,,43,11013,fnlttSinglAcntAll,,160003564,제 56 기 1분기말
ottogi,Ottogi,00141529,007310,KRW,Q1_2026,2026,11013,First-quarter report,20260515001174,BS,재무상태표,ifrs-full_CurrentLeaseLiabilities,유동성리스부채,-,,,2026,KRW,,22828035783,제 55 기말,,,44,11013,fnlttSinglAcntAll,,28949467600,제 56 기 1분기말
ottogi,Ottogi,00141529,007310,KRW,Q1_2026,2026,11013,First-quarter report,20260515001174,BS,재무상태표,ifrs-full_CurrentPortionOfLongtermBorrowings,유동성장기차입금,-,,,2026,KRW,,94016930021,제 55 기말,,,45,11013,fnlttSinglAcntAll,,104379055152,제 56 기 1분기말
ottogi,Ottogi,00141529,007310,KRW,Q1_2026,2026,11013,First-quarter report,20260515001174,BS,재무상태표,ifrs-full_CurrentTaxLiabilities,당기법인세부채,-,,,2026,KRW,,16979690735,제 55 기말,,,46,11013,fnlttSinglAcntAll,,17921382281,제 56 기 1분기말
ottogi,Ottogi,00141529,007310,KRW,Q1_2026,2026,11013,First-quarter report,20260515001174,BS,재무상태표,ifrs-full_OtherShorttermProvisions,충당부채,-,,,2026,KRW,,11782926749,제 55 기말,,,47,11013,fnlttSinglAcntAll,,12025294671,제 56 기 1분기말
ottogi,Ottogi,00141529,007310,KRW,Q1_2026,2026,11013,First-quarter report,20260515001174,BS,재무상태표,ifrs-full_ShorttermBorrowings,단기차입금,-,,,2026,KRW,,509239504017,제 55 기말,,,48,11013,fnlttSinglAcntAll,,534933371736,제 56 기 1분기말
ottogi,Ottogi,00141529,007310,KRW,Q1_2026,2026,11013,First-quarter report,20260515001174,BS,재무상태표,ifrs-full_TradeAndOtherCurrentPayables,매입채무및기타채무,-,,,2026,KRW,,374534589009,제 55 기말,,,49,11013,fnlttSinglAcntAll,,420659435499,제 56 기 1분기말
ottogi,Ottogi,00141529,007310,KRW,Q1_2026,2026,11013,First-quarter report,20260515001174,BS,재무상태표,ifrs-full_Liabilities,부채총계,-,,,2026,KRW,,1438289345393,제 55 기말,,,50,11013,fnlttSinglAcntAll,,1481325676375,제 56 기 1분기말
ottogi,Ottogi,00141529,007310,KRW,Q1_2026,2026,11013,First-quarter report,20260515001174,BS,재무상태표,ifrs-full_NoncurrentLiabilities,비유동부채,-,,,2026,KRW,,390644351946,제 55 기말,,,51,11013,fnlttSinglAcntAll,,344099893197,제 56 기 1분기말
ottogi,Ottogi,00141529,007310,KRW,Q1_2026,2026,11013,First-quarter report,20260515001174,BS,재무상태표,-표준계정코드 미사용-,장기종업원급여부채,-,,,2026,KRW,,2174369801,제 55 기말,,,52,11013,fnlttSinglAcntAll,,2128275576,제 56 기 1분기말
ottogi,Ottogi,00141529,007310,KRW,Q1_2026,2026,11013,First-quarter report,20260515001174,BS,재무상태표,ifrs-full_DeferredTaxLiabilities,이연법인세부채,-,,,2026,KRW,,142250361047,제 55 기말,,,53,11013,fnlttSinglAcntAll,,143172375025,제 56 기 1분기말
ottogi,Ottogi,00141529,007310,KRW,Q1_2026,2026,11013,First-quarter report,20260515001174,BS,재무상태표,ifrs-full_LongtermBorrowings,장기차입금,-,,,2026,KRW,,186473980697,제 55 기말,,,54,11013,fnlttSinglAcntAll,,133287310865,제 56 기 1분기말
ottogi,Ottogi,00141529,007310,KRW,Q1_2026,2026,11013,First-quarter report,20260515001174,BS,재무상태표,ifrs-full_NoncurrentLeaseLiabilities,리스부채,-,,,2026,KRW,,48541569578,제 55 기말,,,55,11013,fnlttSinglAcntAll,,54339963728,제 56 기 1분기말
ottogi,Ottogi,00141529,007310,KRW,Q1_2026,2026,11013,First-quarter report,20260515001174,BS,재무상태표,ifrs-full_NoncurrentPayables,매입채무및기타채무,-,,,2026,KRW,,11157517893,제 55 기말,,,56,11013,fnlttSinglAcntAll,,11125021710,제 56 기 1분기말
ottogi,Ottogi,00141529,007310,KRW,Q1_2026,2026,11013,First-quarter report,20260515001174,BS,재무상태표,ifrs-full_OtherLongtermProvisions,충당부채,-,,,2026,KRW,,46552930,제 55 기말,,,57,11013,fnlttSinglAcntAll,,46946293,제 56 기 1분기말
ottogi,Ottogi,00141529,007310,KRW,Q1_2026,2026,11013,First-quarter report,20260515001174,CIS,포괄손익계산서,dart_OperatingIncomeLoss,영업이익,-,,,2026,KRW,57494160512,,,57494160512,제 55 기 1분기,6,11013,fnlttSinglAcntAll,59381524921,59381524921,제 56 기 1분기
ottogi,Ottogi,00141529,007310,KRW,Q1_2026,2026,11013,First-quarter report,20260515001174,CIS,포괄손익계산서,dart_OtherGains,기타수익,-,,,2026,KRW,4348834090,,,4348834090,제 55 기 1분기,7,11013,fnlttSinglAcntAll,5069130092,5069130092,제 56 기 1분기
ottogi,Ottogi,00141529,007310,KRW,Q1_2026,2026,11013,First-quarter report,20260515001174,CIS,포괄손익계산서,dart_OtherLosses,기타비용,-,,,2026,KRW,11581443553,,,11581443553,제 55 기 1분기,8,11013,fnlttSinglAcntAll,16681569249,16681569249,제 56 기 1분기
ottogi,Ottogi,00141529,007310,KRW,Q1_2026,2026,11013,First-quarter report,20260515001174,CIS,포괄손익계산서,dart_TotalSellingGeneralAdministrativeExpenses,판매비와관리비,-,,,2026,KRW,96104151569,,,96104151569,제 55 기 1분기,9,11013,fnlttSinglAcntAll,101160897511,101160897511,제 56 기 1분기
ottogi,Ottogi,00141529,007310,KRW,Q1_2026,2026,11013,First-quarter report,20260515001174,CIS,포괄손익계산서,ifrs-full_ComprehensiveIncome,총포괄이익,-,,,2026,KRW,17156186969,,,17156186969,제 55 기 1분기,10,11013,fnlttSinglAcntAll,53445882250,53445882250,제 56 기 1분기
ottogi,Ottogi,00141529,007310,KRW,Q1_2026,2026,11013,First-quarter report,20260515001174,CIS,포괄손익계산서,ifrs-full_ComprehensiveIncomeAttributableToNoncontrollingInterests,비지배지분,-,,,2026,KRW,-279459166,,,-279459166,제 55 기 1분기,11,11013,fnlttSinglAcntAll,-1082746043,-1082746043,제 56 기 1분기
ottogi,Ottogi,00141529,007310,KRW,Q1_2026,2026,11013,First-quarter report,20260515001174,CIS,포괄손익계산서,ifrs-full_ComprehensiveIncomeAttributableToOwnersOfParent,지배기업 소유주지분,-,,,2026,KRW,17435646135,,,17435646135,제 55 기 1분기,12,11013,fnlttSinglAcntAll,54528628293,54528628293,제 56 기 1분기
ottogi,Ottogi,00141529,007310,KRW,Q1_2026,2026,11013,First-quarter report,20260515001174,CIS,포괄손익계산서,ifrs-full_CostOfSales,매출원가,-,,,2026,KRW,767166929079,,,767166929079,제 55 기 1분기,13,11013,fnlttSinglAcntAll,794657398055,794657398055,제 56 기 1분기
ottogi,Ottogi,00141529,007310,KRW,Q1_2026,2026,11013,First-quarter report,20260515001174,CIS,포괄손익계산서,ifrs-full_BasicEarningsLossPerShare,기본주당이익,-,,,2026,KRW,9813,,,9813,제 55 기 1분기,15,11013,fnlttSinglAcntAll,10575,10575,제 56 기 1분기
ottogi,Ottogi,00141529,007310,KRW,Q1_2026,2026,11013,First-quarter report,20260515001174,CIS,포괄손익계산서,ifrs-full_DilutedEarningsLossPerShare,희석주당이익,-,,,2026,KRW,9813,,,9813,제 55 기 1분기,16,11013,fnlttSinglAcntAll,10575,10575,제 56 기 1분기
ottogi,Ottogi,00141529,007310,KRW,Q1_2026,2026,11013,First-quarter report,20260515001174,CIS,포괄손익계산서,ifrs-full_FinanceCosts,금융비용,-,,,2026,KRW,9944146486,,,9944146486,제 55 기 1분기,17,11013,fnlttSinglAcntAll,7703021164,7703021164,제 56 기 1분기
ottogi,Ottogi,00141529,007310,KRW,Q1_2026,2026,11013,First-quarter report,20260515001174,CIS,포괄손익계산서,ifrs-full_FinanceIncome,금융수익,-,,,2026,KRW,5055418857,,,5055418857,제 55 기 1분기,18,11013,fnlttSinglAcntAll,8867720384,8867720384,제 56 기 1분기
ottogi,Ottogi,00141529,007310,KRW,Q1_2026,2026,11013,First-quarter report,20260515001174,CIS,포괄손익계산서,ifrs-full_GrossProfit,매출총이익,-,,,2026,KRW,153598312081,,,153598312081,제 55 기 1분기,19,11013,fnlttSinglAcntAll,160542422432,160542422432,제 56 기 1분기
ottogi,Ottogi,00141529,007310,KRW,Q1_2026,2026,11013,First-quarter report,20260515001174,CIS,포괄손익계산서,ifrs-full_IncomeTaxExpenseContinuingOperations,법인세비용,-,,,2026,KRW,12918994893,,,12918994893,제 55 기 1분기,20,11013,fnlttSinglAcntAll,14239679387,14239679387,제 56 기 1분기
ottogi,Ottogi,00141529,007310,KRW,Q1_2026,2026,11013,First-quarter report,20260515001174,CIS,포괄손익계산서,ifrs-full_OtherComprehensiveIncome,법인세비용차감후기타포괄손익,-,,,2026,KRW,-16076676018,,,-16076676018,제 55 기 1분기,21,11013,fnlttSinglAcntAll,18400099240,18400099240,제 56 기 1분기
ottogi,Ottogi,00141529,007310,KRW,Q1_2026,2026,11013,First-quarter report,20260515001174,CIS,포괄손익계산서,ifrs-full_OtherComprehensiveIncomeThatWillBeReclassifiedToProfitOrLossNetOfTax,후속적으로 당기손익으로 재분류될 수 있는 항목,-,,,2026,KRW,-440604543,,,-440604543,제 55 기 1분기,22,11013,fnlttSinglAcntAll,13927733769,13927733769,제 56 기 1분기
ottogi,Ottogi,00141529,007310,KRW,Q1_2026,2026,11013,First-quarter report,20260515001174,CIS,포괄손익계산서,ifrs-full_GainsLossesOnExchangeDifferencesOnTranslationNetOfTax,해외사업환산손익,-,,,2026,KRW,-373519050,,,-373519050,제 55 기 1분기,23,11013,fnlttSinglAcntAll,13978053877,13978053877,제 56 기 1분기
ottogi,Ottogi,00141529,007310,KRW,Q1_2026,2026,11013,First-quarter report,20260515001174,CIS,포괄손익계산서,ifrs-full_GainsLossesOnFinancialAssetsMeasuredAtFairValueThroughOtherComprehensiveIncomeNetOfTax,기타포괄손익-공정가치측정 금융자산평가손익,-,,,2026,KRW,-67085493,,,-67085493,제 55 기 1분기,24,11013,fnlttSinglAcntAll,-50320108,-50320108,제 56 기 1분기
ottogi,Ottogi,00141529,007310,KRW,Q1_2026,2026,11013,First-quarter report,20260515001174,CIS,포괄손익계산서,ifrs-full_OtherComprehensiveIncomeThatWillNotBeReclassifiedToProfitOrLossNetOfTax,후속적으로 당기손익으로 재분류되지 않는 항목,-,,,2026,KRW,-15636071475,,,-15636071475,제 55 기 1분기,25,11013,fnlttSinglAcntAll,4472365471,4472365471,제 56 기 1분기
ottogi,Ottogi,00141529,007310,KRW,Q1_2026,2026,11013,First-quarter report,20260515001174,CIS,포괄손익계산서,ifrs-full_OtherComprehensiveIncomeNetOfTaxGainsLossesOnRemeasurementsOfDefinedBenefitPlans,확정급여부채의 재측정요소,-,,,2026,KRW,-15636071475,,,-15636071475,제 55 기 1분기,26,11013,fnlttSinglAcntAll,4472365471,4472365471,제 56 기 1분기
ottogi,Ottogi,00141529,007310,KRW,Q1_2026,2026,11013,First-quarter report,20260515001174,CIS,포괄손익계산서,ifrs-full_ProfitLoss,분기순이익,-,,,2026,KRW,33232862987,,,33232862987,제 55 기 1분기,27,11013,fnlttSinglAcntAll,35045783010,35045783010,제 56 기 1분기
ottogi,Ottogi,00141529,007310,KRW,Q1_2026,2026,11013,First-quarter report,20260515001174,CIS,포괄손익계산서,ifrs-full_ProfitLossAttributableToNoncontrollingInterests,비지배지분,-,,,2026,KRW,-262957008,,,-262957008,제 55 기 1분기,28,11013,fnlttSinglAcntAll,-1049847636,-1049847636,제 56 기 1분기
ottogi,Ottogi,00141529,007310,KRW,Q1_2026,2026,11013,First-quarter report,20260515001174,CIS,포괄손익계산서,ifrs-full_ProfitLossAttributableToOwnersOfParent,지배기업 소유주지분,-,,,2026,KRW,33495819995,,,33495819995,제 55 기 1분기,29,11013,fnlttSinglAcntAll,36095630646,36095630646,제 56 기 1분기
ottogi,Ottogi,00141529,007310,KRW,Q1_2026,2026,11013,First-quarter report,20260515001174,CIS,포괄손익계산서,ifrs-full_ProfitLossBeforeTax,법인세비용차감전순이익,-,,,2026,KRW,46151857880,,,46151857880,제 55 기 1분기,30,11013,fnlttSinglAcntAll,49285462397,49285462397,제 56 기 1분기
ottogi,Ottogi,00141529,007310,KRW,Q1_2026,2026,11013,First-quarter report,20260515001174,CIS,포괄손익계산서,ifrs-full_Revenue,매출,-,,,2026,KRW,920765241160,,,920765241160,제 55 기 1분기,31,11013,fnlttSinglAcntAll,955199820487,955199820487,제 56 기 1분기
ottogi,Ottogi,00141529,007310,KRW,Q1_2026,2026,11013,First-quarter report,20260515001174,CIS,포괄손익계산서,ifrs-full_ShareOfProfitLossOfAssociatesAccountedForUsingEquityMethod,지분법이익,-,,,2026,KRW,779034460,,,779034460,제 55 기 1분기,32,11013,fnlttSinglAcntAll,351677413,351677413,제 56 기 1분기
ottogi,Ottogi,00141529,007310,KRW,Q1_2026,2026,11013,First-quarter report,20260515001174,CF,현금흐름표,dart_CashAndCashEquivalentsAtBeginningOfPeriodCf,기초 현금및현금성자산,-,,,2026,KRW,,,,330729499629,제 55 기 1분기,2,11013,fnlttSinglAcntAll,,412685029869,제 56 기 1분기
ottogi,Ottogi,00141529,007310,KRW,Q1_2026,2026,11013,First-quarter report,20260515001174,CF,현금흐름표,dart_CashAndCashEquivalentsAtEndOfPeriodCf,분기말 현금및현금성자산,-,,,2026,KRW,,,,381073319703,제 55 기 1분기,3,11013,fnlttSinglAcntAll,,387786652434,제 56 기 1분기
ottogi,Ottogi,00141529,007310,KRW,Q1_2026,2026,11013,First-quarter report,20260515001174,CF,현금흐름표,ifrs-full_CashFlowsFromUsedInFinancingActivities,재무활동으로 인한 현금흐름,-,,,2026,KRW,,,,44208184479,제 55 기 1분기,8,11013,fnlttSinglAcntAll,,-32883104069,제 56 기 1분기
ottogi,Ottogi,00141529,007310,KRW,Q1_2026,2026,11013,First-quarter report,20260515001174,CF,현금흐름표,dart_DecreaseInGuaranteeDepositsAsFinancialActivities,임대보증금의 감소,-,,,2026,KRW,,,,173000000,제 55 기 1분기,9,11013,fnlttSinglAcntAll,,0,제 56 기 1분기
ottogi,Ottogi,00141529,007310,KRW,Q1_2026,2026,11013,First-quarter report,20260515001174,CF,현금흐름표,dart_PaymentsOfFinanceLeaseLiabilitiesClassifiedAsFinancingActivities,리스부채의 상환,-,,,2026,KRW,,,,5929971693,제 55 기 1분기,10,11013,fnlttSinglAcntAll,,6785484887,제 56 기 1분기
ottogi,Ottogi,00141529,007310,KRW,Q1_2026,2026,11013,First-quarter report,20260515001174,CF,현금흐름표,dart_ProceedsFromLongTermBorrowings,장기차입금의 차입,-,,,2026,KRW,,,,50000000000,제 55 기 1분기,11,11013,fnlttSinglAcntAll,,0,제 56 기 1분기
ottogi,Ottogi,00141529,007310,KRW,Q1_2026,2026,11013,First-quarter report,20260515001174,CF,현금흐름표,dart_ProceedsFromShortTermBorrowings,단기차입금의 차입,-,,,2026,KRW,,,,185100417185,제 55 기 1분기,12,11013,fnlttSinglAcntAll,,194325803722,제 56 기 1분기
ottogi,Ottogi,00141529,007310,KRW,Q1_2026,2026,11013,First-quarter report,20260515001174,CF,현금흐름표,dart_RepaymentsOfLongTermBorrowings,장기차입금의 상환,-,,,2026,KRW,,,,8000000000,제 55 기 1분기,13,11013,fnlttSinglAcntAll,,2332998626,제 56 기 1분기
ottogi,Ottogi,00141529,007310,KRW,Q1_2026,2026,11013,First-quarter report,20260515001174,CF,현금흐름표,dart_RepaymentsOfShortTermBorrowings,단기차입금의 상환,-,,,2026,KRW,,,,119383459879,제 55 기 1분기,14,11013,fnlttSinglAcntAll,,177482921431,제 56 기 1분기
ottogi,Ottogi,00141529,007310,KRW,Q1_2026,2026,11013,First-quarter report,20260515001174,CF,현금흐름표,-표준계정코드 미사용-,파생상품자산의 감소,-,,,2026,KRW,,,,4470720534,제 55 기 1분기,15,11013,fnlttSinglAcntAll,,420505976,제 56 기 1분기
ottogi,Ottogi,00141529,007310,KRW,Q1_2026,2026,11013,First-quarter report,20260515001174,CF,현금흐름표,-표준계정코드 미사용-,파생상품부채의 증가,-,,,2026,KRW,,,,285950000,제 55 기 1분기,16,11013,fnlttSinglAcntAll,,1016693677,제 56 기 1분기
ottogi,Ottogi,00141529,007310,KRW,Q1_2026,2026,11013,First-quarter report,20260515001174,CF,현금흐름표,-표준계정코드 미사용-,유동성장기차입금의 상환,-,,,2026,KRW,,,,62162471668,제 55 기 1분기,17,11013,fnlttSinglAcntAll,,42044702500,제 56 기 1분기
ottogi,Ottogi,00141529,007310,KRW,Q1_2026,2026,11013,First-quarter report,20260515001174,CF,현금흐름표,ifrs-full_CashFlowsFromUsedInInvestingActivities,투자활동으로 인한 현금흐름,-,,,2026,KRW,,,,-41542277514,제 55 기 1분기,18,11013,fnlttSinglAcntAll,,-84541074707,제 56 기 1분기
ottogi,Ottogi,00141529,007310,KRW,Q1_2026,2026,11013,First-quarter report,20260515001174,CF,현금흐름표,dart_DecreaseInGuaranteeDeposits,보증금의 감소,-,,,2026,KRW,,,,482810147,제 55 기 1분기,19,11013,fnlttSinglAcntAll,,119015100,제 56 기 1분기
ottogi,Ottogi,00141529,007310,KRW,Q1_2026,2026,11013,First-quarter report,20260515001174,CF,현금흐름표,dart_IncreaseInGuaranteeDeposits,보증금의 증가,-,,,2026,KRW,,,,1258023580,제 55 기 1분기,20,11013,fnlttSinglAcntAll,,207934100,제 56 기 1분기
ottogi,Ottogi,00141529,007310,KRW,Q1_2026,2026,11013,First-quarter report,20260515001174,CF,현금흐름표,dart_ProceedsFromSalesOfFairValueFinancialAsset,당기손익-공정가치측정금융자산의 처분,-,,,2026,KRW,,,,2127278281,제 55 기 1분기,21,11013,fnlttSinglAcntAll,,0,제 56 기 1분기
ottogi,Ottogi,00141529,007310,KRW,Q1_2026,2026,11013,First-quarter report,20260515001174,CF,현금흐름표,dart_ProceedsFromSalesOfFinancialAssetsAtAmortisedCostClassifiedAsInvestingActivities,상각후원가측정금융자산의 처분,-,,,2026,KRW,,,,10950028992,제 55 기 1분기,22,11013,fnlttSinglAcntAll,,37220027956,제 56 기 1분기
ottogi,Ottogi,00141529,007310,KRW,Q1_2026,2026,11013,First-quarter report,20260515001174,CF,현금흐름표,dart_ProceedsFromSalesOfFinancialAssetsAtFairValueThroughOtherComprehensiveIncome,기타포괄손익-공정가치측정금융자산의 처분,-,,,2026,KRW,,,,10272678,제 55 기 1분기,23,11013,fnlttSinglAcntAll,,0,제 56 기 1분기
ottogi,Ottogi,00141529,007310,KRW,Q1_2026,2026,11013,First-quarter report,20260515001174,CF,현금흐름표,dart_ProceedsFromSalesOfLongTermLoansAndReceivables,장기대여금의 감소,-,,,2026,KRW,,,,22940000,제 55 기 1분기,24,11013,fnlttSinglAcntAll,,6570000,제 56 기 1분기
ottogi,Ottogi,00141529,007310,KRW,Q1_2026,2026,11013,First-quarter report,20260515001174,CF,현금흐름표,dart_ProceedsFromSalesOfShortTermLoansAndReceivables,단기대여금의 감소,-,,,2026,KRW,,,,43050000,제 55 기 1분기,25,11013,fnlttSinglAcntAll,,57682000,제 56 기 1분기
ottogi,Ottogi,00141529,007310,KRW,Q1_2026,2026,11013,First-quarter report,20260515001174,CF,현금흐름표,dart_PurchaseOfFairValueFinancialAsset,당기손익-공정가치측정금융자산의 취득,-,,,2026,KRW,,,,88715821,제 55 기 1분기,26,11013,fnlttSinglAcntAll,,1422245922,제 56 기 1분기
ottogi,Ottogi,00141529,007310,KRW,Q1_2026,2026,11013,First-quarter report,20260515001174,CF,현금흐름표,dart_PurchaseOfFinancialAssetsAtAmortisedCostClassifiedAsInvestingActivities,상각후원가측정금융자산의 취득,-,,,2026,KRW,,,,17189806294,제 55 기 1분기,27,11013,fnlttSinglAcntAll,,33880475472,제 56 기 1분기
ottogi,Ottogi,00141529,007310,KRW,Q1_2026,2026,11013,First-quarter report,20260515001174,CF,현금흐름표,dart_PurchaseOfLongTermLoansAndReceivables,장기대여금의 증가,-,,,2026,KRW,,,,45000000,제 55 기 1분기,28,11013,fnlttSinglAcntAll,,0,제 56 기 1분기
ottogi,Ottogi,00141529,007310,KRW,Q1_2026,2026,11013,First-quarter report,20260515001174,CF,현금흐름표,dart_PurchaseOfShortTermLoansAndReceivables,단기대여금의 증가,-,,,2026,KRW,,,,62000000,제 55 기 1분기,29,11013,fnlttSinglAcntAll,,58000000,제 56 기 1분기
ottogi,Ottogi,00141529,007310,KRW,Q1_2026,2026,11013,First-quarter report,20260515001174,CF,현금흐름표,ifrs-full_DividendsReceivedClassifiedAsInvestingActivities,배당금의 수취,-,,,2026,KRW,,,,409285000,제 55 기 1분기,30,11013,fnlttSinglAcntAll,,539380000,제 56 기 1분기
ottogi,Ottogi,00141529,007310,KRW,Q1_2026,2026,11013,First-quarter report,20260515001174,CF,현금흐름표,ifrs-full_InterestReceivedClassifiedAsInvestingActivities,이자의 수취,-,,,2026,KRW,,,,2001234098,제 55 기 1분기,31,11013,fnlttSinglAcntAll,,2159426142,제 56 기 1분기
ottogi,Ottogi,00141529,007310,KRW,Q1_2026,2026,11013,First-quarter report,20260515001174,CF,현금흐름표,ifrs-full_ProceedsFromSalesOfPropertyPlantAndEquipmentClassifiedAsInvestingActivities,유형자산의 처분,-,,,2026,KRW,,,,61481286,제 55 기 1분기,32,11013,fnlttSinglAcntAll,,56859573,제 56 기 1분기
ottogi,Ottogi,00141529,007310,KRW,Q1_2026,2026,11013,First-quarter report,20260515001174,CF,현금흐름표,ifrs-full_PurchaseOfIntangibleAssetsClassifiedAsInvestingActivities,무형자산의 취득,-,,,2026,KRW,,,,484062744,제 55 기 1분기,33,11013,fnlttSinglAcntAll,,635173781,제 56 기 1분기
ottogi,Ottogi,00141529,007310,KRW,Q1_2026,2026,11013,First-quarter report,20260515001174,CF,현금흐름표,ifrs-full_PurchaseOfInvestmentProperty,투자부동산의 취득,-,,,2026,KRW,,,,0,제 55 기 1분기,34,11013,fnlttSinglAcntAll,,119601011,제 56 기 1분기
ottogi,Ottogi,00141529,007310,KRW,Q1_2026,2026,11013,First-quarter report,20260515001174,CF,현금흐름표,ifrs-full_PurchaseOfPropertyPlantAndEquipmentClassifiedAsInvestingActivities,유형자산의 취득,-,,,2026,KRW,,,,38523049557,제 55 기 1분기,35,11013,fnlttSinglAcntAll,,88376605192,제 56 기 1분기
ottogi,Ottogi,00141529,007310,KRW,Q1_2026,2026,11013,First-quarter report,20260515001174,CF,현금흐름표,ifrs-full_CashFlowsFromUsedInOperatingActivities,영업활동으로 인한 현금흐름,-,,,2026,KRW,,,,47341559791,제 55 기 1분기,36,11013,fnlttSinglAcntAll,,90120885830,제 56 기 1분기
ottogi,Ottogi,00141529,007310,KRW,Q1_2026,2026,11013,First-quarter report,20260515001174,CF,현금흐름표,ifrs-full_CashFlowsFromUsedInOperations,영업에서 창출된 현금흐름,-,,,2026,KRW,,,,71525378055,제 55 기 1분기,37,11013,fnlttSinglAcntAll,,110947485997,제 56 기 1분기
ottogi,Ottogi,00141529,007310,KRW,Q1_2026,2026,11013,First-quarter report,20260515001174,CF,현금흐름표,ifrs-full_IncomeTaxesPaidRefundClassifiedAsOperatingActivities,법인세의 납부,-,,,2026,KRW,,,,14155452698,제 55 기 1분기,38,11013,fnlttSinglAcntAll,,14067759908,제 56 기 1분기
ottogi,Ottogi,00141529,007310,KRW,Q1_2026,2026,11013,First-quarter report,20260515001174,CF,현금흐름표,ifrs-full_InterestPaidClassifiedAsOperatingActivities,이자의 지급,-,,,2026,KRW,,,,10028365566,제 55 기 1분기,39,11013,fnlttSinglAcntAll,,6758840259,제 56 기 1분기
ottogi,Ottogi,00141529,007310,KRW,Q1_2026,2026,11013,First-quarter report,20260515001174,CF,현금흐름표,ifrs-full_EffectOfExchangeRateChangesOnCashAndCashEquivalents,외화표시 현금및현금성자산에 대한 환율변동효과,-,,,2026,KRW,,,,336353318,제 55 기 1분기,40,11013,fnlttSinglAcntAll,,2404915511,제 56 기 1분기
ottogi,Ottogi,00141529,007310,KRW,Q1_2026,2026,11013,First-quarter report,20260515001174,CF,현금흐름표,ifrs-full_IncreaseDecreaseInCashAndCashEquivalentsBeforeEffectOfExchangeRateChanges,현금및현금성자산의 순증가,-,,,2026,KRW,,,,50007466756,제 55 기 1분기,41,11013,fnlttSinglAcntAll,,-27303292946,제 56 기 1분기
ottogi,Ottogi,00141529,007310,KRW,Q1_2026,2026,11013,First-quarter report,20260515001174,SCE,자본변동표,dart_EquityAtBeginningOfPeriod,기초자본,자본 [구성요소]|지배기업의 소유주에게 귀속되는 지분 [구성요소]|자본금 [구성요소],,,2026,KRW,,,,20039150000,제 55 기 1분기,3,11013,fnlttSinglAcntAll,,20039150000,제 56 기 1분기
ottogi,Ottogi,00141529,007310,KRW,Q1_2026,2026,11013,First-quarter report,20260515001174,SCE,자본변동표,dart_EquityAtBeginningOfPeriod,기초자본,자본 [구성요소]|지배기업의 소유주에게 귀속되는 지분 [구성요소]|자본 조정 [구성요소],,,2026,KRW,,,,-336899585548,제 55 기 1분기,3,11013,fnlttSinglAcntAll,,-336899585548,제 56 기 1분기
ottogi,Ottogi,00141529,007310,KRW,Q1_2026,2026,11013,First-quarter report,20260515001174,SCE,자본변동표,dart_EquityAtBeginningOfPeriod,기초자본,자본 [구성요소]|지배기업의 소유주에게 귀속되는 지분 [구성요소]|자본잉여금 [구성요소],,,2026,KRW,,,,330468245236,제 55 기 1분기,3,11013,fnlttSinglAcntAll,,330468245236,제 56 기 1분기
ottogi,Ottogi,00141529,007310,KRW,Q1_2026,2026,11013,First-quarter report,20260515001174,SCE,자본변동표,dart_EquityAtBeginningOfPeriod,기초자본,연결재무제표 [member],,,2026,KRW,,,,2181531596082,제 55 기 1분기,3,11013,fnlttSinglAcntAll,,2202787081084,제 56 기 1분기
ottogi,Ottogi,00141529,007310,KRW,Q1_2026,2026,11013,First-quarter report,20260515001174,SCE,자본변동표,dart_EquityAtBeginningOfPeriod,기초자본,자본 [구성요소]|비지배지분 [구성요소],,,2026,KRW,,,,127649582835,제 55 기 1분기,3,11013,fnlttSinglAcntAll,,128520738125,제 56 기 1분기
ottogi,Ottogi,00141529,007310,KRW,Q1_2026,2026,11013,First-quarter report,20260515001174,SCE,자본변동표,dart_EquityAtBeginningOfPeriod,기초자본,자본 [구성요소]|지배기업의 소유주에게 귀속되는 지분 [구성요소],,,2026,KRW,,,,2053882013247,제 55 기 1분기,3,11013,fnlttSinglAcntAll,,2074266342959,제 56 기 1분기
ottogi,Ottogi,00141529,007310,KRW,Q1_2026,2026,11013,First-quarter report,20260515001174,SCE,자본변동표,dart_EquityAtBeginningOfPeriod,기초자본,자본 [구성요소]|지배기업의 소유주에게 귀속되는 지분 [구성요소]|기타포괄손익누계액 [구성요소],,,2026,KRW,,,,29073487115,제 55 기 1분기,3,11013,fnlttSinglAcntAll,,27525885843,제 56 기 1분기
ottogi,Ottogi,00141529,007310,KRW,Q1_2026,2026,11013,First-quarter report,20260515001174,SCE,자본변동표,dart_EquityAtBeginningOfPeriod,기초자본,자본 [구성요소]|지배기업의 소유주에게 귀속되는 지분 [구성요소]|이익잉여금 [구성요소],,,2026,KRW,,,,2011200716444,제 55 기 1분기,3,11013,fnlttSinglAcntAll,,2033132647428,제 56 기 1분기
ottogi,Ottogi,00141529,007310,KRW,Q1_2026,2026,11013,First-quarter report,20260515001174,SCE,자본변동표,dart_TransferOfAmountRecognisedInOtherComprehensiveIncomeAndAccumulatedInEquityRelatingToDisposalOfInvestmentsInEquityInstruments,기타포괄손익의 이익잉여금 대체,연결재무제표 [member],,,2026,KRW,,,,0,제 55 기 1분기,4,11013,fnlttSinglAcntAll,,0,제 56 기 1분기
ottogi,Ottogi,00141529,007310,KRW,Q1_2026,2026,11013,First-quarter report,20260515001174,SCE,자본변동표,dart_TransferOfAmountRecognisedInOtherComprehensiveIncomeAndAccumulatedInEquityRelatingToDisposalOfInvestmentsInEquityInstruments,기타포괄손익의 이익잉여금 대체,자본 [구성요소]|지배기업의 소유주에게 귀속되는 지분 [구성요소]|자본금 [구성요소],,,2026,KRW,,,,0,제 55 기 1분기,4,11013,fnlttSinglAcntAll,,0,제 56 기 1분기
ottogi,Ottogi,00141529,007310,KRW,Q1_2026,2026,11013,First-quarter report,20260515001174,SCE,자본변동표,dart_TransferOfAmountRecognisedInOtherComprehensiveIncomeAndAccumulatedInEquityRelatingToDisposalOfInvestmentsInEquityInstruments,기타포괄손익의 이익잉여금 대체,자본 [구성요소]|지배기업의 소유주에게 귀속되는 지분 [구성요소]|자본 조정 [구성요소],,,2026,KRW,,,,0,제 55 기 1분기,4,11013,fnlttSinglAcntAll,,0,제 56 기 1분기
ottogi,Ottogi,00141529,007310,KRW,Q1_2026,2026,11013,First-quarter report,20260515001174,SCE,자본변동표,dart_TransferOfAmountRecognisedInOtherComprehensiveIncomeAndAccumulatedInEquityRelatingToDisposalOfInvestmentsInEquityInstruments,기타포괄손익의 이익잉여금 대체,자본 [구성요소]|지배기업의 소유주에게 귀속되는 지분 [구성요소]|이익잉여금 [구성요소],,,2026,KRW,,,,-492354008,제 55 기 1분기,4,11013,fnlttSinglAcntAll,,0,제 56 기 1분기
ottogi,Ottogi,00141529,007310,KRW,Q1_2026,2026,11013,First-quarter report,20260515001174,SCE,자본변동표,dart_TransferOfAmountRecognisedInOtherComprehensiveIncomeAndAccumulatedInEquityRelatingToDisposalOfInvestmentsInEquityInstruments,기타포괄손익의 이익잉여금 대체,자본 [구성요소]|지배기업의 소유주에게 귀속되는 지분 [구성요소]|기타포괄손익누계액 [구성요소],,,2026,KRW,,,,492354008,제 55 기 1분기,4,11013,fnlttSinglAcntAll,,0,제 56 기 1분기
ottogi,Ottogi,00141529,007310,KRW,Q1_2026,2026,11013,First-quarter report,20260515001174,SCE,자본변동표,dart_TransferOfAmountRecognisedInOtherComprehensiveIncomeAndAccumulatedInEquityRelatingToDisposalOfInvestmentsInEquityInstruments,기타포괄손익의 이익잉여금 대체,자본 [구성요소]|지배기업의 소유주에게 귀속되는 지분 [구성요소],,,2026,KRW,,,,0,제 55 기 1분기,4,11013,fnlttSinglAcntAll,,0,제 56 기 1분기
ottogi,Ottogi,00141529,007310,KRW,Q1_2026,2026,11013,First-quarter report,20260515001174,SCE,자본변동표,dart_TransferOfAmountRecognisedInOtherComprehensiveIncomeAndAccumulatedInEquityRelatingToDisposalOfInvestmentsInEquityInstruments,기타포괄손익의 이익잉여금 대체,자본 [구성요소]|비지배지분 [구성요소],,,2026,KRW,,,,0,제 55 기 1분기,4,11013,fnlttSinglAcntAll,,0,제 56 기 1분기
ottogi,Ottogi,00141529,007310,KRW,Q1_2026,2026,11013,First-quarter report,20260515001174,SCE,자본변동표,dart_TransferOfAmountRecognisedInOtherComprehensiveIncomeAndAccumulatedInEquityRelatingToDisposalOfInvestmentsInEquityInstruments,기타포괄손익의 이익잉여금 대체,자본 [구성요소]|지배기업의 소유주에게 귀속되는 지분 [구성요소]|자본잉여금 [구성요소],,,2026,KRW,,,,0,제 55 기 1분기,4,11013,fnlttSinglAcntAll,,0,제 56 기 1분기
ottogi,Ottogi,00141529,007310,KRW,Q1_2026,2026,11013,First-quarter report,20260515001174,SCE,자본변동표,ifrs-full_ComprehensiveIncome,총포괄이익,자본 [구성요소]|지배기업의 소유주에게 귀속되는 지분 [구성요소]|자본금 [구성요소],,,2026,KRW,,,,0,제 55 기 1분기,5,11013,fnlttSinglAcntAll,,0,제 56 기 1분기
ottogi,Ottogi,00141529,007310,KRW,Q1_2026,2026,11013,First-quarter report,20260515001174,SCE,자본변동표,ifrs-full_ComprehensiveIncome,총포괄이익,자본 [구성요소]|지배기업의 소유주에게 귀속되는 지분 [구성요소]|자본 조정 [구성요소],,,2026,KRW,,,,0,제 55 기 1분기,5,11013,fnlttSinglAcntAll,,0,제 56 기 1분기
ottogi,Ottogi,00141529,007310,KRW,Q1_2026,2026,11013,First-quarter report,20260515001174,SCE,자본변동표,ifrs-full_ComprehensiveIncome,총포괄이익,자본 [구성요소]|지배기업의 소유주에게 귀속되는 지분 [구성요소]|이익잉여금 [구성요소],,,2026,KRW,,,,17876250678,제 55 기 1분기,5,11013,fnlttSinglAcntAll,,40600894524,제 56 기 1분기
ottogi,Ottogi,00141529,007310,KRW,Q1_2026,2026,11013,First-quarter report,20260515001174,SCE,자본변동표,ifrs-full_ComprehensiveIncome,총포괄이익,자본 [구성요소]|지배기업의 소유주에게 귀속되는 지분 [구성요소]|기타포괄손익누계액 [구성요소],,,2026,KRW,,,,-440604543,제 55 기 1분기,5,11013,fnlttSinglAcntAll,,13927733769,제 56 기 1분기
ottogi,Ottogi,00141529,007310,KRW,Q1_2026,2026,11013,First-quarter report,20260515001174,SCE,자본변동표,ifrs-full_ComprehensiveIncome,총포괄이익,자본 [구성요소]|지배기업의 소유주에게 귀속되는 지분 [구성요소],,,2026,KRW,,,,17435646135,제 55 기 1분기,5,11013,fnlttSinglAcntAll,,54528628293,제 56 기 1분기
ottogi,Ottogi,00141529,007310,KRW,Q1_2026,2026,11013,First-quarter report,20260515001174,SCE,자본변동표,ifrs-full_ComprehensiveIncome,총포괄이익,자본 [구성요소]|비지배지분 [구성요소],,,2026,KRW,,,,-279459166,제 55 기 1분기,5,11013,fnlttSinglAcntAll,,-1082746043,제 56 기 1분기
ottogi,Ottogi,00141529,007310,KRW,Q1_2026,2026,11013,First-quarter report,20260515001174,SCE,자본변동표,ifrs-full_ComprehensiveIncome,총포괄이익,연결재무제표 [member],,,2026,KRW,,,,17156186969,제 55 기 1분기,5,11013,fnlttSinglAcntAll,,53445882250,제 56 기 1분기
ottogi,Ottogi,00141529,007310,KRW,Q1_2026,2026,11013,First-quarter report,20260515001174,SCE,자본변동표,ifrs-full_ComprehensiveIncome,총포괄이익,자본 [구성요소]|지배기업의 소유주에게 귀속되는 지분 [구성요소]|자본잉여금 [구성요소],,,2026,KRW,,,,0,제 55 기 1분기,5,11013,fnlttSinglAcntAll,,0,제 56 기 1분기
ottogi,Ottogi,00141529,007310,KRW,Q1_2026,2026,11013,First-quarter report,20260515001174,SCE,자본변동표,ifrs-full_GainsLossesOnExchangeDifferencesOnTranslationNetOfTax,해외사업환산손익,자본 [구성요소]|지배기업의 소유주에게 귀속되는 지분 [구성요소],,,2026,KRW,,,,-373519050,제 55 기 1분기,6,11013,fnlttSinglAcntAll,,13978053877,제 56 기 1분기
ottogi,Ottogi,00141529,007310,KRW,Q1_2026,2026,11013,First-quarter report,20260515001174,SCE,자본변동표,ifrs-full_GainsLossesOnExchangeDifferencesOnTranslationNetOfTax,해외사업환산손익,자본 [구성요소]|비지배지분 [구성요소],,,2026,KRW,,,,0,제 55 기 1분기,6,11013,fnlttSinglAcntAll,,0,제 56 기 1분기
ottogi,Ottogi,00141529,007310,KRW,Q1_2026,2026,11013,First-quarter report,20260515001174,SCE,자본변동표,ifrs-full_GainsLossesOnExchangeDifferencesOnTranslationNetOfTax,해외사업환산손익,연결재무제표 [member],,,2026,KRW,,,,-373519050,제 55 기 1분기,6,11013,fnlttSinglAcntAll,,13978053877,제 56 기 1분기
ottogi,Ottogi,00141529,007310,KRW,Q1_2026,2026,11013,First-quarter report,20260515001174,SCE,자본변동표,ifrs-full_GainsLossesOnExchangeDifferencesOnTranslationNetOfTax,해외사업환산손익,자본 [구성요소]|지배기업의 소유주에게 귀속되는 지분 [구성요소]|기타포괄손익누계액 [구성요소],,,2026,KRW,,,,-373519050,제 55 기 1분기,6,11013,fnlttSinglAcntAll,,13978053877,제 56 기 1분기
ottogi,Ottogi,00141529,007310,KRW,Q1_2026,2026,11013,First-quarter report,20260515001174,SCE,자본변동표,ifrs-full_GainsLossesOnExchangeDifferencesOnTranslationNetOfTax,해외사업환산손익,자본 [구성요소]|지배기업의 소유주에게 귀속되는 지분 [구성요소]|이익잉여금 [구성요소],,,2026,KRW,,,,0,제 55 기 1분기,6,11013,fnlttSinglAcntAll,,0,제 56 기 1분기
ottogi,Ottogi,00141529,007310,KRW,Q1_2026,2026,11013,First-quarter report,20260515001174,SCE,자본변동표,ifrs-full_GainsLossesOnExchangeDifferencesOnTranslationNetOfTax,해외사업환산손익,자본 [구성요소]|지배기업의 소유주에게 귀속되는 지분 [구성요소]|자본 조정 [구성요소],,,2026,KRW,,,,0,제 55 기 1분기,6,11013,fnlttSinglAcntAll,,0,제 56 기 1분기
ottogi,Ottogi,00141529,007310,KRW,Q1_2026,2026,11013,First-quarter report,20260515001174,SCE,자본변동표,ifrs-full_GainsLossesOnExchangeDifferencesOnTranslationNetOfTax,해외사업환산손익,자본 [구성요소]|지배기업의 소유주에게 귀속되는 지분 [구성요소]|자본금 [구성요소],,,2026,KRW,,,,0,제 55 기 1분기,6,11013,fnlttSinglAcntAll,,0,제 56 기 1분기
ottogi,Ottogi,00141529,007310,KRW,Q1_2026,2026,11013,First-quarter report,20260515001174,SCE,자본변동표,ifrs-full_GainsLossesOnExchangeDifferencesOnTranslationNetOfTax,해외사업환산손익,자본 [구성요소]|지배기업의 소유주에게 귀속되는 지분 [구성요소]|자본잉여금 [구성요소],,,2026,KRW,,,,0,제 55 기 1분기,6,11013,fnlttSinglAcntAll,,0,제 56 기 1분기
ottogi,Ottogi,00141529,007310,KRW,Q1_2026,2026,11013,First-quarter report,20260515001174,SCE,자본변동표,ifrs-full_GainsLossesOnFinancialAssetsMeasuredAtFairValueThroughOtherComprehensiveIncomeNetOfTax,기타포괄손익-공정가치측정 금융자산평가손익,자본 [구성요소]|지배기업의 소유주에게 귀속되는 지분 [구성요소],,,2026,KRW,,,,-67085493,제 55 기 1분기,7,11013,fnlttSinglAcntAll,,-50320108,제 56 기 1분기
ottogi,Ottogi,00141529,007310,KRW,Q1_2026,2026,11013,First-quarter report,20260515001174,SCE,자본변동표,ifrs-full_GainsLossesOnFinancialAssetsMeasuredAtFairValueThroughOtherComprehensiveIncomeNetOfTax,기타포괄손익-공정가치측정 금융자산평가손익,자본 [구성요소]|비지배지분 [구성요소],,,2026,KRW,,,,0,제 55 기 1분기,7,11013,fnlttSinglAcntAll,,0,제 56 기 1분기
ottogi,Ottogi,00141529,007310,KRW,Q1_2026,2026,11013,First-quarter report,20260515001174,SCE,자본변동표,ifrs-full_GainsLossesOnFinancialAssetsMeasuredAtFairValueThroughOtherComprehensiveIncomeNetOfTax,기타포괄손익-공정가치측정 금융자산평가손익,연결재무제표 [member],,,2026,KRW,,,,-67085493,제 55 기 1분기,7,11013,fnlttSinglAcntAll,,-50320108,제 56 기 1분기
ottogi,Ottogi,00141529,007310,KRW,Q1_2026,2026,11013,First-quarter report,20260515001174,SCE,자본변동표,ifrs-full_GainsLossesOnFinancialAssetsMeasuredAtFairValueThroughOtherComprehensiveIncomeNetOfTax,기타포괄손익-공정가치측정 금융자산평가손익,자본 [구성요소]|지배기업의 소유주에게 귀속되는 지분 [구성요소]|기타포괄손익누계액 [구성요소],,,2026,KRW,,,,-67085493,제 55 기 1분기,7,11013,fnlttSinglAcntAll,,-50320108,제 56 기 1분기
ottogi,Ottogi,00141529,007310,KRW,Q1_2026,2026,11013,First-quarter report,20260515001174,SCE,자본변동표,ifrs-full_GainsLossesOnFinancialAssetsMeasuredAtFairValueThroughOtherComprehensiveIncomeNetOfTax,기타포괄손익-공정가치측정 금융자산평가손익,자본 [구성요소]|지배기업의 소유주에게 귀속되는 지분 [구성요소]|자본잉여금 [구성요소],,,2026,KRW,,,,0,제 55 기 1분기,7,11013,fnlttSinglAcntAll,,0,제 56 기 1분기
ottogi,Ottogi,00141529,007310,KRW,Q1_2026,2026,11013,First-quarter report,20260515001174,SCE,자본변동표,ifrs-full_GainsLossesOnFinancialAssetsMeasuredAtFairValueThroughOtherComprehensiveIncomeNetOfTax,기타포괄손익-공정가치측정 금융자산평가손익,자본 [구성요소]|지배기업의 소유주에게 귀속되는 지분 [구성요소]|자본금 [구성요소],,,2026,KRW,,,,0,제 55 기 1분기,7,11013,fnlttSinglAcntAll,,0,제 56 기 1분기
ottogi,Ottogi,00141529,007310,KRW,Q1_2026,2026,11013,First-quarter report,20260515001174,SCE,자본변동표,ifrs-full_GainsLossesOnFinancialAssetsMeasuredAtFairValueThroughOtherComprehensiveIncomeNetOfTax,기타포괄손익-공정가치측정 금융자산평가손익,자본 [구성요소]|지배기업의 소유주에게 귀속되는 지분 [구성요소]|자본 조정 [구성요소],,,2026,KRW,,,,0,제 55 기 1분기,7,11013,fnlttSinglAcntAll,,0,제 56 기 1분기
ottogi,Ottogi,00141529,007310,KRW,Q1_2026,2026,11013,First-quarter report,20260515001174,SCE,자본변동표,ifrs-full_GainsLossesOnFinancialAssetsMeasuredAtFairValueThroughOtherComprehensiveIncomeNetOfTax,기타포괄손익-공정가치측정 금융자산평가손익,자본 [구성요소]|지배기업의 소유주에게 귀속되는 지분 [구성요소]|이익잉여금 [구성요소],,,2026,KRW,,,,0,제 55 기 1분기,7,11013,fnlttSinglAcntAll,,0,제 56 기 1분기
ottogi,Ottogi,00141529,007310,KRW,Q1_2026,2026,11013,First-quarter report,20260515001174,SCE,자본변동표,ifrs-full_OtherComprehensiveIncomeNetOfTaxGainsLossesOnRemeasurementsOfDefinedBenefitPlans,확정급여부채의 재측정요소,연결재무제표 [member],,,2026,KRW,,,,-15636071475,제 55 기 1분기,8,11013,fnlttSinglAcntAll,,4472365471,제 56 기 1분기
ottogi,Ottogi,00141529,007310,KRW,Q1_2026,2026,11013,First-quarter report,20260515001174,SCE,자본변동표,ifrs-full_OtherComprehensiveIncomeNetOfTaxGainsLossesOnRemeasurementsOfDefinedBenefitPlans,확정급여부채의 재측정요소,자본 [구성요소]|비지배지분 [구성요소],,,2026,KRW,,,,-16502158,제 55 기 1분기,8,11013,fnlttSinglAcntAll,,-32898407,제 56 기 1분기
ottogi,Ottogi,00141529,007310,KRW,Q1_2026,2026,11013,First-quarter report,20260515001174,SCE,자본변동표,ifrs-full_OtherComprehensiveIncomeNetOfTaxGainsLossesOnRemeasurementsOfDefinedBenefitPlans,확정급여부채의 재측정요소,자본 [구성요소]|지배기업의 소유주에게 귀속되는 지분 [구성요소],,,2026,KRW,,,,-15619569317,제 55 기 1분기,8,11013,fnlttSinglAcntAll,,4505263878,제 56 기 1분기
ottogi,Ottogi,00141529,007310,KRW,Q1_2026,2026,11013,First-quarter report,20260515001174,SCE,자본변동표,ifrs-full_OtherComprehensiveIncomeNetOfTaxGainsLossesOnRemeasurementsOfDefinedBenefitPlans,확정급여부채의 재측정요소,자본 [구성요소]|지배기업의 소유주에게 귀속되는 지분 [구성요소]|자본금 [구성요소],,,2026,KRW,,,,0,제 55 기 1분기,8,11013,fnlttSinglAcntAll,,0,제 56 기 1분기
ottogi,Ottogi,00141529,007310,KRW,Q1_2026,2026,11013,First-quarter report,20260515001174,SCE,자본변동표,ifrs-full_OtherComprehensiveIncomeNetOfTaxGainsLossesOnRemeasurementsOfDefinedBenefitPlans,확정급여부채의 재측정요소,자본 [구성요소]|지배기업의 소유주에게 귀속되는 지분 [구성요소]|자본 조정 [구성요소],,,2026,KRW,,,,0,제 55 기 1분기,8,11013,fnlttSinglAcntAll,,0,제 56 기 1분기
ottogi,Ottogi,00141529,007310,KRW,Q1_2026,2026,11013,First-quarter report,20260515001174,SCE,자본변동표,ifrs-full_OtherComprehensiveIncomeNetOfTaxGainsLossesOnRemeasurementsOfDefinedBenefitPlans,확정급여부채의 재측정요소,자본 [구성요소]|지배기업의 소유주에게 귀속되는 지분 [구성요소]|이익잉여금 [구성요소],,,2026,KRW,,,,-15619569317,제 55 기 1분기,8,11013,fnlttSinglAcntAll,,4505263878,제 56 기 1분기
ottogi,Ottogi,00141529,007310,KRW,Q1_2026,2026,11013,First-quarter report,20260515001174,SCE,자본변동표,ifrs-full_OtherComprehensiveIncomeNetOfTaxGainsLossesOnRemeasurementsOfDefinedBenefitPlans,확정급여부채의 재측정요소,자본 [구성요소]|지배기업의 소유주에게 귀속되는 지분 [구성요소]|기타포괄손익누계액 [구성요소],,,2026,KRW,,,,0,제 55 기 1분기,8,11013,fnlttSinglAcntAll,,0,제 56 기 1분기
ottogi,Ottogi,00141529,007310,KRW,Q1_2026,2026,11013,First-quarter report,20260515001174,SCE,자본변동표,ifrs-full_OtherComprehensiveIncomeNetOfTaxGainsLossesOnRemeasurementsOfDefinedBenefitPlans,확정급여부채의 재측정요소,자본 [구성요소]|지배기업의 소유주에게 귀속되는 지분 [구성요소]|자본잉여금 [구성요소],,,2026,KRW,,,,0,제 55 기 1분기,8,11013,fnlttSinglAcntAll,,0,제 56 기 1분기
ottogi,Ottogi,00141529,007310,KRW,Q1_2026,2026,11013,First-quarter report,20260515001174,SCE,자본변동표,ifrs-full_ProfitLoss,분기순이익,연결재무제표 [member],,,2026,KRW,,,,33232862987,제 55 기 1분기,9,11013,fnlttSinglAcntAll,,35045783010,제 56 기 1분기
ottogi,Ottogi,00141529,007310,KRW,Q1_2026,2026,11013,First-quarter report,20260515001174,SCE,자본변동표,ifrs-full_ProfitLoss,분기순이익,자본 [구성요소]|비지배지분 [구성요소],,,2026,KRW,,,,-262957008,제 55 기 1분기,9,11013,fnlttSinglAcntAll,,-1049847636,제 56 기 1분기
ottogi,Ottogi,00141529,007310,KRW,Q1_2026,2026,11013,First-quarter report,20260515001174,SCE,자본변동표,ifrs-full_ProfitLoss,분기순이익,자본 [구성요소]|지배기업의 소유주에게 귀속되는 지분 [구성요소],,,2026,KRW,,,,33495819995,제 55 기 1분기,9,11013,fnlttSinglAcntAll,,36095630646,제 56 기 1분기
ottogi,Ottogi,00141529,007310,KRW,Q1_2026,2026,11013,First-quarter report,20260515001174,SCE,자본변동표,ifrs-full_ProfitLoss,분기순이익,자본 [구성요소]|지배기업의 소유주에게 귀속되는 지분 [구성요소]|기타포괄손익누계액 [구성요소],,,2026,KRW,,,,0,제 55 기 1분기,9,11013,fnlttSinglAcntAll,,0,제 56 기 1분기
ottogi,Ottogi,00141529,007310,KRW,Q1_2026,2026,11013,First-quarter report,20260515001174,SCE,자본변동표,ifrs-full_ProfitLoss,분기순이익,자본 [구성요소]|지배기업의 소유주에게 귀속되는 지분 [구성요소]|이익잉여금 [구성요소],,,2026,KRW,,,,33495819995,제 55 기 1분기,9,11013,fnlttSinglAcntAll,,36095630646,제 56 기 1분기
ottogi,Ottogi,00141529,007310,KRW,Q1_2026,2026,11013,First-quarter report,20260515001174,SCE,자본변동표,ifrs-full_ProfitLoss,분기순이익,자본 [구성요소]|지배기업의 소유주에게 귀속되는 지분 [구성요소]|자본 조정 [구성요소],,,2026,KRW,,,,0,제 55 기 1분기,9,11013,fnlttSinglAcntAll,,0,제 56 기 1분기
ottogi,Ottogi,00141529,007310,KRW,Q1_2026,2026,11013,First-quarter report,20260515001174,SCE,자본변동표,ifrs-full_ProfitLoss,분기순이익,자본 [구성요소]|지배기업의 소유주에게 귀속되는 지분 [구성요소]|자본금 [구성요소],,,2026,KRW,,,,0,제 55 기 1분기,9,11013,fnlttSinglAcntAll,,0,제 56 기 1분기
ottogi,Ottogi,00141529,007310,KRW,Q1_2026,2026,11013,First-quarter report,20260515001174,SCE,자본변동표,ifrs-full_ProfitLoss,분기순이익,자본 [구성요소]|지배기업의 소유주에게 귀속되는 지분 [구성요소]|자본잉여금 [구성요소],,,2026,KRW,,,,0,제 55 기 1분기,9,11013,fnlttSinglAcntAll,,0,제 56 기 1분기
ottogi,Ottogi,00141529,007310,KRW,Q1_2026,2026,11013,First-quarter report,20260515001174,SCE,자본변동표,ifrs-full_DividendsPaid,배당,연결재무제표 [member],,,2026,KRW,,,,32489043000,제 55 기 1분기,10,11013,fnlttSinglAcntAll,,32489043000,제 56 기 1분기
ottogi,Ottogi,00141529,007310,KRW,Q1_2026,2026,11013,First-quarter report,20260515001174,SCE,자본변동표,ifrs-full_DividendsPaid,배당,자본 [구성요소]|비지배지분 [구성요소],,,2026,KRW,,,,1769100000,제 55 기 1분기,10,11013,fnlttSinglAcntAll,,1769100000,제 56 기 1분기
ottogi,Ottogi,00141529,007310,KRW,Q1_2026,2026,11013,First-quarter report,20260515001174,SCE,자본변동표,ifrs-full_DividendsPaid,배당,자본 [구성요소]|지배기업의 소유주에게 귀속되는 지분 [구성요소]|자본잉여금 [구성요소],,,2026,KRW,,,,0,제 55 기 1분기,10,11013,fnlttSinglAcntAll,,0,제 56 기 1분기
ottogi,Ottogi,00141529,007310,KRW,Q1_2026,2026,11013,First-quarter report,20260515001174,SCE,자본변동표,ifrs-full_DividendsPaid,배당,자본 [구성요소]|지배기업의 소유주에게 귀속되는 지분 [구성요소]|자본금 [구성요소],,,2026,KRW,,,,0,제 55 기 1분기,10,11013,fnlttSinglAcntAll,,0,제 56 기 1분기
ottogi,Ottogi,00141529,007310,KRW,Q1_2026,2026,11013,First-quarter report,20260515001174,SCE,자본변동표,ifrs-full_DividendsPaid,배당,자본 [구성요소]|지배기업의 소유주에게 귀속되는 지분 [구성요소]|자본 조정 [구성요소],,,2026,KRW,,,,0,제 55 기 1분기,10,11013,fnlttSinglAcntAll,,0,제 56 기 1분기
ottogi,Ottogi,00141529,007310,KRW,Q1_2026,2026,11013,First-quarter report,20260515001174,SCE,자본변동표,ifrs-full_DividendsPaid,배당,자본 [구성요소]|지배기업의 소유주에게 귀속되는 지분 [구성요소]|이익잉여금 [구성요소],,,2026,KRW,,,,30719943000,제 55 기 1분기,10,11013,fnlttSinglAcntAll,,30719943000,제 56 기 1분기
ottogi,Ottogi,00141529,007310,KRW,Q1_2026,2026,11013,First-quarter report,20260515001174,SCE,자본변동표,ifrs-full_DividendsPaid,배당,자본 [구성요소]|지배기업의 소유주에게 귀속되는 지분 [구성요소]|기타포괄손익누계액 [구성요소],,,2026,KRW,,,,0,제 55 기 1분기,10,11013,fnlttSinglAcntAll,,0,제 56 기 1분기
ottogi,Ottogi,00141529,007310,KRW,Q1_2026,2026,11013,First-quarter report,20260515001174,SCE,자본변동표,ifrs-full_DividendsPaid,배당,자본 [구성요소]|지배기업의 소유주에게 귀속되는 지분 [구성요소],,,2026,KRW,,,,30719943000,제 55 기 1분기,10,11013,fnlttSinglAcntAll,,30719943000,제 56 기 1분기
ottogi,Ottogi,00141529,007310,KRW,Q1_2026,2026,11013,First-quarter report,20260515001174,SCE,자본변동표,ifrs-full_Equity,자본총계,연결재무제표 [member],,,2026,KRW,,2202787081084,,2166198740051,제 55 기 1분기,11,11013,fnlttSinglAcntAll,,2223743920334,제 56 기 1분기
ottogi,Ottogi,00141529,007310,KRW,Q1_2026,2026,11013,First-quarter report,20260515001174,SCE,자본변동표,ifrs-full_Equity,자본총계,자본 [구성요소]|지배기업의 소유주에게 귀속되는 지분 [구성요소]|자본금 [구성요소],,,2026,KRW,,,,20039150000,제 55 기 1분기,11,11013,fnlttSinglAcntAll,,20039150000,제 56 기 1분기
ottogi,Ottogi,00141529,007310,KRW,Q1_2026,2026,11013,First-quarter report,20260515001174,SCE,자본변동표,ifrs-full_Equity,자본총계,자본 [구성요소]|지배기업의 소유주에게 귀속되는 지분 [구성요소]|자본 조정 [구성요소],,,2026,KRW,,,,-336899585548,제 55 기 1분기,11,11013,fnlttSinglAcntAll,,-336899585548,제 56 기 1분기
ottogi,Ottogi,00141529,007310,KRW,Q1_2026,2026,11013,First-quarter report,20260515001174,SCE,자본변동표,ifrs-full_Equity,자본총계,자본 [구성요소]|지배기업의 소유주에게 귀속되는 지분 [구성요소]|이익잉여금 [구성요소],,,2026,KRW,,,,1997864670114,제 55 기 1분기,11,11013,fnlttSinglAcntAll,,2043013598952,제 56 기 1분기
ottogi,Ottogi,00141529,007310,KRW,Q1_2026,2026,11013,First-quarter report,20260515001174,SCE,자본변동표,ifrs-full_Equity,자본총계,자본 [구성요소]|지배기업의 소유주에게 귀속되는 지분 [구성요소]|기타포괄손익누계액 [구성요소],,,2026,KRW,,,,29125236580,제 55 기 1분기,11,11013,fnlttSinglAcntAll,,41453619612,제 56 기 1분기
ottogi,Ottogi,00141529,007310,KRW,Q1_2026,2026,11013,First-quarter report,20260515001174,SCE,자본변동표,ifrs-full_Equity,자본총계,자본 [구성요소]|지배기업의 소유주에게 귀속되는 지분 [구성요소],,,2026,KRW,,,,2040597716382,제 55 기 1분기,11,11013,fnlttSinglAcntAll,,2098075028252,제 56 기 1분기
ottogi,Ottogi,00141529,007310,KRW,Q1_2026,2026,11013,First-quarter report,20260515001174,SCE,자본변동표,ifrs-full_Equity,자본총계,자본 [구성요소]|비지배지분 [구성요소],,,2026,KRW,,,,125601023669,제 55 기 1분기,11,11013,fnlttSinglAcntAll,,125668892082,제 56 기 1분기
ottogi,Ottogi,00141529,007310,KRW,Q1_2026,2026,11013,First-quarter report,20260515001174,SCE,자본변동표,ifrs-full_Equity,자본총계,자본 [구성요소]|지배기업의 소유주에게 귀속되는 지분 [구성요소]|자본잉여금 [구성요소],,,2026,KRW,,,,330468245236,제 55 기 1분기,11,11013,fnlttSinglAcntAll,,330468245236,제 56 기 1분기
